ISO-10303-21;
HEADER;
FILE_DESCRIPTION (( 'STEP AP203' ),
    '1' );
FILE_NAME ('Y axis plate nut mount.STEP',
    '2022-04-14T18:41:10',
    ( '' ),
    ( '' ),
    'SwSTEP 2.0',
    'SolidWorks 2021',
    '' );
FILE_SCHEMA (( 'CONFIG_CONTROL_DESIGN' ));
ENDSEC;

DATA;
#1 = CARTESIAN_POINT ( 'NONE',  ( 15.42977057012672937, 6.319279210064291163, -2.872592930832133185 ) ) ;
#2 = CARTESIAN_POINT ( 'NONE',  ( 49.97831668581443409, 4.000000000000207834, -38.30950607500050609 ) ) ;
#3 = CARTESIAN_POINT ( 'NONE',  ( 0.1979049217619847645, 5.080346839696537664, -1.944970680497125182 ) ) ;
#4 = CARTESIAN_POINT ( 'NONE',  ( 45.05000000000000426, 31.00000000000000000, -14.35565218904154960 ) ) ;
#5 = VECTOR ( 'NONE', #1604, 1000.000000000000000 ) ;
#6 = ADVANCED_FACE ( 'NONE', ( #2737 ), #2271, .T. ) ;
#7 = CARTESIAN_POINT ( 'NONE',  ( 2.000000000000000888, 4.000000000000000000, 1.619347810958454259 ) ) ;
#8 = AXIS2_PLACEMENT_3D ( 'NONE', #4042, #2625, #4898 ) ;
#9 = EDGE_CURVE ( 'NONE', #5392, #562, #3592, .T. ) ;
#10 = AXIS2_PLACEMENT_3D ( 'NONE', #5818, #4331, #4795 ) ;
#11 = EDGE_LOOP ( 'NONE', ( #1597, #814, #4858, #5677 ) ) ;
#12 = ADVANCED_FACE ( 'NONE', ( #2709 ), #4535, .T. ) ;
#13 = LINE ( 'NONE', #3203, #3392 ) ;
#14 = AXIS2_PLACEMENT_3D ( 'NONE', #2130, #3799, #655 ) ;
#15 = ORIENTED_EDGE ( 'NONE', *, *, #1398, .F. ) ;
#16 = CARTESIAN_POINT ( 'NONE',  ( 0.07846708568084223567, 3.946682750115905858, -1.443153978972918638 ) ) ;
#17 = CARTESIAN_POINT ( 'NONE',  ( 48.00000000000000000, 4.000000000000000000, -1.999999999999994893 ) ) ;
#18 = CARTESIAN_POINT ( 'NONE',  ( 49.41386369395624456, 6.538235080137711819, -3.593834117336639711 ) ) ;
#19 = VERTEX_POINT ( 'NONE', #2322 ) ;
#20 = FACE_OUTER_BOUND ( 'NONE', #5333, .T. ) ;
#21 = EDGE_LOOP ( 'NONE', ( #1843, #1910, #124, #2587 ) ) ;
#22 = CIRCLE ( 'NONE', #2629, 2.049999999999999822 ) ;
#23 = ORIENTED_EDGE ( 'NONE', *, *, #3978, .T. ) ;
#24 = DIRECTION ( 'NONE',  ( 0.000000000000000000, 1.000000000000000000, 0.000000000000000000 ) ) ;
#25 = CARTESIAN_POINT ( 'NONE',  ( 33.65501903355389857, 6.053350933193834216, -1.829886125206341640 ) ) ;
#26 = AXIS2_PLACEMENT_3D ( 'NONE', #252, #3741, #3714 ) ;
#27 = VERTEX_POINT ( 'NONE', #2297 ) ;
#28 = VECTOR ( 'NONE', #5654, 1000.000000000000000 ) ;
#29 = FACE_OUTER_BOUND ( 'NONE', #2104, .T. ) ;
#30 = CARTESIAN_POINT ( 'NONE',  ( 37.00000000000000711, 10.00000000000000178, -25.40565218904155032 ) ) ;
#31 = CARTESIAN_POINT ( 'NONE',  ( 50.00000000000000000, 4.274454746708760133, -37.93808098649323313 ) ) ;
#32 = APPROVAL_DATE_TIME ( #5405, #1857 ) ;
#33 = CARTESIAN_POINT ( 'NONE',  ( -1.757501373934432811E-14, 5.689675634841552032, -36.43301030045012823 ) ) ;
#34 = CARTESIAN_POINT ( 'NONE',  ( 15.22011276376965583, 6.415962134378404791, -3.133563656740204983 ) ) ;
#35 = CARTESIAN_POINT ( 'NONE',  ( 49.00528755783305002, 15.09428825987516198, -30.38065218904155884 ) ) ;
#36 = CARTESIAN_POINT ( 'NONE',  ( 0.000000000000000000, 3.657938755498091776, -2.006396645156493186 ) ) ;
#37 = CARTESIAN_POINT ( 'NONE',  ( 27.14033126078595970, 3.700787169026742429, -31.08521497656123955 ) ) ;
#38 = CARTESIAN_POINT ( 'NONE',  ( 16.94822664948902613, 5.970832360540607731, -38.34238040900049072 ) ) ;
#39 = ORIENTED_EDGE ( 'NONE', *, *, #3932, .T. ) ;
#40 = CARTESIAN_POINT ( 'NONE',  ( 34.01847000493408757, 5.999999999999999112, -13.86162046788773772 ) ) ;
#41 = VERTEX_POINT ( 'NONE', #918 ) ;
#42 = DIRECTION ( 'NONE',  ( -1.000000000000000000, 2.195079280741164694E-16, -6.938893903907228378E-16 ) ) ;
#43 = DIRECTION ( 'NONE',  ( 0.000000000000000000, 1.000000000000000000, 0.000000000000000000 ) ) ;
#44 = CARTESIAN_POINT ( 'NONE',  ( 38.00000000000000711, 30.00000000000000000, -8.380652189041549960 ) ) ;
#45 = FACE_OUTER_BOUND ( 'NONE', #3023, .T. ) ;
#46 = ORIENTED_EDGE ( 'NONE', *, *, #4043, .T. ) ;
#47 = VERTEX_POINT ( 'NONE', #49 ) ;
#48 = AXIS2_PLACEMENT_3D ( 'NONE', #671, #3409, #3049 ) ;
#49 = CARTESIAN_POINT ( 'NONE',  ( 50.00000000000000000, 3.668037424472899932, -2.000000000000000000 ) ) ;
#50 = ADVANCED_FACE ( 'NONE', ( #3623 ), #1032, .T. ) ;
#51 = EDGE_LOOP ( 'NONE', ( #3274, #5427, #668, #1448 ) ) ;
#52 = CARTESIAN_POINT ( 'NONE',  ( 35.71639065618371944, 6.699281082587043912, -36.13992052477347272 ) ) ;
#53 = CARTESIAN_POINT ( 'NONE',  ( 15.20199210485890084, 6.420161390108662935, -3.151625248980319149 ) ) ;
#54 = CARTESIAN_POINT ( 'NONE',  ( 35.17142792117981998, 6.633375120648077328, -3.670121393772688645 ) ) ;
#55 = VECTOR ( 'NONE', #2819, 1000.000000000000000 ) ;
#56 = EDGE_LOOP ( 'NONE', ( #5279, #313, #5587, #3817 ) ) ;
#57 = AXIS2_PLACEMENT_3D ( 'NONE', #3343, #89, #2893 ) ;
#58 = CARTESIAN_POINT ( 'NONE',  ( 18.02200292043918139, 5.856095198067593266, -33.88320106904063778 ) ) ;
#59 = CARTESIAN_POINT ( 'NONE',  ( 33.87688922804039748, 6.094975260439754017, -2.183448125211487234 ) ) ;
#60 = CARTESIAN_POINT ( 'NONE',  ( 50.00000000000000711, 9.505108802808145185, -32.35223358412928008 ) ) ;
#61 = CARTESIAN_POINT ( 'NONE',  ( 0.9328551673066549643, 11.08929652289597811, -31.47825634914584114 ) ) ;
#62 = SPHERICAL_SURFACE ( 'NONE', #1960, 1.000000000000000000 ) ;
#63 = CARTESIAN_POINT ( 'NONE',  ( 33.00000000000000000, 5.906861305794524064, -1.396775364840260325 ) ) ;
#64 = CARTESIAN_POINT ( 'NONE',  ( 27.02778017680418898, 3.680051249377693789, -29.45650081709903745 ) ) ;
#65 = CARTESIAN_POINT ( 'NONE',  ( 12.99999999999999822, 15.44116783476714261, -9.380652189041551736 ) ) ;
#66 = ORIENTED_EDGE ( 'NONE', *, *, #1261, .T. ) ;
#67 = FACE_OUTER_BOUND ( 'NONE', #51, .T. ) ;
#68 = ORIENTED_EDGE ( 'NONE', *, *, #2332, .T. ) ;
#69 = DIRECTION ( 'NONE',  ( -0.000000000000000000, 1.000000000000000000, 0.000000000000000000 ) ) ;
#70 = CARTESIAN_POINT ( 'NONE',  ( 19.23299776825037100, 5.046795574985639909, -5.999999999999974243 ) ) ;
#71 = CARTESIAN_POINT ( 'NONE',  ( 50.00000000000000000, 3.715909930848342313, -1.953736361161904744 ) ) ;
#72 = CARTESIAN_POINT ( 'NONE',  ( 50.00000000000000000, 4.556159588350827683, -2.242296661725056151 ) ) ;
#73 = VERTEX_POINT ( 'NONE', #422 ) ;
#74 = ORIENTED_EDGE ( 'NONE', *, *, #2179, .T. ) ;
#75 = CARTESIAN_POINT ( 'NONE',  ( 31.00000000000000000, 6.000000000000000000, -9.999999999999998224 ) ) ;
#76 = DIRECTION ( 'NONE',  ( -1.000000000000000000, -0.000000000000000000, -0.000000000000000000 ) ) ;
#77 = CARTESIAN_POINT ( 'NONE',  ( 14.15623597427269509, 7.178626486455526923, -4.759495616188363698 ) ) ;
#78 = LINE ( 'NONE', #3683, #3481 ) ;
#79 = ADVANCED_FACE ( 'NONE', ( #1851 ), #3537, .T. ) ;
#80 = ADVANCED_FACE ( 'NONE', ( #20 ), #890, .F. ) ;
#81 = ORIENTED_EDGE ( 'NONE', *, *, #4403, .F. ) ;
#82 = CARTESIAN_POINT ( 'NONE',  ( 15.58797804611045557, 6.249529911544834171, -36.93022505316505999 ) ) ;
#83 = CARTESIAN_POINT ( 'NONE',  ( 36.79461596289591085, 8.712116512143856184, -6.831819756153641343 ) ) ;
#84 = CARTESIAN_POINT ( 'NONE',  ( 50.00000000000000000, 7.485381942279369483, -32.95177857225466056 ) ) ;
#85 = SHAPE_DEFINITION_REPRESENTATION ( #3684, #4004 ) ;
#86 = CARTESIAN_POINT ( 'NONE',  ( 0.02079997443200864299, 3.993960242576721331, -38.31305297321731729 ) ) ;
#87 = DIRECTION ( 'NONE',  ( 0.000000000000000000, -0.000000000000000000, 1.000000000000000000 ) ) ;
#88 = CARTESIAN_POINT ( 'NONE',  ( 27.00041221580652362, 3.675321146349698864, -30.27945526460226944 ) ) ;
#89 = DIRECTION ( 'NONE',  ( 0.000000000000000000, 1.000000000000000000, 0.000000000000000000 ) ) ;
#90 = AXIS2_PLACEMENT_3D ( 'NONE', #2876, #3356, #2531 ) ;
#91 = ORIENTED_EDGE ( 'NONE', *, *, #953, .F. ) ;
#92 = LINE ( 'NONE', #364, #1668 ) ;
#93 = ORIENTED_EDGE ( 'NONE', *, *, #363, .T. ) ;
#94 = LINE ( 'NONE', #4087, #2426 ) ;
#95 = CARTESIAN_POINT ( 'NONE',  ( 11.99999999999999822, 31.00000000000000000, -13.35565218904154960 ) ) ;
#96 = CARTESIAN_POINT ( 'NONE',  ( 49.91066452596908221, 4.548388516610608612, -1.630793872004949074 ) ) ;
#97 = CARTESIAN_POINT ( 'NONE',  ( 15.03183272032984519, 6.517629694300176801, -10.30658074660966861 ) ) ;
#98 = ADVANCED_FACE ( 'NONE', ( #4435 ), #509, .T. ) ;
#99 = CIRCLE ( 'NONE', #5264, 1.000000000000000888 ) ;
#100 = CIRCLE ( 'NONE', #5545, 1.000000000000000888 ) ;
#101 = AXIS2_PLACEMENT_3D ( 'NONE', #4792, #2457, #2020 ) ;
#102 = VERTEX_POINT ( 'NONE', #2213 ) ;
#103 = CARTESIAN_POINT ( 'NONE',  ( 49.02534518062838487, 13.08109323735924256, -8.129063504721484534 ) ) ;
#104 = EDGE_CURVE ( 'NONE', #5769, #4262, #1532, .T. ) ;
#105 = CARTESIAN_POINT ( 'NONE',  ( 33.00000000000000000, 10.00000000000000000, -29.54999999999997584 ) ) ;
#106 = CARTESIAN_POINT ( 'NONE',  ( 12.99999999999999822, 9.716254247295292856, -7.738786283807750799 ) ) ;
#107 = CARTESIAN_POINT ( 'NONE',  ( 16.99999999999999645, 10.00000000000000178, -29.54999999999997584 ) ) ;
#108 = ORIENTED_EDGE ( 'NONE', *, *, #3015, .F. ) ;
#109 = B_SPLINE_CURVE_WITH_KNOTS ( 'NONE', 3,
 ( #2603, #4940, #3468, #3903, #5767, #1277, #2143, #1745, #3552, #5381 ),
 .UNSPECIFIED., .F., .F.,
 ( 4, 3, 3, 4 ),
 ( -1.414214736706358429E-05, 0.000000000000000000, 0.0003857845878971314941, 0.0007714945151242452986 ),
 .UNSPECIFIED. ) ;
#110 = CIRCLE ( 'NONE', #3859, 2.000000000000001776 ) ;
#111 = ORIENTED_EDGE ( 'NONE', *, *, #3491, .F. ) ;
#112 = CARTESIAN_POINT ( 'NONE',  ( 12.03982794172471671, 9.875207013036195747, -32.28772395486097935 ) ) ;
#113 = CARTESIAN_POINT ( 'NONE',  ( 31.00000000000061462, 5.189291564825454728, -14.00000000000112088 ) ) ;
#114 = CARTESIAN_POINT ( 'NONE',  ( 50.00000000000000000, 4.374512586841348138, -37.80622870659140489 ) ) ;
#115 = VECTOR ( 'NONE', #4053, 1000.000000000000000 ) ;
#116 = ADVANCED_FACE ( 'NONE', ( #2354 ), #5479, .F. ) ;
#117 = CARTESIAN_POINT ( 'NONE',  ( 0.000000000000000000, 4.548600485743253152, -37.52384790138627579 ) ) ;
#118 = EDGE_CURVE ( 'NONE', #242, #4540, #3946, .T. ) ;
#119 = CARTESIAN_POINT ( 'NONE',  ( 16.34460922733382660, 6.048354166494212869, -13.00614966875920864 ) ) ;
#120 = LINE ( 'NONE', #5518, #1342 ) ;
#121 = CARTESIAN_POINT ( 'NONE',  ( 12.99999999999999822, 9.999687487792014551, -29.84999996382818921 ) ) ;
#122 = CARTESIAN_POINT ( 'NONE',  ( 15.29116002374703598, 6.382912208994055092, -8.493808741519602634 ) ) ;
#123 = EDGE_LOOP ( 'NONE', ( #2360, #1904, #5533, #5242, #3352, #1206 ) ) ;
#124 = ORIENTED_EDGE ( 'NONE', *, *, #4950, .F. ) ;
#125 = DIRECTION ( 'NONE',  ( 0.000000000000000000, 0.000000000000000000, 1.000000000000000000 ) ) ;
#126 = CARTESIAN_POINT ( 'NONE',  ( 22.55879462525801671, 3.761550316423116325, -8.153781463199178958 ) ) ;
#127 = CARTESIAN_POINT ( 'NONE',  ( 49.99999999999999289, 4.231486859628963870, -1.708895120076453500 ) ) ;
#128 = CARTESIAN_POINT ( 'NONE',  ( 31.00000000000000000, 5.189291564825706971, -25.99999999999999645 ) ) ;
#129 = ORIENTED_EDGE ( 'NONE', *, *, #4369, .F. ) ;
#130 = CARTESIAN_POINT ( 'NONE',  ( 37.00000000000001421, 7.651139741363189195, -29.54999999999997939 ) ) ;
#131 = CARTESIAN_POINT ( 'NONE',  ( 33.00878596101697582, 5.960926159325218521, -38.39342349697642476 ) ) ;
#132 = DIRECTION ( 'NONE',  ( 1.000000000000000000, -0.000000000000000000, -0.000000000000000000 ) ) ;
#133 = DIRECTION ( 'NONE',  ( 0.000000000000000000, 0.000000000000000000, 1.000000000000000000 ) ) ;
#134 = AXIS2_PLACEMENT_3D ( 'NONE', #2787, #1050, #4583 ) ;
#135 = EDGE_LOOP ( 'NONE', ( #2017, #3407, #2263, #1069 ) ) ;
#136 = AXIS2_PLACEMENT_3D ( 'NONE', #5368, #4473, #4097 ) ;
#137 = CARTESIAN_POINT ( 'NONE',  ( 15.02539310119832194, 6.521361243934024721, -9.550000000002265566 ) ) ;
#138 = VECTOR ( 'NONE', #4586, 1000.000000000000000 ) ;
#139 = DIRECTION ( 'NONE',  ( 0.000000000000000000, -6.938893903907228378E-15, 1.000000000000000000 ) ) ;
#140 = EDGE_CURVE ( 'NONE', #1203, #3781, #1126, .T. ) ;
#141 = CARTESIAN_POINT ( 'NONE',  ( 49.96751057804048912, 3.679534529615715588, -38.26612789777900758 ) ) ;
#142 = CIRCLE ( 'NONE', #3425, 4.000000000000006217 ) ;
#143 = CARTESIAN_POINT ( 'NONE',  ( 35.99999999999999289, 6.000000000000000000, -24.40565218904154676 ) ) ;
#144 = CARTESIAN_POINT ( 'NONE',  ( 12.00000000000018474, 10.18095350047014946, -32.07284632719093054 ) ) ;
#145 = VECTOR ( 'NONE', #2872, 1000.000000000000000 ) ;
#146 = LINE ( 'NONE', #495, #4522 ) ;
#147 = DIRECTION ( 'NONE',  ( 0.000000000000000000, 0.000000000000000000, 1.000000000000000000 ) ) ;
#148 = EDGE_CURVE ( 'NONE', #3255, #4432, #4203, .T. ) ;
#149 = ORIENTED_EDGE ( 'NONE', *, *, #817, .F. ) ;
#150 = ORIENTED_EDGE ( 'NONE', *, *, #889, .T. ) ;
#151 = EDGE_CURVE ( 'NONE', #2419, #769, #5646, .T. ) ;
#152 = DIRECTION ( 'NONE',  ( -0.000000000000000000, 1.000000000000000000, -0.000000000000000000 ) ) ;
#153 = DIRECTION ( 'NONE',  ( -0.000000000000000000, -1.000000000000000000, 0.000000000000000000 ) ) ;
#154 = CARTESIAN_POINT ( 'NONE',  ( 49.96024725732645067, 4.000000000000000000, -38.39677536484026632 ) ) ;
#155 = DIRECTION ( 'NONE',  ( 1.000000000000000000, -0.000000000000000000, 0.000000000000000000 ) ) ;
#156 = ORIENTED_EDGE ( 'NONE', *, *, #3015, .T. ) ;
#157 = CARTESIAN_POINT ( 'NONE',  ( 31.00000000000000000, 6.000000000000000000, -30.00000000000000355 ) ) ;
#158 = ORIENTED_EDGE ( 'NONE', *, *, #1732, .F. ) ;
#159 = CARTESIAN_POINT ( 'NONE',  ( 36.77547419620533020, 7.532547333633575093, -34.68843829300962511 ) ) ;
#160 = CARTESIAN_POINT ( 'NONE',  ( 0.05080292411207806835, 3.999999999999998224, -1.527474572427970134 ) ) ;
#161 = CARTESIAN_POINT ( 'NONE',  ( 1.999999999999999556, 4.000000000000000000, -38.00000000000000000 ) ) ;
#162 = ORIENTED_EDGE ( 'NONE', *, *, #2885, .F. ) ;
#163 = CARTESIAN_POINT ( 'NONE',  ( 30.34991665762195012, 4.817959226350978064, -39.82797365270369028 ) ) ;
#164 = CARTESIAN_POINT ( 'NONE',  ( 1.999999999999999556, 6.000000000000000000, -1.999999999999999556 ) ) ;
#165 = CARTESIAN_POINT ( 'NONE',  ( 21.54723825850273400, 4.028708455700337865, -26.90446790011699463 ) ) ;
#166 = EDGE_CURVE ( 'NONE', #4951, #5799, #182, .T. ) ;
#167 = ADVANCED_FACE ( 'NONE', ( #4149 ), #5696, .F. ) ;
#168 = CARTESIAN_POINT ( 'NONE',  ( 0.000000000000000000, 3.954041121159574512, -38.10089387832911711 ) ) ;
#169 = EDGE_CURVE ( 'NONE', #4470, #4980, #497, .T. ) ;
#170 = DIRECTION ( 'NONE',  ( 0.000000000000000000, 1.000000000000000000, 0.000000000000000000 ) ) ;
#171 = FACE_OUTER_BOUND ( 'NONE', #965, .T. ) ;
#172 = CARTESIAN_POINT ( 'NONE',  ( 17.84108946836182241, 6.000000000000000000, 32.52691193458118590 ) ) ;
#173 = ORIENTED_EDGE ( 'NONE', *, *, #1781, .T. ) ;
#174 = AXIS2_PLACEMENT_3D ( 'NONE', #1873, #2754, #4554 ) ;
#175 = ORIENTED_EDGE ( 'NONE', *, *, #2934, .T. ) ;
#176 = CARTESIAN_POINT ( 'NONE',  ( 14.69192440849169579, 6.460522418071872330, -2.781348385676215784 ) ) ;
#177 = CARTESIAN_POINT ( 'NONE',  ( 2.000000000000000000, 4.000000000000000000, -30.38065218904154818 ) ) ;
#178 = CARTESIAN_POINT ( 'NONE',  ( 0.9639710939763699304, 12.65424827641026262, -30.85067430422416379 ) ) ;
#179 = CARTESIAN_POINT ( 'NONE',  ( 33.47050554491213603, 5.022186772064771709, -38.00000000000000000 ) ) ;
#180 = EDGE_CURVE ( 'NONE', #2785, #599, #675, .T. ) ;
#181 = ORIENTED_EDGE ( 'NONE', *, *, #1732, .T. ) ;
#182 = LINE ( 'NONE', #1000, #3387 ) ;
#183 = CIRCLE ( 'NONE', #1674, 10.00000000000000000 ) ;
#184 = CARTESIAN_POINT ( 'NONE',  ( 18.99999999999999645, 0.000000000000000000, -7.950000000000001954 ) ) ;
#185 = SPHERICAL_SURFACE ( 'NONE', #5630, 1.000000000000000000 ) ;
#186 = CARTESIAN_POINT ( 'NONE',  ( 0.2816875525219454390, 5.388176579600127525, -2.220350119626212759 ) ) ;
#187 = CARTESIAN_POINT ( 'NONE',  ( 37.00000000000000711, 10.00000000000000178, -7.940657031816447109 ) ) ;
#188 = ORIENTED_EDGE ( 'NONE', *, *, #1386, .T. ) ;
#189 = ORIENTED_EDGE ( 'NONE', *, *, #1985, .F. ) ;
#190 = EDGE_LOOP ( 'NONE', ( #2960, #2959, #630, #3317 ) ) ;
#191 = AXIS2_PLACEMENT_3D ( 'NONE', #4201, #1475, #2326 ) ;
#192 = CARTESIAN_POINT ( 'NONE',  ( 13.52405693639353856, 7.956367218491481097, -33.13369495516965202 ) ) ;
#193 = CARTESIAN_POINT ( 'NONE',  ( 36.32192203771462857, 7.088386840540747080, -3.886739662236986081 ) ) ;
#194 = CARTESIAN_POINT ( 'NONE',  ( 36.03075693063212981, 7.380023780631765895, -34.09743708796727901 ) ) ;
#195 = CARTESIAN_POINT ( 'NONE',  ( 22.86213950394991201, 3.700323692176661794, -31.07601121631386931 ) ) ;
#196 = EDGE_LOOP ( 'NONE', ( #4687, #940, #2671 ) ) ;
#197 = CARTESIAN_POINT ( 'NONE',  ( 33.00000000000000000, 6.000000000000000000, -25.40565218904155032 ) ) ;
#198 = CARTESIAN_POINT ( 'NONE',  ( 48.00000000000000000, 4.000000000000000000, 3.469446951953614189E-15 ) ) ;
#199 = DIRECTION ( 'NONE',  ( 0.000000000000000000, -0.000000000000000000, -1.000000000000000000 ) ) ;
#200 = DIRECTION ( 'NONE',  ( -1.000000000000000000, -0.000000000000000000, -4.003208021484940018E-16 ) ) ;
#201 = EDGE_CURVE ( 'NONE', #3747, #4889, #5623, .T. ) ;
#202 = ORIENTED_EDGE ( 'NONE', *, *, #1502, .F. ) ;
#203 = B_SPLINE_CURVE_WITH_KNOTS ( 'NONE', 3,
 ( #2033, #1228, #3473, #3906 ),
 .UNSPECIFIED., .F., .F.,
 ( 4, 4 ),
 ( 7.152448122690996019E-18, 9.256193400183824300E-05 ),
 .UNSPECIFIED. ) ;
#204 = VECTOR ( 'NONE', #2563, 1000.000000000000000 ) ;
#205 = VERTEX_POINT ( 'NONE', #4341 ) ;
#206 = CIRCLE ( 'NONE', #3495, 10.00000000000000178 ) ;
#207 = CARTESIAN_POINT ( 'NONE',  ( 33.37640443592970740, 6.017749417651819144, -38.00000000000000000 ) ) ;
#208 = CARTESIAN_POINT ( 'NONE',  ( 38.00000000000000711, 10.00000000000000178, -14.35565218904154605 ) ) ;
#209 = EDGE_CURVE ( 'NONE', #562, #4130, #4932, .T. ) ;
#210 = CARTESIAN_POINT ( 'NONE',  ( 0.7822660365945255379, 7.985398000206648028, -33.85170812225212700 ) ) ;
#211 = CARTESIAN_POINT ( 'NONE',  ( 50.00000000000000711, 4.013510342196861203, -1.834119437526320340 ) ) ;
#212 = ORIENTED_EDGE ( 'NONE', *, *, #2328, .F. ) ;
#213 = CARTESIAN_POINT ( 'NONE',  ( 49.34559444375656767, 6.867136540722200699, -4.008155049900195444 ) ) ;
#214 = CARTESIAN_POINT ( 'NONE',  ( 31.00000000000000000, 6.000000000000000000, -27.94999999999999574 ) ) ;
#215 = DIRECTION ( 'NONE',  ( 0.000000000000000000, 1.000000000000000000, 0.000000000000000000 ) ) ;
#216 = CARTESIAN_POINT ( 'NONE',  ( 0.1947629651399916673, 5.066641982747684736, -1.936152620271711866 ) ) ;
#217 = CARTESIAN_POINT ( 'NONE',  ( 19.00000000000000000, 0.000000000000000000, -30.00000000000000355 ) ) ;
#218 = ADVANCED_FACE ( 'NONE', ( #5248 ), #1670, .T. ) ;
#219 = EDGE_CURVE ( 'NONE', #4953, #4540, #4806, .T. ) ;
#220 = ORIENTED_EDGE ( 'NONE', *, *, #816, .F. ) ;
#221 = CARTESIAN_POINT ( 'NONE',  ( 16.15344037762085350, 6.041358760275152839, -38.02807227194885087 ) ) ;
#222 = CARTESIAN_POINT ( 'NONE',  ( 37.74264123581957620, 9.028394078265936429, -6.061551393678075605 ) ) ;
#223 = FACE_OUTER_BOUND ( 'NONE', #4561, .T. ) ;
#224 = DIRECTION ( 'NONE',  ( 0.000000000000000000, 0.000000000000000000, 1.000000000000000000 ) ) ;
#225 = CARTESIAN_POINT ( 'NONE',  ( 19.95039888244438586, 4.664394129549618739, -33.89311548629806481 ) ) ;
#226 = ORIENTED_EDGE ( 'NONE', *, *, #148, .T. ) ;
#227 = CIRCLE ( 'NONE', #4917, 4.000000000000000000 ) ;
#228 = FACE_OUTER_BOUND ( 'NONE', #3152, .T. ) ;
#229 = CARTESIAN_POINT ( 'NONE',  ( 30.76700223174961835, 5.046795574985641686, -14.00000000000003553 ) ) ;
#230 = DIRECTION ( 'NONE',  ( 0.000000000000000000, 0.000000000000000000, 1.000000000000000000 ) ) ;
#231 = CARTESIAN_POINT ( 'NONE',  ( 12.99999999999999822, 10.00000000000000178, -10.45000000000001172 ) ) ;
#232 = AXIS2_PLACEMENT_3D ( 'NONE', #1321, #2318, #4915 ) ;
#233 = ORIENTED_EDGE ( 'NONE', *, *, #3868, .T. ) ;
#234 = EDGE_LOOP ( 'NONE', ( #5127, #3345, #3393, #2767 ) ) ;
#235 = VERTEX_POINT ( 'NONE', #2581 ) ;
#236 = AXIS2_PLACEMENT_3D ( 'NONE', #4281, #3469, #2992 ) ;
#237 = CARTESIAN_POINT ( 'NONE',  ( 15.63524282682119271, 6.119478470637494283, -2.002210839366694639 ) ) ;
#238 = CARTESIAN_POINT ( 'NONE',  ( -6.808968420884276797E-14, 6.127744212726198292, -3.520621574902725204 ) ) ;
#239 = CARTESIAN_POINT ( 'NONE',  ( 0.2297365225088935647, 5.303910436652353511, -37.45982727907338017 ) ) ;
#240 = CARTESIAN_POINT ( 'NONE',  ( 16.99999999999999645, 10.00000000000000178, -14.35565218904155138 ) ) ;
#241 = AXIS2_PLACEMENT_3D ( 'NONE', #4276, #1660, #264 ) ;
#242 = VERTEX_POINT ( 'NONE', #1170 ) ;
#243 = FACE_OUTER_BOUND ( 'NONE', #2762, .T. ) ;
#244 = ORIENTED_EDGE ( 'NONE', *, *, #2697, .F. ) ;
#245 = CARTESIAN_POINT ( 'NONE',  ( 12.99999999999999822, 31.00000000000000000, -25.40565218904154676 ) ) ;
#246 = CARTESIAN_POINT ( 'NONE',  ( 50.00000000000000711, 8.743297895502152528, -31.81919555499210972 ) ) ;
#247 = CARTESIAN_POINT ( 'NONE',  ( 15.35299750508480976, 6.354032999471858290, -28.34972553640798409 ) ) ;
#248 = EDGE_LOOP ( 'NONE', ( #91, #4782, #1790, #2456 ) ) ;
#249 = CARTESIAN_POINT ( 'NONE',  ( 12.99999999999999822, 15.76148354395871820, -40.38065218904154818 ) ) ;
#250 = VERTEX_POINT ( 'NONE', #3024 ) ;
#251 = DIRECTION ( 'NONE',  ( -1.000000000000000000, 0.000000000000000000, 0.000000000000000000 ) ) ;
#252 = CARTESIAN_POINT ( 'NONE',  ( 2.000000000000000444, 15.44116783476714261, 1.619347810958455147 ) ) ;
#253 = FACE_OUTER_BOUND ( 'NONE', #5601, .T. ) ;
#254 = ADVANCED_FACE ( 'NONE', ( #5187 ), #2123, .T. ) ;
#255 = CARTESIAN_POINT ( 'NONE',  ( 37.00000000000000711, 10.00000000000000178, -31.01020356730026251 ) ) ;
#256 = CARTESIAN_POINT ( 'NONE',  ( 18.99999999999999645, 6.000000000000000000, -10.00000000000000178 ) ) ;
#257 = ADVANCED_FACE ( 'NONE', ( #2501 ), #5184, .F. ) ;
#258 = B_SPLINE_CURVE_WITH_KNOTS ( 'NONE', 3,
 ( #3328, #2067, #5626, #5130 ),
 .UNSPECIFIED., .F., .F.,
 ( 4, 4 ),
 ( 0.01379703231544418367, 0.01395483513005452147 ),
 .UNSPECIFIED. ) ;
#259 = EDGE_CURVE ( 'NONE', #5724, #2435, #4284, .T. ) ;
#260 = ORIENTED_EDGE ( 'NONE', *, *, #4479, .T. ) ;
#261 = DIRECTION ( 'NONE',  ( 0.000000000000000000, 0.000000000000000000, 1.000000000000000000 ) ) ;
#262 = CYLINDRICAL_SURFACE ( 'NONE', #1447, 4.000000000000003553 ) ;
#263 = CARTESIAN_POINT ( 'NONE',  ( 17.84108946836151333, 6.000000000000006217, -38.22223413923808977 ) ) ;
#264 = DIRECTION ( 'NONE',  ( 1.000000000000000000, 0.000000000000000000, 0.000000000000000000 ) ) ;
#265 = B_SPLINE_CURVE_WITH_KNOTS ( 'NONE', 3,
 ( #1164, #725, #4308, #4220 ),
 .UNSPECIFIED., .F., .F.,
 ( 4, 4 ),
 ( 0.000000000000000000, 0.0008511964025701537805 ),
 .UNSPECIFIED. ) ;
#266 = VERTEX_POINT ( 'NONE', #1256 ) ;
#267 = CARTESIAN_POINT ( 'NONE',  ( 12.92013162883672628, 7.819076774420071096, -4.883809533141295844 ) ) ;
#268 = CARTESIAN_POINT ( 'NONE',  ( 0.000000000000000000, 5.111288750978530082, -3.077002344215802765 ) ) ;
#269 = LINE ( 'NONE', #3410, #669 ) ;
#270 = CARTESIAN_POINT ( 'NONE',  ( 11.99999999999999645, 31.00000000000000000, -30.38065218904154818 ) ) ;
#271 = AXIS2_PLACEMENT_3D ( 'NONE', #2535, #4375, #2944 ) ;
#272 = ORIENTED_EDGE ( 'NONE', *, *, #1710, .F. ) ;
#273 = FACE_OUTER_BOUND ( 'NONE', #123, .T. ) ;
#274 = DIRECTION ( 'NONE',  ( -0.000000000000000000, -1.000000000000000000, -0.000000000000000000 ) ) ;
#275 = TOROIDAL_SURFACE ( 'NONE', #14, 6.000000000000000000, 4.000000000000000000 ) ;
#276 = DIRECTION ( 'NONE',  ( 0.000000000000000000, 0.000000000000000000, 1.000000000000000000 ) ) ;
#277 = CARTESIAN_POINT ( 'NONE',  ( 34.94874472833178203, 6.506807479711563147, -9.550000000000004263 ) ) ;
#278 = CARTESIAN_POINT ( 'NONE',  ( 15.29116002374764349, 6.382912208993763770, -28.49380874151811938 ) ) ;
#279 = AXIS2_PLACEMENT_3D ( 'NONE', #1086, #4777, #3793 ) ;
#280 = SPHERICAL_SURFACE ( 'NONE', #271, 1.000000000000000000 ) ;
#281 = ORIENTED_EDGE ( 'NONE', *, *, #4063, .F. ) ;
#282 = DIRECTION ( 'NONE',  ( 0.000000000000000000, 0.000000000000000000, -1.000000000000000000 ) ) ;
#283 = CARTESIAN_POINT ( 'NONE',  ( 0.000000000000000000, 30.00000000000000000, -29.38065218904154818 ) ) ;
#284 = CARTESIAN_POINT ( 'NONE',  ( 18.20896322649587518, 5.716270611575463789, -13.92588307273934056 ) ) ;
#285 = VECTOR ( 'NONE', #2282, 1000.000000000000000 ) ;
#286 = DIRECTION ( 'NONE',  ( 1.000000000000000000, 0.000000000000000000, -0.000000000000000000 ) ) ;
#287 = EDGE_CURVE ( 'NONE', #4997, #5815, #203, .T. ) ;
#288 = CARTESIAN_POINT ( 'NONE',  ( 16.18285322436717522, 6.079937653199147363, -1.902408945232891835 ) ) ;
#289 = AXIS2_PLACEMENT_3D ( 'NONE', #5287, #3954, #5761 ) ;
#290 = AXIS2_PLACEMENT_3D ( 'NONE', #2474, #1088, #4260 ) ;
#291 = AXIS2_PLACEMENT_3D ( 'NONE', #4412, #4603, #5106 ) ;
#292 = CARTESIAN_POINT ( 'NONE',  ( 19.00000000000000000, 0.000000000000000000, -27.94999999999999574 ) ) ;
#293 = CARTESIAN_POINT ( 'NONE',  ( 0.01097120443027508122, 3.828965072030278805, -38.21569608670969842 ) ) ;
#294 = ADVANCED_FACE ( 'NONE', ( #273 ), #732, .F. ) ;
#295 = CARTESIAN_POINT ( 'NONE',  ( 38.00000000000000711, 31.00000000000000000, -29.38065218904154818 ) ) ;
#296 = DIRECTION ( 'NONE',  ( 1.000000000000000000, 0.000000000000000000, -4.309871990004490291E-16 ) ) ;
#297 = EDGE_LOOP ( 'NONE', ( #1359, #1574, #855, #2987 ) ) ;
#298 = EDGE_CURVE ( 'NONE', #5510, #2894, #110, .T. ) ;
#299 = ORIENTED_EDGE ( 'NONE', *, *, #3265, .T. ) ;
#300 = CIRCLE ( 'NONE', #2542, 11.76148354395871465 ) ;
#301 = LINE ( 'NONE', #3813, #4797 ) ;
#302 = CARTESIAN_POINT ( 'NONE',  ( 4.108835466890367062E-15, 5.215412072685935208, -2.456314990205676452 ) ) ;
#303 = CARTESIAN_POINT ( 'NONE',  ( 16.99999999999999645, 5.906861305794524064, -1.396775364840257216 ) ) ;
#304 = DIRECTION ( 'NONE',  ( 0.000000000000000000, 0.000000000000000000, -1.000000000000000000 ) ) ;
#305 = ORIENTED_EDGE ( 'NONE', *, *, #4446, .T. ) ;
#306 = DIRECTION ( 'NONE',  ( 1.000000000000000000, 0.000000000000000000, 0.000000000000000000 ) ) ;
#307 = DIRECTION ( 'NONE',  ( 1.000000000000000000, 0.000000000000000000, -4.309871990004489798E-16 ) ) ;
#308 = DIRECTION ( 'NONE',  ( -0.000000000000000000, -1.000000000000000000, -0.000000000000000000 ) ) ;
#309 = LINE ( 'NONE', #2583, #5580 ) ;
#310 = CARTESIAN_POINT ( 'NONE',  ( 37.00000000000000711, 10.00000000000000178, -14.35565218904154605 ) ) ;
#311 = ORIENTED_EDGE ( 'NONE', *, *, #2763, .F. ) ;
#312 = DIRECTION ( 'NONE',  ( 1.000000000000000000, 0.000000000000000000, 0.000000000000000000 ) ) ;
#313 = ORIENTED_EDGE ( 'NONE', *, *, #3039, .F. ) ;
#314 = ORIENTED_EDGE ( 'NONE', *, *, #4397, .F. ) ;
#315 = DIRECTION ( 'NONE',  ( -1.000000000000000000, -0.000000000000000000, -0.000000000000000000 ) ) ;
#316 = CARTESIAN_POINT ( 'NONE',  ( 16.62359556407027128, 6.017749417651819144, -38.00000000000000000 ) ) ;
#317 = CARTESIAN_POINT ( 'NONE',  ( 33.86642386199469001, 6.093253999093156459, -27.20570437820179066 ) ) ;
#318 = CARTESIAN_POINT ( 'NONE',  ( 15.46012927803456805, 6.167933098799903924, -2.125194692548619368 ) ) ;
#319 = B_SPLINE_CURVE_WITH_KNOTS ( 'NONE', 3,
 ( #4808, #1231, #2151, #3939 ),
 .UNSPECIFIED., .F., .F.,
 ( 4, 4 ),
 ( 1.999999999988122390E-07, 0.0009002000000000523472 ),
 .UNSPECIFIED. ) ;
#320 =( BOUNDED_SURFACE ( )  B_SPLINE_SURFACE ( 3, 2, ( 
 ( #5165, #3130, #1761 ),
 ( #2188, #2652, #1330 ),
 ( #3975, #5338, #485 ),
 ( #866, #1384, #4441 ),
 ( #801, #3158, #5754 ),
 ( #5812, #1267, #5785 ),
 ( #5398, #400, #3570 ),
 ( #5369, #4862, #427 ),
 ( #4474, #4409, #4924 ),
 ( #4503, #1827, #1736 ),
 ( #2274, #3064, #2217 ),
 ( #4011, #895, #3597 ),
 ( #1358, #2590, #4957 ),
 ( #4379, #3541, #3186 ),
 ( #54, #2685, #1296 ),
 ( #3626, #5426, #3097 ),
 ( #828, #454, #2622 ),
 ( #372, #4895, #923 ),
 ( #2160, #2242, #4039 ),
 ( #2713, #25, #1793 ) ),
 .UNSPECIFIED., .F., .F., .F. ) 
 B_SPLINE_SURFACE_WITH_KNOTS ( ( 4, 2, 2, 2, 2, 2, 2, 2, 2, 4 ),
 ( 3, 3 ),
 ( 5.379811179873073002E-16, 0.001155072823237648667, 0.002310145646474759569, 0.002887682058093314803, 0.003465218469711870471, 0.004620291292948981374, 0.005775364116186091842, 0.006930436939423203178, 0.008085509762660314514, 0.009240582585897424983 ),
 ( 0.000000000000000000, 1.000000000000000000 ),
 .UNSPECIFIED. ) 
 GEOMETRIC_REPRESENTATION_ITEM ( )  RATIONAL_B_SPLINE_SURFACE ( (
 ( 1.000000000000000000, 0.7071067811865920927, 1.000000000000000000),
 ( 1.000000000000000000, 0.7190668454767905615, 1.000000000000000000),
 ( 1.000000000000000000, 0.7323192857480287365, 1.000000000000000000),
 ( 1.000000000000000000, 0.7601201767781327057, 1.000000000000000000),
 ( 1.000000000000000000, 0.7746665941107704345, 1.000000000000000000),
 ( 1.000000000000000000, 0.7967410560342151893, 1.000000000000000000),
 ( 1.000000000000000000, 0.8041577971250923884, 1.000000000000000000),
 ( 1.000000000000000000, 0.8187360997036197130, 1.000000000000000000),
 ( 1.000000000000000000, 0.8259295037621534608, 1.000000000000000000),
 ( 1.000000000000000000, 0.8471349282343492160, 1.000000000000000000),
 ( 1.000000000000000000, 0.8607686991948879651, 1.000000000000000000),
 ( 1.000000000000000000, 0.8866925120418265305, 1.000000000000000000),
 ( 1.000000000000000000, 0.8990493150809255596, 1.000000000000000000),
 ( 1.000000000000000000, 0.9218405331587850027, 1.000000000000000000),
 ( 1.000000000000000000, 0.9322426653741857638, 1.000000000000000000),
 ( 1.000000000000000000, 0.9509666432129690872, 1.000000000000000000),
 ( 1.000000000000000000, 0.9592998882002274907, 1.000000000000000000),
 ( 1.000000000000000000, 0.9735852266814472022, 1.000000000000000000),
 ( 1.000000000000000000, 0.9796203716175381215, 1.000000000000000000),
 ( 1.000000000000000000, 0.9834084848083690655, 1.000000000000000000) ) ) 
 REPRESENTATION_ITEM ( '' )  SURFACE ( )  );
#321 = DIRECTION ( 'NONE',  ( 0.000000000000000000, 0.000000000000000000, 1.000000000000000000 ) ) ;
#322 = DIRECTION ( 'NONE',  ( -1.000000000000000000, 0.000000000000000000, 2.668805347656626678E-16 ) ) ;
#323 = CARTESIAN_POINT ( 'NONE',  ( 49.00000000000000000, 15.71889479237746556, -30.38065218904155174 ) ) ;
#324 = CARTESIAN_POINT ( 'NONE',  ( 14.51266814409401995, 6.000000000000000888, -14.32057427517534265 ) ) ;
#325 = VECTOR ( 'NONE', #913, 1000.000000000000000 ) ;
#326 = VERTEX_POINT ( 'NONE', #792 ) ;
#327 = B_SPLINE_CURVE_WITH_KNOTS ( 'NONE', 3,
 ( #5509, #5016, #567, #3654, #2741, #1417, #621, #981, #4626, #540 ),
 .UNSPECIFIED., .F., .F.,
 ( 4, 3, 3, 4 ),
 ( 6.505213034913026604E-19, 0.0003857057796273960287, 0.0007714862191219714824, 0.0007856283664890385734 ),
 .UNSPECIFIED. ) ;
#328 = CARTESIAN_POINT ( 'NONE',  ( 33.75814842380906811, 6.068788681771616567, -37.91439874640598617 ) ) ;
#329 = CARTESIAN_POINT ( 'NONE',  ( 0.9073876471692385870, 10.05677890636016514, -6.886457798792270601 ) ) ;
#330 = CARTESIAN_POINT ( 'NONE',  ( 38.00000000000000711, 31.00000000000000000, -24.40565218904155032 ) ) ;
#331 = EDGE_CURVE ( 'NONE', #2616, #1818, #1314, .T. ) ;
#332 = CARTESIAN_POINT ( 'NONE',  ( 50.00000000000000000, 6.000000000000000000, -38.00000000000000000 ) ) ;
#333 = B_SPLINE_CURVE_WITH_KNOTS ( 'NONE', 3,
 ( #3240, #4096, #2739, #3267, #2323, #1029 ),
 .UNSPECIFIED., .F., .F.,
 ( 4, 2, 4 ),
 ( 0.0008895956756894832836, 0.001599550549634982857, 0.002309505423580482646 ),
 .UNSPECIFIED. ) ;
#334 = ORIENTED_EDGE ( 'NONE', *, *, #4928, .F. ) ;
#335 = EDGE_CURVE ( 'NONE', #4012, #4189, #300, .T. ) ;
#336 = DIRECTION ( 'NONE',  ( 0.000000000000000000, 0.000000000000000000, 1.000000000000000000 ) ) ;
#337 = CARTESIAN_POINT ( 'NONE',  ( 33.00000000000000000, 5.960247257326453330, -38.39677536484025921 ) ) ;
#338 = FACE_OUTER_BOUND ( 'NONE', #825, .T. ) ;
#339 = DIRECTION ( 'NONE',  ( -0.000000000000000000, -1.000000000000000000, -0.000000000000000000 ) ) ;
#340 = CYLINDRICAL_SURFACE ( 'NONE', #5722, 1.000000000000000888 ) ;
#341 = EDGE_LOOP ( 'NONE', ( #3889, #740, #2449, #5060, #311, #535 ) ) ;
#342 = CARTESIAN_POINT ( 'NONE',  ( 14.27714809188305800, 7.061270850093309015, -34.71321489077223532 ) ) ;
#343 = DIRECTION ( 'NONE',  ( -1.000000000000000000, 0.000000000000000000, 0.000000000000000000 ) ) ;
#344 = CARTESIAN_POINT ( 'NONE',  ( 32.11112726890853253, 5.961582857516821043, -1.559977758481948085 ) ) ;
#345 = CARTESIAN_POINT ( 'NONE',  ( 19.00000000000000000, 3.000000000000000000, -26.00000000000000355 ) ) ;
#346 = EDGE_CURVE ( 'NONE', #3672, #2237, #22, .T. ) ;
#347 = DIRECTION ( 'NONE',  ( 0.000000000000000000, 0.000000000000000000, 1.000000000000000000 ) ) ;
#348 = DIRECTION ( 'NONE',  ( -0.000000000000000000, 1.000000000000000000, -0.000000000000000000 ) ) ;
#349 = DIRECTION ( 'NONE',  ( -1.000000000000000000, 0.000000000000000000, 4.309871990004489798E-16 ) ) ;
#350 = EDGE_CURVE ( 'NONE', #1872, #4613, #952, .T. ) ;
#351 = ADVANCED_FACE ( 'NONE', ( #243 ), #3818, .F. ) ;
#352 = CARTESIAN_POINT ( 'NONE',  ( 35.99983933697711080, 7.318303266952296049, -35.00625189820597427 ) ) ;
#353 = CARTESIAN_POINT ( 'NONE',  ( 0.000000000000000000, 6.728094820359117989, -5.341743023511020816 ) ) ;
#354 = LINE ( 'NONE', #4, #578 ) ;
#355 = CARTESIAN_POINT ( 'NONE',  ( 33.97399972082678943, 6.119031042537740106, -7.320573943056403188 ) ) ;
#356 = ORIENTED_EDGE ( 'NONE', *, *, #3079, .T. ) ;
#357 = CARTESIAN_POINT ( 'NONE',  ( 48.00000000000000000, 4.000000000000000000, -30.38065218904155174 ) ) ;
#358 = CARTESIAN_POINT ( 'NONE',  ( 0.000000000000000000, 6.000000000000000000, -38.00000000000000000 ) ) ;
#359 = CARTESIAN_POINT ( 'NONE',  ( 37.00000000000000000, 7.666045063135928928, -9.695379332714731291 ) ) ;
#360 = EDGE_CURVE ( 'NONE', #5799, #1517, #4048, .T. ) ;
#361 = CARTESIAN_POINT ( 'NONE',  ( 50.00000000000000711, 6.321525732831460687, -3.749845925668326085 ) ) ;
#362 = ORIENTED_EDGE ( 'NONE', *, *, #1381, .T. ) ;
#363 = EDGE_CURVE ( 'NONE', #2435, #2290, #13, .T. ) ;
#364 = CARTESIAN_POINT ( 'NONE',  ( 50.00000000000000000, 30.00000000000000000, -30.38065218904155174 ) ) ;
#365 = ORIENTED_EDGE ( 'NONE', *, *, #2687, .F. ) ;
#366 = EDGE_CURVE ( 'NONE', #1979, #2553, #2320, .T. ) ;
#367 = ORIENTED_EDGE ( 'NONE', *, *, #3480, .F. ) ;
#368 = VERTEX_POINT ( 'NONE', #881 ) ;
#369 = CARTESIAN_POINT ( 'NONE',  ( 0.000000000000000000, 9.542525994743648710, -31.24107756787581280 ) ) ;
#370 = CARTESIAN_POINT ( 'NONE',  ( 49.97415456324924321, 3.734887585431232893, -1.669529245905586379 ) ) ;
#371 = EDGE_CURVE ( 'NONE', #4539, #5209, #1344, .T. ) ;
#372 = CARTESIAN_POINT ( 'NONE',  ( 34.12552898422450909, 6.154006648400890178, -2.385033501923540911 ) ) ;
#373 = CARTESIAN_POINT ( 'NONE',  ( 45.05000000000000426, 30.00000000000000000, -24.40565218904155032 ) ) ;
#374 = AXIS2_PLACEMENT_3D ( 'NONE', #5090, #4645, #2402 ) ;
#375 = LINE ( 'NONE', #2165, #4790 ) ;
#376 = CARTESIAN_POINT ( 'NONE',  ( 37.00000000000000711, 31.00000000000000000, -29.38065218904154818 ) ) ;
#377 = CARTESIAN_POINT ( 'NONE',  ( 49.02558633818394185, 13.34646668354470123, -30.65832350188553690 ) ) ;
#378 = APPLICATION_PROTOCOL_DEFINITION ( 'international standard', 'config_control_design', 1994, #5275 ) ;
#379 = VECTOR ( 'NONE', #1711, 1000.000000000000000 ) ;
#380 = CIRCLE ( 'NONE', #2438, 10.00000000000000178 ) ;
#381 = AXIS2_PLACEMENT_3D ( 'NONE', #3628, #4840, #4382 ) ;
#382 = CARTESIAN_POINT ( 'NONE',  ( 38.00000000000000711, 30.00000000000000000, -9.380652189041551736 ) ) ;
#383 = CARTESIAN_POINT ( 'NONE',  ( 33.93711387585422301, 6.109022391009794717, -37.53045930292584842 ) ) ;
#384 = CARTESIAN_POINT ( 'NONE',  ( 0.1602605077715231474, 4.933890764744274016, -1.831241441388090863 ) ) ;
#385 = DIRECTION ( 'NONE',  ( 0.000000000000000000, 0.000000000000000000, -1.000000000000000000 ) ) ;
#386 = CARTESIAN_POINT ( 'NONE',  ( 34.86725784700431063, 6.460639558686192885, -8.932222213727762039 ) ) ;
#387 = ADVANCED_FACE ( 'NONE', ( #500 ), #1723, .F. ) ;
#388 = AXIS2_PLACEMENT_3D ( 'NONE', #5155, #2381, #3789 ) ;
#389 = ORIENTED_EDGE ( 'NONE', *, *, #2642, .F. ) ;
#390 = CYLINDRICAL_SURFACE ( 'NONE', #2887, 1.000000000000000888 ) ;
#391 = VECTOR ( 'NONE', #4789, 1000.000000000000000 ) ;
#392 = DIRECTION ( 'NONE',  ( -0.000000000000000000, -1.000000000000000000, 0.000000000000000000 ) ) ;
#393 = CARTESIAN_POINT ( 'NONE',  ( 34.97460689880167450, 6.521361243934024721, -30.44999999999775753 ) ) ;
#394 = CARTESIAN_POINT ( 'NONE',  ( 49.26204504838401022, 7.459306837580760075, -4.708916583502462672 ) ) ;
#395 = CARTESIAN_POINT ( 'NONE',  ( 0.000000000000000000, 0.000000000000000000, -2.000000000000014211 ) ) ;
#396 = ORIENTED_EDGE ( 'NONE', *, *, #5597, .F. ) ;
#397 = ORIENTED_EDGE ( 'NONE', *, *, #5758, .F. ) ;
#398 = CARTESIAN_POINT ( 'NONE',  ( 50.00000000000000000, 0.000000000000000000, -2.000000000000000000 ) ) ;
#399 = DIRECTION ( 'NONE',  ( -0.000000000000000000, 1.000000000000000000, -0.000000000000000000 ) ) ;
#400 = CARTESIAN_POINT ( 'NONE',  ( 36.82609134497118930, 8.731473171229261254, -5.801135337001119829 ) ) ;
#401 = AXIS2_PLACEMENT_3D ( 'NONE', #2634, #4847, #439 ) ;
#402 = EDGE_CURVE ( 'NONE', #19, #882, #910, .T. ) ;
#403 = CARTESIAN_POINT ( 'NONE',  ( 2.000000000000014211, 4.000000000000000000, 0.000000000000000000 ) ) ;
#404 = CARTESIAN_POINT ( 'NONE',  ( 16.99999999999999645, 6.000000000000000000, -33.46410161513775705 ) ) ;
#405 = CARTESIAN_POINT ( 'NONE',  ( 49.03420083332673585, 12.76799890905363277, -30.81575241349104388 ) ) ;
#406 = CALENDAR_DATE ( 2022, 14, 4 ) ;
#407 = CARTESIAN_POINT ( 'NONE',  ( 5.897336769315484723E-13, 13.34133745127182458, -30.63386246243365818 ) ) ;
#408 = CARTESIAN_POINT ( 'NONE',  ( 14.05018469450180163, 7.265353153742109882, -4.152532852182722500 ) ) ;
#409 = CARTESIAN_POINT ( 'NONE',  ( 33.53630444649206765, 6.032863251408958405, -37.91477539339415159 ) ) ;
#410 = CARTESIAN_POINT ( 'NONE',  ( 2.000000000000014211, 4.000000000000000000, 0.000000000000000000 ) ) ;
#411 = CARTESIAN_POINT ( 'NONE',  ( 37.00000000000000711, 31.00000000000000000, -14.35565218904154605 ) ) ;
#412 = CARTESIAN_POINT ( 'NONE',  ( 16.96918588095038061, 5.966659677326547673, -38.36442065190344408 ) ) ;
#413 = ORIENTED_EDGE ( 'NONE', *, *, #953, .T. ) ;
#414 = CARTESIAN_POINT ( 'NONE',  ( 11.99999999999999645, 15.76148354395871820, -40.38065218904154818 ) ) ;
#415 = CIRCLE ( 'NONE', #2566, 1.906861305794521622 ) ;
#416 = CARTESIAN_POINT ( 'NONE',  ( 33.37640443592970740, 6.017749417651818256, -38.00000000000001421 ) ) ;
#417 = CARTESIAN_POINT ( 'NONE',  ( 25.00000000000000000, 15.00000000000000178, -14.35565218904155671 ) ) ;
#418 = CARTESIAN_POINT ( 'NONE',  ( 50.00000000000000711, 13.16908040168083893, -8.172006968287474749 ) ) ;
#419 = CARTESIAN_POINT ( 'NONE',  ( 12.99999999999999822, 9.999999996181756501, -10.30000184671569485 ) ) ;
#420 = AXIS2_PLACEMENT_3D ( 'NONE', #5671, #2919, #1095 ) ;
#421 = ORIENTED_EDGE ( 'NONE', *, *, #1992, .F. ) ;
#422 = CARTESIAN_POINT ( 'NONE',  ( 31.00000000000000000, 3.000000000000000000, -14.00000000000000533 ) ) ;
#423 = EDGE_LOOP ( 'NONE', ( #2765, #39, #5473, #5615, #3649, #2586 ) ) ;
#424 = VERTEX_POINT ( 'NONE', #5414 ) ;
#425 = CARTESIAN_POINT ( 'NONE',  ( 37.00000000000000711, 10.00000000000000178, -31.01020356730026251 ) ) ;
#426 = CARTESIAN_POINT ( 'NONE',  ( 16.12437557716550884, 6.094770654463683712, -2.182680446361035198 ) ) ;
#427 = CARTESIAN_POINT ( 'NONE',  ( 37.39259499937141129, 8.319178594374598390, -5.402398418616379594 ) ) ;
#428 = ADVANCED_FACE ( 'NONE', ( #3998 ), #2050, .T. ) ;
#429 = ORIENTED_EDGE ( 'NONE', *, *, #219, .F. ) ;
#430 = FACE_OUTER_BOUND ( 'NONE', #1370, .T. ) ;
#431 = CARTESIAN_POINT ( 'NONE',  ( 50.00000000000000000, 31.00000000000000000, -30.38065218904155174 ) ) ;
#432 = ADVANCED_FACE ( 'NONE', ( #2701 ), #1749, .F. ) ;
#433 = CARTESIAN_POINT ( 'NONE',  ( 50.00000000000000000, 11.22797602814569906, -30.30612166211062686 ) ) ;
#434 = PERSON_AND_ORGANIZATION ( #4148, #3434 ) ;
#435 = CARTESIAN_POINT ( 'NONE',  ( -3.685985216729541879E-14, 6.835355693916081776, -34.87275384496371089 ) ) ;
#436 = CARTESIAN_POINT ( 'NONE',  ( 15.03721321301986258, 6.312014361146765395, -2.464234681401422211 ) ) ;
#437 = CARTESIAN_POINT ( 'NONE',  ( 37.99999999586256649, 10.19157004311168890, -32.06631867433316074 ) ) ;
#438 = CARTESIAN_POINT ( 'NONE',  ( 33.58444884599447988, 6.042927907351734795, -1.999999999999999556 ) ) ;
#439 = DIRECTION ( 'NONE',  ( 0.000000000000000000, 0.000000000000000000, -1.000000000000000000 ) ) ;
#440 = CARTESIAN_POINT ( 'NONE',  ( 16.62359556407027128, 6.017749417651819144, -38.00000000000000000 ) ) ;
#441 = ORIENTED_EDGE ( 'NONE', *, *, #1742, .T. ) ;
#442 = CARTESIAN_POINT ( 'NONE',  ( 4.949999999999997513, 31.00000000000000000, -24.40565218904154676 ) ) ;
#443 = ORIENTED_EDGE ( 'NONE', *, *, #4115, .T. ) ;
#444 = CARTESIAN_POINT ( 'NONE',  ( 48.00000000000000000, 4.000000000000000000, -40.00000000000000000 ) ) ;
#445 = CARTESIAN_POINT ( 'NONE',  ( 19.46908842759886582, 4.913804544777002015, -6.020200406453469100 ) ) ;
#446 = CARTESIAN_POINT ( 'NONE',  ( 50.00000000000000000, 14.27428316216502679, -8.344152964448189991 ) ) ;
#447 = CARTESIAN_POINT ( 'NONE',  ( 0.000000000000000000, 31.00000000000000000, 0.000000000000000000 ) ) ;
#448 = ORIENTED_EDGE ( 'NONE', *, *, #2889, .F. ) ;
#449 = DIRECTION ( 'NONE',  ( -1.000000000000000000, 0.000000000000000000, 0.000000000000000000 ) ) ;
#450 = EDGE_CURVE ( 'NONE', #5340, #5666, #5435, .T. ) ;
#451 = ORIENTED_EDGE ( 'NONE', *, *, #2598, .T. ) ;
#452 = CARTESIAN_POINT ( 'NONE',  ( 0.000000000000000000, 4.281120006039201620, -37.93274610441611117 ) ) ;
#453 = DIRECTION ( 'NONE',  ( 0.000000000000000000, 0.000000000000000000, 1.000000000000000000 ) ) ;
#454 = CARTESIAN_POINT ( 'NONE',  ( 34.76348945763648146, 6.394142942876549718, -2.653446311090218224 ) ) ;
#455 = VECTOR ( 'NONE', #4346, 1000.000000000000000 ) ;
#456 = ORIENTED_EDGE ( 'NONE', *, *, #3644, .F. ) ;
#457 = CARTESIAN_POINT ( 'NONE',  ( 16.52949445508783555, 5.998486478600588256, -38.21642292627650761 ) ) ;
#458 = EDGE_CURVE ( 'NONE', #5815, #3775, #3982, .T. ) ;
#459 = DIRECTION ( 'NONE',  ( -1.000000000000000000, 0.000000000000000000, 0.000000000000000000 ) ) ;
#460 = CARTESIAN_POINT ( 'NONE',  ( 50.00000000000000711, 5.115531365715796142, -37.25302885664292063 ) ) ;
#461 = CARTESIAN_POINT ( 'NONE',  ( 0.000000000000000000, 5.715750607187556120, -35.33014380796960552 ) ) ;
#462 = CARTESIAN_POINT ( 'NONE',  ( 15.37073402442562298, 6.339871570436590886, -2.530577397001631645 ) ) ;
#463 = CARTESIAN_POINT ( 'NONE',  ( 49.93450807028765581, 3.892640276461356574, -1.490108667702355394 ) ) ;
#464 = CARTESIAN_POINT ( 'NONE',  ( 8.446149921203743570E-15, 4.423709582157558273, -1.785866718533197117 ) ) ;
#465 = CARTESIAN_POINT ( 'NONE',  ( 0.000000000000000000, 3.788184521377218505, -38.00000000000000711 ) ) ;
#466 = CIRCLE ( 'NONE', #2804, 1.000000000000000000 ) ;
#467 = DIRECTION ( 'NONE',  ( -0.000000000000000000, -0.000000000000000000, 1.000000000000000000 ) ) ;
#468 = AXIS2_PLACEMENT_3D ( 'NONE', #5204, #2219, #1332 ) ;
#469 = EDGE_CURVE ( 'NONE', #4883, #368, #2145, .T. ) ;
#470 = ORIENTED_EDGE ( 'NONE', *, *, #3126, .T. ) ;
#471 = DIRECTION ( 'NONE',  ( 0.000000000000000000, 1.000000000000000000, 0.000000000000000000 ) ) ;
#472 = CIRCLE ( 'NONE', #5075, 10.00000000000000178 ) ;
#473 = ORIENTED_EDGE ( 'NONE', *, *, #4253, .T. ) ;
#474 = DIRECTION ( 'NONE',  ( -0.000000000000000000, -0.000000000000000000, -1.000000000000000000 ) ) ;
#475 = FACE_OUTER_BOUND ( 'NONE', #3508, .T. ) ;
#476 = CARTESIAN_POINT ( 'NONE',  ( 50.00000000000000000, 5.275799197767284454, -3.339942196187575707 ) ) ;
#477 = CARTESIAN_POINT ( 'NONE',  ( 50.00000000000000711, 5.316148025440643465, -3.402963974819605664 ) ) ;
#478 = DIRECTION ( 'NONE',  ( 0.000000000000000000, -1.000000000000000000, 0.000000000000000000 ) ) ;
#479 = ORIENTED_EDGE ( 'NONE', *, *, #4757, .F. ) ;
#480 = ORIENTED_EDGE ( 'NONE', *, *, #3977, .T. ) ;
#481 = AXIS2_PLACEMENT_3D ( 'NONE', #2657, #4819, #3985 ) ;
#482 = ORIENTED_EDGE ( 'NONE', *, *, #3011, .T. ) ;
#483 = CARTESIAN_POINT ( 'NONE',  ( 34.06109068789251637, 6.142156301549100306, -12.57898686741615180 ) ) ;
#484 = DIRECTION ( 'NONE',  ( 0.000000000000000000, -1.000000000000000000, 0.000000000000000000 ) ) ;
#485 = CARTESIAN_POINT ( 'NONE',  ( 37.96546014006550962, 9.889359894688228181, -6.705125348527855245 ) ) ;
#486 = ORIENTED_EDGE ( 'NONE', *, *, #3254, .T. ) ;
#487 = CARTESIAN_POINT ( 'NONE',  ( 18.79703993644182702, 5.313417196465409553, -34.00000000000000000 ) ) ;
#488 = ADVANCED_FACE ( 'NONE', ( #2230 ), #390, .T. ) ;
#489 = CARTESIAN_POINT ( 'NONE',  ( 12.99999999999999822, 10.00000000000000178, -29.54999999999997584 ) ) ;
#490 = CARTESIAN_POINT ( 'NONE',  ( 49.19948969987727594, 8.198503771507438032, -33.62713071883263183 ) ) ;
#491 = CARTESIAN_POINT ( 'NONE',  ( 33.09890349094098383, 6.000000000000000000, -13.40508504089336839 ) ) ;
#492 = CARTESIAN_POINT ( 'NONE',  ( 1.834398683196663407E-14, 6.063388529769614621, -35.90280809411591179 ) ) ;
#493 = CARTESIAN_POINT ( 'NONE',  ( 49.96774725024653918, 4.310468037816037601, -38.26706675125942780 ) ) ;
#494 = CARTESIAN_POINT ( 'NONE',  ( -9.583190434470463851E-15, 3.886573326594366495, -1.686955363619570436 ) ) ;
#495 = CARTESIAN_POINT ( 'NONE',  ( 12.99999999999999822, 31.00000000000000000, -9.380652189041551736 ) ) ;
#496 = CARTESIAN_POINT ( 'NONE',  ( 16.95819663643929687, 5.968847478734778278, -38.35286461661699065 ) ) ;
#497 = B_SPLINE_CURVE_WITH_KNOTS ( 'NONE', 3,
 ( #5594, #2874, #4679, #4714 ),
 .UNSPECIFIED., .F., .F.,
 ( 4, 4 ),
 ( 0.0004571252771384096722, 0.0005978315775917588748 ),
 .UNSPECIFIED. ) ;
#498 =( BOUNDED_CURVE ( )  B_SPLINE_CURVE ( 3, ( #3771, #1039, #4237, #2828 ),
 .UNSPECIFIED., .F., .F. ) 
 B_SPLINE_CURVE_WITH_KNOTS ( ( 4, 4 ),
 ( 4.712388980384689674, 6.283185307179586232 ),
 .UNSPECIFIED. ) 
 CURVE ( )  GEOMETRIC_REPRESENTATION_ITEM ( )  RATIONAL_B_SPLINE_CURVE ( ( 1.000000000000000000, 0.8047378541243649375, 0.8047378541243649375, 1.000000000000000000 ) ) 
 REPRESENTATION_ITEM ( '' )  );
#499 = EDGE_LOOP ( 'NONE', ( #4374, #3536, #1443, #5632 ) ) ;
#500 = FACE_OUTER_BOUND ( 'NONE', #994, .T. ) ;
#501 = ORIENTED_EDGE ( 'NONE', *, *, #1936, .F. ) ;
#502 = CARTESIAN_POINT ( 'NONE',  ( 33.00883727362793252, 5.962111586877358427, -38.38750118643322651 ) ) ;
#503 = DIRECTION ( 'NONE',  ( 0.000000000000000000, 0.000000000000000000, -1.000000000000000000 ) ) ;
#504 = DIRECTION ( 'NONE',  ( 0.000000000000000000, 0.000000000000000000, -1.000000000000000000 ) ) ;
#505 = CARTESIAN_POINT ( 'NONE',  ( 50.00000000000000000, 4.903170061392198242, -2.752342765271436065 ) ) ;
#506 = VERTEX_POINT ( 'NONE', #3638 ) ;
#507 = EDGE_CURVE ( 'NONE', #5197, #1169, #1570, .T. ) ;
#508 = ORIENTED_EDGE ( 'NONE', *, *, #2154, .F. ) ;
#509 = CYLINDRICAL_SURFACE ( 'NONE', #1410, 2.000000000000000000 ) ;
#510 = CARTESIAN_POINT ( 'NONE',  ( 34.72577625206496776, 6.248986441856223983, -37.28405541680581337 ) ) ;
#511 = CARTESIAN_POINT ( 'NONE',  ( 13.72320988818872145, 7.665216089026641200, -5.561647224328622130 ) ) ;
#512 = CARTESIAN_POINT ( 'NONE',  ( 11.99999999999999645, 30.00000000000000000, -25.40565218904154676 ) ) ;
#513 = VECTOR ( 'NONE', #3867, 1000.000000000000000 ) ;
#514 = EDGE_LOOP ( 'NONE', ( #2973, #1506, #5808, #4568 ) ) ;
#515 = ORIENTED_EDGE ( 'NONE', *, *, #3650, .T. ) ;
#516 = VECTOR ( 'NONE', #4999, 1000.000000000000000 ) ;
#517 = CARTESIAN_POINT ( 'NONE',  ( 13.03186235222787204, 9.429263487881454964, -31.47843113171627039 ) ) ;
#518 = CARTESIAN_POINT ( 'NONE',  ( 16.99999999999999645, 6.000000000000000000, -1.999999999999999556 ) ) ;
#519 = CARTESIAN_POINT ( 'NONE',  ( 50.00000000000000000, 9.785863373352885475, -31.08478907869210062 ) ) ;
#520 = CARTESIAN_POINT ( 'NONE',  ( 35.46907332258810897, 6.000000000000000000, -24.44323412037025633 ) ) ;
#521 = CARTESIAN_POINT ( 'NONE',  ( 49.07056872791357449, 10.95332526302719778, -31.54749419343439598 ) ) ;
#522 = CARTESIAN_POINT ( 'NONE',  ( 12.67898459583649462, 8.163044343053044827, -33.83564710505392270 ) ) ;
#523 = CARTESIAN_POINT ( 'NONE',  ( 27.88913415055459311, 3.867658558006942471, -32.52915540893080504 ) ) ;
#524 = CARTESIAN_POINT ( 'NONE',  ( 16.99705424072633164, 5.960872820369652381, -38.39368480441645204 ) ) ;
#525 = ADVANCED_FACE ( 'NONE', ( #67 ), #5770, .F. ) ;
#526 = ORIENTED_EDGE ( 'NONE', *, *, #5755, .F. ) ;
#527 = LINE ( 'NONE', #2313, #2981 ) ;
#528 = ORIENTED_EDGE ( 'NONE', *, *, #5571, .F. ) ;
#529 = DIRECTION ( 'NONE',  ( 0.000000000000000000, 1.000000000000000000, 0.000000000000000000 ) ) ;
#530 = CARTESIAN_POINT ( 'NONE',  ( 3.755270208993146793E-15, 31.00000000000000000, -9.380652189041567723 ) ) ;
#531 = CARTESIAN_POINT ( 'NONE',  ( 0.02584386693409666119, 3.734882717115599160, -1.669531652450372494 ) ) ;
#532 = DIRECTION ( 'NONE',  ( 0.000000000000000000, -1.000000000000000000, 0.000000000000000000 ) ) ;
#533 = EDGE_LOOP ( 'NONE', ( #3333, #2702, #3697 ) ) ;
#534 = EDGE_CURVE ( 'NONE', #3730, #2382, #2637, .T. ) ;
#535 = ORIENTED_EDGE ( 'NONE', *, *, #4963, .F. ) ;
#536 = EDGE_CURVE ( 'NONE', #1154, #2553, #966, .T. ) ;
#537 = CARTESIAN_POINT ( 'NONE',  ( 37.95732828226353917, 9.854019239622232362, -32.30270638072871492 ) ) ;
#538 = DIRECTION ( 'NONE',  ( 0.000000000000000000, 0.000000000000000000, 1.000000000000000000 ) ) ;
#539 = EDGE_CURVE ( 'NONE', #1979, #1103, #3268, .T. ) ;
#540 = CARTESIAN_POINT ( 'NONE',  ( 33.00000000000000000, 5.906861305794524064, -1.396775364840260325 ) ) ;
#541 = ORIENTED_EDGE ( 'NONE', *, *, #865, .F. ) ;
#542 = AXIS2_PLACEMENT_3D ( 'NONE', #1779, #5356, #4943 ) ;
#543 = EDGE_CURVE ( 'NONE', #1979, #1460, #527, .T. ) ;
#544 = CARTESIAN_POINT ( 'NONE',  ( 14.55129135612608415, 6.814962495712172164, -35.89578577219567990 ) ) ;
#545 = FACE_OUTER_BOUND ( 'NONE', #5602, .T. ) ;
#546 = CARTESIAN_POINT ( 'NONE',  ( 49.16857110225091532, 8.628002591958990664, -33.20482944059477859 ) ) ;
#547 = AXIS2_PLACEMENT_3D ( 'NONE', #4263, #3483, #3913 ) ;
#548 = CARTESIAN_POINT ( 'NONE',  ( 17.92946881734063425, 5.930253247283164164, -1.466732252550117410 ) ) ;
#549 = CARTESIAN_POINT ( 'NONE',  ( 49.21409450391680451, 8.026290335482125116, -33.80781591019435695 ) ) ;
#550 = DIRECTION ( 'NONE',  ( 0.000000000000000000, 0.000000000000000000, 1.000000000000000000 ) ) ;
#551 = CARTESIAN_POINT ( 'NONE',  ( 29.33555369613162611, 4.345470024154334254, -26.35399551415617836 ) ) ;
#552 = FACE_OUTER_BOUND ( 'NONE', #5045, .T. ) ;
#553 = AXIS2_PLACEMENT_3D ( 'NONE', #565, #2355, #3736 ) ;
#554 = EDGE_LOOP ( 'NONE', ( #2319, #181, #798, #3296 ) ) ;
#555 = EDGE_LOOP ( 'NONE', ( #501, #654, #3029, #2753, #4859, #5413 ) ) ;
#556 = CARTESIAN_POINT ( 'NONE',  ( 1.999999999999999556, 0.000000000000000000, -1.999999999999999556 ) ) ;
#557 = VECTOR ( 'NONE', #3820, 1000.000000000000000 ) ;
#558 = CARTESIAN_POINT ( 'NONE',  ( 19.00000000000000000, 5.189291564825707859, -34.00000000000000000 ) ) ;
#559 = CARTESIAN_POINT ( 'NONE',  ( 32.15891053163817759, 6.000000000000000000, -38.00000000000000000 ) ) ;
#560 = DIRECTION ( 'NONE',  ( 0.000000000000000000, 0.000000000000000000, 1.000000000000000000 ) ) ;
#561 = AXIS2_PLACEMENT_3D ( 'NONE', #1143, #650, #4779 ) ;
#562 = VERTEX_POINT ( 'NONE', #3671 ) ;
#563 = CARTESIAN_POINT ( 'NONE',  ( 49.06750680451901303, 10.87711745790907791, -7.338123490555673811 ) ) ;
#564 = ORIENTED_EDGE ( 'NONE', *, *, #5608, .F. ) ;
#565 = CARTESIAN_POINT ( 'NONE',  ( 16.99999999999999645, 10.00000000000000178, -14.35565218904154960 ) ) ;
#566 = CARTESIAN_POINT ( 'NONE',  ( 50.00000000000000000, 5.265515957137639091, -36.12590051861855045 ) ) ;
#567 = CARTESIAN_POINT ( 'NONE',  ( 33.49209728090311700, 5.966655032530255198, -1.580000499449970786 ) ) ;
#568 = B_SPLINE_CURVE_WITH_KNOTS ( 'NONE', 3,
 ( #3380, #3851, #386, #3411, #3021, #5219, #4312, #355, #3931, #4740, #4338, #2173 ),
 .UNSPECIFIED., .F., .F.,
 ( 4, 2, 2, 2, 2, 4 ),
 ( 0.000000000000000000, 0.0009389712718904598323, 0.001877942543780919665, 0.002347428179726147521, 0.002816913815671375377, 0.003755885087561815910 ),
 .UNSPECIFIED. ) ;
#569 = ORIENTED_EDGE ( 'NONE', *, *, #3932, .F. ) ;
#570 = CARTESIAN_POINT ( 'NONE',  ( 12.99999999999999822, 9.999999999998035349, -31.01020356730179017 ) ) ;
#571 = CARTESIAN_POINT ( 'NONE',  ( 31.55925621946294868, 5.552581492163406018, -39.27226989056387652 ) ) ;
#572 = EDGE_CURVE ( 'NONE', #2083, #4168, #92, .T. ) ;
#573 = EDGE_CURVE ( 'NONE', #4980, #250, #3072, .T. ) ;
#574 = AXIS2_PLACEMENT_3D ( 'NONE', #2043, #2916, #2482 ) ;
#575 = CARTESIAN_POINT ( 'NONE',  ( 31.00000000000000000, 6.000000000000000000, -30.00000000000000355 ) ) ;
#576 = CARTESIAN_POINT ( 'NONE',  ( 50.00000000000000000, 5.715750607187416676, -35.33014380796844023 ) ) ;
#577 = EDGE_CURVE ( 'NONE', #2772, #888, #3365, .T. ) ;
#578 = VECTOR ( 'NONE', #3050, 1000.000000000000000 ) ;
#579 = CARTESIAN_POINT ( 'NONE',  ( 0.000000000000000000, 4.626279111508950770, -37.37747291430864038 ) ) ;
#580 = CARTESIAN_POINT ( 'NONE',  ( 12.99999999999999822, 9.999687502519286397, -30.15001570634863981 ) ) ;
#581 = ORIENTED_EDGE ( 'NONE', *, *, #5791, .T. ) ;
#582 = CARTESIAN_POINT ( 'NONE',  ( 29.10924016810249171, 4.256659234688568993, -33.53452193854882779 ) ) ;
#583 = DIRECTION ( 'NONE',  ( 0.000000000000000000, 0.000000000000000000, -1.000000000000000000 ) ) ;
#584 = EDGE_LOOP ( 'NONE', ( #188, #3470, #4625 ) ) ;
#585 = ORIENTED_EDGE ( 'NONE', *, *, #1313, .T. ) ;
#586 = LINE ( 'NONE', #2374, #5072 ) ;
#587 = CARTESIAN_POINT ( 'NONE',  ( 22.56198684873951166, 3.760850905784112186, -11.84051847669453039 ) ) ;
#588 = CARTESIAN_POINT ( 'NONE',  ( 50.00000000000000000, 3.579842329519842270, -1.783953726708615406 ) ) ;
#589 = DIRECTION ( 'NONE',  ( -1.477739745869928072E-15, 0.8518589656128434662, 0.5237712312689736249 ) ) ;
#590 = ORIENTED_EDGE ( 'NONE', *, *, #3699, .F. ) ;
#591 = CARTESIAN_POINT ( 'NONE',  ( 49.11893038638051223, 9.377965323543344667, -6.438688586120085766 ) ) ;
#592 = ADVANCED_FACE ( 'NONE', ( #1617 ), #280, .T. ) ;
#593 = CARTESIAN_POINT ( 'NONE',  ( 1.999999999999999556, 6.000000000000000000, -1.999999999999999556 ) ) ;
#594 = CARTESIAN_POINT ( 'NONE',  ( 0.9891067239813466916, 14.23968693909717764, -8.330485334488482607 ) ) ;
#595 = DIRECTION ( 'NONE',  ( 0.000000000000000000, 1.000000000000000000, 0.000000000000000000 ) ) ;
#596 = EDGE_CURVE ( 'NONE', #1084, #2616, #3887, .T. ) ;
#597 = CIRCLE ( 'NONE', #5211, 2.050000000000006484 ) ;
#598 = ADVANCED_FACE ( 'NONE', ( #1146 ), #1675, .F. ) ;
#599 = VERTEX_POINT ( 'NONE', #2585 ) ;
#600 = DIRECTION ( 'NONE',  ( 0.3922226315711023203, 0.000000000000000000, 0.9198703209058542996 ) ) ;
#601 = CARTESIAN_POINT ( 'NONE',  ( 37.99999999999991473, 10.17534455286373607, -6.889829022399681868 ) ) ;
#602 = LINE ( 'NONE', #1010, #3231 ) ;
#603 = CARTESIAN_POINT ( 'NONE',  ( 49.99999999999999289, 4.174361198890872870, -38.17943405790104094 ) ) ;
#604 = CARTESIAN_POINT ( 'NONE',  ( 0.000000000000000000, 3.837397158359959093, -38.05467550315005099 ) ) ;
#605 = EDGE_CURVE ( 'NONE', #976, #3440, #919, .T. ) ;
#606 = CARTESIAN_POINT ( 'NONE',  ( 18.79625801331282631, 5.313895402377363908, -6.000000000000024869 ) ) ;
#607 = FACE_OUTER_BOUND ( 'NONE', #4735, .T. ) ;
#608 = DIRECTION ( 'NONE',  ( 0.000000000000000000, 1.000000000000000000, 0.000000000000000000 ) ) ;
#609 = VERTEX_POINT ( 'NONE', #4781 ) ;
#610 = ORIENTED_EDGE ( 'NONE', *, *, #1431, .T. ) ;
#611 = CARTESIAN_POINT ( 'NONE',  ( 15.49051316704866466, 6.159195012155014304, -2.103343058297242774 ) ) ;
#612 = CARTESIAN_POINT ( 'NONE',  ( 18.99999999999999645, 3.000000000000000000, -10.00000000000000178 ) ) ;
#613 = CARTESIAN_POINT ( 'NONE',  ( 50.00000000000000000, 4.344849949673746714, -2.008966522503210062 ) ) ;
#614 = LINE ( 'NONE', #3294, #145 ) ;
#615 = ORIENTED_EDGE ( 'NONE', *, *, #1202, .F. ) ;
#616 = CARTESIAN_POINT ( 'NONE',  ( 49.00513133142988664, 14.80759234013257419, -8.380652189041544631 ) ) ;
#617 = ORIENTED_EDGE ( 'NONE', *, *, #2135, .T. ) ;
#618 = LINE ( 'NONE', #1525, #5529 ) ;
#619 = DIRECTION ( 'NONE',  ( 1.000000000000000000, 0.000000000000000000, 0.000000000000000000 ) ) ;
#620 = CARTESIAN_POINT ( 'NONE',  ( 50.00000000000000000, 13.12725548301896339, -29.68247302501662688 ) ) ;
#621 = CARTESIAN_POINT ( 'NONE',  ( 33.01317893244456769, 5.908409807112763978, -1.401665990100976034 ) ) ;
#622 = ORIENTED_EDGE ( 'NONE', *, *, #5305, .F. ) ;
#623 = ADVANCED_FACE ( 'NONE', ( #3004 ), #5278, .F. ) ;
#624 = EDGE_LOOP ( 'NONE', ( #3723, #3422, #1127, #226, #917, #3585, #5111, #2716, #674, #4689, #2048 ) ) ;
#625 = CARTESIAN_POINT ( 'NONE',  ( 15.94628922272844207, 6.136602885529348406, -37.66116993227143439 ) ) ;
#626 = CARTESIAN_POINT ( 'NONE',  ( 31.40338953169304759, 5.445694991542171515, -39.38936396227730086 ) ) ;
#627 = CARTESIAN_POINT ( 'NONE',  ( 35.68936956495845436, 7.031261874069547169, -4.491372399623545064 ) ) ;
#628 = EDGE_CURVE ( 'NONE', #4587, #4767, #4964, .T. ) ;
#629 = CARTESIAN_POINT ( 'NONE',  ( 19.94660650805187529, 4.666291285399120525, -26.10605792587842799 ) ) ;
#630 = ORIENTED_EDGE ( 'NONE', *, *, #5597, .T. ) ;
#631 = EDGE_CURVE ( 'NONE', #5442, #926, #1289, .T. ) ;
#632 = CARTESIAN_POINT ( 'NONE',  ( 17.84108946836182241, 6.000000000000000000, -1.889164240021768748 ) ) ;
#633 = CARTESIAN_POINT ( 'NONE',  ( 15.03183213078679437, 6.517629917920734428, -29.69342265887814492 ) ) ;
#634 = CARTESIAN_POINT ( 'NONE',  ( 17.88887273109147458, 5.961582857516819267, -38.44002224151804370 ) ) ;
#635 = CARTESIAN_POINT ( 'NONE',  ( 31.00000000000000000, 3.000000000000000000, -5.999999999999992006 ) ) ;
#636 = ORIENTED_EDGE ( 'NONE', *, *, #5571, .T. ) ;
#637 = ORIENTED_EDGE ( 'NONE', *, *, #3719, .T. ) ;
#638 = CARTESIAN_POINT ( 'NONE',  ( 15.93926442596798765, 6.050378520937273130, -1.819061083040550697 ) ) ;
#639 = CARTESIAN_POINT ( 'NONE',  ( 37.00000000000000711, 9.999687487792014551, -30.15000003617181434 ) ) ;
#640 = CARTESIAN_POINT ( 'NONE',  ( 0.2019550050194387769, 5.204557026665481700, -37.57742535380094040 ) ) ;
#641 = EDGE_CURVE ( 'NONE', #27, #2785, #4810, .T. ) ;
#642 = CIRCLE ( 'NONE', #5358, 4.000000000000000000 ) ;
#643 = CARTESIAN_POINT ( 'NONE',  ( 50.00000000000001421, 3.725773037600780047, -1.947794830347461259 ) ) ;
#644 = ORIENTED_EDGE ( 'NONE', *, *, #3264, .T. ) ;
#645 = CARTESIAN_POINT ( 'NONE',  ( 34.94874472833178203, 6.506807479711559594, -30.45000000000002061 ) ) ;
#646 = AXIS2_PLACEMENT_3D ( 'NONE', #2300, #2967, #4746 ) ;
#647 = CYLINDRICAL_SURFACE ( 'NONE', #4204, 1.000000000000000888 ) ;
#648 = DIRECTION ( 'NONE',  ( 0.000000000000000000, 1.000000000000000000, 0.000000000000000000 ) ) ;
#649 = CARTESIAN_POINT ( 'NONE',  ( 38.00000000000000711, 31.00000000000000000, -29.38065218904154818 ) ) ;
#650 = DIRECTION ( 'NONE',  ( 0.000000000000000000, 1.000000000000000000, 0.000000000000000000 ) ) ;
#651 = AXIS2_PLACEMENT_3D ( 'NONE', #3221, #5408, #1366 ) ;
#652 = VERTEX_POINT ( 'NONE', #3421 ) ;
#653 = CIRCLE ( 'NONE', #468, 10.99999999999999645 ) ;
#654 = ORIENTED_EDGE ( 'NONE', *, *, #4712, .T. ) ;
#655 = DIRECTION ( 'NONE',  ( 0.000000000000000000, 0.000000000000000000, 1.000000000000000000 ) ) ;
#656 = CARTESIAN_POINT ( 'NONE',  ( 29.96837987883676035, 4.626439187081318849, -39.90213535686618229 ) ) ;
#657 = CARTESIAN_POINT ( 'NONE',  ( 49.97831668581440567, 4.156563156441443141, -38.30950607500049188 ) ) ;
#658 = CARTESIAN_POINT ( 'NONE',  ( 34.62854836580145701, 6.339943175473919723, -36.60323492532016587 ) ) ;
#659 = CARTESIAN_POINT ( 'NONE',  ( 20.19041995899487674, 4.550891323046712955, -26.17292756266975573 ) ) ;
#660 = AXIS2_PLACEMENT_3D ( 'NONE', #75, #860, #4890 ) ;
#661 = ORIENTED_EDGE ( 'NONE', *, *, #4162, .F. ) ;
#662 = AXIS2_PLACEMENT_3D ( 'NONE', #5202, #2953, #2591 ) ;
#663 = DIRECTION ( 'NONE',  ( 0.000000000000000000, 1.000000000000000000, 0.000000000000000000 ) ) ;
#664 = DIRECTION ( 'NONE',  ( 0.000000000000000000, 0.000000000000000000, -1.000000000000000000 ) ) ;
#665 = CARTESIAN_POINT ( 'NONE',  ( 1.000000000000000000, 15.71889479237746556, -29.38065218904154818 ) ) ;
#666 = DIRECTION ( 'NONE',  ( 0.000000000000000000, 0.000000000000000000, -1.000000000000000000 ) ) ;
#667 = ORIENTED_EDGE ( 'NONE', *, *, #539, .T. ) ;
#668 = ORIENTED_EDGE ( 'NONE', *, *, #3090, .T. ) ;
#669 = VECTOR ( 'NONE', #1521, 1000.000000000000000 ) ;
#670 = CARTESIAN_POINT ( 'NONE',  ( 14.10538592635868049, 6.780145013055643766, -3.387848500816114328 ) ) ;
#671 = CARTESIAN_POINT ( 'NONE',  ( 11.99999999999999645, 30.00000000000000000, 0.000000000000000000 ) ) ;
#672 = CARTESIAN_POINT ( 'NONE',  ( 16.99999999999999645, 10.00000000000008527, -9.550000000002265566 ) ) ;
#673 = LINE ( 'NONE', #5153, #138 ) ;
#674 = ORIENTED_EDGE ( 'NONE', *, *, #287, .T. ) ;
#675 = LINE ( 'NONE', #5067, #2260 ) ;
#676 = ORIENTED_EDGE ( 'NONE', *, *, #5431, .T. ) ;
#677 = DIRECTION ( 'NONE',  ( 0.000000000000000000, 0.000000000000000000, -1.000000000000000000 ) ) ;
#678 = LINE ( 'NONE', #245, #2335 ) ;
#679 = DIRECTION ( 'NONE',  ( -0.000000000000000000, 1.000000000000000000, 0.000000000000000000 ) ) ;
#680 = EDGE_CURVE ( 'NONE', #999, #4997, #5339, .T. ) ;
#681 = CARTESIAN_POINT ( 'NONE',  ( 2.000000000000000444, 6.000000000000000000, -38.00000000000000000 ) ) ;
#682 = EDGE_CURVE ( 'NONE', #4613, #4944, #5229, .T. ) ;
#683 = CARTESIAN_POINT ( 'NONE',  ( 32.15891053163817759, 6.000000000000000000, -2.000000000000001776 ) ) ;
#684 =( BOUNDED_SURFACE ( )  B_SPLINE_SURFACE ( 3, 2, ( 
 ( #5329, #1673, #4029 ),
 ( #2152, #852, #3940 ),
 ( #3588, #446, #1260 ),
 ( #4495, #418, #5747 ),
 ( #4373, #2267, #4885 ),
 ( #2584, #3118, #2210 ),
 ( #2643, #5389, #795 ),
 ( #4398, #4002, #3150 ),
 ( #5775, #5301, #2234 ),
 ( #1349, #5804, #4429 ),
 ( #3057, #3533, #1753 ),
 ( #394, #4948, #5363 ),
 ( #4061, #1287, #3087 ),
 ( #18, #361, #1696 ),
 ( #3505, #820, #914 ),
 ( #4855, #3561, #476 ),
 ( #2614, #1320, #2180 ),
 ( #3966, #2705, #1726 ),
 ( #4914, #2674, #4465 ),
 ( #3479, #1784, #5276 ),
 ( #1232, #3027, #4830 ),
 ( #5093, #2404, #613 ),
 ( #96, #4116, #1848 ),
 ( #5448, #127, #945 ),
 ( #4144, #4584, #2841 ),
 ( #1908, #3642, #997 ),
 ( #3619, #1877, #5419 ),
 ( #2317, #970, #5064 ),
 ( #1408, #3703, #3206 ),
 ( #5008, #588, #71 ),
 ( #4977, #3234, #2788 ),
 ( #5502, #1374, #4648 ) ),
 .UNSPECIFIED., .F., .F., .F. ) 
 B_SPLINE_SURFACE_WITH_KNOTS ( ( 4, 2, 2, 2, 2, 2, 2, 2, 2, 2, 2, 2, 2, 2, 2, 4 ),
 ( 3, 3 ),
 ( 0.000000000000000000, 0.001840013671461896870, 0.003680027342923793739, 0.005520041014385690392, 0.007360054685847587479, 0.009200068357309484565, 0.01104008202877138078, 0.01196008886450232976, 0.01288009570023327874, 0.01334009911809875236, 0.01380010253596422598, 0.01403010424489696366, 0.01426010595382970134, 0.01437510680829606931, 0.01449010766276243728, 0.01472010937169517496 ),
 ( 0.000000000000000000, 1.000000000000000000 ),
 .UNSPECIFIED. ) 
 GEOMETRIC_REPRESENTATION_ITEM ( )  RATIONAL_B_SPLINE_SURFACE ( (
 ( 1.000000000000000000, 0.7071067811865450192, 1.000000000000000000),
 ( 1.000000000000000000, 0.7088506788432722416, 1.000000000000000000),
 ( 1.000000000000000000, 0.7108327816617325823, 1.000000000000000000),
 ( 1.000000000000000000, 0.7155834056598195936, 1.000000000000000000),
 ( 1.000000000000000000, 0.7183420629003377522, 1.000000000000000000),
 ( 1.000000000000000000, 0.7251884625883270319, 1.000000000000000000),
 ( 1.000000000000000000, 0.7291908173541301608, 1.000000000000000000),
 ( 1.000000000000000000, 0.7391420249411162491, 1.000000000000000000),
 ( 1.000000000000000000, 0.7450729770245843042, 1.000000000000000000),
 ( 1.000000000000000000, 0.7605161841035570358, 1.000000000000000000),
 ( 1.000000000000000000, 0.7698725963138153272, 1.000000000000000000),
 ( 1.000000000000000000, 0.7944644192662204674, 1.000000000000000000),
 ( 1.000000000000000000, 0.8096807240184825671, 1.000000000000000000),
 ( 1.000000000000000000, 0.8408566105370534061, 1.000000000000000000),
 ( 1.000000000000000000, 0.8526701275649390954, 1.000000000000000000),
 ( 1.000000000000000000, 0.8798244536243384761, 1.000000000000000000),
 ( 1.000000000000000000, 0.8952276450460499024, 1.000000000000000000),
 ( 1.000000000000000000, 0.9212205918341141997, 1.000000000000000000),
 ( 1.000000000000000000, 0.9303657294307311476, 1.000000000000000000),
 ( 1.000000000000000000, 0.9492823567661162754, 1.000000000000000000),
 ( 1.000000000000000000, 0.9591424353694689708, 1.000000000000000000),
 ( 1.000000000000000000, 0.9729261365252861449, 1.000000000000000000),
 ( 1.000000000000000000, 0.9774175412738868030, 1.000000000000000000),
 ( 1.000000000000000000, 0.9845614504408295442, 1.000000000000000000),
 ( 1.000000000000000000, 0.9871856798903484442, 1.000000000000000000),
 ( 1.000000000000000000, 0.9872330547002132750, 1.000000000000000000),
 ( 1.000000000000000000, 0.9866283884230571122, 1.000000000000000000),
 ( 1.000000000000000000, 0.9844552771801788893, 1.000000000000000000),
 ( 1.000000000000000000, 0.9829356665175100760, 1.000000000000000000),
 ( 1.000000000000000000, 0.9775933884254650597, 1.000000000000000000),
 ( 1.000000000000000000, 0.9731242356233903434, 1.000000000000000000),
 ( 1.000000000000000000, 0.9686018860493699201, 1.000000000000000000) ) ) 
 REPRESENTATION_ITEM ( '' )  SURFACE ( )  );
#685 = VERTEX_POINT ( 'NONE', #1177 ) ;
#686 = ORIENTED_EDGE ( 'NONE', *, *, #3690, .T. ) ;
#687 = LINE ( 'NONE', #5668, #1769 ) ;
#688 = CARTESIAN_POINT ( 'NONE',  ( 36.52343570001261952, 7.259814088343857108, -4.139258510525774426 ) ) ;
#689 = DIRECTION ( 'NONE',  ( 0.000000000000000000, 0.000000000000000000, 1.000000000000000000 ) ) ;
#690 = FACE_OUTER_BOUND ( 'NONE', #1786, .T. ) ;
#691 = CARTESIAN_POINT ( 'NONE',  ( 4.949999999999997513, 30.00000000000000000, -24.40565218904154676 ) ) ;
#692 = CIRCLE ( 'NONE', #1441, 1.000000000000000888 ) ;
#693 = CARTESIAN_POINT ( 'NONE',  ( 19.65008334237805343, 4.817959226350975399, -0.1720263472963170226 ) ) ;
#694 = CARTESIAN_POINT ( 'NONE',  ( 28.65689548237078910, 4.094353780920545915, -6.747479999829546493 ) ) ;
#695 = CARTESIAN_POINT ( 'NONE',  ( 49.90686130579452140, 4.000000000000000000, -1.396775364840249445 ) ) ;
#696 = LINE ( 'NONE', #5208, #2115 ) ;
#697 = ORIENTED_EDGE ( 'NONE', *, *, #1381, .F. ) ;
#698 = ADVANCED_FACE ( 'NONE', ( #1649 ), #340, .T. ) ;
#699 = TOROIDAL_SURFACE ( 'NONE', #236, 11.76148354395871642, 10.00000000000000000 ) ;
#700 = LINE ( 'NONE', #5178, #5353 ) ;
#701 = CARTESIAN_POINT ( 'NONE',  ( 1.634418142760652601E-14, 7.314102323707912134, -4.847946138933371785 ) ) ;
#702 = CARTESIAN_POINT ( 'NONE',  ( 0.02497786460834732977, 4.211975132636283981, -38.29624373877473431 ) ) ;
#703 = DIRECTION ( 'NONE',  ( 0.000000000000000000, 0.000000000000000000, 1.000000000000000000 ) ) ;
#704 = ORIENTED_EDGE ( 'NONE', *, *, #2806, .T. ) ;
#705 = DIRECTION ( 'NONE',  ( 1.000000000000000000, 0.000000000000000000, 0.000000000000000000 ) ) ;
#706 = DIRECTION ( 'NONE',  ( 0.000000000000000000, 0.000000000000000000, 1.000000000000000000 ) ) ;
#707 = CYLINDRICAL_SURFACE ( 'NONE', #3648, 2.000000000000001776 ) ;
#708 = CARTESIAN_POINT ( 'NONE',  ( 37.00000000000000711, 10.00000000000000178, -9.550000000000004263 ) ) ;
#709 = CARTESIAN_POINT ( 'NONE',  ( 19.00000000000000000, 3.000000000000000000, -27.94999999999999574 ) ) ;
#710 = ORIENTED_EDGE ( 'NONE', *, *, #3593, .F. ) ;
#711 = CARTESIAN_POINT ( 'NONE',  ( 49.97683141140371532, 3.895694766341573523, -38.30354171194197477 ) ) ;
#712 = ORIENTED_EDGE ( 'NONE', *, *, #4908, .F. ) ;
#713 = FACE_OUTER_BOUND ( 'NONE', #724, .T. ) ;
#714 = LINE ( 'NONE', #1266, #3112 ) ;
#715 = CARTESIAN_POINT ( 'NONE',  ( 34.97460689880144713, 6.521361243933812446, -9.550000000000004263 ) ) ;
#716 = FACE_OUTER_BOUND ( 'NONE', #1551, .T. ) ;
#717 = CARTESIAN_POINT ( 'NONE',  ( 20.19285124110813001, 4.549767673964426606, -33.82633455487637519 ) ) ;
#718 = EDGE_CURVE ( 'NONE', #948, #1991, #4199, .T. ) ;
#719 = CARTESIAN_POINT ( 'NONE',  ( 48.00000000000000000, 4.000000000000000000, -38.39677536484026632 ) ) ;
#720 = LINE ( 'NONE', #1129, #5585 ) ;
#721 = CARTESIAN_POINT ( 'NONE',  ( 18.60100085838743311, 5.442709036465561034, -39.39257728221771515 ) ) ;
#722 = FACE_OUTER_BOUND ( 'NONE', #3113, .T. ) ;
#723 = ORIENTED_EDGE ( 'NONE', *, *, #5707, .T. ) ;
#724 = EDGE_LOOP ( 'NONE', ( #766, #4620, #4643 ) ) ;
#725 = CARTESIAN_POINT ( 'NONE',  ( 16.61247728850019101, 6.013842449882967678, -1.797688971960857307 ) ) ;
#726 = CARTESIAN_POINT ( 'NONE',  ( 0.000000000000000000, 14.77522746568094547, -9.380652188141437975 ) ) ;
#727 = CARTESIAN_POINT ( 'NONE',  ( 0.9028062374729153294, 10.12760492663370826, -32.04763774330715620 ) ) ;
#728 = LINE ( 'NONE', #2121, #2295 ) ;
#729 = ORIENTED_EDGE ( 'NONE', *, *, #5186, .F. ) ;
#730 = AXIS2_PLACEMENT_3D ( 'NONE', #5252, #5664, #312 ) ;
#731 = VERTEX_POINT ( 'NONE', #683 ) ;
#732 = CYLINDRICAL_SURFACE ( 'NONE', #1596, 4.000000000000003553 ) ;
#733 = CARTESIAN_POINT ( 'NONE',  ( 37.00000000000000711, 15.76148354395871820, -29.38065218904154818 ) ) ;
#734 = CARTESIAN_POINT ( 'NONE',  ( 37.00000000000000711, 15.44116783476714794, -9.380652189041551736 ) ) ;
#735 = CARTESIAN_POINT ( 'NONE',  ( 37.00000000000000711, 7.674063070816338872, -10.15216448319224263 ) ) ;
#736 = CYLINDRICAL_SURFACE ( 'NONE', #3375, 0.9999999999999991118 ) ;
#737 = CIRCLE ( 'NONE', #5162, 1.000000000000000888 ) ;
#738 = CARTESIAN_POINT ( 'NONE',  ( 33.00000000000000000, 10.00000000000000178, -13.35565218904154428 ) ) ;
#739 = ORIENTED_EDGE ( 'NONE', *, *, #4511, .F. ) ;
#740 = ORIENTED_EDGE ( 'NONE', *, *, #2761, .F. ) ;
#741 = FACE_OUTER_BOUND ( 'NONE', #2428, .T. ) ;
#742 = CARTESIAN_POINT ( 'NONE',  ( 33.00000000000000000, 5.906861305794524064, -1.396775364840260325 ) ) ;
#743 = CARTESIAN_POINT ( 'NONE',  ( 34.51647109317627837, 6.294286506937147863, -28.06889633747289992 ) ) ;
#744 = CIRCLE ( 'NONE', #2065, 1.000000000000000888 ) ;
#745 = CARTESIAN_POINT ( 'NONE',  ( 38.00000000000000711, 15.76148354395871820, -40.38065218904153397 ) ) ;
#746 = AXIS2_PLACEMENT_3D ( 'NONE', #1996, #2496, #4710 ) ;
#747 = AXIS2_PLACEMENT_3D ( 'NONE', #4654, #2849, #2272 ) ;
#748 = ADVANCED_FACE ( 'NONE', ( #2479 ), #2040, .T. ) ;
#749 = FACE_OUTER_BOUND ( 'NONE', #4753, .T. ) ;
#750 = CARTESIAN_POINT ( 'NONE',  ( 29.10924016810248460, 4.256659234688568993, -13.53452193854881891 ) ) ;
#751 = CARTESIAN_POINT ( 'NONE',  ( 50.00000000000000000, 15.71889479237746556, -29.38065218904154818 ) ) ;
#752 = CARTESIAN_POINT ( 'NONE',  ( 2.000000000000000000, 5.960247257326453330, -38.39677536484025921 ) ) ;
#753 = ADVANCED_FACE ( 'NONE', ( #2471 ), #1498, .T. ) ;
#754 = ORIENTED_EDGE ( 'NONE', *, *, #865, .T. ) ;
#755 = FACE_OUTER_BOUND ( 'NONE', #5005, .T. ) ;
#756 = DIRECTION ( 'NONE',  ( -0.000000000000000000, -2.734899980094626875E-14, -1.000000000000000000 ) ) ;
#757 = ORIENTED_EDGE ( 'NONE', *, *, #861, .T. ) ;
#758 = CIRCLE ( 'NONE', #1145, 2.050000000000006484 ) ;
#759 = ORIENTED_EDGE ( 'NONE', *, *, #2046, .T. ) ;
#760 = CARTESIAN_POINT ( 'NONE',  ( 4.949999999999997513, 30.58578643762690774, -24.40565218904154321 ) ) ;
#761 = AXIS2_PLACEMENT_3D ( 'NONE', #4422, #788, #4906 ) ;
#762 = VERTEX_POINT ( 'NONE', #1583 ) ;
#763 = CARTESIAN_POINT ( 'NONE',  ( 14.00000000000000000, 6.000000000000000000, -24.40565218904154676 ) ) ;
#764 = CARTESIAN_POINT ( 'NONE',  ( 34.86722772711209473, 6.460608353933979586, -31.06816385117405233 ) ) ;
#765 = FACE_BOUND ( 'NONE', #3639, .T. ) ;
#766 = ORIENTED_EDGE ( 'NONE', *, *, #3612, .T. ) ;
#767 = CIRCLE ( 'NONE', #3016, 1.000000000000000888 ) ;
#768 = DIRECTION ( 'NONE',  ( 1.000000000000000000, 0.000000000000000000, -4.336808689942013792E-16 ) ) ;
#769 = VERTEX_POINT ( 'NONE', #184 ) ;
#770 = ADVANCED_FACE ( 'NONE', ( #5596 ), #647, .T. ) ;
#771 = ORIENTED_EDGE ( 'NONE', *, *, #3593, .T. ) ;
#772 = ORIENTED_EDGE ( 'NONE', *, *, #5074, .T. ) ;
#773 = ORIENTED_EDGE ( 'NONE', *, *, #807, .T. ) ;
#774 = DIRECTION ( 'NONE',  ( 0.000000000000000000, 0.000000000000000000, -1.000000000000000000 ) ) ;
#775 = CARTESIAN_POINT ( 'NONE',  ( 15.36876306303732420, 6.341136231794406442, -36.59913392451707637 ) ) ;
#776 = CARTESIAN_POINT ( 'NONE',  ( 18.79703993644182702, 5.313417196465409553, -14.00000000000000000 ) ) ;
#777 = CARTESIAN_POINT ( 'NONE',  ( 31.94422072371531840, 5.832725922256325468, -1.173838651458371851 ) ) ;
#778 = ADVANCED_FACE ( 'NONE', ( #1138 ), #3383, .F. ) ;
#779 = CARTESIAN_POINT ( 'NONE',  ( 12.99999999999999822, 31.00000000000000000, -14.35565218904154960 ) ) ;
#780 = CARTESIAN_POINT ( 'NONE',  ( 1.000000000000000444, 15.39738221800560147, -8.380652189041544631 ) ) ;
#781 = CARTESIAN_POINT ( 'NONE',  ( 48.00000000000000000, 4.000000000000000000, -1.396775364840248557 ) ) ;
#782 = CARTESIAN_POINT ( 'NONE',  ( 11.99999999999999822, 31.00000000000000000, -8.380652189041549960 ) ) ;
#783 = AXIS2_PLACEMENT_3D ( 'NONE', #5493, #2424, #1456 ) ;
#784 = ADVANCED_FACE ( 'NONE', ( #2906 ), #2066, .T. ) ;
#785 = CARTESIAN_POINT ( 'NONE',  ( 35.52159031264717726, 6.590460479577936681, -36.38197537910283330 ) ) ;
#786 = CARTESIAN_POINT ( 'NONE',  ( 6.944203834064826787E-14, 13.16908040168048721, -8.172006968287504947 ) ) ;
#787 = AXIS2_PLACEMENT_3D ( 'NONE', #3834, #5638, #4760 ) ;
#788 = DIRECTION ( 'NONE',  ( -5.674520624136000657E-13, 0.8518589656121704490, 0.5237712312700683048 ) ) ;
#789 = CARTESIAN_POINT ( 'NONE',  ( 37.00000000000000711, 10.00000000000000178, -10.29999996382819205 ) ) ;
#790 = ORIENTED_EDGE ( 'NONE', *, *, #4531, .F. ) ;
#791 = AXIS2_PLACEMENT_3D ( 'NONE', #1075, #3752, #3695 ) ;
#792 = CARTESIAN_POINT ( 'NONE',  ( 17.84108946836182241, 6.000000000000000000, -2.000000000000001776 ) ) ;
#793 = CARTESIAN_POINT ( 'NONE',  ( 48.00000000000000711, 4.000000000000000000, -8.380652189041544631 ) ) ;
#794 = CARTESIAN_POINT ( 'NONE',  ( 35.00857252192918168, 6.540641415993430741, -9.850000000000001421 ) ) ;
#795 = CARTESIAN_POINT ( 'NONE',  ( 50.00000000000000000, 10.61587032751454096, -8.320444638057875153 ) ) ;
#796 = VECTOR ( 'NONE', #349, 1000.000000000000000 ) ;
#797 = DIRECTION ( 'NONE',  ( 1.000000000000000000, 0.000000000000000000, 0.000000000000000000 ) ) ;
#798 = ORIENTED_EDGE ( 'NONE', *, *, #2598, .F. ) ;
#799 = DIRECTION ( 'NONE',  ( -1.000000000000000000, 0.000000000000000000, 0.000000000000000000 ) ) ;
#800 = CARTESIAN_POINT ( 'NONE',  ( 16.99999999999999645, 6.000000000000001776, -6.535898384862247390 ) ) ;
#801 = CARTESIAN_POINT ( 'NONE',  ( 36.80349951927499319, 8.738548650943485541, -6.859281844282540064 ) ) ;
#802 = CARTESIAN_POINT ( 'NONE',  ( 29.17602139499010860, 4.276469668833215998, -0.01153128015334500822 ) ) ;
#803 = DIRECTION ( 'NONE',  ( 4.309871990004489305E-16, -0.000000000000000000, 1.000000000000000000 ) ) ;
#804 = FACE_OUTER_BOUND ( 'NONE', #2102, .T. ) ;
#805 = CARTESIAN_POINT ( 'NONE',  ( 50.00000000000000000, 13.11195700802726805, -29.68609063306609386 ) ) ;
#806 = CARTESIAN_POINT ( 'NONE',  ( 16.04836946448177670, 5.999999999999999112, -24.92885779098224575 ) ) ;
#807 = EDGE_CURVE ( 'NONE', #2204, #1345, #2442, .T. ) ;
#808 = ADVANCED_FACE ( 'NONE', ( #3327 ), #5659, .T. ) ;
#809 = CARTESIAN_POINT ( 'NONE',  ( 48.00000000000000711, 15.44116783476714794, -8.380652189041544631 ) ) ;
#810 = CARTESIAN_POINT ( 'NONE',  ( 33.67510139199477237, 6.055113781044077825, -37.79471258156377189 ) ) ;
#811 = CARTESIAN_POINT ( 'NONE',  ( 0.08864775264527016696, 3.456080006600846577, -1.628910544971211349 ) ) ;
#812 = DIRECTION ( 'NONE',  ( 0.000000000000000000, 0.000000000000000000, -1.000000000000000000 ) ) ;
#813 = CARTESIAN_POINT ( 'NONE',  ( 18.99999999999999645, 3.000000000000000000, -10.00000000000000178 ) ) ;
#814 = ORIENTED_EDGE ( 'NONE', *, *, #680, .T. ) ;
#815 = DIRECTION ( 'NONE',  ( 0.000000000000000000, 0.000000000000000000, 1.000000000000000000 ) ) ;
#816 = EDGE_CURVE ( 'NONE', #5209, #5035, #4686, .T. ) ;
#817 = EDGE_CURVE ( 'NONE', #2607, #1567, #618, .T. ) ;
#818 = FACE_OUTER_BOUND ( 'NONE', #4437, .T. ) ;
#819 = CARTESIAN_POINT ( 'NONE',  ( 34.93890149207324214, 6.501093504914615018, -30.76536656868080399 ) ) ;
#820 = CARTESIAN_POINT ( 'NONE',  ( 50.00000000000000000, 6.127744212726445205, -3.520621574902481843 ) ) ;
#821 = LINE ( 'NONE', #3772, #2110 ) ;
#822 = ORIENTED_EDGE ( 'NONE', *, *, #5324, .F. ) ;
#823 = ORIENTED_EDGE ( 'NONE', *, *, #209, .T. ) ;
#824 = AXIS2_PLACEMENT_3D ( 'NONE', #3453, #5631, #2560 ) ;
#825 = EDGE_LOOP ( 'NONE', ( #3170, #1821, #2867, #822 ) ) ;
#826 = CARTESIAN_POINT ( 'NONE',  ( 33.42694466810259968, 6.014992816442076062, -13.19353457943659791 ) ) ;
#827 = FACE_BOUND ( 'NONE', #3388, .T. ) ;
#828 = CARTESIAN_POINT ( 'NONE',  ( 34.58067050858634417, 6.317614754244286424, -2.873441363413820060 ) ) ;
#829 = AXIS2_PLACEMENT_3D ( 'NONE', #2640, #5773, #3476 ) ;
#830 = AXIS2_PLACEMENT_3D ( 'NONE', #3833, #3009, #3865 ) ;
#831 = DIRECTION ( 'NONE',  ( 0.000000000000000000, 0.000000000000000000, -1.000000000000000000 ) ) ;
#832 = DIRECTION ( 'NONE',  ( 0.000000000000000000, -1.000000000000000000, -0.000000000000000000 ) ) ;
#833 = CARTESIAN_POINT ( 'NONE',  ( 50.00000000000000000, 12.75908421186268349, -30.78391676063378313 ) ) ;
#834 =( NAMED_UNIT ( * ) SI_UNIT ( $, .STERADIAN. ) SOLID_ANGLE_UNIT ( ) );
#835 = CIRCLE ( 'NONE', #4127, 5.000000000000000888 ) ;
#836 = VECTOR ( 'NONE', #1942, 1000.000000000000000 ) ;
#837 = CARTESIAN_POINT ( 'NONE',  ( 0.5136476998791397186, 6.310364020329942036, -36.04947186599186182 ) ) ;
#838 = CARTESIAN_POINT ( 'NONE',  ( 32.15891053163817759, 6.000000000000000000, -38.00000000000000000 ) ) ;
#839 = CLOSED_SHELL ( 'NONE', ( #525, #1965, #1826, #778, #5465, #5272, #1247, #1072, #2690, #1462, #4850, #4546, #4780, #4300, #4227, #2359, #2863, #4788, #4340, #2796, #4870, #80, #5573, #1559, #2776, #3036, #1951, #748, #5418, #1713, #2127, #4322, #5161, #3617, #1036, #3302, #432, #4514, #3332, #4926, #5019, #4773, #351, #623, #2979, #1125, #387, #2251, #98, #2417, #79, #2565, #254, #2006, #4334, #3717, #3937, #1461, #3439, #5606, #931, #3909, #167, #294, #257, #4701, #4076, #598, #1001, #116, #5032, #1630, #1376, #2430, #4579, #5412, #5181, #5141, #2715, #5312, #3762, #4891, #3052, #4734, #1504, #753, #1808, #2667, #218, #12, #4480, #1846, #784, #1976, #2026, #698, #4821, #3187, #1282, #5147, #3806, #4505, #4433, #5034, #50, #2257, #5213, #3734, #2443, #3218, #4370, #1467, #1257, #6, #5001, #1957, #2244, #1390, #3182, #3406, #3452, #488, #1104, #2783, #770, #3478, #2938, #3554, #5205, #5763, #1820, #428, #5110, #592, #1246, #1360, #4367, #5036, #2299, #935, #1828, #5002, #5643, #3879, #808, #1280, #2005, #4986 ) ) ;
#840 = CARTESIAN_POINT ( 'NONE',  ( 35.82474658967849024, 7.137107447610267386, -35.30234181579260877 ) ) ;
#841 = B_SPLINE_CURVE_WITH_KNOTS ( 'NONE', 3,
 ( #5263, #3841, #324, #2053, #2984, #2546, #4796, #3043 ),
 .UNSPECIFIED., .F., .F.,
 ( 4, 2, 2, 4 ),
 ( 0.000000000000000000, 0.0007661894026009325375, 0.001532378805201865075, 0.003064757610403732752 ),
 .UNSPECIFIED. ) ;
#842 = CARTESIAN_POINT ( 'NONE',  ( 0.000000000000000000, 30.00000000000000000, -9.380652189041546407 ) ) ;
#843 = ORIENTED_EDGE ( 'NONE', *, *, #2609, .F. ) ;
#844 = CARTESIAN_POINT ( 'NONE',  ( 2.000000000000014211, 4.000000000000000000, -2.000000000000000000 ) ) ;
#845 = FACE_OUTER_BOUND ( 'NONE', #847, .T. ) ;
#846 = AXIS2_PLACEMENT_3D ( 'NONE', #1239, #3035, #5757 ) ;
#847 = EDGE_LOOP ( 'NONE', ( #849, #233, #1019, #1264, #4921, #4468 ) ) ;
#848 = DIRECTION ( 'NONE',  ( 0.000000000000000000, 0.000000000000000000, 1.000000000000000000 ) ) ;
#849 = ORIENTED_EDGE ( 'NONE', *, *, #5719, .F. ) ;
#850 = CARTESIAN_POINT ( 'NONE',  ( 33.28324102725377287, 6.000347100182334970, -38.20490685064245895 ) ) ;
#851 = DIRECTION ( 'NONE',  ( 1.000000000000000000, 0.000000000000000000, -2.668805347656626678E-16 ) ) ;
#852 = CARTESIAN_POINT ( 'NONE',  ( 50.00000000000000000, 14.83273969910939805, -8.385564730827109514 ) ) ;
#853 = AXIS2_PLACEMENT_3D ( 'NONE', #5385, #1842, #5004 ) ;
#854 = CARTESIAN_POINT ( 'NONE',  ( 15.05125527166821975, 6.506807479711559594, -9.549999999999998934 ) ) ;
#855 = ORIENTED_EDGE ( 'NONE', *, *, #3651, .F. ) ;
#856 = EDGE_CURVE ( 'NONE', #4130, #3155, #2502, .T. ) ;
#857 = TOROIDAL_SURFACE ( 'NONE', #1602, 11.00000000000000000, 1.000000000000000000 ) ;
#858 = VERTEX_POINT ( 'NONE', #4681 ) ;
#859 = B_SPLINE_CURVE_WITH_KNOTS ( 'NONE', 3,
 ( #128, #2902, #3323, #5528, #4145, #3816 ),
 .UNSPECIFIED., .F., .F.,
 ( 4, 2, 4 ),
 ( 0.01529988831937083293, 0.01600693946403656392, 0.01671399060870229145 ),
 .UNSPECIFIED. ) ;
#860 = DIRECTION ( 'NONE',  ( -0.000000000000000000, -1.000000000000000000, -0.000000000000000000 ) ) ;
#861 = EDGE_CURVE ( 'NONE', #1235, #5134, #2035, .T. ) ;
#862 = EDGE_LOOP ( 'NONE', ( #3971, #4034, #68, #4195, #5593 ) ) ;
#863 = CARTESIAN_POINT ( 'NONE',  ( 33.65421703390906316, 6.048225793472392198, -13.00699515332523326 ) ) ;
#864 = CARTESIAN_POINT ( 'NONE',  ( 50.00000000000000000, 3.818512714177288103, -38.02835005221243136 ) ) ;
#865 = EDGE_CURVE ( 'NONE', #1785, #4467, #2408, .T. ) ;
#866 = CARTESIAN_POINT ( 'NONE',  ( 36.87418416804054289, 8.973292330188515464, -7.094141657658232347 ) ) ;
#867 = VERTEX_POINT ( 'NONE', #3415 ) ;
#868 = ORIENTED_EDGE ( 'NONE', *, *, #5651, .T. ) ;
#869 = CARTESIAN_POINT ( 'NONE',  ( 16.87438906299074759, 5.986922299669095615, -38.26498875905569008 ) ) ;
#870 = CARTESIAN_POINT ( 'NONE',  ( 15.06110875135127536, 6.501087690359506510, -30.76545704331591935 ) ) ;
#871 = CARTESIAN_POINT ( 'NONE',  ( 31.00000000000000000, 3.000000000000000000, -14.00000000000000533 ) ) ;
#872 = MECHANICAL_CONTEXT ( 'NONE', #5275, 'mechanical' ) ;
#873 = CARTESIAN_POINT ( 'NONE',  ( -4.600671325207276984E-12, 15.11570759936295438, -30.37554595582868089 ) ) ;
#874 = CARTESIAN_POINT ( 'NONE',  ( 13.44698384429779203, 8.046775322486187321, -5.149019636189872351 ) ) ;
#875 = CARTESIAN_POINT ( 'NONE',  ( 37.81835317294586218, 9.271695681745098838, -32.76304288865054559 ) ) ;
#876 = CARTESIAN_POINT ( 'NONE',  ( 0.000000000000000000, 4.344849949673720957, -2.008966522503197627 ) ) ;
#877 = CARTESIAN_POINT ( 'NONE',  ( 1.999999999999999556, 5.906861305794523176, -1.396775364840257216 ) ) ;
#878 = FACE_OUTER_BOUND ( 'NONE', #3787, .T. ) ;
#879 = CIRCLE ( 'NONE', #2108, 2.049999999999999822 ) ;
#880 = ORIENTED_EDGE ( 'NONE', *, *, #1985, .T. ) ;
#881 = CARTESIAN_POINT ( 'NONE',  ( 11.99999999999999645, 31.00000000000000000, -29.38065218904154818 ) ) ;
#882 = VERTEX_POINT ( 'NONE', #5223 ) ;
#883 = AXIS2_PLACEMENT_3D ( 'NONE', #179, #4194, #2789 ) ;
#884 = CARTESIAN_POINT ( 'NONE',  ( 1.000000000000000000, 30.00000000000000000, 0.000000000000000000 ) ) ;
#885 = CARTESIAN_POINT ( 'NONE',  ( 1.999999999999999556, 6.000000000000000000, -1.999999999999999556 ) ) ;
#886 = ORIENTED_EDGE ( 'NONE', *, *, #3896, .F. ) ;
#887 = VECTOR ( 'NONE', #3051, 1000.000000000000000 ) ;
#888 = VERTEX_POINT ( 'NONE', #1171 ) ;
#889 = EDGE_CURVE ( 'NONE', #4366, #1890, #2966, .T. ) ;
#890 = CYLINDRICAL_SURFACE ( 'NONE', #660, 2.049999999999999822 ) ;
#891 = ORIENTED_EDGE ( 'NONE', *, *, #201, .T. ) ;
#892 = CARTESIAN_POINT ( 'NONE',  ( 2.496274826781893757E-15, 31.00000000000000000, -29.38065218904154818 ) ) ;
#893 = FACE_OUTER_BOUND ( 'NONE', #1053, .T. ) ;
#894 = CC_DESIGN_APPROVAL ( #3226, ( #4454 ) ) ;
#895 = CARTESIAN_POINT ( 'NONE',  ( 36.11417215702656591, 7.451426214302143691, -4.407806098759016855 ) ) ;
#896 = APPROVAL ( #4047, 'UNSPECIFIED' ) ;
#897 = AXIS2_PLACEMENT_3D ( 'NONE', #1220, #3014, #2572 ) ;
#898 = ORIENTED_EDGE ( 'NONE', *, *, #458, .F. ) ;
#899 = DIRECTION ( 'NONE',  ( 4.336808689942013792E-16, 0.000000000000000000, 1.000000000000000000 ) ) ;
#900 = DIRECTION ( 'NONE',  ( -1.000000000000000000, 0.000000000000000000, 0.000000000000000000 ) ) ;
#901 = CARTESIAN_POINT ( 'NONE',  ( 50.00000000000000000, 9.509677490669711020, -31.26277003612386451 ) ) ;
#902 = CARTESIAN_POINT ( 'NONE',  ( 0.000000000000000000, 8.707457542909482484, -31.84757254152066608 ) ) ;
#903 = CARTESIAN_POINT ( 'NONE',  ( 12.95861695499076127, 9.982824973102317756, -6.766174542271277126 ) ) ;
#904 = CARTESIAN_POINT ( 'NONE',  ( 49.03569363420205462, 12.67487185539770600, -30.84423723213025426 ) ) ;
#905 = LINE ( 'NONE', #410, #4542 ) ;
#906 = CARTESIAN_POINT ( 'NONE',  ( 12.99999999999999822, 9.999687487792014551, -9.849999963828196314 ) ) ;
#907 = DIRECTION ( 'NONE',  ( -1.000000000000000000, 0.000000000000000000, 0.000000000000000000 ) ) ;
#908 =( BOUNDED_SURFACE ( )  B_SPLINE_SURFACE ( 3, 2, ( 
 ( #207, #1106, #2897 ),
 ( #409, #1249, #3550 ),
 ( #810, #328, #1221 ),
 ( #383, #2170, #3017 ),
 ( #5349, #3524, #5738 ),
 ( #1689, #3497, #5680 ),
 ( #4800, #2118, #4845 ),
 ( #4822, #1743, #785 ),
 ( #2574, #5318, #4388 ),
 ( #3901, #840, #1275 ),
 ( #3958, #352, #1309 ),
 ( #2632, #2225, #4360 ),
 ( #2141, #5765, #3048 ),
 ( #4419, #3441, #2197 ),
 ( #3992, #1716, #1637 ),
 ( #5243, #5709, #4904 ),
 ( #3927, #1190, #875 ),
 ( #5292, #3107, #1663 ),
 ( #3466, #5795, #437 ),
 ( #2662, #2988, #4455 ) ),
 .UNSPECIFIED., .F., .F., .F. ) 
 B_SPLINE_SURFACE_WITH_KNOTS ( ( 4, 2, 2, 2, 2, 2, 2, 2, 2, 4 ),
 ( 3, 3 ),
 ( -1.897353801849632760E-19, 0.0006381597001522717853, 0.001276319400304543787, 0.002552638800609087575, 0.003828958200913631579, 0.005105277601218175150, 0.006381597001522718721, 0.007657916401827263159, 0.008934235802131807597, 0.01021055520243635030 ),
 ( 0.000000000000000000, 1.000000000000000000 ),
 .UNSPECIFIED. ) 
 GEOMETRIC_REPRESENTATION_ITEM ( )  RATIONAL_B_SPLINE_SURFACE ( (
 ( 1.000000000000000000, 0.9929671491858759191, 1.000000000000000000),
 ( 1.000000000000000000, 0.9915958169136982470, 1.000000000000000000),
 ( 1.000000000000000000, 0.9896088556210259624, 1.000000000000000000),
 ( 1.000000000000000000, 0.9847821707678393599, 1.000000000000000000),
 ( 1.000000000000000000, 0.9819172049364413013, 1.000000000000000000),
 ( 1.000000000000000000, 0.9723649567904623092, 1.000000000000000000),
 ( 1.000000000000000000, 0.9646949022663431350, 1.000000000000000000),
 ( 1.000000000000000000, 0.9469577815055134629, 1.000000000000000000),
 ( 1.000000000000000000, 0.9368811863607782175, 1.000000000000000000),
 ( 1.000000000000000000, 0.9143396268065626664, 1.000000000000000000),
 ( 1.000000000000000000, 0.9019303761432324595, 1.000000000000000000),
 ( 1.000000000000000000, 0.8753456974053119843, 1.000000000000000000),
 ( 1.000000000000000000, 0.8611241785679560889, 1.000000000000000000),
 ( 1.000000000000000000, 0.8311248032884024362, 1.000000000000000000),
 ( 1.000000000000000000, 0.8152268614966309279, 1.000000000000000000),
 ( 1.000000000000000000, 0.7833115835277786321, 1.000000000000000000),
 ( 1.000000000000000000, 0.7672299030821085886, 1.000000000000000000),
 ( 1.000000000000000000, 0.7359308148264198657, 1.000000000000000000),
 ( 1.000000000000000000, 0.7206377166532842438, 1.000000000000000000),
 ( 1.000000000000000000, 0.7071067811865475727, 1.000000000000000000) ) ) 
 REPRESENTATION_ITEM ( '' )  SURFACE ( )  );
#909 = ORIENTED_EDGE ( 'NONE', *, *, #3126, .F. ) ;
#910 = LINE ( 'NONE', #3963, #4481 ) ;
#911 = EDGE_LOOP ( 'NONE', ( #3127, #1993 ) ) ;
#912 = CARTESIAN_POINT ( 'NONE',  ( 31.00000000000000000, 3.000000000000000000, -30.00000000000000355 ) ) ;
#913 = DIRECTION ( 'NONE',  ( 0.000000000000000000, 0.000000000000000000, 1.000000000000000000 ) ) ;
#914 = CARTESIAN_POINT ( 'NONE',  ( 50.00000000000000000, 5.615696565883760094, -3.858638402831018333 ) ) ;
#915 = CARTESIAN_POINT ( 'NONE',  ( 50.00000000000000000, 5.830582995071075914, -4.171838936094148131 ) ) ;
#916 = CARTESIAN_POINT ( 'NONE',  ( 15.88687106557344997, 6.155812153674632192, -2.383651353115711746 ) ) ;
#917 = ORIENTED_EDGE ( 'NONE', *, *, #4095, .T. ) ;
#918 = CARTESIAN_POINT ( 'NONE',  ( 0.000000000000000000, 15.71889479237746556, -29.38065218904154818 ) ) ;
#919 = B_SPLINE_CURVE_WITH_KNOTS ( 'NONE', 3,
 ( #711, #5750, #2507, #1204, #3028, #3390 ),
 .UNSPECIFIED., .F., .F.,
 ( 4, 2, 4 ),
 ( 2.285136064418574616E-16, 0.0001649895652735138040, 0.0003299791305467990581 ),
 .UNSPECIFIED. ) ;
#920 = ORIENTED_EDGE ( 'NONE', *, *, #572, .T. ) ;
#921 = CARTESIAN_POINT ( 'NONE',  ( 0.000000000000000000, 8.743297895502218253, -31.81919555499206709 ) ) ;
#922 = CARTESIAN_POINT ( 'NONE',  ( 11.99999999999999822, 31.00000000000000000, -13.35565218904154960 ) ) ;
#923 = CARTESIAN_POINT ( 'NONE',  ( 34.40691122928666346, 6.124204634501463573, -2.020998836655723885 ) ) ;
#924 = ORIENTED_EDGE ( 'NONE', *, *, #4131, .F. ) ;
#925 = VECTOR ( 'NONE', #5695, 1000.000000000000000 ) ;
#926 = VERTEX_POINT ( 'NONE', #733 ) ;
#927 = CARTESIAN_POINT ( 'NONE',  ( 19.00000000000000000, 5.189291564825707859, -34.00000000000000000 ) ) ;
#928 = CYLINDRICAL_SURFACE ( 'NONE', #2659, 4.000000000000007105 ) ;
#929 = CARTESIAN_POINT ( 'NONE',  ( 50.00000000000000000, 6.243417018744019664, -34.48820566101171181 ) ) ;
#930 = COORDINATED_UNIVERSAL_TIME_OFFSET ( 6, 0, .BEHIND. ) ;
#931 = ADVANCED_FACE ( 'NONE', ( #2530 ), #5735, .F. ) ;
#932 = CARTESIAN_POINT ( 'NONE',  ( 0.000000000000000000, 6.243417018743728342, -34.48820566100942386 ) ) ;
#933 = CARTESIAN_POINT ( 'NONE',  ( 38.00000000000000711, 31.00000000000000000, -25.40565218904155032 ) ) ;
#934 = CARTESIAN_POINT ( 'NONE',  ( 0.000000000000000000, 4.597741498921197767, -2.301402535846106989 ) ) ;
#935 = ADVANCED_FACE ( 'NONE', ( #1057 ), #1241, .T. ) ;
#936 = LINE ( 'NONE', #2343, #1891 ) ;
#937 = AXIS2_PLACEMENT_3D ( 'NONE', #2523, #3408, #4248 ) ;
#938 = CARTESIAN_POINT ( 'NONE',  ( 50.00000000000000000, 6.000000000000000000, -2.000000000000000000 ) ) ;
#939 = AXIS2_PLACEMENT_3D ( 'NONE', #3838, #5673, #1685 ) ;
#940 = ORIENTED_EDGE ( 'NONE', *, *, #2090, .F. ) ;
#941 = CARTESIAN_POINT ( 'NONE',  ( 49.00000000000000000, 31.00000000000000000, -29.38065218904154818 ) ) ;
#942 = VERTEX_POINT ( 'NONE', #2807 ) ;
#943 = DIRECTION ( 'NONE',  ( -0.000000000000000000, -1.000000000000000000, -0.000000000000000000 ) ) ;
#944 = DIRECTION ( 'NONE',  ( 1.000000000000000000, 0.000000000000000000, 4.003208021484940018E-16 ) ) ;
#945 = CARTESIAN_POINT ( 'NONE',  ( 50.00000000000000000, 4.155563775845460661, -1.872470295881048186 ) ) ;
#946 = DIRECTION ( 'NONE',  ( -0.000000000000000000, 1.000000000000000000, 0.000000000000000000 ) ) ;
#947 = ORIENTED_EDGE ( 'NONE', *, *, #4511, .T. ) ;
#948 = VERTEX_POINT ( 'NONE', #4213 ) ;
#949 = CARTESIAN_POINT ( 'NONE',  ( 1.000000000000000888, 30.00000000000000000, -30.38065218904154818 ) ) ;
#950 = CYLINDRICAL_SURFACE ( 'NONE', #136, 4.000000000000003553 ) ;
#951 = CARTESIAN_POINT ( 'NONE',  ( 38.00000000000000711, 30.00000000000000000, -25.40565218904155032 ) ) ;
#952 = CIRCLE ( 'NONE', #5370, 2.000000000000001776 ) ;
#953 = EDGE_CURVE ( 'NONE', #3819, #3853, #4533, .T. ) ;
#954 = ORIENTED_EDGE ( 'NONE', *, *, #2980, .T. ) ;
#955 = CARTESIAN_POINT ( 'NONE',  ( 13.27154281921748336, 8.388432791435899816, -33.58559980776030329 ) ) ;
#956 = CARTESIAN_POINT ( 'NONE',  ( -0.000000000000000000, 4.819719010858958264, -2.622783520615742159 ) ) ;
#957 = CARTESIAN_POINT ( 'NONE',  ( 49.09082103665419083, 10.31357494369382799, -31.92986754329066201 ) ) ;
#958 = CARTESIAN_POINT ( 'NONE',  ( 0.8805496332677468230, 9.567484047081579845, -32.43793305624318180 ) ) ;
#959 = CARTESIAN_POINT ( 'NONE',  ( 11.99999999999999645, 30.00000000000000000, -29.38065218904154818 ) ) ;
#960 = CARTESIAN_POINT ( 'NONE',  ( 18.59447673415086300, 5.446205914991284480, -6.015809450030394245 ) ) ;
#961 = VERTEX_POINT ( 'NONE', #5113 ) ;
#962 = CARTESIAN_POINT ( 'NONE',  ( 12.99999999999999822, 10.00000000000000178, -9.700000036171799067 ) ) ;
#963 = CARTESIAN_POINT ( 'NONE',  ( 16.87671648135499680, 5.984009950744235695, -38.26703809666262401 ) ) ;
#964 = EDGE_CURVE ( 'NONE', #326, #5624, #2907, .T. ) ;
#965 = EDGE_LOOP ( 'NONE', ( #3472, #486, #4438, #5011 ) ) ;
#966 = LINE ( 'NONE', #1433, #4864 ) ;
#967 = EDGE_LOOP ( 'NONE', ( #5230, #1225, #4283, #3239, #5253, #1545 ) ) ;
#968 = CARTESIAN_POINT ( 'NONE',  ( 33.06174403016698449, 5.972769890738903520, -38.33188778554959697 ) ) ;
#969 = CARTESIAN_POINT ( 'NONE',  ( 20.66159762402562805, 4.346634468969194920, -6.352716565006413241 ) ) ;
#970 = CARTESIAN_POINT ( 'NONE',  ( 50.00000000000001421, 3.776769793787740248, -1.710075296782145093 ) ) ;
#971 = CARTESIAN_POINT ( 'NONE',  ( 15.02107445864401924, 6.523503688512676923, -9.846756896706812867 ) ) ;
#972 = AXIS2_PLACEMENT_3D ( 'NONE', #2356, #679, #3737 ) ;
#973 = ORIENTED_EDGE ( 'NONE', *, *, #2091, .T. ) ;
#974 = EDGE_LOOP ( 'NONE', ( #1434, #1147, #1852, #2854 ) ) ;
#975 = AXIS2_PLACEMENT_3D ( 'NONE', #4428, #5447, #2209 ) ;
#976 = VERTEX_POINT ( 'NONE', #5285 ) ;
#977 = EDGE_LOOP ( 'NONE', ( #2345, #4005 ) ) ;
#978 = CARTESIAN_POINT ( 'NONE',  ( 33.82679823277679532, 6.038462947705385275, -38.04036892489563115 ) ) ;
#979 = DIRECTION ( 'NONE',  ( 0.000000000000000000, 0.000000000000000000, -1.000000000000000000 ) ) ;
#980 = ORIENTED_EDGE ( 'NONE', *, *, #1538, .T. ) ;
#981 = CARTESIAN_POINT ( 'NONE',  ( 33.00878596099459372, 5.907893217200665070, -1.400035899357984892 ) ) ;
#982 = AXIS2_PLACEMENT_3D ( 'NONE', #1333, #5313, #2249 ) ;
#983 = EDGE_LOOP ( 'NONE', ( #2843, #1702, #150, #610, #3759, #3598, #3427, #526, #2537, #5780, #1944, #3698 ) ) ;
#984 = AXIS2_PLACEMENT_3D ( 'NONE', #3961, #304, #2964 ) ;
#985 = CARTESIAN_POINT ( 'NONE',  ( 14.26418882608767191, 7.073016687265544000, -34.68839605320373209 ) ) ;
#986 = CARTESIAN_POINT ( 'NONE',  ( 36.86766294197978056, 8.947962345662915595, -7.069916872594899537 ) ) ;
#987 = CARTESIAN_POINT ( 'NONE',  ( 50.00000000000000000, 11.06514445421987602, -31.41951777360845455 ) ) ;
#988 = CARTESIAN_POINT ( 'NONE',  ( 0.03248942195931505544, 3.679534529616706351, -38.26612789777846757 ) ) ;
#989 = CARTESIAN_POINT ( 'NONE',  ( 49.01138178076838869, 14.47948172703760683, -30.43817772856838388 ) ) ;
#990 = CARTESIAN_POINT ( 'NONE',  ( 17.84108946836182241, 6.000000000000000000, -13.82843654507400011 ) ) ;
#991 = DIRECTION ( 'NONE',  ( 0.000000000000000000, -1.000000000000000000, 0.000000000000000000 ) ) ;
#992 = LINE ( 'NONE', #2344, #4837 ) ;
#993 = ORIENTED_EDGE ( 'NONE', *, *, #4989, .F. ) ;
#994 = EDGE_LOOP ( 'NONE', ( #451, #3842, #4289, #3082, #617, #5031, #4741, #2412 ) ) ;
#995 = CARTESIAN_POINT ( 'NONE',  ( 33.01982557800999984, 5.964414318684053029, -38.37596660735549392 ) ) ;
#996 = CARTESIAN_POINT ( 'NONE',  ( 22.97221982319579681, 3.680051249377693789, -10.54349918290097143 ) ) ;
#997 = CARTESIAN_POINT ( 'NONE',  ( 50.00000000000000000, 3.962504073090736156, -1.841979523636189109 ) ) ;
#998 = CARTESIAN_POINT ( 'NONE',  ( 0.000000000000000000, 6.000000000000000000, -2.000000000000014211 ) ) ;
#999 = VERTEX_POINT ( 'NONE', #2955 ) ;
#1000 = CARTESIAN_POINT ( 'NONE',  ( 1.999999999999999556, 5.906861305794524064, -1.396775364840260325 ) ) ;
#1001 = ADVANCED_FACE ( 'NONE', ( #4273 ), #4033, .F. ) ;
#1002 = ORIENTED_EDGE ( 'NONE', *, *, #3195, .T. ) ;
#1003 = DIRECTION ( 'NONE',  ( 0.000000000000000000, 1.000000000000000000, 0.000000000000000000 ) ) ;
#1004 = CARTESIAN_POINT ( 'NONE',  ( 0.1662701406748194610, 4.950921456459438375, -1.850110978738159773 ) ) ;
#1005 = CARTESIAN_POINT ( 'NONE',  ( 15.49166284510880764, 6.294516008080480951, -28.07240994744433848 ) ) ;
#1006 = ORIENTED_EDGE ( 'NONE', *, *, #5323, .T. ) ;
#1007 = VERTEX_POINT ( 'NONE', #1128 ) ;
#1008 = CARTESIAN_POINT ( 'NONE',  ( 12.65507116926690578, 8.201461251936967400, -33.79250924929301192 ) ) ;
#1009 = CARTESIAN_POINT ( 'NONE',  ( 12.24891280397762472, 9.052329695786561103, -6.081126520687061721 ) ) ;
#1010 = CARTESIAN_POINT ( 'NONE',  ( 12.99999999999999822, 31.00000000000000000, -9.380652189041551736 ) ) ;
#1011 = CARTESIAN_POINT ( 'NONE',  ( 49.95569269070584539, 4.429434245141109727, -38.21874662017771840 ) ) ;
#1012 = TOROIDAL_SURFACE ( 'NONE', #1388, 11.00000000000000000, 1.000000000000000000 ) ;
#1013 = CARTESIAN_POINT ( 'NONE',  ( 3.753243486665995413E-14, 3.931231446385555994, -38.20565855960741430 ) ) ;
#1014 = B_SPLINE_CURVE_WITH_KNOTS ( 'NONE', 3,
 ( #4206, #3770, #1449, #3190 ),
 .UNSPECIFIED., .F., .F.,
 ( 4, 4 ),
 ( 2.000000022712999925E-07, 0.0009002000000000523472 ),
 .UNSPECIFIED. ) ;
#1015 = CARTESIAN_POINT ( 'NONE',  ( 15.85184327223511325, 6.097311966899285451, -37.80811558469323330 ) ) ;
#1016 = CARTESIAN_POINT ( 'NONE',  ( 12.99999999999999822, 10.00000000000000000, -30.29999996382821692 ) ) ;
#1017 = CARTESIAN_POINT ( 'NONE',  ( 15.06109850792674720, 6.501093504914617682, -9.234633431319210217 ) ) ;
#1018 = VECTOR ( 'NONE', #3025, 1000.000000000000000 ) ;
#1019 = ORIENTED_EDGE ( 'NONE', *, *, #3079, .F. ) ;
#1020 = ORIENTED_EDGE ( 'NONE', *, *, #534, .F. ) ;
#1021 = CARTESIAN_POINT ( 'NONE',  ( 46.05000000000000426, 30.00000000000000000, 0.000000000000000000 ) ) ;
#1022 = CIRCLE ( 'NONE', #2898, 4.000000000000000000 ) ;
#1023 = CARTESIAN_POINT ( 'NONE',  ( 37.00000000000000711, 9.999687487792014551, -29.84999996382818921 ) ) ;
#1024 = CARTESIAN_POINT ( 'NONE',  ( 2.000000000000014211, 0.000000000000000000, 0.000000000000000000 ) ) ;
#1025 = DIRECTION ( 'NONE',  ( -0.000000000000000000, 1.000000000000000000, -0.000000000000000000 ) ) ;
#1026 = AXIS2_PLACEMENT_3D ( 'NONE', #4090, #5476, #4172 ) ;
#1027 = ORIENTED_EDGE ( 'NONE', *, *, #641, .F. ) ;
#1028 = DIRECTION ( 'NONE',  ( 0.000000000000000000, 1.000000000000000000, 0.000000000000000000 ) ) ;
#1029 = CARTESIAN_POINT ( 'NONE',  ( 31.00000000000061462, 5.189291564825455616, -34.00000000000112976 ) ) ;
#1030 = CARTESIAN_POINT ( 'NONE',  ( 0.8335068848454277868, 8.524420120627999253, -5.761912664375637760 ) ) ;
#1031 = CARTESIAN_POINT ( 'NONE',  ( -5.756115127779223462E-15, 31.00000000000000000, -13.35565218904153006 ) ) ;
#1032 = TOROIDAL_SURFACE ( 'NONE', #1974, 5.000000000000000000, 1.000000000000000000 ) ;
#1033 = VECTOR ( 'NONE', #478, 1000.000000000000000 ) ;
#1034 = EDGE_CURVE ( 'NONE', #1785, #2185, #1022, .T. ) ;
#1035 = VERTEX_POINT ( 'NONE', #5731 ) ;
#1036 = ADVANCED_FACE ( 'NONE', ( #1156 ), #4242, .F. ) ;
#1037 = ORIENTED_EDGE ( 'NONE', *, *, #816, .T. ) ;
#1038 = CARTESIAN_POINT ( 'NONE',  ( 15.37819443174156042, 6.336686148778204242, -36.61380402284969193 ) ) ;
#1039 = CARTESIAN_POINT ( 'NONE',  ( 45.46421356237308942, 30.99999999999999645, -24.81986575141464613 ) ) ;
#1040 = AXIS2_PLACEMENT_3D ( 'NONE', #4937, #3523, #1688 ) ;
#1041 = CARTESIAN_POINT ( 'NONE',  ( 31.00000000000000000, 3.000000000000000000, -9.999999999999998224 ) ) ;
#1042 = CARTESIAN_POINT ( 'NONE',  ( 18.99999999999938538, 5.189291564825457392, -25.99999999999888800 ) ) ;
#1043 = CARTESIAN_POINT ( 'NONE',  ( -7.819672948779514421E-14, 3.757092698754420645, -38.16208983048073833 ) ) ;
#1044 = CARTESIAN_POINT ( 'NONE',  ( 12.18728579264165113, 9.252861793899171516, -32.77884483821450345 ) ) ;
#1045 = FACE_OUTER_BOUND ( 'NONE', #135, .T. ) ;
#1046 = CARTESIAN_POINT ( 'NONE',  ( 18.99999999999999645, 6.000000000000000000, -10.00000000000000178 ) ) ;
#1047 = ORIENTED_EDGE ( 'NONE', *, *, #3489, .F. ) ;
#1048 = ORIENTED_EDGE ( 'NONE', *, *, #3373, .F. ) ;
#1049 = LINE ( 'NONE', #2092, #1863 ) ;
#1050 = DIRECTION ( 'NONE',  ( 0.000000000000000000, -1.000000000000000000, 0.000000000000000000 ) ) ;
#1051 = DIRECTION ( 'NONE',  ( 0.000000000000000000, 0.000000000000000000, 1.000000000000000000 ) ) ;
#1052 = CARTESIAN_POINT ( 'NONE',  ( 11.99999999999999645, 31.00000000000000000, -25.40565218904154676 ) ) ;
#1053 = EDGE_LOOP ( 'NONE', ( #1226, #2879, #15, #3754 ) ) ;
#1054 = AXIS2_PLACEMENT_3D ( 'NONE', #5015, #3157, #538 ) ;
#1055 = CARTESIAN_POINT ( 'NONE',  ( 31.00000000000000000, 5.189291564825706971, -5.999999999999992006 ) ) ;
#1056 = VERTEX_POINT ( 'NONE', #1656 ) ;
#1057 = FACE_OUTER_BOUND ( 'NONE', #5163, .T. ) ;
#1058 = CARTESIAN_POINT ( 'NONE',  ( 36.95994062203592279, 7.735390711840248734, -34.40487362798686632 ) ) ;
#1059 = CARTESIAN_POINT ( 'NONE',  ( 50.00000000000001421, 10.66296845359034506, -30.57397886952156085 ) ) ;
#1060 = CARTESIAN_POINT ( 'NONE',  ( 15.82147856210750270, 6.173360450565403390, -27.55216728620669642 ) ) ;
#1061 = AXIS2_PLACEMENT_3D ( 'NONE', #1079, #4675, #5590 ) ;
#1062 = VERTEX_POINT ( 'NONE', #2049 ) ;
#1063 = ORIENTED_EDGE ( 'NONE', *, *, #2597, .F. ) ;
#1064 = CARTESIAN_POINT ( 'NONE',  ( 15.41955057893063241, 6.310936805637933134, -37.09404700655761644 ) ) ;
#1065 = CARTESIAN_POINT ( 'NONE',  ( 34.51810127281768814, 6.161689329307399987, -2.109561612844601530 ) ) ;
#1066 = AXIS2_PLACEMENT_3D ( 'NONE', #164, #1389, #4132 ) ;
#1067 = CARTESIAN_POINT ( 'NONE',  ( 31.00000000000061462, 5.189291564825455616, -34.00000000000112976 ) ) ;
#1068 = CARTESIAN_POINT ( 'NONE',  ( 50.00000000000000000, 3.996914461045986133, -38.10629304500024261 ) ) ;
#1069 = ORIENTED_EDGE ( 'NONE', *, *, #331, .F. ) ;
#1070 = CARTESIAN_POINT ( 'NONE',  ( 17.84108946836182241, 6.000000000000000000, -2.000000000000001776 ) ) ;
#1071 = CARTESIAN_POINT ( 'NONE',  ( 15.70257515147755534, 6.131884869184838216, -37.68062240395043716 ) ) ;
#1072 = ADVANCED_FACE ( 'NONE', ( #3460 ), #2569, .F. ) ;
#1073 = CC_DESIGN_APPROVAL ( #896, ( #4443 ) ) ;
#1074 = CARTESIAN_POINT ( 'NONE',  ( 16.99999999999999645, 10.00000000000000178, -13.35565218904155138 ) ) ;
#1075 = CARTESIAN_POINT ( 'NONE',  ( 2.000000000000000000, 4.000000000000000000, -38.00000000000000000 ) ) ;
#1076 = ORIENTED_EDGE ( 'NONE', *, *, #4871, .T. ) ;
#1077 = VERTEX_POINT ( 'NONE', #292 ) ;
#1078 = CARTESIAN_POINT ( 'NONE',  ( 13.67963025454445081, 7.087199628165645748, -3.884882055784725008 ) ) ;
#1079 = CARTESIAN_POINT ( 'NONE',  ( 1.000000000000000000, 31.00000000000000000, -9.380652189041546407 ) ) ;
#1080 = CARTESIAN_POINT ( 'NONE',  ( 16.60937916398716041, 6.014300034494516112, -1.800871805322803443 ) ) ;
#1081 = FACE_OUTER_BOUND ( 'NONE', #4247, .T. ) ;
#1082 = ORIENTED_EDGE ( 'NONE', *, *, #4696, .F. ) ;
#1083 = CARTESIAN_POINT ( 'NONE',  ( 34.97892554135638221, 6.523503688512747978, -30.15324310329301838 ) ) ;
#1084 = VERTEX_POINT ( 'NONE', #3490 ) ;
#1085 = CARTESIAN_POINT ( 'NONE',  ( 2.000000000000000888, 4.000000000000000000, 1.619347810958454259 ) ) ;
#1086 = CARTESIAN_POINT ( 'NONE',  ( 19.00000000000000000, 3.000000000000000000, -30.00000000000000355 ) ) ;
#1087 = CARTESIAN_POINT ( 'NONE',  ( 0.8837053810605570714, 9.438277862283587893, -6.481240540700305530 ) ) ;
#1088 = DIRECTION ( 'NONE',  ( 1.000000000000000000, -0.000000000000000000, 0.000000000000000000 ) ) ;
#1089 = EDGE_CURVE ( 'NONE', #1788, #4366, #3377, .T. ) ;
#1090 =( BOUNDED_SURFACE ( )  B_SPLINE_SURFACE ( 3, 2, ( 
 ( #570, #2389, #2304 ),
 ( #1921, #5051, #2361 ),
 ( #517, #4155, #112 ),
 ( #2856, #4180, #3245 ),
 ( #1892, #4988, #1859 ),
 ( #192, #955, #1008 ),
 ( #4102, #2743, #3713 ),
 ( #985, #1945, #5547 ),
 ( #5459, #2799, #1507 ),
 ( #4541, #544, #1422 ),
 ( #3216, #1477, #3275 ),
 ( #1038, #5076, #5018 ),
 ( #82, #1064, #2827 ),
 ( #1981, #4629, #4569 ),
 ( #4660, #625, #2413 ),
 ( #4754, #1563, #221 ),
 ( #2915, #4323, #1179 ),
 ( #2105, #1620, #3831 ) ),
 .UNSPECIFIED., .F., .F., .F. ) 
 B_SPLINE_SURFACE_WITH_KNOTS ( ( 4, 2, 2, 2, 2, 2, 2, 2, 4 ),
 ( 3, 3 ),
 ( 1.001802807376606097E-15, 0.001268498985000620196, 0.002536997970000238588, 0.005073995939999475374, 0.006342494924999093550, 0.007610993909998711726, 0.008879492894998329902, 0.009513742387498139857, 0.01014799187999794808 ),
 ( 0.000000000000000000, 1.000000000000000000 ),
 .UNSPECIFIED. ) 
 GEOMETRIC_REPRESENTATION_ITEM ( )  RATIONAL_B_SPLINE_SURFACE ( (
 ( 1.000000000000000000, 0.7071067811866383890, 1.000000000000000000),
 ( 1.000000000000000000, 0.7207208697465016245, 1.000000000000000000),
 ( 1.000000000000000000, 0.7357033335061710089, 1.000000000000000000),
 ( 1.000000000000000000, 0.7668106172397092246, 1.000000000000000000),
 ( 1.000000000000000000, 0.7829335158655522653, 1.000000000000000000),
 ( 1.000000000000000000, 0.8313004923210447483, 1.000000000000000000),
 ( 1.000000000000000000, 0.8616865802033585320, 1.000000000000000000),
 ( 1.000000000000000000, 0.9017316077109236439, 1.000000000000000000),
 ( 1.000000000000000000, 0.9142219114769600807, 1.000000000000000000),
 ( 1.000000000000000000, 0.9367171748517151286, 1.000000000000000000),
 ( 1.000000000000000000, 0.9467970738949800236, 1.000000000000000000),
 ( 1.000000000000000000, 0.9645708013459948216, 1.000000000000000000),
 ( 1.000000000000000000, 0.9722743228544605820, 1.000000000000000000),
 ( 1.000000000000000000, 0.9818856661238263284, 1.000000000000000000),
 ( 1.000000000000000000, 0.9847311886049534557, 1.000000000000000000),
 ( 1.000000000000000000, 0.9895762544449304698, 1.000000000000000000),
 ( 1.000000000000000000, 0.9915993436616672430, 1.000000000000000000),
 ( 1.000000000000000000, 0.9929671491858753640, 1.000000000000000000) ) ) 
 REPRESENTATION_ITEM ( '' )  SURFACE ( )  );
#1091 = ORIENTED_EDGE ( 'NONE', *, *, #2398, .F. ) ;
#1092 = DIRECTION ( 'NONE',  ( 0.000000000000000000, 1.000000000000000000, -0.000000000000000000 ) ) ;
#1093 = CARTESIAN_POINT ( 'NONE',  ( 37.83498192844362507, 9.300112820580407558, -6.280813315716920364 ) ) ;
#1094 = CARTESIAN_POINT ( 'NONE',  ( 49.09598687365093639, 10.16188662015522581, -32.02552552969330435 ) ) ;
#1095 = DIRECTION ( 'NONE',  ( 0.000000000000000000, 0.000000000000000000, 1.000000000000000000 ) ) ;
#1096 = CARTESIAN_POINT ( 'NONE',  ( 23.00040332375178309, 3.675177118215081418, -30.26752744849684973 ) ) ;
#1097 = CARTESIAN_POINT ( 'NONE',  ( 0.1846264836084786365, 5.139335408135186967, -37.65048921412025607 ) ) ;
#1098 = CARTESIAN_POINT ( 'NONE',  ( 27.00041221580652717, 3.675321146349701529, -10.27945526460227832 ) ) ;
#1099 = DIRECTION ( 'NONE',  ( -4.309871990004489798E-16, 0.000000000000000000, -1.000000000000000000 ) ) ;
#1100 = CARTESIAN_POINT ( 'NONE',  ( 15.02539310119855820, 6.521361243933805341, -10.45000000000001172 ) ) ;
#1101 = EDGE_CURVE ( 'NONE', #3454, #2894, #1871, .T. ) ;
#1102 = ORIENTED_EDGE ( 'NONE', *, *, #4479, .F. ) ;
#1103 = VERTEX_POINT ( 'NONE', #3432 ) ;
#1104 = ADVANCED_FACE ( 'NONE', ( #228 ), #3807, .T. ) ;
#1105 = ORIENTED_EDGE ( 'NONE', *, *, #2605, .T. ) ;
#1106 = CARTESIAN_POINT ( 'NONE',  ( 33.42278614381201152, 6.022133441266579013, -38.10974974193108267 ) ) ;
#1107 = CARTESIAN_POINT ( 'NONE',  ( 21.54723825850273045, 4.028708455700339641, -6.904467900116993739 ) ) ;
#1108 = CARTESIAN_POINT ( 'NONE',  ( 49.96024725732645067, 4.000000000000000000, -38.39677536484026632 ) ) ;
#1109 = DIRECTION ( 'NONE',  ( -0.000000000000000000, -0.000000000000000000, 1.000000000000000000 ) ) ;
#1110 = VERTEX_POINT ( 'NONE', #345 ) ;
#1111 = CARTESIAN_POINT ( 'NONE',  ( 37.00000000000000711, 10.00000000000000178, -29.54999999999997584 ) ) ;
#1112 = AXIS2_PLACEMENT_3D ( 'NONE', #1592, #3458, #1150 ) ;
#1113 = DIRECTION ( 'NONE',  ( -0.000000000000000000, -1.000000000000000000, -0.000000000000000000 ) ) ;
#1114 = CARTESIAN_POINT ( 'NONE',  ( 4.949999999999997513, 30.00000000000000000, -14.35565218904154605 ) ) ;
#1115 = CARTESIAN_POINT ( 'NONE',  ( 33.27576456147933470, 6.000000000000000888, -33.30488887133471110 ) ) ;
#1116 = CARTESIAN_POINT ( 'NONE',  ( 17.84108946836182241, 6.000000000000000000, 32.52691193458118590 ) ) ;
#1117 = TOROIDAL_SURFACE ( 'NONE', #481, 11.44116783476714261, 10.00000000000000000 ) ;
#1118 = AXIS2_PLACEMENT_3D ( 'NONE', #1648, #2069, #2446 ) ;
#1119 = ORIENTED_EDGE ( 'NONE', *, *, #2580, .T. ) ;
#1120 = CARTESIAN_POINT ( 'NONE',  ( 37.06410013418215499, 7.834071779496891708, -4.879760441419738193 ) ) ;
#1121 = CARTESIAN_POINT ( 'NONE',  ( 33.27563941912729462, 6.000000000000002665, -26.69503887769465322 ) ) ;
#1122 = FACE_OUTER_BOUND ( 'NONE', #1794, .T. ) ;
#1123 = CARTESIAN_POINT ( 'NONE',  ( 19.46986771154325879, 4.913332709567768575, -33.97980282916810779 ) ) ;
#1124 = EDGE_CURVE ( 'NONE', #5815, #424, #2996, .T. ) ;
#1125 = ADVANCED_FACE ( 'NONE', ( #749 ), #3012, .F. ) ;
#1126 = CIRCLE ( 'NONE', #2346, 4.000000000000007105 ) ;
#1127 = ORIENTED_EDGE ( 'NONE', *, *, #2478, .T. ) ;
#1128 = CARTESIAN_POINT ( 'NONE',  ( 32.15891053163817759, 6.000000000000000000, -14.35565218904154960 ) ) ;
#1129 = CARTESIAN_POINT ( 'NONE',  ( 50.00000000000000000, 0.000000000000000000, -2.000000000000000000 ) ) ;
#1130 = CARTESIAN_POINT ( 'NONE',  ( 38.00000000000000711, 30.00000000000000000, -13.35565218904154605 ) ) ;
#1131 = DIRECTION ( 'NONE',  ( 0.000000000000000000, 1.000000000000000000, 0.000000000000000000 ) ) ;
#1132 = EDGE_LOOP ( 'NONE', ( #4224, #4825, #1624, #823 ) ) ;
#1133 = DIRECTION ( 'NONE',  ( -0.000000000000000000, -0.000000000000000000, -1.000000000000000000 ) ) ;
#1134 = DIRECTION ( 'NONE',  ( 0.000000000000000000, 1.000000000000000000, -0.000000000000000000 ) ) ;
#1135 = CARTESIAN_POINT ( 'NONE',  ( 16.26943894250690192, 5.997978788787619919, -1.670968380821954424 ) ) ;
#1136 = CARTESIAN_POINT ( 'NONE',  ( 16.99999999999999645, 4.000000000000000000, -38.00000000000000000 ) ) ;
#1137 = ORIENTED_EDGE ( 'NONE', *, *, #3542, .T. ) ;
#1138 = FACE_OUTER_BOUND ( 'NONE', #2212, .T. ) ;
#1139 = EDGE_CURVE ( 'NONE', #4600, #3538, #1568, .T. ) ;
#1140 = CARTESIAN_POINT ( 'NONE',  ( 4.949999999999997513, 30.58578643762690774, -14.35565218904154605 ) ) ;
#1141 = B_SPLINE_CURVE_WITH_KNOTS ( 'NONE', 3,
 ( #838, #2631, #4418, #3336, #5635, #2949, #1149, #571, #626, #4661, #2390, #1564, #163, #656, #1478, #5577, #4691, #5136 ),
 .UNSPECIFIED., .F., .F.,
 ( 4, 2, 2, 2, 2, 2, 2, 2, 4 ),
 ( 0.000000000000000000, 0.0003264153315954523068, 0.0006528306631909046136, 0.001305661326381834597, 0.001958491989572764581, 0.002611322652763703022, 0.003264153315954641029, 0.003916983979145579470, 0.005222645305527454616 ),
 .UNSPECIFIED. ) ;
#1142 = DIRECTION ( 'NONE',  ( 1.000000000000000000, 0.000000000000000000, 0.000000000000000000 ) ) ;
#1143 = CARTESIAN_POINT ( 'NONE',  ( 1.999999999999999556, 0.000000000000000000, -1.999999999999999556 ) ) ;
#1144 = ORIENTED_EDGE ( 'NONE', *, *, #2222, .T. ) ;
#1145 = AXIS2_PLACEMENT_3D ( 'NONE', #3625, #5425, #453 ) ;
#1146 = FACE_OUTER_BOUND ( 'NONE', #4036, .T. ) ;
#1147 = ORIENTED_EDGE ( 'NONE', *, *, #2515, .T. ) ;
#1148 = CARTESIAN_POINT ( 'NONE',  ( 38.00000000000000711, 30.00000000000000000, -9.380652189041551736 ) ) ;
#1149 = CARTESIAN_POINT ( 'NONE',  ( 31.82922209659597712, 5.745850435067401563, -38.99054844536687625 ) ) ;
#1150 = DIRECTION ( 'NONE',  ( 0.000000000000000000, 0.000000000000000000, 1.000000000000000000 ) ) ;
#1151 = PLANE ( 'NONE',  #4345 ) ;
#1152 = CIRCLE ( 'NONE', #975, 1.960247257326451775 ) ;
#1153 = CARTESIAN_POINT ( 'NONE',  ( 48.00000000000000000, 5.960247257326453330, -38.39677536484025921 ) ) ;
#1154 = VERTEX_POINT ( 'NONE', #5642 ) ;
#1155 = VECTOR ( 'NONE', #1142, 1000.000000000000000 ) ;
#1156 = FACE_OUTER_BOUND ( 'NONE', #5280, .T. ) ;
#1157 = CARTESIAN_POINT ( 'NONE',  ( 27.22008950438041452, 3.715781680582703750, -8.663012633286273356 ) ) ;
#1158 = B_SPLINE_CURVE_WITH_KNOTS ( 'NONE', 3,
 ( #4151, #5424, #131, #1914, #4982, #1940, #4536 ),
 .UNSPECIFIED., .F., .F.,
 ( 4, 3, 4 ),
 ( -1.414214736725673322E-05, 0.000000000000000000, 0.0004911941991288385542 ),
 .UNSPECIFIED. ) ;
#1159 = DIRECTION ( 'NONE',  ( 0.000000000000000000, 0.000000000000000000, 1.000000000000000000 ) ) ;
#1160 = CARTESIAN_POINT ( 'NONE',  ( 4.949999999999997513, 3.000000000000000000, -24.40565218904154676 ) ) ;
#1161 = AXIS2_PLACEMENT_3D ( 'NONE', #447, #946, #1754 ) ;
#1162 = ORIENTED_EDGE ( 'NONE', *, *, #2423, .F. ) ;
#1163 = VECTOR ( 'NONE', #5182, 1000.000000000000000 ) ;
#1164 = CARTESIAN_POINT ( 'NONE',  ( 16.41555115400552367, 6.042927907351733907, -1.999999999999999556 ) ) ;
#1165 = CARTESIAN_POINT ( 'NONE',  ( 6.641519721033307071E-14, 5.734730789301926812, -3.053049358100090593 ) ) ;
#1166 = CARTESIAN_POINT ( 'NONE',  ( 0.1214861572464333711, 4.881221018757743835, -37.90866276766799814 ) ) ;
#1167 = DIRECTION ( 'NONE',  ( 0.000000000000000000, 1.000000000000000000, 0.000000000000000000 ) ) ;
#1168 = CIRCLE ( 'NONE', #241, 4.000000000000000000 ) ;
#1169 = VERTEX_POINT ( 'NONE', #1598 ) ;
#1170 = CARTESIAN_POINT ( 'NONE',  ( 11.99999999999999645, 10.00000000000000178, -24.40565218904154676 ) ) ;
#1171 = CARTESIAN_POINT ( 'NONE',  ( 12.99999999999999822, 10.00000000000000178, -7.940657031817278444 ) ) ;
#1172 = CARTESIAN_POINT ( 'NONE',  ( 18.99999999999999645, 0.000000000000000000, -10.00000000000000178 ) ) ;
#1173 = CARTESIAN_POINT ( 'NONE',  ( 34.97892408763803473, 6.523502891031814244, -9.846724783429744221 ) ) ;
#1174 = DIRECTION ( 'NONE',  ( -1.000000000000000000, -0.000000000000000000, 0.000000000000000000 ) ) ;
#1175 = ORIENTED_EDGE ( 'NONE', *, *, #1661, .T. ) ;
#1176 = EDGE_CURVE ( 'NONE', #926, #1469, #653, .T. ) ;
#1177 = CARTESIAN_POINT ( 'NONE',  ( 16.82293812991438742, 6.003920784798959076, -13.35565218904155138 ) ) ;
#1178 = VERTEX_POINT ( 'NONE', #4930 ) ;
#1179 = CARTESIAN_POINT ( 'NONE',  ( 16.32987441085175107, 6.015639395488913799, -38.13904485911688624 ) ) ;
#1180 = CARTESIAN_POINT ( 'NONE',  ( 16.31003390034667078, 6.059240940155023125, -37.77629197478005807 ) ) ;
#1181 = EDGE_CURVE ( 'NONE', #2522, #2382, #3746, .T. ) ;
#1182 = CARTESIAN_POINT ( 'NONE',  ( 34.26385185485526108, 6.203860150593003553, -27.68246819963555794 ) ) ;
#1183 = CARTESIAN_POINT ( 'NONE',  ( 36.43929191828436132, 7.944186018097139090, -33.18758481993975806 ) ) ;
#1184 = CARTESIAN_POINT ( 'NONE',  ( 32.15891053163817759, 6.000000000000000000, -2.000000000000001776 ) ) ;
#1185 = DIRECTION ( 'NONE',  ( 0.000000000000000000, 1.000000000000000000, 0.000000000000000000 ) ) ;
#1186 = CARTESIAN_POINT ( 'NONE',  ( 0.002389868772161531183, 3.796932118347871032, -38.11096898234789876 ) ) ;
#1187 = CARTESIAN_POINT ( 'NONE',  ( 50.00000000000000000, 15.44116783476714794, -8.380652189041544631 ) ) ;
#1188 = VECTOR ( 'NONE', #2769, 1000.000000000000000 ) ;
#1189 = ORIENTED_EDGE ( 'NONE', *, *, #3111, .T. ) ;
#1190 = CARTESIAN_POINT ( 'NONE',  ( 37.00184837875025323, 9.416051049222327052, -32.64233030678587255 ) ) ;
#1191 = CARTESIAN_POINT ( 'NONE',  ( 0.9950753894156098012, 14.83135261135652172, -8.380652189041544631 ) ) ;
#1192 = CARTESIAN_POINT ( 'NONE',  ( 0.1479272436473316465, 4.993501975381430924, -37.80143013750880954 ) ) ;
#1193 = DIRECTION ( 'NONE',  ( 0.000000000000000000, 0.000000000000000000, 1.000000000000000000 ) ) ;
#1194 = EDGE_CURVE ( 'NONE', #4262, #27, #1269, .T. ) ;
#1195 = ORIENTED_EDGE ( 'NONE', *, *, #2008, .T. ) ;
#1196 = CARTESIAN_POINT ( 'NONE',  ( 0.000000000000000000, 30.00000000000000000, -25.40565218904154676 ) ) ;
#1197 = AXIS2_PLACEMENT_3D ( 'NONE', #2509, #3360, #2010 ) ;
#1198 = FACE_OUTER_BOUND ( 'NONE', #4642, .T. ) ;
#1199 = DIRECTION ( 'NONE',  ( -1.000000000000000000, 9.097271367903756524E-16, 4.548635683951878262E-16 ) ) ;
#1200 = EDGE_CURVE ( 'NONE', #1567, #506, #2624, .T. ) ;
#1201 = DIRECTION ( 'NONE',  ( -0.000000000000000000, -1.000000000000000000, -0.000000000000000000 ) ) ;
#1202 = EDGE_CURVE ( 'NONE', #942, #1650, #5641, .T. ) ;
#1203 = VERTEX_POINT ( 'NONE', #5816 ) ;
#1204 = CARTESIAN_POINT ( 'NONE',  ( 49.99761335818871544, 3.796921008773582074, -38.11092044431937609 ) ) ;
#1205 = VERTEX_POINT ( 'NONE', #2688 ) ;
#1206 = ORIENTED_EDGE ( 'NONE', *, *, #4131, .T. ) ;
#1207 = CARTESIAN_POINT ( 'NONE',  ( 19.00000000000000000, 6.000000000000000000, -30.00000000000000355 ) ) ;
#1208 = CARTESIAN_POINT ( 'NONE',  ( 15.57435175548175366, 6.254854690816149976, -36.91022978571333368 ) ) ;
#1209 = CARTESIAN_POINT ( 'NONE',  ( 16.99999999999999645, 10.00000000000000178, -30.38065218904154818 ) ) ;
#1210 = CIRCLE ( 'NONE', #8, 1.000000000000000888 ) ;
#1211 = EDGE_LOOP ( 'NONE', ( #5511, #4492, #3969, #2400 ) ) ;
#1212 = CARTESIAN_POINT ( 'NONE',  ( 16.34498096644610499, 6.053350933193834216, -1.829886125206333869 ) ) ;
#1213 = ORIENTED_EDGE ( 'NONE', *, *, #4271, .T. ) ;
#1214 = EDGE_CURVE ( 'NONE', #1721, #5365, #1210, .T. ) ;
#1215 = VECTOR ( 'NONE', #76, 1000.000000000000000 ) ;
#1216 = DIRECTION ( 'NONE',  ( 1.000000000000000000, 0.000000000000000000, 0.000000000000000000 ) ) ;
#1217 = EDGE_CURVE ( 'NONE', #4889, #326, #5373, .T. ) ;
#1218 = CARTESIAN_POINT ( 'NONE',  ( 29.10245130523730239, 4.254028786895871939, -6.468947170736805141 ) ) ;
#1219 = DIRECTION ( 'NONE',  ( 0.000000000000000000, 1.000000000000000000, 0.000000000000000000 ) ) ;
#1220 = CARTESIAN_POINT ( 'NONE',  ( 11.99999999999999822, 31.00000000000000000, -9.380652189041551736 ) ) ;
#1221 = CARTESIAN_POINT ( 'NONE',  ( 33.84387673950910624, 6.040945985822283149, -38.02979800073799055 ) ) ;
#1222 = CARTESIAN_POINT ( 'NONE',  ( 1.000000000000000444, 15.39738221800560147, -8.380652189041544631 ) ) ;
#1223 = DIRECTION ( 'NONE',  ( -1.000000000000000000, 0.000000000000000000, 0.000000000000000000 ) ) ;
#1224 = CARTESIAN_POINT ( 'NONE',  ( 38.00000000000000711, 30.00000000000000000, -25.40565218904155032 ) ) ;
#1225 = ORIENTED_EDGE ( 'NONE', *, *, #1897, .F. ) ;
#1226 = ORIENTED_EDGE ( 'NONE', *, *, #2401, .T. ) ;
#1227 = B_SPLINE_CURVE_WITH_KNOTS ( 'NONE', 3,
 ( #2778, #4938, #2308, #5437, #4517, #4548, #5379, #119, #1396, #5466 ),
 .UNSPECIFIED., .F., .F.,
 ( 4, 2, 2, 2, 4 ),
 ( 0.000000000000000000, 0.0008876726038302733745, 0.001775345207660546749, 0.002663017811490820015, 0.003550690415321093498 ),
 .UNSPECIFIED. ) ;
#1228 = CARTESIAN_POINT ( 'NONE',  ( 33.15119592878281196, 6.002774693419894447, -13.37243335448178350 ) ) ;
#1229 = AXIS2_PLACEMENT_3D ( 'NONE', #1691, #3077, #3109 ) ;
#1230 = CYLINDRICAL_SURFACE ( 'NONE', #3558, 4.000000000000006217 ) ;
#1231 = CARTESIAN_POINT ( 'NONE',  ( 14.99142747807082365, 6.540641415993327712, -29.84999999999999432 ) ) ;
#1232 = CARTESIAN_POINT ( 'NONE',  ( 49.83973949222848887, 4.933890764744297108, -1.831241441388153035 ) ) ;
#1233 = ORIENTED_EDGE ( 'NONE', *, *, #4751, .T. ) ;
#1234 = CARTESIAN_POINT ( 'NONE',  ( 45.05000000000000426, 31.00000000000000000, -24.40565218904155032 ) ) ;
#1235 = VERTEX_POINT ( 'NONE', #403 ) ;
#1236 = CARTESIAN_POINT ( 'NONE',  ( 50.00000000000000000, 15.39738221800560147, -9.380652189041546407 ) ) ;
#1237 = CARTESIAN_POINT ( 'NONE',  ( 35.99999999999999289, 6.000000000000000000, -24.40565218904154676 ) ) ;
#1238 = CARTESIAN_POINT ( 'NONE',  ( 33.73056105749309808, 5.053659884189667828, -1.999999999999999556 ) ) ;
#1239 = CARTESIAN_POINT ( 'NONE',  ( 49.00000000000000000, 30.00000000000000000, -29.38065218904154818 ) ) ;
#1240 = DIRECTION ( 'NONE',  ( -1.000000000000000000, 0.000000000000000000, 0.000000000000000000 ) ) ;
#1241 =( BOUNDED_SURFACE ( )  B_SPLINE_SURFACE ( 3, 2, ( 
 ( #2875, #4017, #2693 ),
 ( #5347, #873, #1835 ),
 ( #3165, #4994, #2630 ),
 ( #2722, #1336, #4547 ),
 ( #4417, #407, #2195 ),
 ( #2252, #5377, #1740 ),
 ( #1770, #2098, #3990 ),
 ( #1307, #5690, #1395 ),
 ( #61, #3196, #3105 ),
 ( #3138, #4936, #5793 ),
 ( #1273, #5821, #3631 ),
 ( #958, #3883, #2223 ),
 ( #3073, #3522, #902 ),
 ( #3548, #1365, #4965 ),
 ( #4902, #3577, #4516 ),
 ( #1644, #2660, #4452 ),
 ( #4077, #435, #932 ),
 ( #1801, #4482, #461 ),
 ( #837, #492, #4049 ),
 ( #2747, #33, #3605 ),
 ( #2281, #5316, #5406 ),
 ( #5436, #4872, #2368 ),
 ( #3249, #3282, #5581 ),
 ( #1097, #2890, #579 ),
 ( #2339, #1513, #117 ),
 ( #1426, #5517, #4636 ),
 ( #3340, #1454, #4184 ),
 ( #5025, #3718, #2831 ),
 ( #1540, #4666, #5082 ),
 ( #2394, #1482, #3663 ),
 ( #1896, #3776, #4135 ),
 ( #86, #2421, #4161 ),
 ( #5056, #1013, #168 ),
 ( #988, #1043, #604 ),
 ( #3748, #5142, #3312 ),
 ( #3691, #1952, #5491 ) ),
 .UNSPECIFIED., .F., .F., .F. ) 
 B_SPLINE_SURFACE_WITH_KNOTS ( ( 4, 2, 2, 2, 2, 2, 2, 2, 2, 2, 2, 2, 2, 2, 2, 2, 2, 4 ),
 ( 3, 3 ),
 ( 0.000000000000000000, 0.001965900863241617103, 0.002948851294862425872, 0.003931801726483234206, 0.005897702589724851743, 0.006880653021345660078, 0.007863603452966468413, 0.009829504316208086817, 0.01179540517944970349, 0.01277835561107051182, 0.01376130604269132016, 0.01425278125850172432, 0.01474425647431212849, 0.01498999408221732971, 0.01523573169012253266, 0.01535860049407513500, 0.01548146929802773561, 0.01572720690593293683 ),
 ( 0.000000000000000000, 1.000000000000000000 ),
 .UNSPECIFIED. ) 
 GEOMETRIC_REPRESENTATION_ITEM ( )  RATIONAL_B_SPLINE_SURFACE ( (
 ( 1.000000000000000000, 0.7071067811865475727, 1.000000000000000000),
 ( 1.000000000000000000, 0.7089199903515358558, 1.000000000000000000),
 ( 1.000000000000000000, 0.7109887977824274063, 1.000000000000000000),
 ( 1.000000000000000000, 0.7147389126448563390, 1.000000000000000000),
 ( 1.000000000000000000, 0.7160973542942495884, 1.000000000000000000),
 ( 1.000000000000000000, 0.7190985109139341747, 1.000000000000000000),
 ( 1.000000000000000000, 0.7207486989334140892, 1.000000000000000000),
 ( 1.000000000000000000, 0.7262125646268801082, 1.000000000000000000),
 ( 1.000000000000000000, 0.7304800982187777958, 1.000000000000000000),
 ( 1.000000000000000000, 0.7385240061806974676, 1.000000000000000000),
 ( 1.000000000000000000, 0.7414833247033287833, 1.000000000000000000),
 ( 1.000000000000000000, 0.7481552727096691946, 1.000000000000000000),
 ( 1.000000000000000000, 0.7518874622784338380, 1.000000000000000000),
 ( 1.000000000000000000, 0.7644314785776803456, 1.000000000000000000),
 ( 1.000000000000000000, 0.7745456427207211281, 1.000000000000000000),
 ( 1.000000000000000000, 0.8010863718563612235, 1.000000000000000000),
 ( 1.000000000000000000, 0.8176507769818788240, 1.000000000000000000),
 ( 1.000000000000000000, 0.8501027590200159745, 1.000000000000000000),
 ( 1.000000000000000000, 0.8621817227007256834, 1.000000000000000000),
 ( 1.000000000000000000, 0.8891017591320115043, 1.000000000000000000),
 ( 1.000000000000000000, 0.9039809367751181490, 1.000000000000000000),
 ( 1.000000000000000000, 0.9278830140842172503, 1.000000000000000000),
 ( 1.000000000000000000, 0.9361071730200436480, 1.000000000000000000),
 ( 1.000000000000000000, 0.9527623544504582043, 1.000000000000000000),
 ( 1.000000000000000000, 0.9612093449946100820, 1.000000000000000000),
 ( 1.000000000000000000, 0.9735174413249303438, 1.000000000000000000),
 ( 1.000000000000000000, 0.9775497616369471787, 1.000000000000000000),
 ( 1.000000000000000000, 0.9851602524889629953, 1.000000000000000000),
 ( 1.000000000000000000, 0.9888648068366099331, 1.000000000000000000),
 ( 1.000000000000000000, 0.9928951482104745319, 1.000000000000000000),
 ( 1.000000000000000000, 0.9939598361826110784, 1.000000000000000000),
 ( 1.000000000000000000, 0.9947864944376977325, 1.000000000000000000),
 ( 1.000000000000000000, 0.9944797836045081718, 1.000000000000000000),
 ( 1.000000000000000000, 0.9918459784733711926, 1.000000000000000000),
 ( 1.000000000000000000, 0.9882837980651996146, 1.000000000000000000),
 ( 1.000000000000000000, 0.9847899712430286945, 1.000000000000000000) ) ) 
 REPRESENTATION_ITEM ( '' )  SURFACE ( )  );
#1242 = DIRECTION ( 'NONE',  ( 1.000000000000000000, 0.000000000000000000, 0.000000000000000000 ) ) ;
#1243 = CARTESIAN_POINT ( 'NONE',  ( 11.99999999999999645, 31.00000000000000000, -25.40565218904154676 ) ) ;
#1244 = CARTESIAN_POINT ( 'NONE',  ( 14.53091741102476675, 6.000000000000000888, -24.44323282848046119 ) ) ;
#1245 = AXIS2_PLACEMENT_3D ( 'NONE', #2696, #4518, #4456 ) ;
#1246 = ADVANCED_FACE ( 'NONE', ( #29 ), #4282, .T. ) ;
#1247 = ADVANCED_FACE ( 'NONE', ( #430 ), #4508, .F. ) ;
#1248 = CARTESIAN_POINT ( 'NONE',  ( 12.99419541160599501, 9.470989756865302311, -6.410654318642921012 ) ) ;
#1249 = CARTESIAN_POINT ( 'NONE',  ( 33.60237515996267632, 6.040988534871855720, -38.02870204054949710 ) ) ;
#1250 = CARTESIAN_POINT ( 'NONE',  ( 0.7379549516172969614, 7.459306837580952809, -4.708916583502231745 ) ) ;
#1251 = CIRCLE ( 'NONE', #420, 2.000000000000001776 ) ;
#1252 = CARTESIAN_POINT ( 'NONE',  ( 38.00000000000000711, 31.00000000000000000, -9.380652189041551736 ) ) ;
#1253 = DIRECTION ( 'NONE',  ( -1.000000000000000000, 0.000000000000000000, 0.000000000000000000 ) ) ;
#1254 = VERTEX_POINT ( 'NONE', #4445 ) ;
#1255 = CIRCLE ( 'NONE', #4644, 1.999999999999999556 ) ;
#1256 = CARTESIAN_POINT ( 'NONE',  ( 0.09313869420547889189, 4.000000000000000000, -1.396775364840249445 ) ) ;
#1257 = ADVANCED_FACE ( 'NONE', ( #5429 ), #2717, .T. ) ;
#1258 = DIRECTION ( 'NONE',  ( 0.000000000000000000, 0.000000000000000000, 1.000000000000000000 ) ) ;
#1259 = CARTESIAN_POINT ( 'NONE',  ( 4.949999999999999289, 3.000000000000000000, -14.35565218904154960 ) ) ;
#1260 = CARTESIAN_POINT ( 'NONE',  ( 50.00000000000000000, 14.16188967212979044, -9.328636949126844158 ) ) ;
#1261 = EDGE_CURVE ( 'NONE', #4431, #942, #1292, .T. ) ;
#1262 = CARTESIAN_POINT ( 'NONE',  ( 38.00000000000000711, 30.00000000000000000, 0.000000000000000000 ) ) ;
#1263 = ORIENTED_EDGE ( 'NONE', *, *, #1823, .T. ) ;
#1264 = ORIENTED_EDGE ( 'NONE', *, *, #5462, .T. ) ;
#1265 = CARTESIAN_POINT ( 'NONE',  ( 0.000000000000000000, 6.282043643202187333, -34.43275794950051250 ) ) ;
#1266 = CARTESIAN_POINT ( 'NONE',  ( 19.00000000000000000, 3.000000000000000000, -26.00000000000000355 ) ) ;
#1267 = CARTESIAN_POINT ( 'NONE',  ( 36.86501948137307494, 8.852768777249599097, -5.908734039093768153 ) ) ;
#1268 = CARTESIAN_POINT ( 'NONE',  ( 16.26943894250690548, 5.997978788787621696, -1.670968380821957755 ) ) ;
#1269 = LINE ( 'NONE', #1708, #5170 ) ;
#1270 = CARTESIAN_POINT ( 'NONE',  ( 16.47406561164784122, 6.027996536243914072, -33.11729860298830630 ) ) ;
#1271 = CARTESIAN_POINT ( 'NONE',  ( 50.00000000000115108, 13.63409627284689307, -30.57178226588000314 ) ) ;
#1272 = EDGE_CURVE ( 'NONE', #4883, #3202, #5450, .T. ) ;
#1273 = CARTESIAN_POINT ( 'NONE',  ( 0.9004272158296888762, 10.06096823426493359, -32.09166841369688683 ) ) ;
#1274 = DIRECTION ( 'NONE',  ( 0.000000000000000000, 0.000000000000000000, 1.000000000000000000 ) ) ;
#1275 = CARTESIAN_POINT ( 'NONE',  ( 36.20496575640208192, 7.025704353483297915, -35.50263308519126326 ) ) ;
#1276 = CARTESIAN_POINT ( 'NONE',  ( 3.846763467296136866E-14, 4.118365572825898546, -1.681052621079250464 ) ) ;
#1277 = CARTESIAN_POINT ( 'NONE',  ( 16.74715451592861015, 5.936908489541733225, -1.490519976913651456 ) ) ;
#1278 = EDGE_CURVE ( 'NONE', #3852, #3454, #375, .T. ) ;
#1279 = CARTESIAN_POINT ( 'NONE',  ( 16.98017442199024174, 5.964414318684093885, -38.37596660735531628 ) ) ;
#1280 = ADVANCED_FACE ( 'NONE', ( #3066 ), #4865, .T. ) ;
#1281 = ORIENTED_EDGE ( 'NONE', *, *, #2848, .T. ) ;
#1282 = ADVANCED_FACE ( 'NONE', ( #5485 ), #3740, .T. ) ;
#1283 = DIRECTION ( 'NONE',  ( 0.000000000000000000, -1.000000000000000000, 0.000000000000000000 ) ) ;
#1284 = ORIENTED_EDGE ( 'NONE', *, *, #2853, .T. ) ;
#1285 = CARTESIAN_POINT ( 'NONE',  ( 15.02539310119856353, 6.521361243933802676, -29.54999999999997584 ) ) ;
#1286 = CARTESIAN_POINT ( 'NONE',  ( 20.89075983189751895, 4.256659234688569882, -6.465478061451189085 ) ) ;
#1287 = CARTESIAN_POINT ( 'NONE',  ( 50.00000000000001421, 6.918078246657564989, -4.430614289875071776 ) ) ;
#1288 = CARTESIAN_POINT ( 'NONE',  ( 36.17522848394129653, 7.556022892469888674, -33.79126039214807520 ) ) ;
#1289 = CIRCLE ( 'NONE', #4580, 1.000000000000000888 ) ;
#1290 = VERTEX_POINT ( 'NONE', #137 ) ;
#1291 = ORIENTED_EDGE ( 'NONE', *, *, #718, .T. ) ;
#1292 = B_SPLINE_CURVE_WITH_KNOTS ( 'NONE', 3,
 ( #927, #487, #2277, #4071, #58, #1830 ),
 .UNSPECIFIED., .F., .F.,
 ( 4, 2, 4 ),
 ( 0.01529988831937075661, 0.01600693946403648413, 0.01671399060870221165 ),
 .UNSPECIFIED. ) ;
#1293 = ORIENTED_EDGE ( 'NONE', *, *, #536, .T. ) ;
#1294 = DIRECTION ( 'NONE',  ( 0.000000000000000000, 1.000000000000000000, 0.000000000000000000 ) ) ;
#1295 = CARTESIAN_POINT ( 'NONE',  ( 36.00000000000000000, 6.000000000000000000, -14.35565218904154605 ) ) ;
#1296 = CARTESIAN_POINT ( 'NONE',  ( 35.71428490182405824, 6.668941529927038481, -3.189260557330427126 ) ) ;
#1297 = CIRCLE ( 'NONE', #2149, 4.000000000000000000 ) ;
#1298 = ORIENTED_EDGE ( 'NONE', *, *, #335, .F. ) ;
#1299 = CIRCLE ( 'NONE', #651, 4.000000000000007105 ) ;
#1300 = AXIS2_PLACEMENT_3D ( 'NONE', #5260, #663, #1216 ) ;
#1301 = CARTESIAN_POINT ( 'NONE',  ( 16.74880451486444954, 6.005914601252785978, -38.13173113281107618 ) ) ;
#1302 = CARTESIAN_POINT ( 'NONE',  ( 0.000000000000000000, 4.404490385650540851, -2.068859069869561029 ) ) ;
#1303 = CARTESIAN_POINT ( 'NONE',  ( 50.00000000000000000, 12.16024498450620683, -29.96073652190640502 ) ) ;
#1304 = DIRECTION ( 'NONE',  ( 1.000000000000000000, 0.000000000000000000, 0.000000000000000000 ) ) ;
#1305 = AXIS2_PLACEMENT_3D ( 'NONE', #2377, #2733, #504 ) ;
#1306 = CIRCLE ( 'NONE', #5729, 2.049999999999999822 ) ;
#1307 = CARTESIAN_POINT ( 'NONE',  ( 0.9452571586690742267, 11.63019929940630348, -31.22198807403341192 ) ) ;
#1308 = CARTESIAN_POINT ( 'NONE',  ( 13.23224565873266378, 8.495181675051796333, -5.605630127848213462 ) ) ;
#1309 = CARTESIAN_POINT ( 'NONE',  ( 36.41647111909588830, 7.194928554143877442, -35.21046670269613088 ) ) ;
#1310 = DIRECTION ( 'NONE',  ( -0.000000000000000000, 1.000000000000000000, -0.000000000000000000 ) ) ;
#1311 = DIRECTION ( 'NONE',  ( -1.000000000000000000, 0.000000000000000000, 0.000000000000000000 ) ) ;
#1312 = CARTESIAN_POINT ( 'NONE',  ( 33.00000000000000000, 6.000000000000000000, -1.999999999999999556 ) ) ;
#1313 = EDGE_CURVE ( 'NONE', #3431, #867, #2420, .T. ) ;
#1314 = CIRCLE ( 'NONE', #4608, 11.00000000000000000 ) ;
#1315 = ORIENTED_EDGE ( 'NONE', *, *, #1326, .T. ) ;
#1316 = DIRECTION ( 'NONE',  ( 0.000000000000000000, 0.000000000000000000, 1.000000000000000000 ) ) ;
#1317 = ORIENTED_EDGE ( 'NONE', *, *, #2933, .F. ) ;
#1318 = CARTESIAN_POINT ( 'NONE',  ( 33.42278614381201152, 6.022133441266571907, -38.10974974193109688 ) ) ;
#1319 = CYLINDRICAL_SURFACE ( 'NONE', #5393, 2.000000000000001776 ) ;
#1320 = CARTESIAN_POINT ( 'NONE',  ( 50.00000000000000711, 5.537945850823313698, -2.816064115451739625 ) ) ;
#1321 = CARTESIAN_POINT ( 'NONE',  ( 1.000000000000000000, 30.00000000000000000, -29.38065218904154818 ) ) ;
#1322 = ORIENTED_EDGE ( 'NONE', *, *, #4446, .F. ) ;
#1323 = VECTOR ( 'NONE', #1311, 1000.000000000000000 ) ;
#1324 = ORIENTED_EDGE ( 'NONE', *, *, #1101, .T. ) ;
#1325 = ORIENTED_EDGE ( 'NONE', *, *, #3519, .F. ) ;
#1326 = EDGE_CURVE ( 'NONE', #5334, #5351, #1014, .T. ) ;
#1327 = ORIENTED_EDGE ( 'NONE', *, *, #3041, .F. ) ;
#1328 = CARTESIAN_POINT ( 'NONE',  ( 0.000000000000000000, 4.423811568827583862, -37.73064716814620567 ) ) ;
#1329 = CARTESIAN_POINT ( 'NONE',  ( 17.84108946836182241, 6.000000000000000000, 32.52691193458118590 ) ) ;
#1330 = CARTESIAN_POINT ( 'NONE',  ( 37.99999999476600010, 10.18401364936989317, -6.894763121266947792 ) ) ;
#1331 = EDGE_LOOP ( 'NONE', ( #2552, #4534, #3555, #5304 ) ) ;
#1332 = DIRECTION ( 'NONE',  ( 0.000000000000000000, 0.000000000000000000, -1.000000000000000000 ) ) ;
#1333 = CARTESIAN_POINT ( 'NONE',  ( 33.00000000000000000, 10.00000000000000178, -14.35565218904154428 ) ) ;
#1334 = CARTESIAN_POINT ( 'NONE',  ( 50.00000000000000000, 6.632933287478962825, -33.95071720073553223 ) ) ;
#1335 = APPROVAL_STATUS ( 'not_yet_approved' ) ;
#1336 = CARTESIAN_POINT ( 'NONE',  ( -5.671947561028375297E-13, 13.63409627284652359, -30.57178226588000314 ) ) ;
#1337 = CARTESIAN_POINT ( 'NONE',  ( 45.05000000000000426, 3.000000000000000000, -24.40565218904154676 ) ) ;
#1338 = DIRECTION ( 'NONE',  ( -4.003208021484940018E-16, 0.000000000000000000, -1.000000000000000000 ) ) ;
#1339 = CARTESIAN_POINT ( 'NONE',  ( 0.000000000000000000, 4.738953621061626542, -1.989896455293449939 ) ) ;
#1340 = DIRECTION ( 'NONE',  ( 0.000000000000000000, -1.000000000000000000, 0.000000000000000000 ) ) ;
#1341 = DIRECTION ( 'NONE',  ( -0.000000000000000000, 0.000000000000000000, -1.000000000000000000 ) ) ;
#1342 = VECTOR ( 'NONE', #4667, 1000.000000000000000 ) ;
#1343 = VERTEX_POINT ( 'NONE', #3658 ) ;
#1344 = LINE ( 'NONE', #3146, #3071 ) ;
#1345 = VERTEX_POINT ( 'NONE', #3306 ) ;
#1346 = CIRCLE ( 'NONE', #4744, 2.000000000000000000 ) ;
#1347 = CARTESIAN_POINT ( 'NONE',  ( 18.99999999999999645, 3.000000000000000000, -10.00000000000000178 ) ) ;
#1348 = CARTESIAN_POINT ( 'NONE',  ( 33.47050554491213603, 5.998486478600587368, -38.21642292627649340 ) ) ;
#1349 = CARTESIAN_POINT ( 'NONE',  ( 49.15665048628718381, 8.679221478407514567, -5.893991542647721182 ) ) ;
#1350 = CARTESIAN_POINT ( 'NONE',  ( 50.00000000000001421, 8.073094888358621546, -6.677018399265136850 ) ) ;
#1351 = ORIENTED_EDGE ( 'NONE', *, *, #539, .F. ) ;
#1352 = AXIS2_PLACEMENT_3D ( 'NONE', #2114, #3899, #2520 ) ;
#1353 = EDGE_LOOP ( 'NONE', ( #729, #1037, #1762, #2965 ) ) ;
#1354 = CARTESIAN_POINT ( 'NONE',  ( 49.83748445759961498, 4.958894478854254828, -1.836477980842821767 ) ) ;
#1355 = CARTESIAN_POINT ( 'NONE',  ( 0.000000000000000000, 3.924510780529890663, -38.09200081590134346 ) ) ;
#1356 = CARTESIAN_POINT ( 'NONE',  ( 14.31271444008317317, 7.029424894716160388, -4.487875564038587228 ) ) ;
#1357 = APPROVAL_PERSON_ORGANIZATION ( #5790, #3226, #4664 ) ;
#1358 = CARTESIAN_POINT ( 'NONE',  ( 35.69215930788387681, 7.033453742156015487, -4.495833362782525988 ) ) ;
#1359 = ORIENTED_EDGE ( 'NONE', *, *, #3729, .F. ) ;
#1360 = ADVANCED_FACE ( 'NONE', ( #2773 ), #1090, .T. ) ;
#1361 = CARTESIAN_POINT ( 'NONE',  ( 18.99999999999999645, 6.000000000000000000, -10.00000000000000178 ) ) ;
#1362 = DIRECTION ( 'NONE',  ( 0.000000000000000000, 1.000000000000000000, 0.000000000000000000 ) ) ;
#1363 = CARTESIAN_POINT ( 'NONE',  ( 50.00000000000000711, 4.326798235817899574, -38.11296504946223962 ) ) ;
#1364 = PERSON_AND_ORGANIZATION ( #4148, #3434 ) ;
#1365 = CARTESIAN_POINT ( 'NONE',  ( -7.090609187108986111E-14, 8.535892702959190004, -33.09613048308827388 ) ) ;
#1366 = DIRECTION ( 'NONE',  ( 0.000000000000000000, 0.000000000000000000, 1.000000000000000000 ) ) ;
#1367 = CARTESIAN_POINT ( 'NONE',  ( 0.000000000000000000, 3.962504073090689971, -1.841979523636182670 ) ) ;
#1368 = CARTESIAN_POINT ( 'NONE',  ( 27.02857373414488862, 3.680189175137875246, -30.55000703331423750 ) ) ;
#1369 = CARTESIAN_POINT ( 'NONE',  ( 16.84674917280519679, 5.989196719233194521, -38.23542939067044699 ) ) ;
#1370 = EDGE_LOOP ( 'NONE', ( #2579, #4628, #1858, #5777 ) ) ;
#1371 = CARTESIAN_POINT ( 'NONE',  ( 34.98645910667153913, 6.000000000000000888, -14.20845981172461414 ) ) ;
#1372 = ORIENTED_EDGE ( 'NONE', *, *, #1561, .F. ) ;
#1373 = CYLINDRICAL_SURFACE ( 'NONE', #3189, 1.000000000000000888 ) ;
#1374 = CARTESIAN_POINT ( 'NONE',  ( 50.00000000000000711, 3.420135086922409862, -1.883131839779127459 ) ) ;
#1375 = FACE_OUTER_BOUND ( 'NONE', #1403, .T. ) ;
#1376 = ADVANCED_FACE ( 'NONE', ( #713 ), #275, .F. ) ;
#1377 = ORIENTED_EDGE ( 'NONE', *, *, #5488, .F. ) ;
#1378 = ORIENTED_EDGE ( 'NONE', *, *, #2387, .T. ) ;
#1379 = CARTESIAN_POINT ( 'NONE',  ( 49.94947471079150603, 4.137260786642425359, -1.526575614843484141 ) ) ;
#1380 = EDGE_CURVE ( 'NONE', #1056, #1872, #3890, .T. ) ;
#1381 = EDGE_CURVE ( 'NONE', #2185, #4597, #2832, .T. ) ;
#1382 = DIRECTION ( 'NONE',  ( 0.000000000000000000, -0.000000000000000000, 1.000000000000000000 ) ) ;
#1383 = CARTESIAN_POINT ( 'NONE',  ( 12.99999999999999822, 10.00000000000000178, -7.940657031817278444 ) ) ;
#1384 = CARTESIAN_POINT ( 'NONE',  ( 37.00618703832223844, 9.474623865909171272, -6.413269064712417311 ) ) ;
#1385 = ORIENTED_EDGE ( 'NONE', *, *, #4022, .T. ) ;
#1386 = EDGE_CURVE ( 'NONE', #2083, #652, #3287, .T. ) ;
#1387 = DIRECTION ( 'NONE',  ( 0.000000000000000000, 0.000000000000000000, 1.000000000000000000 ) ) ;
#1388 = AXIS2_PLACEMENT_3D ( 'NONE', #3455, #2075, #282 ) ;
#1389 = DIRECTION ( 'NONE',  ( 0.000000000000000000, 1.000000000000000000, 0.000000000000000000 ) ) ;
#1390 = ADVANCED_FACE ( 'NONE', ( #4292 ), #1012, .T. ) ;
#1391 = CARTESIAN_POINT ( 'NONE',  ( 50.00000000000000711, 8.087208474398487112, -33.50530230278223343 ) ) ;
#1392 = DATE_AND_TIME ( #1712, #4935 ) ;
#1393 = CIRCLE ( 'NONE', #4589, 3.999999999999999112 ) ;
#1394 = EDGE_CURVE ( 'NONE', #242, #1553, #1590, .T. ) ;
#1395 = CARTESIAN_POINT ( 'NONE',  ( 0.000000000000000000, 11.22797602814454443, -30.30612166210947578 ) ) ;
#1396 = CARTESIAN_POINT ( 'NONE',  ( 16.57281112597491912, 6.015003636937616527, -13.19337614483957211 ) ) ;
#1397 = CARTESIAN_POINT ( 'NONE',  ( 0.06130296203918582376, 4.302508896412255091, -1.555032266345854897 ) ) ;
#1398 = EDGE_CURVE ( 'NONE', #2290, #3351, #2056, .T. ) ;
#1399 = CARTESIAN_POINT ( 'NONE',  ( 30.53013228845673055, 4.913332709567763246, -26.02019717083188510 ) ) ;
#1400 = AXIS2_PLACEMENT_3D ( 'NONE', #4874, #4335, #5266 ) ;
#1401 = DIRECTION ( 'NONE',  ( 0.000000000000000000, 1.000000000000000000, -0.000000000000000000 ) ) ;
#1402 = AXIS2_PLACEMENT_3D ( 'NONE', #5341, #3981, #2248 ) ;
#1403 = EDGE_LOOP ( 'NONE', ( #5721, #3172, #4958, #5296, #5650, #723, #3591, #2921 ) ) ;
#1404 = AXIS2_PLACEMENT_3D ( 'NONE', #2505, #5662, #3330 ) ;
#1405 = ORIENTED_EDGE ( 'NONE', *, *, #1419, .T. ) ;
#1406 = CARTESIAN_POINT ( 'NONE',  ( 33.03081411904944531, 5.966659677326576094, -38.36442065190328776 ) ) ;
#1407 = CARTESIAN_POINT ( 'NONE',  ( 20.19041995899486963, 4.550891323046712955, -6.172927562669753954 ) ) ;
#1408 = CARTESIAN_POINT ( 'NONE',  ( 49.93231873181679248, 3.642382712052722127, -1.572283695681013782 ) ) ;
#1409 = CARTESIAN_POINT ( 'NONE',  ( 12.99999999999999112, 7.651139741363190083, -9.549999999999998934 ) ) ;
#1410 = AXIS2_PLACEMENT_3D ( 'NONE', #3647, #2238, #5423 ) ;
#1411 = ORIENTED_EDGE ( 'NONE', *, *, #5610, .T. ) ;
#1412 = DIRECTION ( 'NONE',  ( 0.000000000000000000, 0.000000000000000000, 1.000000000000000000 ) ) ;
#1413 = ORIENTED_EDGE ( 'NONE', *, *, #5092, .T. ) ;
#1414 = CARTESIAN_POINT ( 'NONE',  ( 35.48156683899192387, 6.569629786857430709, -36.43044183635867483 ) ) ;
#1415 = CARTESIAN_POINT ( 'NONE',  ( 14.82147527756919914, 6.638139369691801406, -3.680802972555333952 ) ) ;
#1416 = EDGE_CURVE ( 'NONE', #2970, #4721, #1481, .T. ) ;
#1417 = CARTESIAN_POINT ( 'NONE',  ( 33.13301509568664471, 5.922501898022138889, -1.446133344965647272 ) ) ;
#1418 = AXIS2_PLACEMENT_3D ( 'NONE', #382, #5317, #1274 ) ;
#1419 = EDGE_CURVE ( 'NONE', #1676, #961, #687, .T. ) ;
#1420 = ORIENTED_EDGE ( 'NONE', *, *, #5651, .F. ) ;
#1421 = AXIS2_PLACEMENT_3D ( 'NONE', #1621, #4293, #5255 ) ;
#1422 = CARTESIAN_POINT ( 'NONE',  ( 14.23975340005118007, 6.725279472170806905, -36.08468468857829947 ) ) ;
#1423 = CARTESIAN_POINT ( 'NONE',  ( -0.000000000000000000, 6.376258602795771502, -4.915784611526039960 ) ) ;
#1424 = CARTESIAN_POINT ( 'NONE',  ( 50.00000000000000000, 4.779167679351007614, -37.08338369651259114 ) ) ;
#1425 = APPROVAL_DATE_TIME ( #3774, #3226 ) ;
#1426 = CARTESIAN_POINT ( 'NONE',  ( 0.1045612368914111967, 4.795873817665756711, -37.97696797237441757 ) ) ;
#1427 = CARTESIAN_POINT ( 'NONE',  ( 49.12695058185612851, 9.402900462963492245, -32.56255180444722441 ) ) ;
#1428 = CARTESIAN_POINT ( 'NONE',  ( 0.000000000000000000, 0.000000000000000000, -38.00000000000000000 ) ) ;
#1429 = CARTESIAN_POINT ( 'NONE',  ( 30.53091157240112707, 4.913804544776997574, -33.97979959354654511 ) ) ;
#1430 = CARTESIAN_POINT ( 'NONE',  ( 14.99142747807090714, 6.540641415993379226, -10.15000000000076241 ) ) ;
#1431 = EDGE_CURVE ( 'NONE', #1890, #242, #2986, .T. ) ;
#1432 = ORIENTED_EDGE ( 'NONE', *, *, #331, .T. ) ;
#1433 = CARTESIAN_POINT ( 'NONE',  ( 37.00000000000000711, 30.00000000000000000, -14.35565218904154605 ) ) ;
#1434 = ORIENTED_EDGE ( 'NONE', *, *, #856, .F. ) ;
#1435 = FACE_OUTER_BOUND ( 'NONE', #297, .T. ) ;
#1436 = CARTESIAN_POINT ( 'NONE',  ( 21.93992882296616642, 3.912762202937384970, -12.72542536039597572 ) ) ;
#1437 = CARTESIAN_POINT ( 'NONE',  ( 2.000000000000000000, 15.76148354395871820, -40.38065218904154818 ) ) ;
#1438 = CARTESIAN_POINT ( 'NONE',  ( 50.00000000000001421, 12.95803939048434827, -9.179033085554545224 ) ) ;
#1439 = ORIENTED_EDGE ( 'NONE', *, *, #3471, .F. ) ;
#1440 = ORIENTED_EDGE ( 'NONE', *, *, #1217, .T. ) ;
#1441 = AXIS2_PLACEMENT_3D ( 'NONE', #1988, #3199, #3251 ) ;
#1442 = CARTESIAN_POINT ( 'NONE',  ( 49.46094305138144875, 6.325874408199726240, -3.323207809865399653 ) ) ;
#1443 = ORIENTED_EDGE ( 'NONE', *, *, #5462, .F. ) ;
#1444 = CARTESIAN_POINT ( 'NONE',  ( 38.00000000000000711, 10.52377123126897729, -31.86206253291310730 ) ) ;
#1445 = CARTESIAN_POINT ( 'NONE',  ( 0.5562516383928419739, 6.400881269998449419, -3.418940367806061253 ) ) ;
#1446 = CARTESIAN_POINT ( 'NONE',  ( 16.72423543852082872, 6.000000000000001776, -26.69511112866520364 ) ) ;
#1447 = AXIS2_PLACEMENT_3D ( 'NONE', #2458, #2137, #1658 ) ;
#1448 = ORIENTED_EDGE ( 'NONE', *, *, #5139, .F. ) ;
#1449 = CARTESIAN_POINT ( 'NONE',  ( 35.00857252192908931, 6.540641415993381891, -29.84999999999923403 ) ) ;
#1450 = CARTESIAN_POINT ( 'NONE',  ( 14.40417538226499516, 6.932778409722020641, -3.648904864977515761 ) ) ;
#1451 = CARTESIAN_POINT ( 'NONE',  ( 0.000000000000000000, 4.903170061392176926, -2.752342765271413860 ) ) ;
#1452 = CARTESIAN_POINT ( 'NONE',  ( 50.00000000000000000, 4.802195826267841916, -37.66311557878902505 ) ) ;
#1453 =( GEOMETRIC_REPRESENTATION_CONTEXT ( 3 ) GLOBAL_UNCERTAINTY_ASSIGNED_CONTEXT ( ( #2475 ) ) GLOBAL_UNIT_ASSIGNED_CONTEXT ( ( #3164, #3603, #834 ) ) REPRESENTATION_CONTEXT ( 'NONE', 'WORKASPACE' ) );
#1454 = CARTESIAN_POINT ( 'NONE',  ( 3.109340875755836342E-14, 4.553562667252573526, -37.92841398301779776 ) ) ;
#1455 = CARTESIAN_POINT ( 'NONE',  ( 49.61953335693942080, 5.817753646437947346, -36.77457720874100744 ) ) ;
#1456 = DIRECTION ( 'NONE',  ( -0.3902751658169184568, 0.000000000000000000, 0.9206982648764885369 ) ) ;
#1457 = CARTESIAN_POINT ( 'NONE',  ( 12.99999999999999822, 9.999687487792014551, -30.00000000000000355 ) ) ;
#1458 = CARTESIAN_POINT ( 'NONE',  ( 14.99142747807082365, 6.540641415993323271, -9.850000000001513101 ) ) ;
#1459 = ORIENTED_EDGE ( 'NONE', *, *, #3030, .F. ) ;
#1460 = VERTEX_POINT ( 'NONE', #4785 ) ;
#1461 = ADVANCED_FACE ( 'NONE', ( #741 ), #4690, .F. ) ;
#1462 = ADVANCED_FACE ( 'NONE', ( #5254 ), #5634, .F. ) ;
#1463 = CARTESIAN_POINT ( 'NONE',  ( 38.00000000000000711, 30.00000000000000000, -14.35565218904154605 ) ) ;
#1464 = CARTESIAN_POINT ( 'NONE',  ( 37.00000000000000711, 10.00000000000000178, -30.45000000000002771 ) ) ;
#1465 = CARTESIAN_POINT ( 'NONE',  ( 0.05436082429987399572, 3.838656390135933183, -1.536871294367391672 ) ) ;
#1466 = LINE ( 'NONE', #3260, #5117 ) ;
#1467 = ADVANCED_FACE ( 'NONE', ( #2562 ), #1533, .T. ) ;
#1468 = EDGE_CURVE ( 'NONE', #4997, #858, #4448, .T. ) ;
#1469 = VERTEX_POINT ( 'NONE', #425 ) ;
#1470 = CARTESIAN_POINT ( 'NONE',  ( 37.00000000000000711, 9.999999996181749395, -29.69999815328439752 ) ) ;
#1471 = EDGE_LOOP ( 'NONE', ( #3394, #508, #4876 ) ) ;
#1472 =( BOUNDED_CURVE ( )  B_SPLINE_CURVE ( 3, ( #1929, #5146, #3779, #3224 ),
 .UNSPECIFIED., .F., .F. ) 
 B_SPLINE_CURVE_WITH_KNOTS ( ( 4, 4 ),
 ( 4.712388980384689674, 6.283185307179586232 ),
 .UNSPECIFIED. ) 
 CURVE ( )  GEOMETRIC_REPRESENTATION_ITEM ( )  RATIONAL_B_SPLINE_CURVE ( ( 1.000000000000000000, 0.8047378541243649375, 0.8047378541243649375, 1.000000000000000000 ) ) 
 REPRESENTATION_ITEM ( '' )  );
#1473 = CARTESIAN_POINT ( 'NONE',  ( 16.99999999999999645, 6.000000000000000000, -33.46410161513775705 ) ) ;
#1474 = CARTESIAN_POINT ( 'NONE',  ( 50.00000000000000711, 4.817775930697168363, -37.00729228278827065 ) ) ;
#1475 = DIRECTION ( 'NONE',  ( -1.000000000000000000, 0.000000000000000000, 4.003208021484940018E-16 ) ) ;
#1476 = ORIENTED_EDGE ( 'NONE', *, *, #2687, .T. ) ;
#1477 = CARTESIAN_POINT ( 'NONE',  ( 14.75353927085922479, 6.670791199819355199, -36.19691247092962527 ) ) ;
#1478 = CARTESIAN_POINT ( 'NONE',  ( 29.77402264250418540, 4.535530244654641940, -39.92897639995237569 ) ) ;
#1479 = CARTESIAN_POINT ( 'NONE',  ( 0.000000000000000000, 11.20499317387806393, -8.579080892886219445 ) ) ;
#1480 = CARTESIAN_POINT ( 'NONE',  ( 22.55879462525801671, 3.761550316423117213, -28.15378146319917718 ) ) ;
#1481 = CIRCLE ( 'NONE', #5527, 1.000000000000000888 ) ;
#1482 = CARTESIAN_POINT ( 'NONE',  ( -1.303580890403575333E-14, 4.174361198890762736, -38.17943405790119016 ) ) ;
#1483 = CARTESIAN_POINT ( 'NONE',  ( 33.00000000000000000, 6.000000000000000000, -38.00000000000000000 ) ) ;
#1484 = CARTESIAN_POINT ( 'NONE',  ( 28.06533495595589045, 3.914219765782678717, -32.73102230057752848 ) ) ;
#1485 = CARTESIAN_POINT ( 'NONE',  ( 16.47472738450739982, 6.027977112002444571, -6.882339881190662645 ) ) ;
#1486 = AXIS2_PLACEMENT_3D ( 'NONE', #1347, #4853, #3055 ) ;
#1487 = ORIENTED_EDGE ( 'NONE', *, *, #2422, .T. ) ;
#1488 = VERTEX_POINT ( 'NONE', #398 ) ;
#1489 = AXIS2_PLACEMENT_3D ( 'NONE', #1209, #2564, #343 ) ;
#1490 = PLANE ( 'NONE',  #937 ) ;
#1491 = AXIS2_PLACEMENT_3D ( 'NONE', #4329, #4763, #1240 ) ;
#1492 = CARTESIAN_POINT ( 'NONE',  ( 22.77991049561957837, 3.715781680582706858, -11.33698736671372309 ) ) ;
#1493 = CARTESIAN_POINT ( 'NONE',  ( 1.999999999999999556, 4.000000000000000000, -1.999999999999999556 ) ) ;
#1494 = CARTESIAN_POINT ( 'NONE',  ( 50.00000000000000000, 0.000000000000000000, -38.00000000000000000 ) ) ;
#1495 = ORIENTED_EDGE ( 'NONE', *, *, #5792, .T. ) ;
#1496 = DIRECTION ( 'NONE',  ( 0.000000000000000000, 1.000000000000000000, 0.000000000000000000 ) ) ;
#1497 = VERTEX_POINT ( 'NONE', #1236 ) ;
#1498 = CYLINDRICAL_SURFACE ( 'NONE', #4386, 0.9999999999999991118 ) ;
#1499 = FACE_OUTER_BOUND ( 'NONE', #1975, .T. ) ;
#1500 = CARTESIAN_POINT ( 'NONE',  ( 0.5145250208731886321, 6.224748845065722236, -3.192050360322596259 ) ) ;
#1501 = DIRECTION ( 'NONE',  ( -0.000000000000000000, -0.000000000000000000, -1.000000000000000000 ) ) ;
#1502 = EDGE_CURVE ( 'NONE', #1932, #3565, #1306, .T. ) ;
#1503 = ORIENTED_EDGE ( 'NONE', *, *, #3214, .F. ) ;
#1504 = ADVANCED_FACE ( 'NONE', ( #3095, #5782 ), #4439, .T. ) ;
#1505 =( BOUNDED_SURFACE ( )  B_SPLINE_SURFACE ( 3, 2, ( 
 ( #2059, #1664, #1222 ),
 ( #726, #4823, #1191 ),
 ( #2989, #3467, #4249 ),
 ( #2464, #786, #2549 ),
 ( #4770, #2494, #5267 ),
 ( #4336, #1576, #5681 ),
 ( #5244, #5293, #5216 ),
 ( #1638, #2142, #329 ),
 ( #2524, #1690, #2575 ),
 ( #5618, #2119, #3877 ),
 ( #4361, #3378, #3902 ),
 ( #353, #701, #1250 ),
 ( #3442, #4737, #5710 ),
 ( #3928, #5179, #5739 ),
 ( #4310, #238, #2029 ),
 ( #3814, #1165, #4279 ),
 ( #268, #3849, #5653 ),
 ( #2962, #302, #2093 ),
 ( #3108, #4905, #1774 ),
 ( #934, #4420, #3 ),
 ( #5438, #1339, #384 ),
 ( #876, #1744, #5350 ),
 ( #5319, #464, #1837 ),
 ( #5409, #4875, #1397 ),
 ( #2226, #1276, #4939 ),
 ( #1367, #3959, #4967 ),
 ( #2663, #494, #1804 ),
 ( #4052, #3551, #4486 ),
 ( #4020, #4846, #1717 ),
 ( #2255, #3525, #811 ),
 ( #36, #5766, #3608 ),
 ( #3580, #2724, #3075 ) ),
 .UNSPECIFIED., .F., .F., .F. ) 
 B_SPLINE_SURFACE_WITH_KNOTS ( ( 4, 2, 2, 2, 2, 2, 2, 2, 2, 2, 2, 2, 2, 2, 2, 4 ),
 ( 3, 3 ),
 ( 0.000000000000000000, 0.001840013671461900556, 0.003680027342923801112, 0.005520041014385701668, 0.007360054685847602224, 0.009200068357309503647, 0.01104008202877140334, 0.01196008886450235231, 0.01288009570023330302, 0.01334009911809877838, 0.01380010253596425374, 0.01403010424489699141, 0.01426010595382972909, 0.01437510680829609880, 0.01449010766276246677, 0.01472010937169520445 ),
 ( 0.000000000000000000, 1.000000000000000000 ),
 .UNSPECIFIED. ) 
 GEOMETRIC_REPRESENTATION_ITEM ( )  RATIONAL_B_SPLINE_SURFACE ( (
 ( 1.000000000000000000, 0.7071067811865473507, 1.000000000000000000),
 ( 1.000000000000000000, 0.7088506788434555395, 1.000000000000000000),
 ( 1.000000000000000000, 0.7108327816614959938, 1.000000000000000000),
 ( 1.000000000000000000, 0.7155834056600597348, 1.000000000000000000),
 ( 1.000000000000000000, 0.7183420629003736124, 1.000000000000000000),
 ( 1.000000000000000000, 0.7251884625882938362, 1.000000000000000000),
 ( 1.000000000000000000, 0.7291908173536217896, 1.000000000000000000),
 ( 1.000000000000000000, 0.7391420249416299493, 1.000000000000000000),
 ( 1.000000000000000000, 0.7450729770250692496, 1.000000000000000000),
 ( 1.000000000000000000, 0.7605161841030770864, 1.000000000000000000),
 ( 1.000000000000000000, 0.7698725963142607487, 1.000000000000000000),
 ( 1.000000000000000000, 0.7944644192657790427, 1.000000000000000000),
 ( 1.000000000000000000, 0.8096807240184157317, 1.000000000000000000),
 ( 1.000000000000000000, 0.8408566105370897104, 1.000000000000000000),
 ( 1.000000000000000000, 0.8526701275647529110, 1.000000000000000000),
 ( 1.000000000000000000, 0.8798244536245310998, 1.000000000000000000),
 ( 1.000000000000000000, 0.8952276450460354695, 1.000000000000000000),
 ( 1.000000000000000000, 0.9212205918341257460, 1.000000000000000000),
 ( 1.000000000000000000, 0.9303657294307244863, 1.000000000000000000),
 ( 1.000000000000000000, 0.9492823567661267115, 1.000000000000000000),
 ( 1.000000000000000000, 0.9591424353694801841, 1.000000000000000000),
 ( 1.000000000000000000, 0.9729261365252845906, 1.000000000000000000),
 ( 1.000000000000000000, 0.9774175412738924651, 1.000000000000000000),
 ( 1.000000000000000000, 0.9845614504408265466, 1.000000000000000000),
 ( 1.000000000000000000, 0.9871856798903485553, 1.000000000000000000),
 ( 1.000000000000000000, 0.9872330547002133860, 1.000000000000000000),
 ( 1.000000000000000000, 0.9866283884230543366, 1.000000000000000000),
 ( 1.000000000000000000, 0.9844552771801805546, 1.000000000000000000),
 ( 1.000000000000000000, 0.9829356665175068564, 1.000000000000000000),
 ( 1.000000000000000000, 0.9775933884254683903, 1.000000000000000000),
 ( 1.000000000000000000, 0.9731242356233855695, 1.000000000000000000),
 ( 1.000000000000000000, 0.9686018860493684768, 1.000000000000000000) ) ) 
 REPRESENTATION_ITEM ( '' )  SURFACE ( )  );
#1506 = ORIENTED_EDGE ( 'NONE', *, *, #4209, .T. ) ;
#1507 = CARTESIAN_POINT ( 'NONE',  ( 13.79298740049034144, 7.027307320849342176, -35.49982372496869942 ) ) ;
#1508 = CARTESIAN_POINT ( 'NONE',  ( 33.90156691584297732, 6.020939791319261936, -1.736866329515507346 ) ) ;
#1509 = CARTESIAN_POINT ( 'NONE',  ( 0.000000000000000000, 5.316148025440629254, -3.402963974819583903 ) ) ;
#1510 = CARTESIAN_POINT ( 'NONE',  ( 22.85966873921404030, 3.700787169026744206, -28.91478502343876755 ) ) ;
#1511 = VECTOR ( 'NONE', #2465, 1000.000000000000000 ) ;
#1512 = EDGE_LOOP ( 'NONE', ( #244, #158, #2888 ) ) ;
#1513 = CARTESIAN_POINT ( 'NONE',  ( -9.069987169702989338E-15, 4.802195826267324996, -37.66311557878844241 ) ) ;
#1514 = CARTESIAN_POINT ( 'NONE',  ( 15.05125527166821620, 6.506807479711560482, -29.54999999999997584 ) ) ;
#1515 = CARTESIAN_POINT ( 'NONE',  ( 18.05577927628469936, 5.832725922256326356, -38.82616134854163192 ) ) ;
#1516 = FACE_OUTER_BOUND ( 'NONE', #5386, .T. ) ;
#1517 = VERTEX_POINT ( 'NONE', #1704 ) ;
#1518 = EDGE_LOOP ( 'NONE', ( #1619, #1641, #1562 ) ) ;
#1519 = CIRCLE ( 'NONE', #1054, 4.000000000000006217 ) ;
#1520 = CARTESIAN_POINT ( 'NONE',  ( 21.93466504404410600, 3.914219765782681382, -7.268977699422483063 ) ) ;
#1521 = DIRECTION ( 'NONE',  ( -0.000000000000000000, -1.000000000000000000, -0.000000000000000000 ) ) ;
#1522 = PLANE ( 'NONE',  #3609 ) ;
#1523 = ORIENTED_EDGE ( 'NONE', *, *, #2016, .T. ) ;
#1524 = CARTESIAN_POINT ( 'NONE',  ( 49.05498849547941376, 11.40687471529390251, -7.581653519102965255 ) ) ;
#1525 = CARTESIAN_POINT ( 'NONE',  ( 1.000000000000000000, 31.00000000000000000, -30.38065218904154818 ) ) ;
#1526 = CARTESIAN_POINT ( 'NONE',  ( 31.79213307374569553, 5.717078151971123567, -13.92565264014664450 ) ) ;
#1527 = CARTESIAN_POINT ( 'NONE',  ( 49.99999999999998579, 6.671593519580753195, -33.90089403009977076 ) ) ;
#1528 = DIRECTION ( 'NONE',  ( -0.000000000000000000, -0.000000000000000000, 1.000000000000000000 ) ) ;
#1529 = CIRCLE ( 'NONE', #3133, 4.000000000000006217 ) ;
#1530 = EDGE_CURVE ( 'NONE', #368, #506, #4377, .T. ) ;
#1531 = EDGE_LOOP ( 'NONE', ( #1930, #2116, #1105 ) ) ;
#1532 = B_SPLINE_CURVE_WITH_KNOTS ( 'NONE', 3,
 ( #5809, #4500, #1379, #4065, #1756, #1354, #3566, #3154, #4952, #2407, #1442, #213, #4175, #5044, #3680, #591, #2468, #563, #1524, #2905, #103, #1939, #616, #4196 ),
 .UNSPECIFIED., .F., .F.,
 ( 4, 2, 2, 2, 2, 2, 2, 2, 2, 2, 2, 4 ),
 ( 1.662357378402396712E-16, 0.0004466613190571075008, 0.0008933226381140486850, 0.001786645276227928235, 0.002679967914341807242, 0.003573290552455686466, 0.005359935828683444481, 0.007146581104911202929, 0.008933226381138961378, 0.01071987165736672069, 0.01250651693359447827, 0.01429316220982223586 ),
 .UNSPECIFIED. ) ;
#1533 = SPHERICAL_SURFACE ( 'NONE', #4297, 1.000000000000000000 ) ;
#1534 = CARTESIAN_POINT ( 'NONE',  ( 19.00000000000000000, 0.000000000000000000, -32.05000000000001137 ) ) ;
#1535 = CIRCLE ( 'NONE', #1813, 1.999999999999998224 ) ;
#1536 = CARTESIAN_POINT ( 'NONE',  ( 35.55447977438643647, 6.914172557903188299, -35.03226647462863497 ) ) ;
#1537 = CARTESIAN_POINT ( 'NONE',  ( 21.33308492157529557, 4.097754388825626037, -26.74047045960341507 ) ) ;
#1538 = EDGE_CURVE ( 'NONE', #4581, #4951, #5258, .T. ) ;
#1539 = VECTOR ( 'NONE', #5246, 1000.000000000000000 ) ;
#1540 = CARTESIAN_POINT ( 'NONE',  ( 0.04430730929401970053, 4.429434245140984494, -38.21874662017714996 ) ) ;
#1541 = CARTESIAN_POINT ( 'NONE',  ( 28.66691507842468667, 4.097754388825625149, -13.25952954039658493 ) ) ;
#1542 = DIRECTION ( 'NONE',  ( -0.000000000000000000, -0.000000000000000000, -1.000000000000000000 ) ) ;
#1543 = DIRECTION ( 'NONE',  ( -0.000000000000000000, -1.000000000000000000, -0.000000000000000000 ) ) ;
#1544 = ORIENTED_EDGE ( 'NONE', *, *, #2495, .F. ) ;
#1545 = ORIENTED_EDGE ( 'NONE', *, *, #4115, .F. ) ;
#1546 = EDGE_CURVE ( 'NONE', #41, #3094, #2910, .T. ) ;
#1547 = FACE_OUTER_BOUND ( 'NONE', #2498, .T. ) ;
#1548 = CARTESIAN_POINT ( 'NONE',  ( 37.00000000000000711, 10.00000000000000178, -30.29999996382821692 ) ) ;
#1549 = CARTESIAN_POINT ( 'NONE',  ( 0.05320297860012954128, 4.504473202397990761, -38.18310036650378692 ) ) ;
#1550 = DIRECTION ( 'NONE',  ( 4.309871990004489798E-16, -0.000000000000000000, 1.000000000000000000 ) ) ;
#1551 = EDGE_LOOP ( 'NONE', ( #4405, #4217, #4920, #4140, #4784 ) ) ;
#1552 = DIRECTION ( 'NONE',  ( 0.000000000000000000, 0.000000000000000000, 1.000000000000000000 ) ) ;
#1553 = VERTEX_POINT ( 'NONE', #5454 ) ;
#1554 = CARTESIAN_POINT ( 'NONE',  ( 11.99999999999999822, 30.00000000000000000, -13.35565218904154960 ) ) ;
#1555 = EDGE_CURVE ( 'NONE', #3706, #858, #642, .T. ) ;
#1556 = FACE_OUTER_BOUND ( 'NONE', #5742, .T. ) ;
#1557 = DIRECTION ( 'NONE',  ( 0.000000000000000000, -1.084202172485503487E-14, 1.000000000000000000 ) ) ;
#1558 = LINE ( 'NONE', #3386, #3001 ) ;
#1559 = ADVANCED_FACE ( 'NONE', ( #1499 ), #3299, .T. ) ;
#1560 = B_SPLINE_CURVE_WITH_KNOTS ( 'NONE', 3,
 ( #1653, #4407, #1705, #370, #5669, #3456 ),
 .UNSPECIFIED., .F., .F.,
 ( 4, 2, 4 ),
 ( -1.182416636121661223E-05, 0.0002436501265779762498, 0.0004991244195171691458 ),
 .UNSPECIFIED. ) ;
#1561 = EDGE_CURVE ( 'NONE', #2616, #5088, #4309, .T. ) ;
#1562 = ORIENTED_EDGE ( 'NONE', *, *, #2853, .F. ) ;
#1563 = CARTESIAN_POINT ( 'NONE',  ( 16.23944623892851524, 6.069241850520122661, -37.91259416812138738 ) ) ;
#1564 = CARTESIAN_POINT ( 'NONE',  ( 30.53813990536566791, 4.919182409091735764, -39.78039550683089232 ) ) ;
#1565 = CARTESIAN_POINT ( 'NONE',  ( 34.42315635241539695, 6.253961204691265152, -36.91371125779168949 ) ) ;
#1566 = CARTESIAN_POINT ( 'NONE',  ( 22.56198684873951166, 3.760850905784109077, -31.84051847669452329 ) ) ;
#1567 = VERTEX_POINT ( 'NONE', #949 ) ;
#1568 = LINE ( 'NONE', #2922, #1962 ) ;
#1569 = EDGE_CURVE ( 'NONE', #4205, #3826, #1931, .T. ) ;
#1570 = CIRCLE ( 'NONE', #5158, 0.9999999999999991118 ) ;
#1571 = CARTESIAN_POINT ( 'NONE',  ( 27.57061792907451192, 3.789855039892303434, -7.923442662878739107 ) ) ;
#1572 = DIRECTION ( 'NONE',  ( 0.000000000000000000, 0.000000000000000000, -1.000000000000000000 ) ) ;
#1573 = CARTESIAN_POINT ( 'NONE',  ( 4.949999999999997513, 31.00000000000000000, -13.35565218904154605 ) ) ;
#1574 = ORIENTED_EDGE ( 'NONE', *, *, #3270, .T. ) ;
#1575 = DIRECTION ( 'NONE',  ( -1.000000000000000000, -0.000000000000000000, 4.309871990004489798E-16 ) ) ;
#1576 = CARTESIAN_POINT ( 'NONE',  ( 8.472228240258286013E-15, 11.54235044943103361, -7.689748181190362075 ) ) ;
#1577 = CARTESIAN_POINT ( 'NONE',  ( 0.01870792396484663098, 4.052414141740132258, -38.32145224851780085 ) ) ;
#1578 = CARTESIAN_POINT ( 'NONE',  ( 19.00000000000000000, 3.000000000000000000, -30.00000000000000355 ) ) ;
#1579 = AXIS2_PLACEMENT_3D ( 'NONE', #4256, #4653, #5625 ) ;
#1580 = EDGE_LOOP ( 'NONE', ( #3915, #569, #4916, #4942 ) ) ;
#1581 = CARTESIAN_POINT ( 'NONE',  ( 37.00000000000000711, 31.00000000000000000, -30.38065218904154818 ) ) ;
#1582 = CIRCLE ( 'NONE', #4979, 1.000000000000000888 ) ;
#1583 = CARTESIAN_POINT ( 'NONE',  ( 33.58444884599447988, 6.042927907351734795, -1.999999999999999556 ) ) ;
#1584 = CARTESIAN_POINT ( 'NONE',  ( 37.00000000000000711, 31.00000000000000000, -25.40565218904155032 ) ) ;
#1585 = CARTESIAN_POINT ( 'NONE',  ( 1.999999999999999556, 5.960247257326453330, -38.39677536484025921 ) ) ;
#1586 = FACE_BOUND ( 'NONE', #1669, .T. ) ;
#1587 = CIRCLE ( 'NONE', #191, 0.9999999999999991118 ) ;
#1588 = DIRECTION ( 'NONE',  ( 0.000000000000000000, 0.000000000000000000, 1.000000000000000000 ) ) ;
#1589 = EDGE_LOOP ( 'NONE', ( #4799, #2654, #1063 ) ) ;
#1590 = LINE ( 'NONE', #5603, #5342 ) ;
#1591 = CARTESIAN_POINT ( 'NONE',  ( 34.06236120234984099, 6.050627992804373356, -1.819793365889712744 ) ) ;
#1592 = CARTESIAN_POINT ( 'NONE',  ( 1.999999999999999556, 4.000000000000000000, -1.999999999999999556 ) ) ;
#1593 = CARTESIAN_POINT ( 'NONE',  ( 12.99999999999999822, 30.00000000000000000, -25.40565218904154676 ) ) ;
#1594 = EDGE_CURVE ( 'NONE', #3781, #4880, #333, .T. ) ;
#1595 = CARTESIAN_POINT ( 'NONE',  ( 50.00000000000000000, 3.775946412290394072, -37.99307169505755866 ) ) ;
#1596 = AXIS2_PLACEMENT_3D ( 'NONE', #4826, #2097, #5689 ) ;
#1597 = ORIENTED_EDGE ( 'NONE', *, *, #2782, .F. ) ;
#1598 = CARTESIAN_POINT ( 'NONE',  ( 12.99999999999999822, 30.00000000000000000, -9.380652189041551736 ) ) ;
#1599 = CARTESIAN_POINT ( 'NONE',  ( 28.06533495595586913, 3.914219765782676053, -12.73102230057751960 ) ) ;
#1600 = DIRECTION ( 'NONE',  ( 1.000000000000000000, 1.734723475976807094E-15, -4.336808689942017736E-16 ) ) ;
#1601 = DIRECTION ( 'NONE',  ( -1.000000000000000000, -0.000000000000000000, -0.000000000000000000 ) ) ;
#1602 = AXIS2_PLACEMENT_3D ( 'NONE', #3872, #4214, #4765 ) ;
#1603 = EDGE_LOOP ( 'NONE', ( #585, #4026, #3262, #5247 ) ) ;
#1604 = DIRECTION ( 'NONE',  ( 0.000000000000000000, 0.000000000000000000, -1.000000000000000000 ) ) ;
#1605 = FACE_OUTER_BOUND ( 'NONE', #4971, .T. ) ;
#1606 = CARTESIAN_POINT ( 'NONE',  ( 16.99999999999999645, 5.906861305794524064, -1.396775364840257216 ) ) ;
#1607 = EDGE_CURVE ( 'NONE', #3819, #1788, #2383, .T. ) ;
#1608 = EDGE_CURVE ( 'NONE', #5351, #1178, #2797, .T. ) ;
#1609 = FACE_OUTER_BOUND ( 'NONE', #3594, .T. ) ;
#1610 = ORIENTED_EDGE ( 'NONE', *, *, #5167, .F. ) ;
#1611 = CARTESIAN_POINT ( 'NONE',  ( 16.99999999999999645, 6.000000000000000000, -1.999999999999999556 ) ) ;
#1612 = CARTESIAN_POINT ( 'NONE',  ( 49.00000000000000000, 30.00000000000000000, -29.38065218904154818 ) ) ;
#1613 = CARTESIAN_POINT ( 'NONE',  ( 31.40552326584913345, 5.446205914991282704, -13.98419054996961108 ) ) ;
#1614 = CARTESIAN_POINT ( 'NONE',  ( 37.00000000000000711, 7.651139741363192748, -10.44999999999999396 ) ) ;
#1615 = CARTESIAN_POINT ( 'NONE',  ( 11.99999999999999822, 30.00000000000000000, 0.000000000000000000 ) ) ;
#1616 = ORIENTED_EDGE ( 'NONE', *, *, #4961, .T. ) ;
#1617 = FACE_OUTER_BOUND ( 'NONE', #1531, .T. ) ;
#1618 = EDGE_LOOP ( 'NONE', ( #202, #1867 ) ) ;
#1619 = ORIENTED_EDGE ( 'NONE', *, *, #2621, .F. ) ;
#1620 = CARTESIAN_POINT ( 'NONE',  ( 16.57721385618795651, 6.022133441266577236, -38.10974974193107556 ) ) ;
#1621 = CARTESIAN_POINT ( 'NONE',  ( 3.755270208993146793E-15, 30.00000000000000000, -9.380652189041567723 ) ) ;
#1622 = CARTESIAN_POINT ( 'NONE',  ( 34.65691631363194602, 6.357425013763401189, -28.34991038692883691 ) ) ;
#1623 = CARTESIAN_POINT ( 'NONE',  ( 33.95568380409758191, 6.113485671338438898, -37.50956442994466045 ) ) ;
#1624 = ORIENTED_EDGE ( 'NONE', *, *, #1800, .F. ) ;
#1625 = CIRCLE ( 'NONE', #3784, 10.00000000000000000 ) ;
#1626 = CARTESIAN_POINT ( 'NONE',  ( 31.39899914161257399, 5.442709036465563699, -0.6074227177822950630 ) ) ;
#1627 = ORIENTED_EDGE ( 'NONE', *, *, #371, .F. ) ;
#1628 = AXIS2_PLACEMENT_3D ( 'NONE', #575, #5487, #5108 ) ;
#1629 = CARTESIAN_POINT ( 'NONE',  ( 21.22877183428583336, 4.127189436890737362, 3.104375751687010743E-16 ) ) ;
#1630 = ADVANCED_FACE ( 'NONE', ( #3681 ), #4591, .F. ) ;
#1631 = CARTESIAN_POINT ( 'NONE',  ( 29.80714875889186288, 4.549767673964427495, -6.173665445123609707 ) ) ;
#1632 = CARTESIAN_POINT ( 'NONE',  ( 19.10985931025714635, 5.120703430832274528, -39.66093954493616280 ) ) ;
#1633 = DIRECTION ( 'NONE',  ( -0.000000000000000000, 1.000000000000000000, -0.000000000000000000 ) ) ;
#1634 = AXIS2_PLACEMENT_3D ( 'NONE', #4705, #200, #666 ) ;
#1635 = ORIENTED_EDGE ( 'NONE', *, *, #104, .F. ) ;
#1636 = CC_DESIGN_SECURITY_CLASSIFICATION ( #4454, ( #5126 ) ) ;
#1637 = CARTESIAN_POINT ( 'NONE',  ( 37.46957430194162697, 8.466363632418174134, -33.53099728930202161 ) ) ;
#1638 = CARTESIAN_POINT ( 'NONE',  ( 0.000000000000000000, 9.536172817312063898, -7.737038359887308481 ) ) ;
#1639 = CARTESIAN_POINT ( 'NONE',  ( 0.9772475112564058541, 13.55660475938021925, -30.60973528204582195 ) ) ;
#1640 = CARTESIAN_POINT ( 'NONE',  ( 37.00000000000000711, 9.999687487792014551, -9.999999999999998224 ) ) ;
#1641 = ORIENTED_EDGE ( 'NONE', *, *, #2367, .T. ) ;
#1642 = CARTESIAN_POINT ( 'NONE',  ( 4.535786437626902590, 30.99999999999999645, -24.81986575141464613 ) ) ;
#1643 = EDGE_CURVE ( 'NONE', #3852, #4205, #1158, .T. ) ;
#1644 = CARTESIAN_POINT ( 'NONE',  ( 0.7168734545168174987, 7.396210620308859340, -34.53525674552977875 ) ) ;
#1645 = LINE ( 'NONE', #5249, #5536 ) ;
#1646 = CARTESIAN_POINT ( 'NONE',  ( 37.00000000000000711, 7.666045243362185069, -10.30461718403305227 ) ) ;
#1647 = EDGE_CURVE ( 'NONE', #5698, #4987, #1393, .T. ) ;
#1648 = CARTESIAN_POINT ( 'NONE',  ( 12.99999999999999822, 15.44116783476714261, 1.619347810958454259 ) ) ;
#1649 = FACE_OUTER_BOUND ( 'NONE', #3812, .T. ) ;
#1650 = VERTEX_POINT ( 'NONE', #1473 ) ;
#1651 = EDGE_LOOP ( 'NONE', ( #1144, #3997 ) ) ;
#1652 = DIRECTION ( 'NONE',  ( -1.000000000000000000, 0.000000000000000000, 0.000000000000000000 ) ) ;
#1653 = CARTESIAN_POINT ( 'NONE',  ( 50.00000000000000000, 3.668037424472899932, -2.000000000000000000 ) ) ;
#1654 = CARTESIAN_POINT ( 'NONE',  ( 18.99999999999999645, 0.000000000000000000, -12.05000000000000249 ) ) ;
#1655 = LINE ( 'NONE', #5728, #1033 ) ;
#1656 = CARTESIAN_POINT ( 'NONE',  ( 48.00000000000000000, 0.000000000000000000, -40.00000000000000000 ) ) ;
#1657 =( BOUNDED_CURVE ( )  B_SPLINE_CURVE ( 3, ( #4682, #2444, #1140, #1114 ),
 .UNSPECIFIED., .F., .F. ) 
 B_SPLINE_CURVE_WITH_KNOTS ( ( 4, 4 ),
 ( 1.570796326794896558, 3.141592653589793116 ),
 .UNSPECIFIED. ) 
 CURVE ( )  GEOMETRIC_REPRESENTATION_ITEM ( )  RATIONAL_B_SPLINE_CURVE ( ( 1.000000000000000000, 0.8047378541243649375, 0.8047378541243649375, 1.000000000000000000 ) ) 
 REPRESENTATION_ITEM ( '' )  );
#1658 = DIRECTION ( 'NONE',  ( 1.000000000000000000, 0.000000000000000000, 0.000000000000000000 ) ) ;
#1659 = CARTESIAN_POINT ( 'NONE',  ( 49.02170030130896805, 13.63785541761752640, -30.59268761664617031 ) ) ;
#1660 = DIRECTION ( 'NONE',  ( 0.000000000000000000, 0.000000000000000000, 1.000000000000000000 ) ) ;
#1661 = EDGE_CURVE ( 'NONE', #1991, #5340, #2714, .T. ) ;
#1662 = VERTEX_POINT ( 'NONE', #2503 ) ;
#1663 = CARTESIAN_POINT ( 'NONE',  ( 37.95953561847496616, 9.870462764357249341, -32.29107913947691344 ) ) ;
#1664 = CARTESIAN_POINT ( 'NONE',  ( 1.925929944387235853E-31, 15.39738221800560147, -8.380652189041546407 ) ) ;
#1665 = CARTESIAN_POINT ( 'NONE',  ( 31.00000000000000000, 3.000000000000000000, -32.05000000000001137 ) ) ;
#1666 = DIRECTION ( 'NONE',  ( 1.000000000000000000, 0.000000000000000000, 0.000000000000000000 ) ) ;
#1667 = ORIENTED_EDGE ( 'NONE', *, *, #1326, .F. ) ;
#1668 = VECTOR ( 'NONE', #5720, 1000.000000000000000 ) ;
#1669 = EDGE_LOOP ( 'NONE', ( #4321, #4147 ) ) ;
#1670 = CYLINDRICAL_SURFACE ( 'NONE', #1884, 1.000000000000000888 ) ;
#1671 = CARTESIAN_POINT ( 'NONE',  ( 33.14129783731174683, 5.979645301424159953, -38.30094037574989585 ) ) ;
#1672 = CARTESIAN_POINT ( 'NONE',  ( 33.52527261549261084, 6.027977112002443683, -33.11766011880934713 ) ) ;
#1673 = CARTESIAN_POINT ( 'NONE',  ( 50.00000000000000000, 15.39738221800560147, -8.380652189041537525 ) ) ;
#1674 = AXIS2_PLACEMENT_3D ( 'NONE', #2348, #42, #3725 ) ;
#1675 = CYLINDRICAL_SURFACE ( 'NONE', #3830, 4.000000000000003553 ) ;
#1676 = VERTEX_POINT ( 'NONE', #2936 ) ;
#1677 = CARTESIAN_POINT ( 'NONE',  ( -0.000000000000000000, 11.25334690145686700, -30.29525841806469089 ) ) ;
#1678 = CARTESIAN_POINT ( 'NONE',  ( 13.54221376879152849, 7.925944749638079934, -33.17755329499905770 ) ) ;
#1679 = LINE ( 'NONE', #5256, #3091 ) ;
#1680 = EDGE_CURVE ( 'NONE', #731, #4432, #4286, .T. ) ;
#1681 = VECTOR ( 'NONE', #5566, 1000.000000000000000 ) ;
#1682 = CARTESIAN_POINT ( 'NONE',  ( 31.82609627347117609, 5.743526607367044789, -1.005316004593214796 ) ) ;
#1683 = EDGE_CURVE ( 'NONE', #762, #1517, #3277, .T. ) ;
#1684 = VECTOR ( 'NONE', #4638, 1000.000000000000000 ) ;
#1685 = DIRECTION ( 'NONE',  ( 0.000000000000000000, 0.000000000000000000, -1.000000000000000000 ) ) ;
#1686 = CARTESIAN_POINT ( 'NONE',  ( -5.756115127779223462E-15, 30.00000000000000000, -13.35565218904153006 ) ) ;
#1687 = CARTESIAN_POINT ( 'NONE',  ( 16.98682106753848231, 5.961266259730683359, -38.39174767099195407 ) ) ;
#1688 = DIRECTION ( 'NONE',  ( -1.000000000000000000, 0.000000000000000000, 4.003208021484940018E-16 ) ) ;
#1689 = CARTESIAN_POINT ( 'NONE',  ( 34.40910878398238282, 6.248507763730530407, -36.93425239228906776 ) ) ;
#1690 = CARTESIAN_POINT ( 'NONE',  ( 1.445662741738875474E-13, 9.533819929528634773, -6.667741731971012165 ) ) ;
#1691 = CARTESIAN_POINT ( 'NONE',  ( 31.00000000000000000, 3.000000000000000000, -9.999999999999998224 ) ) ;
#1692 = ORIENTED_EDGE ( 'NONE', *, *, #3067, .F. ) ;
#1693 = DIRECTION ( 'NONE',  ( 0.000000000000000000, 1.000000000000000000, 0.000000000000000000 ) ) ;
#1694 = CARTESIAN_POINT ( 'NONE',  ( 50.00000000000000000, 15.76148354395871820, -30.38065218904155174 ) ) ;
#1695 = CARTESIAN_POINT ( 'NONE',  ( 34.64700249491582440, 6.354032999472143395, -31.65027446359066587 ) ) ;
#1696 = CARTESIAN_POINT ( 'NONE',  ( 50.00000000000000000, 5.790802884538954309, -4.115152311015553899 ) ) ;
#1697 = EDGE_CURVE ( 'NONE', #4759, #2239, #4316, .T. ) ;
#1698 = ORIENTED_EDGE ( 'NONE', *, *, #360, .T. ) ;
#1699 = DIRECTION ( 'NONE',  ( 0.000000000000000000, 0.000000000000000000, 1.000000000000000000 ) ) ;
#1700 = ORIENTED_EDGE ( 'NONE', *, *, #5521, .F. ) ;
#1701 = B_SPLINE_CURVE_WITH_KNOTS ( 'NONE', 3,
 ( #1042, #4240, #5579, #629, #659, #5515, #5639, #1537, #165, #2416, #4211, #5607, #1480, #4761, #1510, #1948, #3339, #1096, #2886, #195, #2830, #1566, #3744, #2453, #3279, #5550, #2486, #3364, #3310, #717, #225, #1123, #2015, #2920 ),
 .UNSPECIFIED., .F., .F.,
 ( 4, 2, 2, 2, 2, 2, 2, 2, 2, 2, 2, 2, 2, 2, 2, 2, 4 ),
 ( 0.002309505423580435375, 0.003121404354567330723, 0.003933303285554225204, 0.004745202216541120552, 0.005557101147528015900, 0.006369000078514911248, 0.007180899009501805728, 0.007992797940488700209, 0.008804696871475597292, 0.009616595802462490905, 0.01042849473344938799, 0.01124039366443628160, 0.01205229259542317521, 0.01286419152641007230, 0.01367609045739696591, 0.01448798938838386299, 0.01529988831937075661 ),
 .UNSPECIFIED. ) ;
#1702 = ORIENTED_EDGE ( 'NONE', *, *, #1089, .T. ) ;
#1703 = ORIENTED_EDGE ( 'NONE', *, *, #4848, .T. ) ;
#1704 = CARTESIAN_POINT ( 'NONE',  ( 33.00000000000000000, 6.000000000000000000, -1.999999999999999556 ) ) ;
#1705 = CARTESIAN_POINT ( 'NONE',  ( 49.99434614885702644, 3.683982376208263521, -1.829469658275184818 ) ) ;
#1706 = DIRECTION ( 'NONE',  ( -0.000000000000000000, -1.000000000000000000, -0.000000000000000000 ) ) ;
#1707 = FACE_OUTER_BOUND ( 'NONE', #1580, .T. ) ;
#1708 = CARTESIAN_POINT ( 'NONE',  ( 49.00000000000000000, 31.00000000000000000, -8.380652189041544631 ) ) ;
#1709 = CARTESIAN_POINT ( 'NONE',  ( 0.000000000000000000, 4.230202423797817524, -1.915621502962552070 ) ) ;
#1710 = EDGE_CURVE ( 'NONE', #424, #4857, #2146, .T. ) ;
#1711 = DIRECTION ( 'NONE',  ( 1.000000000000000000, -0.000000000000000000, 4.003208021484940018E-16 ) ) ;
#1712 = CALENDAR_DATE ( 2022, 14, 4 ) ;
#1713 = ADVANCED_FACE ( 'NONE', ( #1198 ), #707, .T. ) ;
#1714 = VECTOR ( 'NONE', #1310, 1000.000000000000000 ) ;
#1715 = CARTESIAN_POINT ( 'NONE',  ( 14.15004404631363855, 7.184567076652432327, -4.770261607947116289 ) ) ;
#1716 = CARTESIAN_POINT ( 'NONE',  ( 36.80012768883133134, 8.632811986397173953, -33.35515852409033499 ) ) ;
#1717 = CARTESIAN_POINT ( 'NONE',  ( 0.06768126818322015015, 3.642382712052651961, -1.572283695681005566 ) ) ;
#1718 = AXIS2_PLACEMENT_3D ( 'NONE', #5374, #1738, #459 ) ;
#1719 = LINE ( 'NONE', #877, #1323 ) ;
#1720 = CARTESIAN_POINT ( 'NONE',  ( 38.00000000000000711, 31.00000000000000000, -25.40565218904155032 ) ) ;
#1721 = VERTEX_POINT ( 'NONE', #2998 ) ;
#1722 = TOROIDAL_SURFACE ( 'NONE', #3796, 11.44116783476714261, 10.00000000000000000 ) ;
#1723 = PLANE ( 'NONE',  #542 ) ;
#1724 = CARTESIAN_POINT ( 'NONE',  ( 0.05436082429987399572, 3.838656390135933183, -1.536871294367391672 ) ) ;
#1725 = CARTESIAN_POINT ( 'NONE',  ( 16.90109650905902328, 6.000000000000000000, -13.40508504089337016 ) ) ;
#1726 = CARTESIAN_POINT ( 'NONE',  ( 50.00000000000000000, 4.860004574459907190, -2.685576867646050747 ) ) ;
#1727 = DIRECTION ( 'NONE',  ( 0.000000000000000000, 1.000000000000000000, 0.000000000000000000 ) ) ;
#1728 = VECTOR ( 'NONE', #3873, 1000.000000000000000 ) ;
#1729 = ORIENTED_EDGE ( 'NONE', *, *, #4866, .F. ) ;
#1730 = EDGE_LOOP ( 'NONE', ( #1838, #773, #886, #396 ) ) ;
#1731 = EDGE_LOOP ( 'NONE', ( #3670, #636, #3509, #1439, #697, #3753, #5806, #4927, #1918, #1822, #3712, #4968, #515, #1006 ) ) ;
#1732 = EDGE_CURVE ( 'NONE', #1154, #3005, #4693, .T. ) ;
#1733 = ORIENTED_EDGE ( 'NONE', *, *, #1202, .T. ) ;
#1734 = CARTESIAN_POINT ( 'NONE',  ( -0.000000000000000000, 12.49564522504608988, -29.85357949438113323 ) ) ;
#1735 = CARTESIAN_POINT ( 'NONE',  ( -3.851859888774471706E-31, 15.44116783476714261, -8.380652189041544631 ) ) ;
#1736 = CARTESIAN_POINT ( 'NONE',  ( 37.09641381257099368, 7.875528898919121445, -4.927862109755603903 ) ) ;
#1737 = CARTESIAN_POINT ( 'NONE',  ( 1.000000000000000000, 30.00000000000000000, -9.380652189041546407 ) ) ;
#1738 = DIRECTION ( 'NONE',  ( -0.000000000000000000, -0.000000000000000000, 1.000000000000000000 ) ) ;
#1739 = CARTESIAN_POINT ( 'NONE',  ( 38.00000000000000711, 30.00000000000000000, -29.38065218904154818 ) ) ;
#1740 = CARTESIAN_POINT ( 'NONE',  ( 0.000000000000000000, 12.47671996126661220, -29.85926243603926622 ) ) ;
#1741 = CARTESIAN_POINT ( 'NONE',  ( 15.17451510450087504, 6.260726893164003215, -2.347260960606655456 ) ) ;
#1742 = EDGE_CURVE ( 'NONE', #1343, #3076, #1645, .T. ) ;
#1743 = CARTESIAN_POINT ( 'NONE',  ( 35.24300479064083902, 6.668504115999560611, -36.20191840212532952 ) ) ;
#1744 = CARTESIAN_POINT ( 'NONE',  ( 0.000000000000000000, 4.508190093186644987, -1.835016803212555780 ) ) ;
#1745 = CARTESIAN_POINT ( 'NONE',  ( 16.50790271909688300, 5.966655032530251646, -1.580000499449962348 ) ) ;
#1746 = DIRECTION ( 'NONE',  ( 0.000000000000000000, 0.000000000000000000, 1.000000000000000000 ) ) ;
#1747 = EDGE_CURVE ( 'NONE', #769, #2419, #4122, .T. ) ;
#1748 = EDGE_LOOP ( 'NONE', ( #3366, #590, #1372, #712 ) ) ;
#1749 = PLANE ( 'NONE',  #2324 ) ;
#1750 = EDGE_LOOP ( 'NONE', ( #4235, #1385 ) ) ;
#1751 = DIRECTION ( 'NONE',  ( -1.000000000000000000, 0.000000000000000000, 0.000000000000000000 ) ) ;
#1752 = DIRECTION ( 'NONE',  ( 0.000000000000000000, -0.000000000000000000, 1.000000000000000000 ) ) ;
#1753 = CARTESIAN_POINT ( 'NONE',  ( 50.00000000000000000, 7.576980892534205481, -6.230481315969891298 ) ) ;
#1754 = DIRECTION ( 'NONE',  ( 0.000000000000000000, 0.000000000000000000, 1.000000000000000000 ) ) ;
#1755 = ORIENTED_EDGE ( 'NONE', *, *, #3519, .T. ) ;
#1756 = CARTESIAN_POINT ( 'NONE',  ( 49.90771798492663436, 4.568656119728513154, -1.638333434071215233 ) ) ;
#1757 = ORIENTED_EDGE ( 'NONE', *, *, #5391, .T. ) ;
#1758 = ORIENTED_EDGE ( 'NONE', *, *, #2046, .F. ) ;
#1759 = CARTESIAN_POINT ( 'NONE',  ( -0.000000000000000000, 4.891927808376789422, -36.86014338526880607 ) ) ;
#1760 = DIRECTION ( 'NONE',  ( 1.000000000000000000, 0.000000000000000000, 0.000000000000000000 ) ) ;
#1761 = CARTESIAN_POINT ( 'NONE',  ( 38.00000000000000000, 10.49465162134131013, -7.071565682473385017 ) ) ;
#1762 = ORIENTED_EDGE ( 'NONE', *, *, #3121, .F. ) ;
#1763 = VECTOR ( 'NONE', #4946, 1000.000000000000000 ) ;
#1764 = VECTOR ( 'NONE', #3161, 1000.000000000000000 ) ;
#1765 = CARTESIAN_POINT ( 'NONE',  ( 16.71675897274326417, 6.000347100182527704, -38.20490685064672221 ) ) ;
#1766 = CARTESIAN_POINT ( 'NONE',  ( 15.13274215299570535, 6.460639558686184891, -31.06777778627227704 ) ) ;
#1767 = CARTESIAN_POINT ( 'NONE',  ( 49.89543876310864334, 4.795873817665787797, -37.97696797237419020 ) ) ;
#1768 = DATE_TIME_ROLE ( 'creation_date' ) ;
#1769 = VECTOR ( 'NONE', #4267, 1000.000000000000000 ) ;
#1770 = CARTESIAN_POINT ( 'NONE',  ( 0.9610492601673045199, 12.47972839599221473, -30.90800158236324791 ) ) ;
#1771 = B_SPLINE_CURVE_WITH_KNOTS ( 'NONE', 3,
 ( #2725, #3694, #121, #1457, #5058, #1016, #2370 ),
 .UNSPECIFIED., .F., .F.,
 ( 4, 3, 4 ),
 ( 0.000000000000000000, 0.0004500001085154360452, 0.0009000002170308720904 ),
 .UNSPECIFIED. ) ;
#1772 = CARTESIAN_POINT ( 'NONE',  ( 13.46764851731465029, 8.062772384989672858, -6.109324195137520341 ) ) ;
#1773 = CARTESIAN_POINT ( 'NONE',  ( 1.999999999999997113, 4.000000000000000000, -8.380652189041544631 ) ) ;
#1774 = CARTESIAN_POINT ( 'NONE',  ( 0.2690181502945295788, 5.345495903284653849, -2.176066523226956928 ) ) ;
#1775 = FACE_OUTER_BOUND ( 'NONE', #2057, .T. ) ;
#1776 = CARTESIAN_POINT ( 'NONE',  ( 16.99116272637118996, 5.962111586877185232, -38.38750118643410758 ) ) ;
#1777 = VECTOR ( 'NONE', #2994, 1000.000000000000000 ) ;
#1778 = ORIENTED_EDGE ( 'NONE', *, *, #3272, .F. ) ;
#1779 = CARTESIAN_POINT ( 'NONE',  ( 0.000000000000000000, 31.00000000000000000, 0.000000000000000000 ) ) ;
#1780 = EDGE_LOOP ( 'NONE', ( #4035, #581, #5458, #3829, #3732, #2157 ) ) ;
#1781 = EDGE_CURVE ( 'NONE', #2738, #4401, #258, .T. ) ;
#1782 = LINE ( 'NONE', #358, #1956 ) ;
#1783 = DIRECTION ( 'NONE',  ( 0.000000000000000000, -0.000000000000000000, 1.000000000000000000 ) ) ;
#1784 = CARTESIAN_POINT ( 'NONE',  ( 49.99999999999946709, 4.866129094450574399, -2.104986295046686440 ) ) ;
#1785 = VERTEX_POINT ( 'NONE', #4231 ) ;
#1786 = EDGE_LOOP ( 'NONE', ( #5049, #2873, #4633 ) ) ;
#1787 = DIRECTION ( 'NONE',  ( 4.003208021484937059E-16, 0.000000000000000000, 1.000000000000000000 ) ) ;
#1788 = VERTEX_POINT ( 'NONE', #2409 ) ;
#1789 = EDGE_LOOP ( 'NONE', ( #3237, #3724, #81, #3266, #5394 ) ) ;
#1790 = ORIENTED_EDGE ( 'NONE', *, *, #5746, .F. ) ;
#1791 = CARTESIAN_POINT ( 'NONE',  ( -0.000000000000000000, 4.088918473678117671, -38.08664690840507205 ) ) ;
#1792 = CARTESIAN_POINT ( 'NONE',  ( 50.00000000000000711, 4.088918473677951582, -38.08664690840516442 ) ) ;
#1793 = CARTESIAN_POINT ( 'NONE',  ( 33.73056105749309808, 5.997978788787622584, -1.670968380821963972 ) ) ;
#1794 = EDGE_LOOP ( 'NONE', ( #2366, #4167, #4313, #2439, #3359, #5506, #272, #644, #4973, #175, #5203, #129, #2063, #480 ) ) ;
#1795 = CARTESIAN_POINT ( 'NONE',  ( 16.62359556407026773, 6.017749417651819144, -38.00000000000000000 ) ) ;
#1796 = CARTESIAN_POINT ( 'NONE',  ( 11.99999999999999645, 30.00000000000000000, -25.40565218904154676 ) ) ;
#1797 = CARTESIAN_POINT ( 'NONE',  ( 50.00000000000000711, 4.408005725190002444, -38.05220859039464898 ) ) ;
#1798 = CARTESIAN_POINT ( 'NONE',  ( 33.00000000000000000, 5.906861305794524064, -1.396775364840260325 ) ) ;
#1799 = EDGE_CURVE ( 'NONE', #4768, #1110, #4869, .T. ) ;
#1800 = EDGE_CURVE ( 'NONE', #562, #3305, #678, .T. ) ;
#1801 = CARTESIAN_POINT ( 'NONE',  ( 0.5548846266851036324, 6.485845032617932659, -35.78928093412167044 ) ) ;
#1802 = CARTESIAN_POINT ( 'NONE',  ( 15.11978310759606181, 6.467691825726529231, -3.266460148583457901 ) ) ;
#1803 = CARTESIAN_POINT ( 'NONE',  ( 49.91169803966344176, 4.716307079827481097, -38.04259960984824573 ) ) ;
#1804 = CARTESIAN_POINT ( 'NONE',  ( 0.05313116755533902474, 3.851406395891592727, -1.533595652561651423 ) ) ;
#1805 = CARTESIAN_POINT ( 'NONE',  ( 12.99999999999999822, 9.999687487792014551, -10.00000000000000178 ) ) ;
#1806 = CARTESIAN_POINT ( 'NONE',  ( 33.00000000000000000, 10.00000000000000178, -9.550000000000004263 ) ) ;
#1807 = CIRCLE ( 'NONE', #2943, 10.00000000000000178 ) ;
#1808 = ADVANCED_FACE ( 'NONE', ( #1556 ), #3384, .T. ) ;
#1809 = EDGE_CURVE ( 'NONE', #5392, #4600, #1657, .T. ) ;
#1810 = ORIENTED_EDGE ( 'NONE', *, *, #4092, .F. ) ;
#1811 = DIRECTION ( 'NONE',  ( 1.000000000000000000, 0.000000000000000000, 0.000000000000000000 ) ) ;
#1812 = ORIENTED_EDGE ( 'NONE', *, *, #2515, .F. ) ;
#1813 = AXIS2_PLACEMENT_3D ( 'NONE', #3428, #2078, #224 ) ;
#1814 = CARTESIAN_POINT ( 'NONE',  ( 33.21324974661683171, 5.998293630084572392, -38.17207217476843084 ) ) ;
#1815 = CARTESIAN_POINT ( 'NONE',  ( 49.00000000000000000, 30.00000000000000000, -30.38065218904155174 ) ) ;
#1816 = CYLINDRICAL_SURFACE ( 'NONE', #1305, 2.050000000000006484 ) ;
#1817 = FACE_OUTER_BOUND ( 'NONE', #5210, .T. ) ;
#1818 = VERTEX_POINT ( 'NONE', #734 ) ;
#1819 = TOROIDAL_SURFACE ( 'NONE', #2487, 6.000000000000000000, 4.000000000000000000 ) ;
#1820 = ADVANCED_FACE ( 'NONE', ( #2036 ), #185, .T. ) ;
#1821 = ORIENTED_EDGE ( 'NONE', *, *, #4101, .T. ) ;
#1822 = ORIENTED_EDGE ( 'NONE', *, *, #3090, .F. ) ;
#1823 = EDGE_CURVE ( 'NONE', #4189, #5442, #3449, .T. ) ;
#1824 = CARTESIAN_POINT ( 'NONE',  ( 37.44955119704454205, 8.430287240565380813, -33.56933476991020626 ) ) ;
#1825 = CYLINDRICAL_SURFACE ( 'NONE', #5277, 1.000000000000000888 ) ;
#1826 = ADVANCED_FACE ( 'NONE', ( #2208 ), #5387, .F. ) ;
#1827 = CARTESIAN_POINT ( 'NONE',  ( 36.52862680229147685, 8.052158184434345500, -5.131202872427189199 ) ) ;
#1828 = ADVANCED_FACE ( 'NONE', ( #3964 ), #2582, .T. ) ;
#1829 = ORIENTED_EDGE ( 'NONE', *, *, #1502, .T. ) ;
#1830 = CARTESIAN_POINT ( 'NONE',  ( 17.84108946836182241, 6.000000000000000888, -33.82843654507399833 ) ) ;
#1831 = B_SPLINE_CURVE_WITH_KNOTS ( 'NONE', 3,
 ( #63, #3141, #4389, #438 ),
 .UNSPECIFIED., .F., .F.,
 ( 4, 4 ),
 ( -1.294540516842014176E-05, 0.0008385365741778651617 ),
 .UNSPECIFIED. ) ;
#1832 = CARTESIAN_POINT ( 'NONE',  ( 35.84547566813287744, 7.180394497768257445, -4.762558694362028611 ) ) ;
#1833 = CARTESIAN_POINT ( 'NONE',  ( 50.00000000000000000, 5.689675634841315777, -36.43301030045119404 ) ) ;
#1834 = PERSON_AND_ORGANIZATION_ROLE ( 'creator' ) ;
#1835 = CARTESIAN_POINT ( 'NONE',  ( 0.000000000000000000, 15.05417807757452842, -29.38065218999977546 ) ) ;
#1836 = CARTESIAN_POINT ( 'NONE',  ( 11.99999999999999822, 10.00000000000000178, -14.35565218904154960 ) ) ;
#1837 = CARTESIAN_POINT ( 'NONE',  ( 0.08933547403090873196, 4.548388516610532228, -1.630793872004923539 ) ) ;
#1838 = ORIENTED_EDGE ( 'NONE', *, *, #4659, .T. ) ;
#1839 = CARTESIAN_POINT ( 'NONE',  ( 27.57061792907450837, 3.789855039892303878, -27.92344266287873822 ) ) ;
#1840 = CYLINDRICAL_SURFACE ( 'NONE', #4350, 4.000000000000000000 ) ;
#1841 = ORIENTED_EDGE ( 'NONE', *, *, #4945, .F. ) ;
#1842 = DIRECTION ( 'NONE',  ( -1.000000000000000000, -0.000000000000000000, -0.000000000000000000 ) ) ;
#1843 = ORIENTED_EDGE ( 'NONE', *, *, #1530, .F. ) ;
#1844 = CARTESIAN_POINT ( 'NONE',  ( 1.999999999999999112, 15.76148354395871820, -40.38065218904153397 ) ) ;
#1845 = CARTESIAN_POINT ( 'NONE',  ( 19.94660650805186464, 4.666291285399122302, -6.106057925878436876 ) ) ;
#1846 = ADVANCED_FACE ( 'NONE', ( #4463 ), #3938, .T. ) ;
#1847 =( BOUNDED_SURFACE ( )  B_SPLINE_SURFACE ( 3, 2, ( 
 ( #751, #3544, #323 ),
 ( #3042, #2138, #2167 ),
 ( #5344, #4842, #3463 ),
 ( #3923, #1271, #1659 ),
 ( #805, #5262, #377 ),
 ( #3069, #833, #405 ),
 ( #1303, #4449, #3101 ),
 ( #433, #2221, #2983 ),
 ( #4991, #987, #2691 ),
 ( #519, #5433, #957 ),
 ( #901, #2745, #4513 ),
 ( #1894, #60, #4478 ),
 ( #2279, #4158, #2250 ),
 ( #4544, #4933, #546 ),
 ( #84, #1391, #490 ),
 ( #1334, #3689, #3192 ),
 ( #929, #2720, #5461 ),
 ( #576, #3163, #4046 ),
 ( #2306, #4104, #4074 ),
 ( #1862, #1833, #5054 ),
 ( #2775, #4962, #2337 ),
 ( #4133, #3661, #3630 ),
 ( #1424, #460, #5489 ),
 ( #3219, #2803, #2365 ),
 ( #3135, #1452, #5022 ),
 ( #5375, #4572, #1767 ),
 ( #114, #4606, #3575 ),
 ( #31, #1797, #3602 ),
 ( #3248, #1363, #1011 ),
 ( #5404, #603, #1984 ),
 ( #5140, #2514, #5109 ),
 ( #1068, #2047, #5168 ),
 ( #5079, #2859, #4695 ),
 ( #3773, #4632, #141 ),
 ( #1595, #4183, #3804 ),
 ( #4663, #2392, #3835 ) ),
 .UNSPECIFIED., .F., .F., .F. ) 
 B_SPLINE_SURFACE_WITH_KNOTS ( ( 4, 2, 2, 2, 2, 2, 2, 2, 2, 2, 2, 2, 2, 2, 2, 2, 2, 4 ),
 ( 3, 3 ),
 ( 0.000000000000000000, 0.001965900863241615802, 0.002948851294862423703, 0.003931801726483231604, 0.005897702589724847407, 0.006880653021345654874, 0.007863603452966463209, 0.009829504316208079878, 0.01179540517944969481, 0.01277835561107050141, 0.01376130604269130975, 0.01425278125850171392, 0.01474425647431211808, 0.01498999408221731930, 0.01523573169012252225, 0.01535860049407512459, 0.01548146929802772520, 0.01572720690593292642 ),
 ( 0.000000000000000000, 1.000000000000000000 ),
 .UNSPECIFIED. ) 
 GEOMETRIC_REPRESENTATION_ITEM ( )  RATIONAL_B_SPLINE_SURFACE ( (
 ( 1.000000000000000000, 0.7071067811865450192, 1.000000000000000000),
 ( 1.000000000000000000, 0.7089199903518356161, 1.000000000000000000),
 ( 1.000000000000000000, 0.7109887977820235072, 1.000000000000000000),
 ( 1.000000000000000000, 0.7147389126450526264, 1.000000000000000000),
 ( 1.000000000000000000, 0.7160973542941201364, 1.000000000000000000),
 ( 1.000000000000000000, 0.7190985109140605180, 1.000000000000000000),
 ( 1.000000000000000000, 0.7207486989335587513, 1.000000000000000000),
 ( 1.000000000000000000, 0.7262125646265832346, 1.000000000000000000),
 ( 1.000000000000000000, 0.7304800982188836000, 1.000000000000000000),
 ( 1.000000000000000000, 0.7385240061806394030, 1.000000000000000000),
 ( 1.000000000000000000, 0.7414833247036198838, 1.000000000000000000),
 ( 1.000000000000000000, 0.7481552727093743194, 1.000000000000000000),
 ( 1.000000000000000000, 0.7518874622785424178, 1.000000000000000000),
 ( 1.000000000000000000, 0.7644314785774585230, 1.000000000000000000),
 ( 1.000000000000000000, 0.7745456427207921823, 1.000000000000000000),
 ( 1.000000000000000000, 0.8010863718562863944, 1.000000000000000000),
 ( 1.000000000000000000, 0.8176507769819875149, 1.000000000000000000),
 ( 1.000000000000000000, 0.8501027590199591311, 1.000000000000000000),
 ( 1.000000000000000000, 0.8621817227005030837, 1.000000000000000000),
 ( 1.000000000000000000, 0.8891017591322303293, 1.000000000000000000),
 ( 1.000000000000000000, 0.9039809367751167057, 1.000000000000000000),
 ( 1.000000000000000000, 0.9278830140842158070, 1.000000000000000000),
 ( 1.000000000000000000, 0.9361071730199967966, 1.000000000000000000),
 ( 1.000000000000000000, 0.9527623544505032793, 1.000000000000000000),
 ( 1.000000000000000000, 0.9612093449946271795, 1.000000000000000000),
 ( 1.000000000000000000, 0.9735174413249197967, 1.000000000000000000),
 ( 1.000000000000000000, 0.9775497616369783760, 1.000000000000000000),
 ( 1.000000000000000000, 0.9851602524889299106, 1.000000000000000000),
 ( 1.000000000000000000, 0.9888648068366048260, 1.000000000000000000),
 ( 1.000000000000000000, 0.9928951482104764192, 1.000000000000000000),
 ( 1.000000000000000000, 0.9939598361826109674, 1.000000000000000000),
 ( 1.000000000000000000, 0.9947864944376976215, 1.000000000000000000),
 ( 1.000000000000000000, 0.9944797836045059514, 1.000000000000000000),
 ( 1.000000000000000000, 0.9918459784733759665, 1.000000000000000000),
 ( 1.000000000000000000, 0.9882837980651968390, 1.000000000000000000),
 ( 1.000000000000000000, 0.9847899712430281394, 1.000000000000000000) ) ) 
 REPRESENTATION_ITEM ( '' )  SURFACE ( )  );
#1848 = CARTESIAN_POINT ( 'NONE',  ( 50.00000000000000000, 4.286534166315191463, -1.955808018496551837 ) ) ;
#1849 = DIRECTION ( 'NONE',  ( 0.000000000000000000, 1.000000000000000000, 0.000000000000000000 ) ) ;
#1850 = ORIENTED_EDGE ( 'NONE', *, *, #3719, .F. ) ;
#1851 = FACE_OUTER_BOUND ( 'NONE', #5335, .T. ) ;
#1852 = ORIENTED_EDGE ( 'NONE', *, *, #1139, .T. ) ;
#1853 = CARTESIAN_POINT ( 'NONE',  ( 33.65899381945683189, 6.014682852802984314, -38.14335989338624699 ) ) ;
#1854 = B_SPLINE_CURVE_WITH_KNOTS ( 'NONE', 3,
 ( #2871, #1577, #702, #1549, #5218, #1166, #1192, #640, #239, #4771, #3379, #4193, #5152, #2433, #4222, #210, #4802, #5619, #5180, #4280, #727, #2525, #4311, #3878, #178, #5683, #1639, #5245, #3757, #4824 ),
 .UNSPECIFIED., .F., .F.,
 ( 4, 2, 2, 2, 2, 2, 2, 2, 2, 2, 2, 2, 2, 2, 4 ),
 ( 7.246658842204454358E-16, 0.0004727690320563116520, 0.0009455380641118986233, 0.001418307096167485595, 0.001891076128223072566, 0.002836614192334263856, 0.003782152256445456013, 0.005673228384667853771, 0.007564304512890253698, 0.008509842577001462335, 0.009455380641112669238, 0.01134645676933509692, 0.01229199483344630903, 0.01323753289755751940, 0.01512860902577994188 ),
 .UNSPECIFIED. ) ;
#1855 = CARTESIAN_POINT ( 'NONE',  ( 16.26097140284669607, 6.065758918528409538, -2.081906092792100704 ) ) ;
#1856 = LINE ( 'NONE', #4567, #4985 ) ;
#1857 = APPROVAL ( #1335, 'UNSPECIFIED' ) ;
#1858 = ORIENTED_EDGE ( 'NONE', *, *, #151, .F. ) ;
#1859 = CARTESIAN_POINT ( 'NONE',  ( 12.27932857765223673, 8.998154474851467910, -33.00523552178979969 ) ) ;
#1860 = EDGE_CURVE ( 'NONE', #266, #4401, #2081, .T. ) ;
#1861 = CYLINDRICAL_SURFACE ( 'NONE', #3979, 4.000000000000006217 ) ;
#1862 = CARTESIAN_POINT ( 'NONE',  ( 50.00000000000000000, 5.230792472357753908, -36.19717041013362291 ) ) ;
#1863 = VECTOR ( 'NONE', #5150, 1000.000000000000000 ) ;
#1864 = CARTESIAN_POINT ( 'NONE',  ( 18.17077790340402288, 5.745850435067402451, -1.009451554633120418 ) ) ;
#1865 = CARTESIAN_POINT ( 'NONE',  ( 49.94563917570012990, 3.838656390135910090, -1.536871294367387675 ) ) ;
#1866 = CARTESIAN_POINT ( 'NONE',  ( 13.61782381131262021, 7.166022147654281582, -35.25857380149432174 ) ) ;
#1867 = ORIENTED_EDGE ( 'NONE', *, *, #3805, .F. ) ;
#1868 = CARTESIAN_POINT ( 'NONE',  ( 28.06007117703382292, 3.912762202937379641, -27.27457463960402606 ) ) ;
#1869 = VECTOR ( 'NONE', #5251, 1000.000000000000000 ) ;
#1870 = CARTESIAN_POINT ( 'NONE',  ( 15.49166284510816993, 6.294516008080740299, -8.072409947445482459 ) ) ;
#1871 = CIRCLE ( 'NONE', #2247, 1.960247257326450221 ) ;
#1872 = VERTEX_POINT ( 'NONE', #3503 ) ;
#1873 = CARTESIAN_POINT ( 'NONE',  ( 38.00000000000000711, 30.00000000000000000, -13.35565218904154605 ) ) ;
#1874 = VERTEX_POINT ( 'NONE', #5744 ) ;
#1875 = DIRECTION ( 'NONE',  ( 0.000000000000000000, 0.000000000000000000, 1.000000000000000000 ) ) ;
#1876 = LINE ( 'NONE', #3726, #3696 ) ;
#1877 = CARTESIAN_POINT ( 'NONE',  ( 50.00000000000000000, 3.886573326594374933, -1.686955363619441650 ) ) ;
#1878 = DIRECTION ( 'NONE',  ( 1.000000000000000000, 0.000000000000000000, 0.000000000000000000 ) ) ;
#1879 = CIRCLE ( 'NONE', #846, 1.000000000000000888 ) ;
#1880 = ORIENTED_EDGE ( 'NONE', *, *, #2901, .F. ) ;
#1881 = ORIENTED_EDGE ( 'NONE', *, *, #1936, .T. ) ;
#1882 = CARTESIAN_POINT ( 'NONE',  ( 11.99999999999999645, 10.00000000000000178, -25.40565218904154676 ) ) ;
#1883 = ORIENTED_EDGE ( 'NONE', *, *, #2613, .T. ) ;
#1884 = AXIS2_PLACEMENT_3D ( 'NONE', #1196, #3882, #2528 ) ;
#1885 = CARTESIAN_POINT ( 'NONE',  ( 34.14515976536240771, 6.096678383343128615, -37.81051669087296574 ) ) ;
#1886 = CARTESIAN_POINT ( 'NONE',  ( 50.00000000000000711, 3.965893989020191857, -38.10369724216742071 ) ) ;
#1887 = DIRECTION ( 'NONE',  ( 0.000000000000000000, 0.000000000000000000, 1.000000000000000000 ) ) ;
#1888 = VECTOR ( 'NONE', #2120, 1000.000000000000000 ) ;
#1889 = EDGE_CURVE ( 'NONE', #3634, #4262, #5820, .T. ) ;
#1890 = VERTEX_POINT ( 'NONE', #763 ) ;
#1891 = VECTOR ( 'NONE', #4138, 1000.000000000000000 ) ;
#1892 = CARTESIAN_POINT ( 'NONE',  ( 13.22346286163178242, 8.657457254200769725, -32.26769385513887300 ) ) ;
#1893 = CARTESIAN_POINT ( 'NONE',  ( 0.000000000000000000, 14.16053376156166088, -9.380652189041551736 ) ) ;
#1894 = CARTESIAN_POINT ( 'NONE',  ( 50.00000000000000000, 8.971017383213659713, -31.64366114300189281 ) ) ;
#1895 = EDGE_CURVE ( 'NONE', #4540, #4467, #1297, .T. ) ;
#1896 = CARTESIAN_POINT ( 'NONE',  ( 0.02408805801224860391, 4.155311702086518899, -38.29984939434385183 ) ) ;
#1897 = EDGE_CURVE ( 'NONE', #250, #2019, #2611, .T. ) ;
#1898 = DIRECTION ( 'NONE',  ( 1.000000000000000000, 0.000000000000000000, 0.000000000000000000 ) ) ;
#1899 = CARTESIAN_POINT ( 'NONE',  ( 14.51423022771730409, 6.571800230691866140, -36.42536435790265159 ) ) ;
#1900 = EDGE_CURVE ( 'NONE', #4262, #1497, #737, .T. ) ;
#1901 = CARTESIAN_POINT ( 'NONE',  ( 29.10245130523729884, 4.254028786895869274, -26.46894717073681136 ) ) ;
#1902 = CYLINDRICAL_SURFACE ( 'NONE', #2669, 10.00000000000000178 ) ;
#1903 = ORIENTED_EDGE ( 'NONE', *, *, #2422, .F. ) ;
#1904 = ORIENTED_EDGE ( 'NONE', *, *, #4954, .T. ) ;
#1905 = CARTESIAN_POINT ( 'NONE',  ( 33.26751446737399931, 6.006135682027797351, -38.11477044475152098 ) ) ;
#1906 = CARTESIAN_POINT ( 'NONE',  ( 21.34310451762920025, 4.094353780920547692, -13.25252000017045262 ) ) ;
#1907 = AXIS2_PLACEMENT_3D ( 'NONE', #885, #5388, #2266 ) ;
#1908 = CARTESIAN_POINT ( 'NONE',  ( 49.94925819709588666, 3.926913210987315939, -1.527313405950386782 ) ) ;
#1909 = DIRECTION ( 'NONE',  ( 0.000000000000000000, 0.000000000000000000, -1.000000000000000000 ) ) ;
#1910 = ORIENTED_EDGE ( 'NONE', *, *, #3041, .T. ) ;
#1911 = AXIS2_PLACEMENT_3D ( 'NONE', #3620, #532, #5805 ) ;
#1912 = CARTESIAN_POINT ( 'NONE',  ( 37.00000000000001421, 7.651139741363189195, -30.45000000000002416 ) ) ;
#1913 = ORIENTED_EDGE ( 'NONE', *, *, #2008, .F. ) ;
#1914 = CARTESIAN_POINT ( 'NONE',  ( 33.01317893246144308, 5.961266259730717110, -38.39174767099177643 ) ) ;
#1915 = CARTESIAN_POINT ( 'NONE',  ( 49.99999999999998579, 6.282043643202108285, -34.43275794950061908 ) ) ;
#1916 = DIRECTION ( 'NONE',  ( 0.000000000000000000, 1.000000000000000000, 0.000000000000000000 ) ) ;
#1917 = VECTOR ( 'NONE', #2513, 1000.000000000000000 ) ;
#1918 = ORIENTED_EDGE ( 'NONE', *, *, #5129, .F. ) ;
#1919 = VERTEX_POINT ( 'NONE', #1285 ) ;
#1920 = VECTOR ( 'NONE', #1341, 1000.000000000000000 ) ;
#1921 = CARTESIAN_POINT ( 'NONE',  ( 13.00000000000014211, 9.706169582466600332, -31.23603308670915268 ) ) ;
#1922 = CARTESIAN_POINT ( 'NONE',  ( 37.00000000000000711, 10.00000000000000178, -10.44999999999999218 ) ) ;
#1923 = DIRECTION ( 'NONE',  ( -1.000000000000000000, -0.000000000000000000, -0.000000000000000000 ) ) ;
#1924 = DIRECTION ( 'NONE',  ( -1.000000000000000000, -0.000000000000000000, -0.000000000000000000 ) ) ;
#1925 = CALENDAR_DATE ( 2022, 14, 4 ) ;
#1926 = CARTESIAN_POINT ( 'NONE',  ( 35.73116096167850486, 5.999999999999999112, -24.40565218904155387 ) ) ;
#1927 = CARTESIAN_POINT ( 'NONE',  ( 15.01027194394115583, 6.346114792377909986, -36.99754525945056827 ) ) ;
#1928 = CARTESIAN_POINT ( 'NONE',  ( 31.00000000000000000, 5.189291564825706971, -25.99999999999999645 ) ) ;
#1929 = CARTESIAN_POINT ( 'NONE',  ( 46.05000000000000426, 31.00000000000000000, -13.35565218904154960 ) ) ;
#1930 = ORIENTED_EDGE ( 'NONE', *, *, #5360, .F. ) ;
#1931 = B_SPLINE_CURVE_WITH_KNOTS ( 'NONE', 3,
 ( #5480, #1853, #978, #1885, #4066, #510, #3183, #1414, #52, #5101, #2768, #159, #1058, #3211, #1824, #4565, #4623, #537, #2793, #1444 ),
 .UNSPECIFIED., .F., .F.,
 ( 4, 2, 2, 2, 2, 2, 2, 2, 2, 4 ),
 ( 0.000000000000000000, 0.0005946948006378848699, 0.001189389601275769740, 0.002378779202551539480, 0.003568168803827309436, 0.004757558405103078959, 0.005946948006378848482, 0.007136337607654618873, 0.008325727208930388396, 0.009515116810206157918 ),
 .UNSPECIFIED. ) ;
#1932 = VERTEX_POINT ( 'NONE', #5715 ) ;
#1933 = DIRECTION ( 'NONE',  ( 0.000000000000000000, 1.000000000000000000, 0.000000000000000000 ) ) ;
#1934 = DIRECTION ( 'NONE',  ( 0.000000000000000000, 0.000000000000000000, -1.000000000000000000 ) ) ;
#1935 = FACE_OUTER_BOUND ( 'NONE', #3179, .T. ) ;
#1936 = EDGE_CURVE ( 'NONE', #3094, #4613, #1782, .T. ) ;
#1937 = CARTESIAN_POINT ( 'NONE',  ( 50.00000000000000000, 4.404490385650557727, -2.068859069869580125 ) ) ;
#1938 = ORIENTED_EDGE ( 'NONE', *, *, #2597, .T. ) ;
#1939 = CARTESIAN_POINT ( 'NONE',  ( 49.01102585430824377, 14.22654331044406639, -8.329339446028610539 ) ) ;
#1940 = CARTESIAN_POINT ( 'NONE',  ( 33.31832973467447800, 5.985410352920537136, -38.27541028904667542 ) ) ;
#1941 = CARTESIAN_POINT ( 'NONE',  ( 50.00000000000000711, 12.18105768255019861, -29.95379821015247757 ) ) ;
#1942 = DIRECTION ( 'NONE',  ( -1.000000000000000000, 0.000000000000000000, 4.309871990004489305E-16 ) ) ;
#1943 = ORIENTED_EDGE ( 'NONE', *, *, #1194, .T. ) ;
#1944 = ORIENTED_EDGE ( 'NONE', *, *, #3039, .T. ) ;
#1945 = CARTESIAN_POINT ( 'NONE',  ( 13.99743458239806948, 7.321226020402155754, -35.00158433510171108 ) ) ;
#1946 = CARTESIAN_POINT ( 'NONE',  ( 35.19017366273625669, 6.400877587973066163, -2.663754003650535385 ) ) ;
#1947 = CARTESIAN_POINT ( 'NONE',  ( 34.13767110412671002, 6.162832112916353466, -2.406218549891971925 ) ) ;
#1948 = CARTESIAN_POINT ( 'NONE',  ( 22.97142626585509362, 3.680189175137877022, -29.44999296668576605 ) ) ;
#1949 = AXIS2_PLACEMENT_3D ( 'NONE', #5325, #3081, #1811 ) ;
#1950 = ORIENTED_EDGE ( 'NONE', *, *, #4563, .F. ) ;
#1951 = ADVANCED_FACE ( 'NONE', ( #818 ), #4395, .F. ) ;
#1952 = CARTESIAN_POINT ( 'NONE',  ( -3.252606517456512809E-16, 3.589411223944534601, -38.04651349449284936 ) ) ;
#1953 = CARTESIAN_POINT ( 'NONE',  ( 13.02110058639464185, 7.722753048783906671, -34.39321646745761996 ) ) ;
#1954 = CARTESIAN_POINT ( 'NONE',  ( 17.84108946836182241, 6.000000000000000000, -38.00000000000000000 ) ) ;
#1955 = CARTESIAN_POINT ( 'NONE',  ( 16.72423543852066530, 6.000000000000002665, -6.695111128665301337 ) ) ;
#1956 = VECTOR ( 'NONE', #3559, 1000.000000000000000 ) ;
#1957 = ADVANCED_FACE ( 'NONE', ( #3085 ), #5311, .T. ) ;
#1958 = ORIENTED_EDGE ( 'NONE', *, *, #3980, .F. ) ;
#1959 = EDGE_LOOP ( 'NONE', ( #2480, #2602, #4671, #2700, #356, #1291, #2261 ) ) ;
#1960 = AXIS2_PLACEMENT_3D ( 'NONE', #959, #3140, #1898 ) ;
#1961 = CARTESIAN_POINT ( 'NONE',  ( 13.47800818276747670, 7.258439661004904231, -4.137369268063495475 ) ) ;
#1962 = VECTOR ( 'NONE', #4730, 1000.000000000000000 ) ;
#1963 = CARTESIAN_POINT ( 'NONE',  ( 22.42485764286028882, 3.790862479143110253, -7.915662325363026497 ) ) ;
#1964 = DIRECTION ( 'NONE',  ( 0.000000000000000000, 0.000000000000000000, -1.000000000000000000 ) ) ;
#1965 = ADVANCED_FACE ( 'NONE', ( #2124 ), #1230, .F. ) ;
#1966 = ORIENTED_EDGE ( 'NONE', *, *, #4635, .T. ) ;
#1967 = CARTESIAN_POINT ( 'NONE',  ( 37.00000000000000711, 10.00000000000000178, -30.45000000000002061 ) ) ;
#1968 = EDGE_CURVE ( 'NONE', #4944, #5134, #2801, .T. ) ;
#1969 = EDGE_LOOP ( 'NONE', ( #5332, #5185, #2096, #189, #2218 ) ) ;
#1970 = DIRECTION ( 'NONE',  ( 0.000000000000000000, 0.000000000000000000, -1.000000000000000000 ) ) ;
#1971 = CARTESIAN_POINT ( 'NONE',  ( 11.99999999999999822, 30.00000000000000000, -9.380652189041551736 ) ) ;
#1972 = CARTESIAN_POINT ( 'NONE',  ( 0.3666463145605599050, 5.684178107047380024, -2.527465526317474787 ) ) ;
#1973 = DIRECTION ( 'NONE',  ( 1.000000000000000000, 0.000000000000000000, 0.000000000000000000 ) ) ;
#1974 = AXIS2_PLACEMENT_3D ( 'NONE', #5452, #2766, #449 ) ;
#1975 = EDGE_LOOP ( 'NONE', ( #5055, #3613, #891, #1440 ) ) ;
#1976 = ADVANCED_FACE ( 'NONE', ( #1435 ), #4170, .T. ) ;
#1977 = AXIS2_PLACEMENT_3D ( 'NONE', #256, #3894, #3920 ) ;
#1978 = VECTOR ( 'NONE', #4852, 1000.000000000000000 ) ;
#1979 = VERTEX_POINT ( 'NONE', #1463 ) ;
#1980 = EDGE_LOOP ( 'NONE', ( #5089, #4519, #4713 ) ) ;
#1981 = CARTESIAN_POINT ( 'NONE',  ( 15.93860693685441809, 6.141450695381430513, -37.38240210985716061 ) ) ;
#1982 = FACE_OUTER_BOUND ( 'NONE', #1780, .T. ) ;
#1983 = DIRECTION ( 'NONE',  ( 0.000000000000000000, 0.000000000000000000, 1.000000000000000000 ) ) ;
#1984 = CARTESIAN_POINT ( 'NONE',  ( 49.97167798242583103, 4.230320695176033041, -38.28285109903463734 ) ) ;
#1985 = EDGE_CURVE ( 'NONE', #4539, #4012, #2991, .T. ) ;
#1986 = ORIENTED_EDGE ( 'NONE', *, *, #2079, .T. ) ;
#1987 = CARTESIAN_POINT ( 'NONE',  ( 17.85253979713954919, 5.990860537303229094, -1.781172108732071102 ) ) ;
#1988 = CARTESIAN_POINT ( 'NONE',  ( 49.00000000000000000, 30.00000000000000000, -9.380652189041546407 ) ) ;
#1989 = CARTESIAN_POINT ( 'NONE',  ( 38.00000000000000711, 30.00000000000000000, -29.38065218904154818 ) ) ;
#1990 = DIRECTION ( 'NONE',  ( -0.000000000000000000, -1.000000000000000000, -0.000000000000000000 ) ) ;
#1991 = VERTEX_POINT ( 'NONE', #4142 ) ;
#1992 = EDGE_CURVE ( 'NONE', #3634, #4951, #183, .T. ) ;
#1993 = ORIENTED_EDGE ( 'NONE', *, *, #4209, .F. ) ;
#1994 = DIRECTION ( 'NONE',  ( -0.000000000000000000, 0.000000000000000000, -1.000000000000000000 ) ) ;
#1995 = CARTESIAN_POINT ( 'NONE',  ( 16.99999999999999645, 6.000000000000000000, -25.40565218904154676 ) ) ;
#1996 = CARTESIAN_POINT ( 'NONE',  ( 11.99999999999999822, 30.00000000000000000, -13.35565218904154960 ) ) ;
#1997 = CARTESIAN_POINT ( 'NONE',  ( 33.00000000000000000, 6.000000000000001776, -26.53589838486224295 ) ) ;
#1998 = ORIENTED_EDGE ( 'NONE', *, *, #1217, .F. ) ;
#1999 = CARTESIAN_POINT ( 'NONE',  ( 37.00000000000000000, 7.666045063136207816, -29.69537933271456609 ) ) ;
#2000 = DIRECTION ( 'NONE',  ( 1.000000000000000000, 0.000000000000000000, 0.000000000000000000 ) ) ;
#2001 = DIRECTION ( 'NONE',  ( 1.000000000000000000, 0.000000000000000000, 0.000000000000000000 ) ) ;
#2002 = CARTESIAN_POINT ( 'NONE',  ( 0.6661100104595059079, 6.937830710697512338, -4.095401710192334122 ) ) ;
#2003 = PLANE ( 'NONE',  #1404 ) ;
#2004 = B_SPLINE_CURVE_WITH_KNOTS ( 'NONE', 3,
 ( #4656, #1446, #5103, #3243, #1060, #5048, #1005, #247, #278, #2558, #5717, #3911 ),
 .UNSPECIFIED., .F., .F.,
 ( 4, 2, 2, 2, 2, 4 ),
 ( 0.000000000000000000, 0.0009388672004543518156, 0.001877734400908703631, 0.002347168001135879756, 0.002816601601363055013, 0.003755468801817404660 ),
 .UNSPECIFIED. ) ;
#2005 = ADVANCED_FACE ( 'NONE', ( #4493 ), #5524, .F. ) ;
#2006 = ADVANCED_FACE ( 'NONE', ( #5416 ), #2731, .F. ) ;
#2007 = VECTOR ( 'NONE', #3908, 1000.000000000000000 ) ;
#2008 = EDGE_CURVE ( 'NONE', #5510, #1056, #94, .T. ) ;
#2009 = ORIENTED_EDGE ( 'NONE', *, *, #2328, .T. ) ;
#2010 = DIRECTION ( 'NONE',  ( 0.000000000000000000, 0.000000000000000000, 1.000000000000000000 ) ) ;
#2011 = CARTESIAN_POINT ( 'NONE',  ( 37.37185757598528113, 8.273606487134278709, -5.361510502899370145 ) ) ;
#2012 = VECTOR ( 'NONE', #832, 1000.000000000000000 ) ;
#2013 = DIRECTION ( 'NONE',  ( 0.000000000000000000, 0.000000000000000000, -1.000000000000000000 ) ) ;
#2014 = DIRECTION ( 'NONE',  ( -0.000000000000000000, -1.000000000000000000, 0.000000000000000000 ) ) ;
#2015 = CARTESIAN_POINT ( 'NONE',  ( 19.23305677372718137, 5.046759488615018441, -34.00000000000000000 ) ) ;
#2016 = EDGE_CURVE ( 'NONE', #4767, #3852, #5096, .T. ) ;
#2017 = ORIENTED_EDGE ( 'NONE', *, *, #1561, .T. ) ;
#2018 = AXIS2_PLACEMENT_3D ( 'NONE', #1806, #2635, #907 ) ;
#2019 = VERTEX_POINT ( 'NONE', #5500 ) ;
#2020 = DIRECTION ( 'NONE',  ( 0.000000000000000000, 0.000000000000000000, 1.000000000000000000 ) ) ;
#2021 = CARTESIAN_POINT ( 'NONE',  ( 29.33840237597437550, 4.346634468969194032, -13.64728343499360186 ) ) ;
#2022 = VECTOR ( 'NONE', #1601, 1000.000000000000000 ) ;
#2023 = DIRECTION ( 'NONE',  ( 0.000000000000000000, 0.000000000000000000, -1.000000000000000000 ) ) ;
#2024 = DIRECTION ( 'NONE',  ( 4.309871990004489798E-16, -0.000000000000000000, 1.000000000000000000 ) ) ;
#2025 = ORIENTED_EDGE ( 'NONE', *, *, #605, .T. ) ;
#2026 = ADVANCED_FACE ( 'NONE', ( #3257 ), #1373, .T. ) ;
#2027 = VERTEX_POINT ( 'NONE', #5006 ) ;
#2028 = CARTESIAN_POINT ( 'NONE',  ( 12.99999999999999822, 10.00000000000000178, -14.35565218904154960 ) ) ;
#2029 = CARTESIAN_POINT ( 'NONE',  ( 0.5462759879789464978, 6.356772086570273039, -3.360639657843271788 ) ) ;
#2030 = CARTESIAN_POINT ( 'NONE',  ( 16.99999999999999645, 5.906861305794524064, -1.396775364840257216 ) ) ;
#2031 = DIRECTION ( 'NONE',  ( 0.000000000000000000, 0.000000000000000000, 1.000000000000000000 ) ) ;
#2032 = ORIENTED_EDGE ( 'NONE', *, *, #209, .F. ) ;
#2033 = CARTESIAN_POINT ( 'NONE',  ( 33.17706187008561614, 6.003920784798959076, -13.35565218904155316 ) ) ;
#2034 = ORIENTED_EDGE ( 'NONE', *, *, #3471, .T. ) ;
#2035 = LINE ( 'NONE', #5157, #4212 ) ;
#2036 = FACE_OUTER_BOUND ( 'NONE', #1589, .T. ) ;
#2037 = CARTESIAN_POINT ( 'NONE',  ( 50.00000000000000711, 4.891927808376716591, -36.86014338526896950 ) ) ;
#2038 = DIRECTION ( 'NONE',  ( 0.000000000000000000, 0.000000000000000000, 1.000000000000000000 ) ) ;
#2039 = ORIENTED_EDGE ( 'NONE', *, *, #4083, .F. ) ;
#2040 = CYLINDRICAL_SURFACE ( 'NONE', #4683, 1.999999999999998224 ) ;
#2041 = ORIENTED_EDGE ( 'NONE', *, *, #5556, .T. ) ;
#2042 = CARTESIAN_POINT ( 'NONE',  ( 11.99999999999999645, 30.00000000000000000, -13.35565218904154960 ) ) ;
#2043 = CARTESIAN_POINT ( 'NONE',  ( 1.999999999999999556, 15.76148354395871820, -40.38065218904154818 ) ) ;
#2044 = CARTESIAN_POINT ( 'NONE',  ( 34.97460689880144002, 6.521361243933806229, -29.54999999999997584 ) ) ;
#2045 = CARTESIAN_POINT ( 'NONE',  ( 0.03975274267354776681, 4.000000000000000000, -38.39677536484026632 ) ) ;
#2046 = EDGE_CURVE ( 'NONE', #1007, #3775, #4616, .T. ) ;
#2047 = CARTESIAN_POINT ( 'NONE',  ( 50.00000000000000711, 3.995430414464112179, -38.21075626461018260 ) ) ;
#2048 = ORIENTED_EDGE ( 'NONE', *, *, #1710, .T. ) ;
#2049 = CARTESIAN_POINT ( 'NONE',  ( 28.35410196624968648, 4.000000000000000000, 0.000000000000000000 ) ) ;
#2050 = TOROIDAL_SURFACE ( 'NONE', #2606, 5.000000000000000000, 1.000000000000000000 ) ;
#2051 = DIRECTION ( 'NONE',  ( 0.000000000000000000, 1.000000000000000000, 0.000000000000000000 ) ) ;
#2052 = DIRECTION ( 'NONE',  ( 0.000000000000000000, 0.000000000000000000, -1.000000000000000000 ) ) ;
#2053 = CARTESIAN_POINT ( 'NONE',  ( 15.01158721122038386, 6.000000000000000888, -14.20896157959270845 ) ) ;
#2054 = EDGE_CURVE ( 'NONE', #2904, #4880, #586, .T. ) ;
#2055 = ORIENTED_EDGE ( 'NONE', *, *, #5521, .T. ) ;
#2056 = CIRCLE ( 'NONE', #4602, 1.000000000000000888 ) ;
#2057 = EDGE_LOOP ( 'NONE', ( #5574, #1432, #1487, #1293, #2792, #5176, #3484 ) ) ;
#2058 = DIRECTION ( 'NONE',  ( 0.000000000000000000, 0.000000000000000000, 1.000000000000000000 ) ) ;
#2059 = CARTESIAN_POINT ( 'NONE',  ( 0.000000000000000000, 15.39738221800560147, -9.380652189041546407 ) ) ;
#2060 = CARTESIAN_POINT ( 'NONE',  ( 31.00000000000000000, 3.000000000000000000, -34.00000000000000711 ) ) ;
#2061 = AXIS2_PLACEMENT_3D ( 'NONE', #5567, #3856, #3884 ) ;
#2062 = DIRECTION ( 'NONE',  ( -0.000000000000000000, 1.000000000000000000, -0.000000000000000000 ) ) ;
#2063 = ORIENTED_EDGE ( 'NONE', *, *, #4599, .F. ) ;
#2064 = CARTESIAN_POINT ( 'NONE',  ( 12.99999999999999822, 10.00000000000000178, -14.35565218904154960 ) ) ;
#2065 = AXIS2_PLACEMENT_3D ( 'NONE', #3033, #3893, #689 ) ;
#2066 = CYLINDRICAL_SURFACE ( 'NONE', #1579, 1.000000000000000888 ) ;
#2067 = CARTESIAN_POINT ( 'NONE',  ( 0.05080292411207813080, 3.946072193207431855, -1.527474572427971022 ) ) ;
#2068 = CARTESIAN_POINT ( 'NONE',  ( 31.00000000000000000, 6.000000000000000000, -9.999999999999998224 ) ) ;
#2069 = DIRECTION ( 'NONE',  ( -1.000000000000000000, 0.000000000000000000, 0.000000000000000000 ) ) ;
#2070 = AXIS2_PLACEMENT_3D ( 'NONE', #3358, #339, #5600 ) ;
#2071 = ORIENTED_EDGE ( 'NONE', *, *, #5719, .T. ) ;
#2072 = AXIS2_PLACEMENT_3D ( 'NONE', #1207, #3007, #774 ) ;
#2073 = EDGE_LOOP ( 'NONE', ( #3933, #2492, #3324, #3919 ) ) ;
#2074 = EDGE_CURVE ( 'NONE', #2204, #2985, #2529, .T. ) ;
#2075 = DIRECTION ( 'NONE',  ( 1.000000000000000000, 0.000000000000000000, 0.000000000000000000 ) ) ;
#2076 = CARTESIAN_POINT ( 'NONE',  ( 33.00000000000000000, 5.960247257326453330, -38.39677536484025921 ) ) ;
#2077 = CARTESIAN_POINT ( 'NONE',  ( 18.02200292043918139, 5.856095198067593266, -13.88320106904063955 ) ) ;
#2078 = DIRECTION ( 'NONE',  ( 0.000000000000000000, 1.000000000000000000, 0.000000000000000000 ) ) ;
#2079 = EDGE_CURVE ( 'NONE', #4911, #2772, #3261, .T. ) ;
#2080 = CARTESIAN_POINT ( 'NONE',  ( 16.13834933322133836, 6.091753033528569006, -2.172307733007670993 ) ) ;
#2081 = B_SPLINE_CURVE_WITH_KNOTS ( 'NONE', 3,
 ( #4807, #16, #3116, #1724 ),
 .UNSPECIFIED., .F., .F.,
 ( 4, 4 ),
 ( -8.944276887133900425E-06, 0.0002075750094518837648 ),
 .UNSPECIFIED. ) ;
#2082 = EDGE_CURVE ( 'NONE', #4168, #4012, #5214, .T. ) ;
#2083 = VERTEX_POINT ( 'NONE', #3347 ) ;
#2084 = DIRECTION ( 'NONE',  ( -2.668805347656626678E-16, 0.000000000000000000, -1.000000000000000000 ) ) ;
#2085 = CARTESIAN_POINT ( 'NONE',  ( 28.06007117703382647, 3.912762202937383194, -7.274574639604026949 ) ) ;
#2086 = CARTESIAN_POINT ( 'NONE',  ( 21.64589803375031352, 4.000000000000000000, -40.00000000000000000 ) ) ;
#2087 = CARTESIAN_POINT ( 'NONE',  ( 18.99999999999999645, 3.000000000000000000, -6.000000000000002665 ) ) ;
#2088 = VECTOR ( 'NONE', #3960, 1000.000000000000000 ) ;
#2089 = EDGE_LOOP ( 'NONE', ( #260, #3437, #3227 ) ) ;
#2090 = EDGE_CURVE ( 'NONE', #4376, #3351, #1582, .T. ) ;
#2091 = EDGE_CURVE ( 'NONE', #888, #609, #2961, .T. ) ;
#2092 = CARTESIAN_POINT ( 'NONE',  ( 38.00000000000000711, 31.00000000000000000, 0.000000000000000000 ) ) ;
#2093 = CARTESIAN_POINT ( 'NONE',  ( 0.3028553787208079218, 5.462201231865632778, -2.294220076168538736 ) ) ;
#2094 = CARTESIAN_POINT ( 'NONE',  ( 2.000000000000000888, 15.44116783476714261, -8.380652189041544631 ) ) ;
#2095 = CARTESIAN_POINT ( 'NONE',  ( 37.00000000000000711, 10.00000000000000178, -10.44999999999999218 ) ) ;
#2096 = ORIENTED_EDGE ( 'NONE', *, *, #2330, .F. ) ;
#2097 = DIRECTION ( 'NONE',  ( 0.000000000000000000, 0.000000000000000000, 1.000000000000000000 ) ) ;
#2098 = CARTESIAN_POINT ( 'NONE',  ( -1.044715627409851688E-12, 12.46859890361904277, -30.87216031622449464 ) ) ;
#2099 = CARTESIAN_POINT ( 'NONE',  ( 48.00000000000000000, 6.000000000000000000, -38.00000000000000000 ) ) ;
#2100 = CARTESIAN_POINT ( 'NONE',  ( 37.00000000000000711, 9.999687473066284582, -10.14998429217098064 ) ) ;
#2101 = FACE_OUTER_BOUND ( 'NONE', #2207, .T. ) ;
#2102 = EDGE_LOOP ( 'NONE', ( #3888, #2175, #4024, #3760, #2516, #2527, #1667, #281, #3769, #3708 ) ) ;
#2103 = DIRECTION ( 'NONE',  ( -4.309871990004489305E-16, 0.000000000000000000, -1.000000000000000000 ) ) ;
#2104 = EDGE_LOOP ( 'NONE', ( #2229, #5194, #5154 ) ) ;
#2105 = CARTESIAN_POINT ( 'NONE',  ( 16.62359556407027128, 6.017749417651820920, -37.99999999999999289 ) ) ;
#2106 = CARTESIAN_POINT ( 'NONE',  ( 32.15891053163817759, 5.999999999999998224, -33.82843654507400544 ) ) ;
#2107 = CARTESIAN_POINT ( 'NONE',  ( 18.59596428944487911, 5.445203380787352998, -13.98435091607821512 ) ) ;
#2108 = AXIS2_PLACEMENT_3D ( 'NONE', #612, #2403, #3702 ) ;
#2109 = CARTESIAN_POINT ( 'NONE',  ( 15.53961208386730952, 6.274146240565359633, -2.743921837441340106 ) ) ;
#2110 = VECTOR ( 'NONE', #2014, 1000.000000000000000 ) ;
#2111 = CARTESIAN_POINT ( 'NONE',  ( 18.59661046830694886, 5.445694991542168850, -0.6106360377226978109 ) ) ;
#2112 = CARTESIAN_POINT ( 'NONE',  ( 29.33555369613162611, 4.345470024154335142, -6.353995514156178359 ) ) ;
#2113 = LINE ( 'NONE', #4414, #3941 ) ;
#2114 = CARTESIAN_POINT ( 'NONE',  ( 38.00000000000000711, 30.00000000000000000, -29.38065218904154818 ) ) ;
#2115 = VECTOR ( 'NONE', #2491, 1000.000000000000000 ) ;
#2116 = ORIENTED_EDGE ( 'NONE', *, *, #4791, .F. ) ;
#2117 = ORIENTED_EDGE ( 'NONE', *, *, #3104, .T. ) ;
#2118 = CARTESIAN_POINT ( 'NONE',  ( 34.80840866178294846, 6.417745144852390560, -36.79933237691849968 ) ) ;
#2119 = CARTESIAN_POINT ( 'NONE',  ( -1.415501904001480572E-13, 8.597289275360408212, -6.000033443978508352 ) ) ;
#2120 = DIRECTION ( 'NONE',  ( 0.000000000000000000, 0.000000000000000000, -1.000000000000000000 ) ) ;
#2121 = CARTESIAN_POINT ( 'NONE',  ( 2.000000000000000444, 6.000000000000000000, -40.00000000000000000 ) ) ;
#2122 = ORIENTED_EDGE ( 'NONE', *, *, #2512, .F. ) ;
#2123 = SPHERICAL_SURFACE ( 'NONE', #5083, 2.000000000000000000 ) ;
#2124 = FACE_OUTER_BOUND ( 'NONE', #4119, .T. ) ;
#2125 = CARTESIAN_POINT ( 'NONE',  ( 34.94874472833178203, 6.506807479711563147, -10.44999999999998863 ) ) ;
#2126 = FACE_OUTER_BOUND ( 'NONE', #2506, .T. ) ;
#2127 = ADVANCED_FACE ( 'NONE', ( #2838 ), #1490, .F. ) ;
#2128 = DIRECTION ( 'NONE',  ( 0.000000000000000000, 0.000000000000000000, 1.000000000000000000 ) ) ;
#2129 = EDGE_LOOP ( 'NONE', ( #5355, #5679 ) ) ;
#2130 = CARTESIAN_POINT ( 'NONE',  ( 16.99999999999999645, 4.000000000000000000, -1.999999999999999556 ) ) ;
#2131 = CARTESIAN_POINT ( 'NONE',  ( 13.81106538971039299, 7.544210478993232272, -33.78081122102940270 ) ) ;
#2132 = CARTESIAN_POINT ( 'NONE',  ( 49.97831668581443409, 4.000000000000207834, -38.30950607500050609 ) ) ;
#2133 = DIRECTION ( 'NONE',  ( -0.000000000000000000, -0.000000000000000000, -1.000000000000000000 ) ) ;
#2134 = B_SPLINE_CURVE_WITH_KNOTS ( 'NONE', 3,
 ( #2325, #864, #2712, #2651, #1886, #5397, #1792, #3096, #4894, #2684, #4440, #2241, #4923, #3596, #4502, #1474, #2037, #566, #4655, #1915, #1527, #5131, #2794, #246, #2824, #3710, #3300, #1059, #2410, #1941, #4152, #620, #5540, #4719, #5508, #2445 ),
 .UNSPECIFIED., .F., .F.,
 ( 4, 2, 2, 2, 2, 2, 2, 2, 2, 2, 2, 2, 2, 2, 2, 2, 2, 4 ),
 ( 0.000000000000000000, 0.0001244323221464321198, 0.0002488646442928642397, 0.0003732969664392963324, 0.0004977292885857284794, 0.0007465939328785946164, 0.0009954585771714606450, 0.001493187865757211134, 0.001990917154342961622, 0.003981834308685946663, 0.005972751463028931271, 0.007963668617371915878, 0.008959127194543413386, 0.009954585771714909159, 0.01194550292605789550, 0.01294096150322938954, 0.01393642008040088184, 0.01592733723474386298 ),
 .UNSPECIFIED. ) ;
#2135 = EDGE_CURVE ( 'NONE', #4056, #5371, #1049, .T. ) ;
#2136 = CARTESIAN_POINT ( 'NONE',  ( 18.92472173235538335, 5.233775772596476195, -0.4194420063790869624 ) ) ;
#2137 = DIRECTION ( 'NONE',  ( 0.000000000000000000, 0.000000000000000000, 1.000000000000000000 ) ) ;
#2138 = CARTESIAN_POINT ( 'NONE',  ( 50.00000000000000000, 15.11570759936365782, -30.37554595582524186 ) ) ;
#2139 = CARTESIAN_POINT ( 'NONE',  ( 16.68167026532549713, 5.985410352920538024, -38.27541028904668963 ) ) ;
#2140 = LINE ( 'NONE', #1337, #4228 ) ;
#2141 = CARTESIAN_POINT ( 'NONE',  ( 36.19241145433534967, 7.578254027899411938, -33.75399854144965417 ) ) ;
#2142 = CARTESIAN_POINT ( 'NONE',  ( 4.143601532189381129E-15, 10.01653314226362390, -6.960755229641972797 ) ) ;
#2143 = CARTESIAN_POINT ( 'NONE',  ( 16.62751639764524469, 5.951783280350867678, -1.535264808430155448 ) ) ;
#2144 = CARTESIAN_POINT ( 'NONE',  ( 37.00000000000000711, 10.00000000000000178, -9.550000000000004263 ) ) ;
#2145 = CIRCLE ( 'NONE', #1949, 1.000000000000000888 ) ;
#2146 = B_SPLINE_CURVE_WITH_KNOTS ( 'NONE', 3,
 ( #5598, #5191, #1526, #1613, #5691, #3417 ),
 .UNSPECIFIED., .F., .F.,
 ( 4, 2, 4 ),
 ( 0.0008895956756894455534, 0.001599550549634945560, 0.002309505423580445350 ),
 .UNSPECIFIED. ) ;
#2147 = ORIENTED_EDGE ( 'NONE', *, *, #1569, .T. ) ;
#2148 = DIRECTION ( 'NONE',  ( 2.668805347656626678E-16, -0.000000000000000000, 1.000000000000000000 ) ) ;
#2149 = AXIS2_PLACEMENT_3D ( 'NONE', #3531, #3907, #4000 ) ;
#2150 = DIRECTION ( 'NONE',  ( 0.000000000000000000, 0.000000000000000000, -1.000000000000000000 ) ) ;
#2151 = CARTESIAN_POINT ( 'NONE',  ( 14.99142747807082365, 6.540641415993428076, -30.15000000000000924 ) ) ;
#2152 = CARTESIAN_POINT ( 'NONE',  ( 49.00492461058681215, 14.83135261135738503, -8.380652189041544631 ) ) ;
#2153 = AXIS2_PLACEMENT_3D ( 'NONE', #2472, #4258, #619 ) ;
#2154 = EDGE_CURVE ( 'NONE', #3627, #1662, #265, .T. ) ;
#2155 = DIRECTION ( 'NONE',  ( 0.000000000000000000, 1.000000000000000000, 0.000000000000000000 ) ) ;
#2156 = ORIENTED_EDGE ( 'NONE', *, *, #366, .T. ) ;
#2157 = ORIENTED_EDGE ( 'NONE', *, *, #450, .T. ) ;
#2158 = CARTESIAN_POINT ( 'NONE',  ( -0.000000000000000000, 7.986876032123679359, -32.45231031676373590 ) ) ;
#2159 = FACE_OUTER_BOUND ( 'NONE', #4305, .T. ) ;
#2160 = CARTESIAN_POINT ( 'NONE',  ( 33.87282273378455244, 6.085519950657436006, -2.152798716959207326 ) ) ;
#2161 = CIRCLE ( 'NONE', #4698, 4.000000000000000000 ) ;
#2162 = AXIS2_PLACEMENT_3D ( 'NONE', #3573, #803, #4959 ) ;
#2163 = CARTESIAN_POINT ( 'NONE',  ( 28.77068933331557332, 4.127025136999131760, 4.326220778101338982E-16 ) ) ;
#2164 = VECTOR ( 'NONE', #4125, 1000.000000000000000 ) ;
#2165 = CARTESIAN_POINT ( 'NONE',  ( 1.999999999999999556, 5.960247257326453330, -38.39677536484025921 ) ) ;
#2166 = CARTESIAN_POINT ( 'NONE',  ( -0.000000000000000000, 3.931866530011762784, -1.841754067206505585 ) ) ;
#2167 = CARTESIAN_POINT ( 'NONE',  ( 49.00511927252168931, 15.11416739373034801, -30.38065218904155174 ) ) ;
#2168 = DIRECTION ( 'NONE',  ( 0.000000000000000000, 1.000000000000000000, 0.000000000000000000 ) ) ;
#2169 = CARTESIAN_POINT ( 'NONE',  ( 11.99999999999999645, 10.49465162134247009, -7.071565682474028058 ) ) ;
#2170 = CARTESIAN_POINT ( 'NONE',  ( 34.05104804701579724, 6.135892750581368738, -37.66370876739769358 ) ) ;
#2171 = FACE_OUTER_BOUND ( 'NONE', #3080, .T. ) ;
#2172 = FACE_OUTER_BOUND ( 'NONE', #2129, .T. ) ;
#2173 = CARTESIAN_POINT ( 'NONE',  ( 33.00000000000000000, 6.000000000000000000, -6.535898384862237620 ) ) ;
#2174 = EDGE_CURVE ( 'NONE', #2239, #652, #301, .T. ) ;
#2175 = ORIENTED_EDGE ( 'NONE', *, *, #3010, .F. ) ;
#2176 = DIRECTION ( 'NONE',  ( 0.000000000000000000, 0.000000000000000000, -1.000000000000000000 ) ) ;
#2177 = CARTESIAN_POINT ( 'NONE',  ( 33.47050554491213603, 5.998486478600585592, -38.21642292627650761 ) ) ;
#2178 = DIRECTION ( 'NONE',  ( -0.000000000000000000, -0.000000000000000000, 1.000000000000000000 ) ) ;
#2179 = EDGE_CURVE ( 'NONE', #1203, #4587, #700, .T. ) ;
#2180 = CARTESIAN_POINT ( 'NONE',  ( 50.00000000000000000, 5.111288750978141060, -3.077002344216020813 ) ) ;
#2181 = EDGE_CURVE ( 'NONE', #2334, #5724, #5637, .T. ) ;
#2182 = CARTESIAN_POINT ( 'NONE',  ( 48.00000000000000000, 5.906861305794525840, -1.396775364840259881 ) ) ;
#2183 = ORIENTED_EDGE ( 'NONE', *, *, #2885, .T. ) ;
#2184 = ORIENTED_EDGE ( 'NONE', *, *, #180, .T. ) ;
#2185 = VERTEX_POINT ( 'NONE', #3291 ) ;
#2186 = CARTESIAN_POINT ( 'NONE',  ( 34.68237754555383390, 6.369413895137912895, -11.58940129590662949 ) ) ;
#2187 = CARTESIAN_POINT ( 'NONE',  ( 33.48827534342591861, 5.965447022397764698, -1.577602393447711915 ) ) ;
#2188 = CARTESIAN_POINT ( 'NONE',  ( 36.99999999999992895, 9.726632520520810843, -7.746169898657035979 ) ) ;
#2189 = DIRECTION ( 'NONE',  ( -0.000000000000000000, 1.000000000000000000, -0.000000000000000000 ) ) ;
#2190 = B_SPLINE_CURVE_WITH_KNOTS ( 'NONE', 3,
 ( #4182, #4662, #59, #1947, #3191, #2305, #3743, #4103, #3217, #627, #1832, #3629, #2744, #5021, #5432, #83, #986, #2774, #4886, #2884 ),
 .UNSPECIFIED., .F., .F.,
 ( 4, 2, 2, 2, 2, 2, 2, 2, 2, 4 ),
 ( 2.335442953235084577E-18, 0.0005225301122479204851, 0.001045060224495838585, 0.002090120448991675435, 0.003135180673487513153, 0.004180240897983351737, 0.005225301122479189889, 0.006270361346975026305, 0.007315421571470861854, 0.008360481795966698271 ),
 .UNSPECIFIED. ) ;
#2191 = DIRECTION ( 'NONE',  ( -1.000000000000000000, 0.000000000000000000, 4.309871990004489305E-16 ) ) ;
#2192 = DIRECTION ( 'NONE',  ( -4.003208021484940018E-16, -0.000000000000000000, 1.000000000000000000 ) ) ;
#2193 = DATE_AND_TIME ( #406, #5498 ) ;
#2194 = AXIS2_PLACEMENT_3D ( 'NONE', #5796, #5582, #87 ) ;
#2195 = CARTESIAN_POINT ( 'NONE',  ( 0.000000000000000000, 13.11195700802726627, -29.68609063306666584 ) ) ;
#2196 = CARTESIAN_POINT ( 'NONE',  ( 14.30988984907414263, 7.031664312763726166, -4.492408826644957109 ) ) ;
#2197 = CARTESIAN_POINT ( 'NONE',  ( 37.32052767893940626, 8.220148721676508785, -33.80380861510759871 ) ) ;
#2198 = CARTESIAN_POINT ( 'NONE',  ( 50.00000000000000000, 15.71889479237746556, -29.38065218904154818 ) ) ;
#2199 = ORIENTED_EDGE ( 'NONE', *, *, #3083, .T. ) ;
#2200 = AXIS2_PLACEMENT_3D ( 'NONE', #4270, #1727, #4399 ) ;
#2201 = DIRECTION ( 'NONE',  ( 1.000000000000000000, 0.000000000000000000, 0.000000000000000000 ) ) ;
#2202 = DIRECTION ( 'NONE',  ( 0.000000000000000000, 0.000000000000000000, 1.000000000000000000 ) ) ;
#2203 = B_SPLINE_CURVE_WITH_KNOTS ( 'NONE', 3,
 ( #4630, #601, #4181, #1093, #222, #2882, #2011, #1120, #4725, #688, #193, #3361, #3800, #1946, #5604, #1065, #4268, #1591, #1508, #5077 ),
 .UNSPECIFIED., .F., .F.,
 ( 4, 2, 2, 2, 2, 2, 2, 2, 2, 4 ),
 ( 1.939479807224432123E-18, 0.001078478006308173070, 0.002156956012616343971, 0.003235434018924514873, 0.004313912025232686208, 0.005392390031540858844, 0.006470868037849032348, 0.007549346044157204984, 0.008088585047311297807, 0.008627824050465393232 ),
 .UNSPECIFIED. ) ;
#2204 = VERTEX_POINT ( 'NONE', #2431 ) ;
#2205 = VECTOR ( 'NONE', #2371, 1000.000000000000000 ) ;
#2206 = DIRECTION ( 'NONE',  ( 0.000000000000000000, 0.000000000000000000, 1.000000000000000000 ) ) ;
#2207 = EDGE_LOOP ( 'NONE', ( #3739, #4707, #4887, #1635 ) ) ;
#2208 = FACE_OUTER_BOUND ( 'NONE', #4392, .T. ) ;
#2209 = DIRECTION ( 'NONE',  ( 1.000000000000000000, 0.000000000000000000, 0.000000000000000000 ) ) ;
#2210 = CARTESIAN_POINT ( 'NONE',  ( 50.00000000000000000, 11.18038208911258913, -8.569318153826113615 ) ) ;
#2211 = CARTESIAN_POINT ( 'NONE',  ( 12.99999999999999112, 7.651139741363190083, -10.45000000000000995 ) ) ;
#2212 = EDGE_LOOP ( 'NONE', ( #3290, #947, #66, #1733, #4892, #2039, #389, #2649, #362, #4291 ) ) ;
#2213 = CARTESIAN_POINT ( 'NONE',  ( 45.05000000000000426, 3.000000000000000000, -14.35565218904154960 ) ) ;
#2214 = ORIENTED_EDGE ( 'NONE', *, *, #4848, .F. ) ;
#2215 = DIRECTION ( 'NONE',  ( -1.000000000000000000, -0.000000000000000000, 0.000000000000000000 ) ) ;
#2216 = CARTESIAN_POINT ( 'NONE',  ( 12.99999999999999822, 10.00000000000000178, -31.01020356730202465 ) ) ;
#2217 = CARTESIAN_POINT ( 'NONE',  ( 36.92942294633065359, 7.672717575550328739, -4.685194955603003919 ) ) ;
#2218 = ORIENTED_EDGE ( 'NONE', *, *, #3978, .F. ) ;
#2219 = DIRECTION ( 'NONE',  ( 1.000000000000000000, 0.000000000000000000, 0.000000000000000000 ) ) ;
#2220 = CARTESIAN_POINT ( 'NONE',  ( -0.000000000000000000, 4.556159588350810807, -2.242296661725033502 ) ) ;
#2221 = CARTESIAN_POINT ( 'NONE',  ( 50.00000000000000000, 11.61268635904388269, -31.17315374581893295 ) ) ;
#2222 = EDGE_CURVE ( 'NONE', #2379, #3962, #4595, .T. ) ;
#2223 = CARTESIAN_POINT ( 'NONE',  ( 0.000000000000000000, 8.971017383213943930, -31.64366114300189281 ) ) ;
#2224 = CARTESIAN_POINT ( 'NONE',  ( 13.88739376434538642, 7.449480804350815610, -4.405270743007266177 ) ) ;
#2225 = CARTESIAN_POINT ( 'NONE',  ( 36.31520106426415850, 7.710848758794514701, -34.43328036608371434 ) ) ;
#2226 = CARTESIAN_POINT ( 'NONE',  ( 0.000000000000000000, 4.079599511602359563, -1.842522058183131195 ) ) ;
#2227 = CARTESIAN_POINT ( 'NONE',  ( 50.00000000000000000, 6.000000000000000000, -2.000000000000000000 ) ) ;
#2228 = FACE_OUTER_BOUND ( 'NONE', #4811, .T. ) ;
#2229 = ORIENTED_EDGE ( 'NONE', *, *, #5430, .F. ) ;
#2230 = FACE_OUTER_BOUND ( 'NONE', #5564, .T. ) ;
#2231 = EDGE_LOOP ( 'NONE', ( #2462, #5478, #3210, #2243 ) ) ;
#2232 = DIRECTION ( 'NONE',  ( 1.000000000000000000, -0.000000000000000000, -0.000000000000000000 ) ) ;
#2233 = LINE ( 'NONE', #530, #2376 ) ;
#2234 = CARTESIAN_POINT ( 'NONE',  ( 50.00000000000000000, 9.020067047576334929, -7.402107960989834368 ) ) ;
#2235 = CARTESIAN_POINT ( 'NONE',  ( 12.99999999999999822, 10.00000000000000888, -10.45000000000001172 ) ) ;
#2236 = AXIS2_PLACEMENT_3D ( 'NONE', #1234, #5303, #4290 ) ;
#2237 = VERTEX_POINT ( 'NONE', #4191 ) ;
#2238 = DIRECTION ( 'NONE',  ( -1.000000000000000000, 0.000000000000000000, 0.000000000000000000 ) ) ;
#2239 = VERTEX_POINT ( 'NONE', #5558 ) ;
#2240 = CARTESIAN_POINT ( 'NONE',  ( 0.000000000000000000, 4.160046086058372339, -38.04582197381628106 ) ) ;
#2241 = CARTESIAN_POINT ( 'NONE',  ( 50.00000000000000711, 4.423811568827486163, -37.73064716814636910 ) ) ;
#2242 = CARTESIAN_POINT ( 'NONE',  ( 33.97869182379037056, 6.106428816710045560, -1.974671108509495454 ) ) ;
#2243 = ORIENTED_EDGE ( 'NONE', *, *, #469, .T. ) ;
#2244 = ADVANCED_FACE ( 'NONE', ( #1547 ), #908, .T. ) ;
#2245 = ORIENTED_EDGE ( 'NONE', *, *, #4089, .T. ) ;
#2246 = VECTOR ( 'NONE', #5541, 1000.000000000000000 ) ;
#2247 = AXIS2_PLACEMENT_3D ( 'NONE', #719, #2084, #4700 ) ;
#2248 = DIRECTION ( 'NONE',  ( 0.000000000000000000, 0.000000000000000000, 1.000000000000000000 ) ) ;
#2249 = DIRECTION ( 'NONE',  ( 1.000000000000000000, 0.000000000000000000, -3.469446951953616161E-16 ) ) ;
#2250 = CARTESIAN_POINT ( 'NONE',  ( 49.13063454461473611, 9.325609216389224798, -32.62330705473274151 ) ) ;
#2251 = ADVANCED_FACE ( 'NONE', ( #755 ), #2600, .T. ) ;
#2252 = CARTESIAN_POINT ( 'NONE',  ( 0.9657991666728961144, 12.76799890905377488, -30.81575241349099770 ) ) ;
#2253 = CARTESIAN_POINT ( 'NONE',  ( 14.28647835423602253, 6.668425890481191054, -3.188378275208139545 ) ) ;
#2254 = DIRECTION ( 'NONE',  ( -1.000000000000000000, 0.000000000000000000, 4.548635683951873332E-16 ) ) ;
#2255 = CARTESIAN_POINT ( 'NONE',  ( 0.000000000000000000, 3.715909930848333875, -1.953736361161916513 ) ) ;
#2256 = CARTESIAN_POINT ( 'NONE',  ( 12.99999999999999822, 9.999687487792014551, -10.15000003617180724 ) ) ;
#2257 = ADVANCED_FACE ( 'NONE', ( #2548 ), #3632, .T. ) ;
#2258 = CARTESIAN_POINT ( 'NONE',  ( 31.00000000000000000, 5.189291564825706971, -25.99999999999999645 ) ) ;
#2259 = EDGE_CURVE ( 'NONE', #5118, #5097, #1299, .T. ) ;
#2260 = VECTOR ( 'NONE', #5222, 1000.000000000000000 ) ;
#2261 = ORIENTED_EDGE ( 'NONE', *, *, #2286, .T. ) ;
#2262 = DIRECTION ( 'NONE',  ( 1.000000000000000000, -0.000000000000000000, -0.000000000000000000 ) ) ;
#2263 = ORIENTED_EDGE ( 'NONE', *, *, #5431, .F. ) ;
#2264 = CARTESIAN_POINT ( 'NONE',  ( 33.32188229514772360, 6.012595956004354036, -38.05736221716479406 ) ) ;
#2265 = B_SPLINE_CURVE_WITH_KNOTS ( 'NONE', 3,
 ( #3462, #229, #3839, #5644, #3922, #2021, #750, #1541, #3341, #1599, #5144, #3808, #2544, #5674, #3402, #5612, #1098, #5261, #4818, #4330, #1157, #3897, #1571, #3368, #2085, #5173, #694, #1218, #2112, #1631, #2923, #2956, #4702, #3871 ),
 .UNSPECIFIED., .F., .F.,
 ( 4, 2, 2, 2, 2, 2, 2, 2, 2, 2, 2, 2, 2, 2, 2, 2, 4 ),
 ( 0.002309505423580445350, 0.003121404354567342432, 0.003933303285554239949, 0.004745202216541137032, 0.005557101147528034114, 0.006369000078514932064, 0.007180899009501829147, 0.007992797940488726230, 0.008804696871475623313, 0.009616595802462520395, 0.01042849473344941748, 0.01124039366443631456, 0.01205229259542320817, 0.01286419152641010352, 0.01367609045739699714, 0.01448798938838389075, 0.01529988831937078610 ),
 .UNSPECIFIED. ) ;
#2266 = DIRECTION ( 'NONE',  ( 0.000000000000000000, -0.000000000000000000, 1.000000000000000000 ) ) ;
#2267 = CARTESIAN_POINT ( 'NONE',  ( 50.00000000000000000, 12.62355369781983683, -8.042110867587815903 ) ) ;
#2268 = CARTESIAN_POINT ( 'NONE',  ( 50.00000000000000711, 5.152060505733017770, -3.141986561688835611 ) ) ;
#2269 = AXIS2_PLACEMENT_3D ( 'NONE', #411, #2201, #812 ) ;
#2270 = ORIENTED_EDGE ( 'NONE', *, *, #1697, .T. ) ;
#2271 = CYLINDRICAL_SURFACE ( 'NONE', #2447, 1.000000000000000888 ) ;
#2272 = DIRECTION ( 'NONE',  ( 0.000000000000000000, 0.4946516213430605657, 0.8690913493429107683 ) ) ;
#2273 = CARTESIAN_POINT ( 'NONE',  ( 13.20784102432885199, 8.705041565015340765, -6.824383654725127535 ) ) ;
#2274 = CARTESIAN_POINT ( 'NONE',  ( 36.14353835721673391, 7.516698039860592040, -5.315649231980568601 ) ) ;
#2275 = PRODUCT ( 'Y axis plate nut mount', 'Y axis plate nut mount', '', ( #872 ) ) ;
#2276 = VERTEX_POINT ( 'NONE', #1836 ) ;
#2277 = CARTESIAN_POINT ( 'NONE',  ( 18.59596428944488622, 5.445203380787349445, -33.98435091607821334 ) ) ;
#2278 = FACE_OUTER_BOUND ( 'NONE', #3567, .T. ) ;
#2279 = CARTESIAN_POINT ( 'NONE',  ( 50.00000000000000000, 8.707457542909482484, -31.84757254152066608 ) ) ;
#2280 = PERSON_AND_ORGANIZATION_ROLE ( 'design_supplier' ) ;
#2281 = CARTESIAN_POINT ( 'NONE',  ( 0.3661447674958251408, 5.771707987858638589, -36.84551486352483352 ) ) ;
#2282 = DIRECTION ( 'NONE',  ( -0.000000000000000000, 1.000000000000000000, -0.000000000000000000 ) ) ;
#2283 = PLANE ( 'NONE',  #1245 ) ;
#2284 = CARTESIAN_POINT ( 'NONE',  ( 31.00000000000061462, 5.189291564825455616, -34.00000000000112976 ) ) ;
#2285 = DIRECTION ( 'NONE',  ( 1.000000000000000000, 0.000000000000000000, 0.000000000000000000 ) ) ;
#2286 = EDGE_CURVE ( 'NONE', #1991, #4883, #5492, .T. ) ;
#2287 = CIRCLE ( 'NONE', #2477, 4.000000000000000000 ) ;
#2288 = ORIENTED_EDGE ( 'NONE', *, *, #335, .T. ) ;
#2289 = DIRECTION ( 'NONE',  ( 1.000000000000000000, 0.000000000000000000, 0.000000000000000000 ) ) ;
#2290 = VERTEX_POINT ( 'NONE', #2723 ) ;
#2291 = CARTESIAN_POINT ( 'NONE',  ( 33.00294575927337348, 5.960872820369712777, -38.39368480441615361 ) ) ;
#2292 = DIRECTION ( 'NONE',  ( -1.000000000000000000, 0.000000000000000000, 0.000000000000000000 ) ) ;
#2293 = DIRECTION ( 'NONE',  ( 1.000000000000000000, 0.000000000000000000, 0.000000000000000000 ) ) ;
#2294 = CARTESIAN_POINT ( 'NONE',  ( 50.00000000000002132, 4.819719010858977803, -2.622783520615763031 ) ) ;
#2295 = VECTOR ( 'NONE', #2526, 1000.000000000000000 ) ;
#2296 = ORIENTED_EDGE ( 'NONE', *, *, #4908, .T. ) ;
#2297 = CARTESIAN_POINT ( 'NONE',  ( 49.00000000000000000, 30.00000000000000000, -8.380652189041544631 ) ) ;
#2298 = EDGE_CURVE ( 'NONE', #2334, #685, #1227, .T. ) ;
#2299 = ADVANCED_FACE ( 'NONE', ( #4078 ), #62, .T. ) ;
#2300 = CARTESIAN_POINT ( 'NONE',  ( 11.99999999999999645, 15.76148354395871820, -29.38065218904154818 ) ) ;
#2301 = FACE_OUTER_BOUND ( 'NONE', #4564, .T. ) ;
#2302 = LINE ( 'NONE', #2385, #2164 ) ;
#2303 = ORIENTED_EDGE ( 'NONE', *, *, #2580, .F. ) ;
#2304 = CARTESIAN_POINT ( 'NONE',  ( 11.99999999999999645, 10.52377123126674086, -31.86206253291449286 ) ) ;
#2305 = CARTESIAN_POINT ( 'NONE',  ( 34.59872123462339744, 6.325431115040081487, -2.895346186139414080 ) ) ;
#2306 = CARTESIAN_POINT ( 'NONE',  ( 50.00000000000000000, 5.549333407141340935, -35.61635383485647566 ) ) ;
#2307 = CARTESIAN_POINT ( 'NONE',  ( 17.89641643529863657, 5.956224143141380267, -1.570350809637850675 ) ) ;
#2308 = CARTESIAN_POINT ( 'NONE',  ( 15.12507812114965056, 6.465012982569491307, -11.03469138540785011 ) ) ;
#2309 = CARTESIAN_POINT ( 'NONE',  ( 13.00000000000022560, 7.666045063136143867, -30.30462066728546233 ) ) ;
#2310 = CARTESIAN_POINT ( 'NONE',  ( 27.57514235713970052, 3.790862479143107588, -32.08433767463696284 ) ) ;
#2311 = CARTESIAN_POINT ( 'NONE',  ( 16.91109910983679754, 5.977917397539716404, -38.30329204853270397 ) ) ;
#2312 = ORIENTED_EDGE ( 'NONE', *, *, #3988, .F. ) ;
#2313 = CARTESIAN_POINT ( 'NONE',  ( 37.00000000000000711, 30.00000000000000000, -14.35565218904154605 ) ) ;
#2314 = ORIENTED_EDGE ( 'NONE', *, *, #5430, .T. ) ;
#2315 = DIRECTION ( 'NONE',  ( -1.000000000000000000, 0.000000000000000000, 0.000000000000000000 ) ) ;
#2316 = CARTESIAN_POINT ( 'NONE',  ( 20.19285124110813356, 4.549767673964431935, -13.82633455487638940 ) ) ;
#2317 = CARTESIAN_POINT ( 'NONE',  ( 49.93830198436319279, 3.708424037398928341, -1.556330777888214945 ) ) ;
#2318 = DIRECTION ( 'NONE',  ( 0.000000000000000000, 1.000000000000000000, 0.000000000000000000 ) ) ;
#2319 = ORIENTED_EDGE ( 'NONE', *, *, #536, .F. ) ;
#2320 = CIRCLE ( 'NONE', #5616, 1.000000000000000888 ) ;
#2321 = ORIENTED_EDGE ( 'NONE', *, *, #1897, .T. ) ;
#2322 = CARTESIAN_POINT ( 'NONE',  ( 46.05000000000000426, 31.00000000000000000, -25.40565218904155032 ) ) ;
#2323 = CARTESIAN_POINT ( 'NONE',  ( 31.20374198668717014, 5.313895402377360355, -33.99999999999998579 ) ) ;
#2324 = AXIS2_PLACEMENT_3D ( 'NONE', #442, #3530, #4491 ) ;
#2325 = CARTESIAN_POINT ( 'NONE',  ( 50.00000000000000000, 3.788184521377215397, -38.00000000000001421 ) ) ;
#2326 = DIRECTION ( 'NONE',  ( 0.000000000000000000, 0.000000000000000000, 1.000000000000000000 ) ) ;
#2327 = ORIENTED_EDGE ( 'NONE', *, *, #298, .F. ) ;
#2328 = EDGE_CURVE ( 'NONE', #5769, #3288, #4601, .T. ) ;
#2329 = AXIS2_PLACEMENT_3D ( 'NONE', #2847, #3298, #706 ) ;
#2330 = EDGE_CURVE ( 'NONE', #4012, #3125, #4755, .T. ) ;
#2331 = ORIENTED_EDGE ( 'NONE', *, *, #1214, .T. ) ;
#2332 = EDGE_CURVE ( 'NONE', #4721, #2931, #3474, .T. ) ;
#2333 = DIRECTION ( 'NONE',  ( -0.9164129318307649985, 0.08661983608301053461, 0.3907484387304627216 ) ) ;
#2334 = VERTEX_POINT ( 'NONE', #4051 ) ;
#2335 = VECTOR ( 'NONE', #4198, 1000.000000000000000 ) ;
#2336 = CARTESIAN_POINT ( 'NONE',  ( -0.000000000000000000, 5.152060505733003559, -3.141986561688814295 ) ) ;
#2337 = CARTESIAN_POINT ( 'NONE',  ( 49.63385523250397569, 5.771707987858291311, -36.84551486352594907 ) ) ;
#2338 = AXIS2_PLACEMENT_3D ( 'NONE', #933, #2748, #3579 ) ;
#2339 = CARTESIAN_POINT ( 'NONE',  ( 0.1522878677989221163, 5.016393643725300500, -37.78355737629550504 ) ) ;
#2340 = VECTOR ( 'NONE', #348, 1000.000000000000000 ) ;
#2341 = CARTESIAN_POINT ( 'NONE',  ( 49.30577430998597066, 7.228035696273615862, -34.74754332363216491 ) ) ;
#2342 = CARTESIAN_POINT ( 'NONE',  ( 16.34205955954537970, 6.014592338310566610, -38.14376821090558423 ) ) ;
#2343 = CARTESIAN_POINT ( 'NONE',  ( 49.00000000000000000, 31.00000000000000000, 0.000000000000000000 ) ) ;
#2344 = CARTESIAN_POINT ( 'NONE',  ( 19.00000000000000000, 6.000000000000000000, -27.94999999999999574 ) ) ;
#2345 = ORIENTED_EDGE ( 'NONE', *, *, #2680, .T. ) ;
#2346 = AXIS2_PLACEMENT_3D ( 'NONE', #157, #1028, #5128 ) ;
#2347 = VERTEX_POINT ( 'NONE', #715 ) ;
#2348 = CARTESIAN_POINT ( 'NONE',  ( 48.00000000000000000, 15.44116783476714794, 1.619347810958455147 ) ) ;
#2349 = FACE_OUTER_BOUND ( 'NONE', #3912, .T. ) ;
#2350 = CARTESIAN_POINT ( 'NONE',  ( 49.97205628590240423, 3.930520351787231803, -38.33463996866588985 ) ) ;
#2351 = FACE_OUTER_BOUND ( 'NONE', #1353, .T. ) ;
#2352 = EDGE_CURVE ( 'NONE', #5351, #5097, #2358, .T. ) ;
#2353 = ORIENTED_EDGE ( 'NONE', *, *, #543, .F. ) ;
#2354 = FACE_OUTER_BOUND ( 'NONE', #2736, .T. ) ;
#2355 = DIRECTION ( 'NONE',  ( 0.000000000000000000, 0.000000000000000000, -1.000000000000000000 ) ) ;
#2356 = CARTESIAN_POINT ( 'NONE',  ( 11.99999999999999822, 30.00000000000000000, -9.380652189041549960 ) ) ;
#2357 = DIRECTION ( 'NONE',  ( 1.000000000000000000, -0.000000000000000000, 0.000000000000000000 ) ) ;
#2358 = B_SPLINE_CURVE_WITH_KNOTS ( 'NONE', 3,
 ( #2044, #2540, #3362, #1622, #743, #1182, #5283, #3397, #317, #3426, #1121, #5670 ),
 .UNSPECIFIED., .F., .F.,
 ( 4, 2, 2, 2, 2, 4 ),
 ( 0.000000000000000000, 0.0009389712718904467134, 0.001877942543780893427, 0.002347428179726116729, 0.002816913815671340249, 0.003755885087561779481 ),
 .UNSPECIFIED. ) ;
#2359 = ADVANCED_FACE ( 'NONE', ( #253 ), #2511, .T. ) ;
#2360 = ORIENTED_EDGE ( 'NONE', *, *, #5346, .F. ) ;
#2361 = CARTESIAN_POINT ( 'NONE',  ( 12.00000000563410119, 10.18988253229229635, -32.06735625174379578 ) ) ;
#2362 = CARTESIAN_POINT ( 'NONE',  ( 1.000000000000000000, 30.00000000000000000, -29.38065218904154818 ) ) ;
#2363 = CARTESIAN_POINT ( 'NONE',  ( 16.99999999999998579, 4.000000000000000000, -1.999999999999999556 ) ) ;
#2364 = EDGE_CURVE ( 'NONE', #762, #3092, #5734, .T. ) ;
#2365 = CARTESIAN_POINT ( 'NONE',  ( 49.81537351639160249, 5.139335408134842353, -37.65048921412071081 ) ) ;
#2366 = ORIENTED_EDGE ( 'NONE', *, *, #964, .T. ) ;
#2367 = EDGE_CURVE ( 'NONE', #3125, #976, #4457, .T. ) ;
#2368 = CARTESIAN_POINT ( 'NONE',  ( 0.000000000000000000, 4.853836305650664151, -36.93537978108505371 ) ) ;
#2369 = CARTESIAN_POINT ( 'NONE',  ( 12.29130316765703412, 8.967177768346568101, -33.03349277282469387 ) ) ;
#2370 = CARTESIAN_POINT ( 'NONE',  ( 12.99999999999999822, 10.00000000000000178, -30.45000000000002771 ) ) ;
#2371 = DIRECTION ( 'NONE',  ( -0.000000000000000000, -1.000000000000000000, -0.000000000000000000 ) ) ;
#2372 = ORIENTED_EDGE ( 'NONE', *, *, #1781, .F. ) ;
#2373 = ORIENTED_EDGE ( 'NONE', *, *, #2016, .F. ) ;
#2374 = CARTESIAN_POINT ( 'NONE',  ( 31.00000000000000000, 3.000000000000000000, -34.00000000000000711 ) ) ;
#2375 = CARTESIAN_POINT ( 'NONE',  ( 22.42938207092548097, 3.789855039892306987, -12.07655733712126356 ) ) ;
#2376 = VECTOR ( 'NONE', #944, 1000.000000000000000 ) ;
#2377 = CARTESIAN_POINT ( 'NONE',  ( 19.00000000000000000, 6.000000000000000000, -30.00000000000000355 ) ) ;
#2378 = CARTESIAN_POINT ( 'NONE',  ( 50.00000000000000711, 3.931866530011792094, -1.841754067206503587 ) ) ;
#2379 = VERTEX_POINT ( 'NONE', #4814 ) ;
#2380 = AXIS2_PLACEMENT_3D ( 'NONE', #5477, #4030, #2675 ) ;
#2381 = DIRECTION ( 'NONE',  ( 0.000000000000000000, 0.000000000000000000, -1.000000000000000000 ) ) ;
#2382 = VERTEX_POINT ( 'NONE', #4351 ) ;
#2383 = LINE ( 'NONE', #4123, #1215 ) ;
#2384 = DIRECTION ( 'NONE',  ( 0.000000000000000000, 0.000000000000000000, 1.000000000000000000 ) ) ;
#2385 = CARTESIAN_POINT ( 'NONE',  ( 12.99999999999999822, 30.00000000000000000, -14.35565218904154960 ) ) ;
#2386 = TOROIDAL_SURFACE ( 'NONE', #5688, 5.000000000000000000, 1.000000000000000000 ) ;
#2387 = EDGE_CURVE ( 'NONE', #5622, #4622, #5807, .T. ) ;
#2388 = ORIENTED_EDGE ( 'NONE', *, *, #3264, .F. ) ;
#2389 = CARTESIAN_POINT ( 'NONE',  ( 12.99999999999974065, 10.52377123126709790, -31.86206253291427259 ) ) ;
#2390 = CARTESIAN_POINT ( 'NONE',  ( 30.90158110711130846, 5.127552616055321089, -39.65629996074204655 ) ) ;
#2391 = CARTESIAN_POINT ( 'NONE',  ( 38.00000000000000711, 15.44116783476714794, 1.619347810958436051 ) ) ;
#2392 = CARTESIAN_POINT ( 'NONE',  ( 50.00000000000000711, 3.589411223944531493, -38.04651349449284936 ) ) ;
#2393 = ORIENTED_EDGE ( 'NONE', *, *, #1380, .T. ) ;
#2394 = CARTESIAN_POINT ( 'NONE',  ( 0.02832201757424302954, 4.230320695176065904, -38.28285109903492867 ) ) ;
#2395 = FACE_OUTER_BOUND ( 'NONE', #499, .T. ) ;
#2396 = PLANE ( 'NONE',  #289 ) ;
#2397 = CARTESIAN_POINT ( 'NONE',  ( 15.02539310119832194, 6.521361243934024721, -9.550000000002265566 ) ) ;
#2398 = EDGE_CURVE ( 'NONE', #2553, #999, #2977, .T. ) ;
#2399 = ORIENTED_EDGE ( 'NONE', *, *, #2848, .F. ) ;
#2400 = ORIENTED_EDGE ( 'NONE', *, *, #1431, .F. ) ;
#2401 = EDGE_CURVE ( 'NONE', #2435, #2276, #744, .T. ) ;
#2402 = DIRECTION ( 'NONE',  ( 0.000000000000000000, 0.000000000000000000, 1.000000000000000000 ) ) ;
#2403 = DIRECTION ( 'NONE',  ( 0.000000000000000000, 1.000000000000000000, 0.000000000000000000 ) ) ;
#2404 = CARTESIAN_POINT ( 'NONE',  ( 50.00000000000000000, 4.508190093186647651, -1.835016803212600633 ) ) ;
#2405 = CARTESIAN_POINT ( 'NONE',  ( 48.00000000000000000, 6.000000000000000000, 3.469446951953614189E-15 ) ) ;
#2406 = ORIENTED_EDGE ( 'NONE', *, *, #2593, .F. ) ;
#2407 = CARTESIAN_POINT ( 'NONE',  ( 49.50477541262678471, 6.147832566434637158, -3.094046676285194142 ) ) ;
#2408 = LINE ( 'NONE', #3855, #557 ) ;
#2409 = CARTESIAN_POINT ( 'NONE',  ( 32.15891053163817759, 6.000000000000000000, -24.40565218904154676 ) ) ;
#2410 = CARTESIAN_POINT ( 'NONE',  ( 50.00000000000000000, 11.25334690145681904, -30.29525841806472641 ) ) ;
#2411 = CARTESIAN_POINT ( 'NONE',  ( 4.949999999999997513, 30.00000000000000000, -14.35565218904154605 ) ) ;
#2412 = ORIENTED_EDGE ( 'NONE', *, *, #2609, .T. ) ;
#2413 = CARTESIAN_POINT ( 'NONE',  ( 15.82562717769172167, 6.102853837023375583, -37.78713522148698445 ) ) ;
#2414 = CARTESIAN_POINT ( 'NONE',  ( 18.99999999999999645, 3.000000000000000000, -7.950000000000001954 ) ) ;
#2415 = CARTESIAN_POINT ( 'NONE',  ( 12.99999999999999822, 30.00000000000000000, -30.38065218904154818 ) ) ;
#2416 = CARTESIAN_POINT ( 'NONE',  ( 21.93466504404410955, 3.914219765782680494, -27.26897769942248217 ) ) ;
#2417 = ADVANCED_FACE ( 'NONE', ( #3918 ), #5701, .T. ) ;
#2418 = ORIENTED_EDGE ( 'NONE', *, *, #5323, .F. ) ;
#2419 = VERTEX_POINT ( 'NONE', #1654 ) ;
#2420 = CIRCLE ( 'NONE', #2521, 0.9999999999999992228 ) ;
#2421 = CARTESIAN_POINT ( 'NONE',  ( -8.682692711316574330E-14, 3.995430414464048674, -38.21075626460991259 ) ) ;
#2422 = EDGE_CURVE ( 'NONE', #1818, #1154, #1679, .T. ) ;
#2423 = EDGE_CURVE ( 'NONE', #1110, #4768, #2161, .T. ) ;
#2424 = DIRECTION ( 'NONE',  ( -0.9123018411414526296, 0.1347445145728717597, -0.3867160023097532262 ) ) ;
#2425 = CARTESIAN_POINT ( 'NONE',  ( 16.99999999999999645, 6.000000000000000000, -25.40565218904154676 ) ) ;
#2426 = VECTOR ( 'NONE', #943, 1000.000000000000000 ) ;
#2427 = ORIENTED_EDGE ( 'NONE', *, *, #1608, .F. ) ;
#2428 = EDGE_LOOP ( 'NONE', ( #4578, #3546, #2448, #421, #3583, #4560 ) ) ;
#2429 = AXIS2_PLACEMENT_3D ( 'NONE', #1773, #1338, #2254 ) ;
#2430 = ADVANCED_FACE ( 'NONE', ( #223 ), #4758, .F. ) ;
#2431 = CARTESIAN_POINT ( 'NONE',  ( 31.00000000000000000, 3.000000000000000000, -27.94999999999999574 ) ) ;
#2432 = CARTESIAN_POINT ( 'NONE',  ( 19.23305677372718137, 5.046759488615020217, -14.00000000000000888 ) ) ;
#2433 = CARTESIAN_POINT ( 'NONE',  ( 0.6281109214127883478, 6.818008548060328522, -35.30780348474020514 ) ) ;
#2434 = CARTESIAN_POINT ( 'NONE',  ( 1.000000000000000000, 31.00000000000000000, -8.380652189041544631 ) ) ;
#2435 = VERTEX_POINT ( 'NONE', #5727 ) ;
#2436 = EDGE_CURVE ( 'NONE', #4507, #2522, #466, .T. ) ;
#2437 = CIRCLE ( 'NONE', #2534, 1.906861305794524508 ) ;
#2438 = AXIS2_PLACEMENT_3D ( 'NONE', #5569, #3301, #3738 ) ;
#2439 = ORIENTED_EDGE ( 'NONE', *, *, #1680, .T. ) ;
#2440 = DIRECTION ( 'NONE',  ( 0.000000000000000000, 1.000000000000000000, 0.000000000000000000 ) ) ;
#2441 = ORIENTED_EDGE ( 'NONE', *, *, #2074, .F. ) ;
#2442 = LINE ( 'NONE', #214, #2710 ) ;
#2443 = ADVANCED_FACE ( 'NONE', ( #5605 ), #320, .T. ) ;
#2444 = CARTESIAN_POINT ( 'NONE',  ( 4.535786437626902590, 30.99999999999999645, -13.94143862666844846 ) ) ;
#2445 = CARTESIAN_POINT ( 'NONE',  ( 50.00000000000000000, 15.71889479237746556, -29.38065218904154818 ) ) ;
#2446 = DIRECTION ( 'NONE',  ( 0.000000000000000000, 0.000000000000000000, 1.000000000000000000 ) ) ;
#2447 = AXIS2_PLACEMENT_3D ( 'NONE', #4094, #2647, #3180 ) ;
#2448 = ORIENTED_EDGE ( 'NONE', *, *, #166, .F. ) ;
#2449 = ORIENTED_EDGE ( 'NONE', *, *, #3521, .T. ) ;
#2450 = CARTESIAN_POINT ( 'NONE',  ( 18.20786692625429382, 5.717078151971127120, -26.07434735985336971 ) ) ;
#2451 = LINE ( 'NONE', #3276, #5463 ) ;
#2452 = CYLINDRICAL_SURFACE ( 'NONE', #787, 11.50000000000000178 ) ;
#2453 = CARTESIAN_POINT ( 'NONE',  ( 22.11955408134270584, 3.865438586383485919, -32.51816085592549399 ) ) ;
#2454 = ORIENTED_EDGE ( 'NONE', *, *, #1809, .F. ) ;
#2455 = AXIS2_PLACEMENT_3D ( 'NONE', #672, #756, #4676 ) ;
#2456 = ORIENTED_EDGE ( 'NONE', *, *, #4089, .F. ) ;
#2457 = DIRECTION ( 'NONE',  ( 0.000000000000000000, 1.000000000000000000, 0.000000000000000000 ) ) ;
#2458 = CARTESIAN_POINT ( 'NONE',  ( 33.00000000000000000, 10.00000000000000178, -14.35565218904154605 ) ) ;
#2459 = DIRECTION ( 'NONE',  ( 0.000000000000000000, 1.000000000000000000, 0.000000000000000000 ) ) ;
#2460 = EDGE_CURVE ( 'NONE', #1932, #2379, #4068, .T. ) ;
#2461 = EDGE_LOOP ( 'NONE', ( #1729, #4254, #1020, #1938 ) ) ;
#2462 = ORIENTED_EDGE ( 'NONE', *, *, #5289, .F. ) ;
#2463 = DIRECTION ( 'NONE',  ( 0.000000000000000000, -1.000000000000000000, 0.000000000000000000 ) ) ;
#2464 = CARTESIAN_POINT ( 'NONE',  ( 0.000000000000000000, 12.95216029381801448, -9.125421446073147536 ) ) ;
#2465 = DIRECTION ( 'NONE',  ( 0.000000000000000000, 0.000000000000000000, 1.000000000000000000 ) ) ;
#2466 = CARTESIAN_POINT ( 'NONE',  ( 49.99999999999999289, 4.230202423797842393, -1.915621502962563616 ) ) ;
#2467 = ORIENTED_EDGE ( 'NONE', *, *, #2082, .F. ) ;
#2468 = CARTESIAN_POINT ( 'NONE',  ( 49.09947830320786011, 9.863496289440782050, -6.767439182003644582 ) ) ;
#2469 = ORIENTED_EDGE ( 'NONE', *, *, #346, .T. ) ;
#2470 = B_SPLINE_CURVE_WITH_KNOTS ( 'NONE', 3,
 ( #4357, #2489, #1186, #293, #3013, #4794 ),
 .UNSPECIFIED., .F., .F.,
 ( 4, 2, 4 ),
 ( -1.166950941554211781E-05, 0.0001543952768435028898, 0.0003204600631025479314 ),
 .UNSPECIFIED. ) ;
#2471 = FACE_OUTER_BOUND ( 'NONE', #5451, .T. ) ;
#2472 = CARTESIAN_POINT ( 'NONE',  ( 38.00000000000000711, 30.00000000000000000, -9.380652189041551736 ) ) ;
#2473 = CARTESIAN_POINT ( 'NONE',  ( 16.99999999999999645, 4.000000000000000000, -38.00000000000000000 ) ) ;
#2474 = CARTESIAN_POINT ( 'NONE',  ( 48.00000000000000000, 4.000000000000000000, -38.00000000000000000 ) ) ;
#2475 = UNCERTAINTY_MEASURE_WITH_UNIT (LENGTH_MEASURE( 1.000000000000000082E-05 ), #3164, 'distance_accuracy_value', 'NONE');
#2476 = ORIENTED_EDGE ( 'NONE', *, *, #3516, .F. ) ;
#2477 = AXIS2_PLACEMENT_3D ( 'NONE', #4854, #2178, #5627 ) ;
#2478 = EDGE_CURVE ( 'NONE', #5609, #3255, #3512, .T. ) ;
#2479 = FACE_OUTER_BOUND ( 'NONE', #3914, .T. ) ;
#2480 = ORIENTED_EDGE ( 'NONE', *, *, #3374, .T. ) ;
#2481 = CARTESIAN_POINT ( 'NONE',  ( 18.99999999999938538, 5.189291564825457392, -25.99999999999888800 ) ) ;
#2482 = DIRECTION ( 'NONE',  ( 0.000000000000000000, 0.000000000000000000, -1.000000000000000000 ) ) ;
#2483 = CIRCLE ( 'NONE', #982, 4.999999999999997335 ) ;
#2484 = DIRECTION ( 'NONE',  ( 0.000000000000000000, 1.000000000000000000, 0.000000000000000000 ) ) ;
#2485 = SPHERICAL_SURFACE ( 'NONE', #3700, 1.000000000000000000 ) ;
#2486 = CARTESIAN_POINT ( 'NONE',  ( 21.34310451762920735, 4.094353780920547692, -33.25252000017044907 ) ) ;
#2487 = AXIS2_PLACEMENT_3D ( 'NONE', #1136, #5712, #1193 ) ;
#2488 = CARTESIAN_POINT ( 'NONE',  ( 20.22597735749582171, 4.535530244654639276, -0.07102360004763193235 ) ) ;
#2489 = CARTESIAN_POINT ( 'NONE',  ( -8.011608192045593405E-16, 3.790441861921993727, -38.05530911808993011 ) ) ;
#2490 = CARTESIAN_POINT ( 'NONE',  ( 33.00000000000000000, 10.00000000000000178, -24.40565218904155032 ) ) ;
#2491 = DIRECTION ( 'NONE',  ( 0.000000000000000000, -0.000000000000000000, -1.000000000000000000 ) ) ;
#2492 = ORIENTED_EDGE ( 'NONE', *, *, #2653, .F. ) ;
#2493 = CARTESIAN_POINT ( 'NONE',  ( 14.81639892573004325, 6.403530489833639372, -2.662865521224897059 ) ) ;
#2494 = CARTESIAN_POINT ( 'NONE',  ( -8.375953211968671187E-15, 12.62355369781980130, -8.042110867586188760 ) ) ;
#2495 = EDGE_CURVE ( 'NONE', #4798, #1919, #5543, .T. ) ;
#2496 = DIRECTION ( 'NONE',  ( 0.000000000000000000, 0.000000000000000000, 1.000000000000000000 ) ) ;
#2497 = CYLINDRICAL_SURFACE ( 'NONE', #5228, 3.999999999999999112 ) ;
#2498 = EDGE_LOOP ( 'NONE', ( #5240, #3860, #1610, #4225 ) ) ;
#2499 = EDGE_CURVE ( 'NONE', #1567, #3844, #5737, .T. ) ;
#2500 = ORIENTED_EDGE ( 'NONE', *, *, #3311, .T. ) ;
#2501 = FACE_OUTER_BOUND ( 'NONE', #4400, .T. ) ;
#2502 = LINE ( 'NONE', #4716, #3281 ) ;
#2503 = CARTESIAN_POINT ( 'NONE',  ( 16.99999999999998579, 5.906861305794523176, -1.396775364840257216 ) ) ;
#2504 = CARTESIAN_POINT ( 'NONE',  ( 2.000000000000000000, 4.000000000000000000, -1.396775364840250333 ) ) ;
#2505 = CARTESIAN_POINT ( 'NONE',  ( 19.00000000000000000, 3.000000000000000000, -30.00000000000000355 ) ) ;
#2506 = EDGE_LOOP ( 'NONE', ( #2813, #3160 ) ) ;
#2507 = CARTESIAN_POINT ( 'NONE',  ( 49.98903021427137361, 3.828958840487608484, -38.21568792385670577 ) ) ;
#2508 = ORIENTED_EDGE ( 'NONE', *, *, #2499, .F. ) ;
#2509 = CARTESIAN_POINT ( 'NONE',  ( 38.00000000000000711, 30.00000000000000000, -29.38065218904154818 ) ) ;
#2510 = DIRECTION ( 'NONE',  ( 0.000000000000000000, 0.000000000000000000, 1.000000000000000000 ) ) ;
#2511 = PLANE ( 'NONE',  #830 ) ;
#2512 = EDGE_CURVE ( 'NONE', #731, #1517, #1856, .T. ) ;
#2513 = DIRECTION ( 'NONE',  ( 1.000000000000000000, -0.000000000000000000, -0.000000000000000000 ) ) ;
#2514 = CARTESIAN_POINT ( 'NONE',  ( 49.99999999999999289, 4.117416514219113921, -38.19707440295358225 ) ) ;
#2515 = EDGE_CURVE ( 'NONE', #4130, #4600, #2771, .T. ) ;
#2516 = ORIENTED_EDGE ( 'NONE', *, *, #2259, .T. ) ;
#2517 = DIRECTION ( 'NONE',  ( -1.000000000000000000, 0.000000000000000000, 0.000000000000000000 ) ) ;
#2518 = CARTESIAN_POINT ( 'NONE',  ( 31.00000000000000000, 3.000000000000000000, -30.00000000000000355 ) ) ;
#2519 = DIRECTION ( 'NONE',  ( -1.000000000000000000, 0.000000000000000000, 0.000000000000000000 ) ) ;
#2520 = DIRECTION ( 'NONE',  ( 1.000000000000000000, 0.000000000000000000, 0.000000000000000000 ) ) ;
#2521 = AXIS2_PLACEMENT_3D ( 'NONE', #3686, #2333, #600 ) ;
#2522 = VERTEX_POINT ( 'NONE', #2851 ) ;
#2523 = CARTESIAN_POINT ( 'NONE',  ( 2.000000000000000000, 6.000000000000000000, -40.00000000000000000 ) ) ;
#2524 = CARTESIAN_POINT ( 'NONE',  ( 0.000000000000000000, 9.020067047576322494, -7.402107960989822821 ) ) ;
#2525 = CARTESIAN_POINT ( 'NONE',  ( 0.9286476284480136290, 10.92290918903557717, -31.56330052815719966 ) ) ;
#2526 = DIRECTION ( 'NONE',  ( -0.000000000000000000, -1.000000000000000000, -0.000000000000000000 ) ) ;
#2527 = ORIENTED_EDGE ( 'NONE', *, *, #2352, .F. ) ;
#2528 = DIRECTION ( 'NONE',  ( 0.000000000000000000, 0.000000000000000000, 1.000000000000000000 ) ) ;
#2529 = CIRCLE ( 'NONE', #3371, 2.050000000000006484 ) ;
#2530 = FACE_OUTER_BOUND ( 'NONE', #5557, .T. ) ;
#2531 = DIRECTION ( 'NONE',  ( 1.000000000000000000, 0.000000000000000000, 0.000000000000000000 ) ) ;
#2532 = LINE ( 'NONE', #3056, #2752 ) ;
#2533 = DIRECTION ( 'NONE',  ( 0.000000000000000000, 0.000000000000000000, 1.000000000000000000 ) ) ;
#2534 = AXIS2_PLACEMENT_3D ( 'NONE', #781, #2192, #4868 ) ;
#2535 = CARTESIAN_POINT ( 'NONE',  ( 11.99999999999999645, 30.00000000000000000, -25.40565218904154676 ) ) ;
#2536 = ORIENTED_EDGE ( 'NONE', *, *, #2181, .F. ) ;
#2537 = ORIENTED_EDGE ( 'NONE', *, *, #1742, .F. ) ;
#2538 = CARTESIAN_POINT ( 'NONE',  ( 1.999999999999998224, 15.44116783476714794, 1.619347810958436051 ) ) ;
#2539 = DIRECTION ( 'NONE',  ( 0.000000000000000000, 1.000000000000000000, 0.000000000000000000 ) ) ;
#2540 = CARTESIAN_POINT ( 'NONE',  ( 34.93889124864872997, 6.501087690359512727, -29.23454295668408420 ) ) ;
#2541 = CARTESIAN_POINT ( 'NONE',  ( 15.92293666703833921, 6.053461889473951807, -1.827611774112606557 ) ) ;
#2542 = AXIS2_PLACEMENT_3D ( 'NONE', #357, #2148, #3934 ) ;
#2543 = DIRECTION ( 'NONE',  ( 0.000000000000000000, 0.000000000000000000, -1.000000000000000000 ) ) ;
#2544 = CARTESIAN_POINT ( 'NONE',  ( 27.44120537474198329, 3.761550316423113660, -11.84621853680082637 ) ) ;
#2545 = LINE ( 'NONE', #871, #2340 ) ;
#2546 = CARTESIAN_POINT ( 'NONE',  ( 15.98069918424033276, 6.000000000000000000, -13.86207746879447811 ) ) ;
#2547 = ORIENTED_EDGE ( 'NONE', *, *, #3480, .T. ) ;
#2548 = FACE_OUTER_BOUND ( 'NONE', #56, .T. ) ;
#2549 = CARTESIAN_POINT ( 'NONE',  ( 0.9758920632983052457, 13.17207719205271843, -8.148624240854610790 ) ) ;
#2550 = LINE ( 'NONE', #4337, #1888 ) ;
#2551 = DIRECTION ( 'NONE',  ( 0.000000000000000000, 0.000000000000000000, 1.000000000000000000 ) ) ;
#2552 = ORIENTED_EDGE ( 'NONE', *, *, #631, .T. ) ;
#2553 = VERTEX_POINT ( 'NONE', #4098 ) ;
#2554 = CARTESIAN_POINT ( 'NONE',  ( 48.00000000000000000, 4.000000000000000000, -38.00000000000000000 ) ) ;
#2555 = ORIENTED_EDGE ( 'NONE', *, *, #5535, .T. ) ;
#2556 = CARTESIAN_POINT ( 'NONE',  ( 33.00000000000000000, 5.960247257326453330, -38.39677536484025921 ) ) ;
#2557 = CARTESIAN_POINT ( 'NONE',  ( 34.43150098812303384, 6.263848815128050695, -32.06119427759137608 ) ) ;
#2558 = CARTESIAN_POINT ( 'NONE',  ( 15.13277227288843108, 6.460608353933704251, -28.93183614882415000 ) ) ;
#2559 = ORIENTED_EDGE ( 'NONE', *, *, #2259, .F. ) ;
#2560 = DIRECTION ( 'NONE',  ( 0.000000000000000000, 0.4946516213424674291, 0.8690913493432483872 ) ) ;
#2561 = EDGE_LOOP ( 'NONE', ( #3465, #3645, #2147, #4190, #4762, #108 ) ) ;
#2562 = FACE_OUTER_BOUND ( 'NONE', #1512, .T. ) ;
#2563 = DIRECTION ( 'NONE',  ( 1.000000000000000000, -0.000000000000000000, -4.003208021484940018E-16 ) ) ;
#2564 = DIRECTION ( 'NONE',  ( 0.000000000000000000, 0.000000000000000000, -1.000000000000000000 ) ) ;
#2565 = ADVANCED_FACE ( 'NONE', ( #4984 ), #4178, .T. ) ;
#2566 = AXIS2_PLACEMENT_3D ( 'NONE', #2504, #4287, #1199 ) ;
#2567 = CARTESIAN_POINT ( 'NONE',  ( 33.00000000000000000, 4.000000000000000000, -38.00000000000000000 ) ) ;
#2568 = CIRCLE ( 'NONE', #883, 1.000000000000001554 ) ;
#2569 = CYLINDRICAL_SURFACE ( 'NONE', #939, 2.049999999999999822 ) ;
#2570 = LINE ( 'NONE', #3433, #3037 ) ;
#2571 = FACE_OUTER_BOUND ( 'NONE', #1969, .T. ) ;
#2572 = DIRECTION ( 'NONE',  ( 0.000000000000000000, 0.000000000000000000, -1.000000000000000000 ) ) ;
#2573 = VECTOR ( 'NONE', #4669, 1000.000000000000000 ) ;
#2574 = CARTESIAN_POINT ( 'NONE',  ( 35.20535565052834670, 6.655409472167619356, -35.66005828391760701 ) ) ;
#2575 = CARTESIAN_POINT ( 'NONE',  ( 0.8898517641796177546, 9.584463584301957439, -6.581975618048003795 ) ) ;
#2576 = DIRECTION ( 'NONE',  ( -0.000000000000000000, 1.000000000000000000, 0.000000000000000000 ) ) ;
#2577 = EDGE_CURVE ( 'NONE', #3962, #2379, #5457, .T. ) ;
#2578 = CARTESIAN_POINT ( 'NONE',  ( 37.00000000000000711, 10.00000000000000000, -9.700000036171806173 ) ) ;
#2579 = ORIENTED_EDGE ( 'NONE', *, *, #4397, .T. ) ;
#2580 = EDGE_CURVE ( 'NONE', #2239, #5371, #4215, .T. ) ;
#2581 = CARTESIAN_POINT ( 'NONE',  ( 31.00000000000000000, 0.000000000000000000, -32.05000000000001137 ) ) ;
#2582 = CYLINDRICAL_SURFACE ( 'NONE', #5441, 1.000000000000000888 ) ;
#2583 = CARTESIAN_POINT ( 'NONE',  ( 2.000000000000000444, 6.000000000000000000, -38.00000000000000000 ) ) ;
#2584 = CARTESIAN_POINT ( 'NONE',  ( 49.05177317594285569, 11.55794134195723188, -7.643075793688687725 ) ) ;
#2585 = CARTESIAN_POINT ( 'NONE',  ( 38.00000000000000711, 15.44116783476714794, -8.380652189041549960 ) ) ;
#2586 = ORIENTED_EDGE ( 'NONE', *, *, #2933, .T. ) ;
#2587 = ORIENTED_EDGE ( 'NONE', *, *, #1200, .T. ) ;
#2588 = CARTESIAN_POINT ( 'NONE',  ( 0.000000000000000000, 12.18105768255024302, -29.95379821015246335 ) ) ;
#2589 = DIRECTION ( 'NONE',  ( 0.000000000000000000, -0.000000000000000000, 1.000000000000000000 ) ) ;
#2590 = CARTESIAN_POINT ( 'NONE',  ( 35.95195177060612934, 7.267527462991997922, -4.155687282747003941 ) ) ;
#2591 = DIRECTION ( 'NONE',  ( 1.000000000000000000, 0.000000000000000000, 0.000000000000000000 ) ) ;
#2592 = CARTESIAN_POINT ( 'NONE',  ( 16.68600516550251456, 5.985037865337352159, -38.27709060787616835 ) ) ;
#2593 = EDGE_CURVE ( 'NONE', #3092, #5799, #327, .T. ) ;
#2594 = DIRECTION ( 'NONE',  ( 0.000000000000000000, 0.000000000000000000, 1.000000000000000000 ) ) ;
#2595 = CARTESIAN_POINT ( 'NONE',  ( 11.99999999999999822, 30.00000000000000000, -14.35565218904154960 ) ) ;
#2596 = PERSON_AND_ORGANIZATION_ROLE ( 'classification_officer' ) ;
#2597 = EDGE_CURVE ( 'NONE', #3730, #5197, #1587, .T. ) ;
#2598 = EDGE_CURVE ( 'NONE', #1103, #3005, #78, .T. ) ;
#2599 = CARTESIAN_POINT ( 'NONE',  ( 16.41555115400552367, 6.042927907351733907, -1.999999999999999556 ) ) ;
#2600 = SPHERICAL_SURFACE ( 'NONE', #1400, 2.000000000000000000 ) ;
#2601 = CARTESIAN_POINT ( 'NONE',  ( 12.99999999999999822, 10.00000000000000178, -25.40565218904154676 ) ) ;
#2602 = ORIENTED_EDGE ( 'NONE', *, *, #219, .T. ) ;
#2603 = CARTESIAN_POINT ( 'NONE',  ( 16.99999999999998579, 5.906861305794523176, -1.396775364840257216 ) ) ;
#2604 = LINE ( 'NONE', #3500, #887 ) ;
#2605 = EDGE_CURVE ( 'NONE', #1553, #4953, #100, .T. ) ;
#2606 = AXIS2_PLACEMENT_3D ( 'NONE', #5800, #3615, #4393 ) ;
#2607 = VERTEX_POINT ( 'NONE', #3766 ) ;
#2608 = DIRECTION ( 'NONE',  ( -0.000000000000000000, 1.000000000000000000, -0.000000000000000000 ) ) ;
#2609 = EDGE_CURVE ( 'NONE', #882, #1103, #4538, .T. ) ;
#2610 = AXIS2_PLACEMENT_3D ( 'NONE', #1172, #215, #276 ) ;
#2611 = LINE ( 'NONE', #444, #5345 ) ;
#2612 = CARTESIAN_POINT ( 'NONE',  ( 34.97460689880144713, 6.521361243933812446, -9.550000000000004263 ) ) ;
#2613 = EDGE_CURVE ( 'NONE', #4600, #3351, #2302, .T. ) ;
#2614 = CARTESIAN_POINT ( 'NONE',  ( 49.60226450125116315, 5.791174910126539288, -2.650061426045355439 ) ) ;
#2615 = FACE_OUTER_BOUND ( 'NONE', #3185, .T. ) ;
#2616 = VERTEX_POINT ( 'NONE', #187 ) ;
#2617 = EDGE_LOOP ( 'NONE', ( #676, #3621, #456, #1903 ) ) ;
#2618 = ORIENTED_EDGE ( 'NONE', *, *, #360, .F. ) ;
#2619 = CARTESIAN_POINT ( 'NONE',  ( 0.000000000000000000, 4.590665079075142430, -37.44624654808585262 ) ) ;
#2620 = FACE_OUTER_BOUND ( 'NONE', #3679, .T. ) ;
#2621 = EDGE_CURVE ( 'NONE', #3125, #2894, #380, .T. ) ;
#2622 = CARTESIAN_POINT ( 'NONE',  ( 34.97583813672690667, 6.310122929371172695, -2.465005984385797433 ) ) ;
#2623 = AXIS2_PLACEMENT_3D ( 'NONE', #2795, #595, #1887 ) ;
#2624 = CIRCLE ( 'NONE', #3564, 1.000000000000000888 ) ;
#2625 = DIRECTION ( 'NONE',  ( 0.000000000000000000, 1.000000000000000000, 0.000000000000000000 ) ) ;
#2626 = CARTESIAN_POINT ( 'NONE',  ( 33.37640443592970740, 6.017749417651818256, -38.00000000000000000 ) ) ;
#2627 = SPHERICAL_SURFACE ( 'NONE', #2895, 1.000000000000000000 ) ;
#2628 = CALENDAR_DATE ( 2022, 14, 4 ) ;
#2629 = AXIS2_PLACEMENT_3D ( 'NONE', #5743, #1693, #3502 ) ;
#2630 = CARTESIAN_POINT ( 'NONE',  ( 0.000000000000000000, 14.39951394600540624, -29.43999480461207696 ) ) ;
#2631 = CARTESIAN_POINT ( 'NONE',  ( 32.15891053163817759, 6.000000000000000888, -38.11083575997824369 ) ) ;
#2632 = CARTESIAN_POINT ( 'NONE',  ( 36.04705538342900439, 7.398656937284202151, -34.06368379449952499 ) ) ;
#2633 = CARTESIAN_POINT ( 'NONE',  ( 17.84108946836182241, 6.000000000000000000, -6.171563454926004333 ) ) ;
#2634 = CARTESIAN_POINT ( 'NONE',  ( 1.999999999999999556, 6.000000000000000000, -1.999999999999999556 ) ) ;
#2635 = DIRECTION ( 'NONE',  ( -0.000000000000000000, -0.000000000000000000, -1.000000000000000000 ) ) ;
#2636 = VERTEX_POINT ( 'NONE', #5482 ) ;
#2637 = LINE ( 'NONE', #4425, #4118 ) ;
#2638 = VECTOR ( 'NONE', #1542, 1000.000000000000000 ) ;
#2639 = ORIENTED_EDGE ( 'NONE', *, *, #3792, .T. ) ;
#2640 = CARTESIAN_POINT ( 'NONE',  ( 2.000000000000014211, 6.000000000000000000, 0.000000000000000000 ) ) ;
#2641 = LINE ( 'NONE', #3532, #325 ) ;
#2642 = EDGE_CURVE ( 'NONE', #1785, #1919, #2004, .T. ) ;
#2643 = CARTESIAN_POINT ( 'NONE',  ( 49.06338898293366668, 11.04313171988635922, -7.416827142801698969 ) ) ;
#2644 = CARTESIAN_POINT ( 'NONE',  ( 15.02107591236176987, 6.523502891031875528, -10.15327521657026466 ) ) ;
#2645 = AXIS2_PLACEMENT_3D ( 'NONE', #1989, #5675, #3778 ) ;
#2646 = ORIENTED_EDGE ( 'NONE', *, *, #1034, .F. ) ;
#2647 = DIRECTION ( 'NONE',  ( 0.000000000000000000, -1.000000000000000000, -0.000000000000000000 ) ) ;
#2648 = ORIENTED_EDGE ( 'NONE', *, *, #5755, .T. ) ;
#2649 = ORIENTED_EDGE ( 'NONE', *, *, #1034, .T. ) ;
#2650 = DIRECTION ( 'NONE',  ( 0.000000000000000000, 0.000000000000000000, 1.000000000000000000 ) ) ;
#2651 = CARTESIAN_POINT ( 'NONE',  ( 50.00000000000000000, 3.924510780529706810, -38.09200081590126530 ) ) ;
#2652 = CARTESIAN_POINT ( 'NONE',  ( 37.03323472952602913, 10.23999944955336439, -6.926627973921832826 ) ) ;
#2653 = EDGE_CURVE ( 'NONE', #5365, #888, #2903, .T. ) ;
#2654 = ORIENTED_EDGE ( 'NONE', *, *, #507, .F. ) ;
#2655 = DIRECTION ( 'NONE',  ( -0.000000000000000000, -1.000000000000000000, -0.000000000000000000 ) ) ;
#2656 = DIRECTION ( 'NONE',  ( -0.000000000000000000, 1.000000000000000000, -0.000000000000000000 ) ) ;
#2657 = CARTESIAN_POINT ( 'NONE',  ( 48.00000000000000000, 4.000000000000000000, 1.619347810958454259 ) ) ;
#2658 = DATE_AND_TIME ( #2628, #5786 ) ;
#2659 = AXIS2_PLACEMENT_3D ( 'NONE', #4045, #2656, #4841 ) ;
#2660 = CARTESIAN_POINT ( 'NONE',  ( 3.554735790382220446E-14, 7.234853991605354473, -34.39714183714286122 ) ) ;
#2661 = CARTESIAN_POINT ( 'NONE',  ( 13.12665007465873401, 8.969749168358093883, -7.090831368233292409 ) ) ;
#2662 = CARTESIAN_POINT ( 'NONE',  ( 37.00000000000000000, 10.00000000000000178, -31.01020356730026251 ) ) ;
#2663 = CARTESIAN_POINT ( 'NONE',  ( 0.000000000000000000, 3.923757121709976037, -1.848890013826715029 ) ) ;
#2664 = AXIS2_PLACEMENT_3D ( 'NONE', #1224, #1167, #1666 ) ;
#2665 = DIRECTION ( 'NONE',  ( 7.372574772901430151E-15, -1.000000000000000000, 0.000000000000000000 ) ) ;
#2666 = CARTESIAN_POINT ( 'NONE',  ( 18.99999999999999645, 6.000000000000000000, -12.05000000000000249 ) ) ;
#2667 = ADVANCED_FACE ( 'NONE', ( #4233 ), #736, .T. ) ;
#2668 = ORIENTED_EDGE ( 'NONE', *, *, #2697, .T. ) ;
#2669 = AXIS2_PLACEMENT_3D ( 'NONE', #5496, #2835, #147 ) ;
#2670 = DIRECTION ( 'NONE',  ( 0.000000000000000000, 0.000000000000000000, -1.000000000000000000 ) ) ;
#2671 = ORIENTED_EDGE ( 'NONE', *, *, #2866, .F. ) ;
#2672 = DIRECTION ( 'NONE',  ( 0.000000000000000000, 0.000000000000000000, -1.000000000000000000 ) ) ;
#2673 = FACE_OUTER_BOUND ( 'NONE', #4475, .T. ) ;
#2674 = CARTESIAN_POINT ( 'NONE',  ( 50.00000000000056133, 5.105365205714305077, -2.337747800811205146 ) ) ;
#2675 = DIRECTION ( 'NONE',  ( 1.000000000000000000, 0.000000000000000000, 0.000000000000000000 ) ) ;
#2676 = EDGE_CURVE ( 'NONE', #1077, #3685, #3194, .T. ) ;
#2677 = ORIENTED_EDGE ( 'NONE', *, *, #682, .T. ) ;
#2678 = ORIENTED_EDGE ( 'NONE', *, *, #1546, .T. ) ;
#2679 = B_SPLINE_CURVE_WITH_KNOTS ( 'NONE', 3,
 ( #5114, #144, #4107, #1044, #2369, #522, #1953, #1866, #2833, #4609, #1899, #1927, #2749, #1071, #1015, #5027, #2342, #3693 ),
 .UNSPECIFIED., .F., .F.,
 ( 4, 2, 2, 2, 2, 2, 2, 2, 4 ),
 ( 0.000000000000000000, 0.001180726287589039169, 0.002361452575178078338, 0.004722905150356167085, 0.005903631437945216880, 0.007084357725534266674, 0.008265084013123315601, 0.008855447156917838764, 0.009445810300712360191 ),
 .UNSPECIFIED. ) ;
#2680 = EDGE_CURVE ( 'NONE', #3685, #1077, #3662, .T. ) ;
#2681 = VERTEX_POINT ( 'NONE', #709 ) ;
#2682 = EDGE_LOOP ( 'NONE', ( #4008, #909, #4665, #3677 ) ) ;
#2683 = DIRECTION ( 'NONE',  ( 0.000000000000000000, 0.000000000000000000, 1.000000000000000000 ) ) ;
#2684 = CARTESIAN_POINT ( 'NONE',  ( 50.00000000000002132, 4.281120006039084380, -37.93274610441625327 ) ) ;
#2685 = CARTESIAN_POINT ( 'NONE',  ( 35.40469201297130297, 6.782136616631146531, -3.396321541329917704 ) ) ;
#2686 = ORIENTED_EDGE ( 'NONE', *, *, #3046, .F. ) ;
#2687 = EDGE_CURVE ( 'NONE', #3565, #3962, #5694, .T. ) ;
#2688 = CARTESIAN_POINT ( 'NONE',  ( 28.35410196624968648, 4.000000000000000000, -40.00000000000000000 ) ) ;
#2689 = DIRECTION ( 'NONE',  ( 2.668805347656626678E-16, -0.000000000000000000, 1.000000000000000000 ) ) ;
#2690 = ADVANCED_FACE ( 'NONE', ( #3858 ), #3795, .F. ) ;
#2691 = CARTESIAN_POINT ( 'NONE',  ( 49.06714483269271909, 11.08929652289642753, -31.47825634914563153 ) ) ;
#2692 = CARTESIAN_POINT ( 'NONE',  ( 0.000000000000000000, 0.000000000000000000, 0.000000000000000000 ) ) ;
#2693 = CARTESIAN_POINT ( 'NONE',  ( 0.000000000000000000, 15.71889479237746556, -29.38065218904154818 ) ) ;
#2694 = CARTESIAN_POINT ( 'NONE',  ( 14.59593694783600881, 6.781593809133088513, -3.395445033281280445 ) ) ;
#2695 = CARTESIAN_POINT ( 'NONE',  ( 49.18026310656284039, 8.456539835111025027, -33.36652412082573704 ) ) ;
#2696 = CARTESIAN_POINT ( 'NONE',  ( 12.99999999999999822, 31.00000000000000000, -24.40565218904154676 ) ) ;
#2697 = EDGE_CURVE ( 'NONE', #3005, #2785, #4882, .T. ) ;
#2698 = CARTESIAN_POINT ( 'NONE',  ( 27.44120537474197619, 3.761550316423112328, -31.84621853680081571 ) ) ;
#2699 = DIRECTION ( 'NONE',  ( -1.000000000000000000, 0.000000000000000000, 0.000000000000000000 ) ) ;
#2700 = ORIENTED_EDGE ( 'NONE', *, *, #3122, .T. ) ;
#2701 = FACE_OUTER_BOUND ( 'NONE', #974, .T. ) ;
#2702 = ORIENTED_EDGE ( 'NONE', *, *, #4150, .T. ) ;
#2703 = CARTESIAN_POINT ( 'NONE',  ( 33.08890089016302483, 5.977917397539718181, -38.30329204853267555 ) ) ;
#2704 = DIRECTION ( 'NONE',  ( 0.000000000000000000, 1.000000000000000000, 0.000000000000000000 ) ) ;
#2705 = CARTESIAN_POINT ( 'NONE',  ( 50.00000000000000711, 5.215412072686153699, -2.456314990205623605 ) ) ;
#2706 = CARTESIAN_POINT ( 'NONE',  ( 50.00000000000000000, 5.655494763686285786, -3.917540319377565083 ) ) ;
#2707 = CARTESIAN_POINT ( 'NONE',  ( 15.60858883145514753, 6.126256338669166190, -2.019742338552567684 ) ) ;
#2708 = ORIENTED_EDGE ( 'NONE', *, *, #2680, .F. ) ;
#2709 = FACE_OUTER_BOUND ( 'NONE', #2461, .T. ) ;
#2710 = VECTOR ( 'NONE', #5190, 1000.000000000000000 ) ;
#2711 = CARTESIAN_POINT ( 'NONE',  ( -0.000000000000000000, 3.851425716445898040, -38.05407649555654359 ) ) ;
#2712 = CARTESIAN_POINT ( 'NONE',  ( 50.00000000000000711, 3.851425716445736391, -38.05407649555641569 ) ) ;
#2713 = CARTESIAN_POINT ( 'NONE',  ( 33.58444884599447988, 6.042927907351736572, -2.000000000000003997 ) ) ;
#2714 = CIRCLE ( 'NONE', #646, 1.000000000000000888 ) ;
#2715 = ADVANCED_FACE ( 'NONE', ( #5160, #2126 ), #2003, .T. ) ;
#2716 = ORIENTED_EDGE ( 'NONE', *, *, #1468, .F. ) ;
#2717 = TOROIDAL_SURFACE ( 'NONE', #2162, 5.000000000000000000, 1.000000000000000000 ) ;
#2718 = DIRECTION ( 'NONE',  ( 1.000000000000000000, -0.000000000000000000, -4.003208021484940018E-16 ) ) ;
#2719 = CARTESIAN_POINT ( 'NONE',  ( 16.72436058087270538, 6.000000000000000888, -33.30496112230534322 ) ) ;
#2720 = CARTESIAN_POINT ( 'NONE',  ( 50.00000000000000000, 6.835355693916331354, -34.87275384496849284 ) ) ;
#2721 = CARTESIAN_POINT ( 'NONE',  ( 19.00000000000000000, 3.000000000000000000, -30.00000000000000355 ) ) ;
#2722 = CARTESIAN_POINT ( 'NONE',  ( 0.9782996986916028259, 13.63785541761725284, -30.59268761664623071 ) ) ;
#2723 = CARTESIAN_POINT ( 'NONE',  ( 12.99999999999999822, 30.00000000000000000, -13.35565218904154960 ) ) ;
#2724 = CARTESIAN_POINT ( 'NONE',  ( -5.421010862427522170E-17, 3.420135086922377443, -1.883131839779145666 ) ) ;
#2725 = CARTESIAN_POINT ( 'NONE',  ( 12.99999999999999822, 10.00000000000000178, -29.54999999999997584 ) ) ;
#2726 = CARTESIAN_POINT ( 'NONE',  ( 11.99999999999999645, 30.00000000000000000, -25.40565218904154676 ) ) ;
#2727 = EDGE_CURVE ( 'NONE', #2185, #4366, #3419, .T. ) ;
#2728 = ORIENTED_EDGE ( 'NONE', *, *, #596, .F. ) ;
#2729 = DIRECTION ( 'NONE',  ( -0.000000000000000000, -0.000000000000000000, -1.000000000000000000 ) ) ;
#2730 = ORIENTED_EDGE ( 'NONE', *, *, #5376, .T. ) ;
#2731 = CYLINDRICAL_SURFACE ( 'NONE', #3745, 10.00000000000000178 ) ;
#2732 = DIRECTION ( 'NONE',  ( 2.668805347656626678E-16, -0.000000000000000000, 1.000000000000000000 ) ) ;
#2733 = DIRECTION ( 'NONE',  ( -0.000000000000000000, -1.000000000000000000, -0.000000000000000000 ) ) ;
#2734 = FACE_OUTER_BOUND ( 'NONE', #2089, .T. ) ;
#2735 = AXIS2_PLACEMENT_3D ( 'NONE', #4186, #2834, #5583 ) ;
#2736 = EDGE_LOOP ( 'NONE', ( #5723, #1002, #5570, #2536 ) ) ;
#2737 = FACE_OUTER_BOUND ( 'NONE', #5359, .T. ) ;
#2738 = VERTEX_POINT ( 'NONE', #5227 ) ;
#2739 = CARTESIAN_POINT ( 'NONE',  ( 31.79213307374569553, 5.717078151971124456, -33.92565264014664450 ) ) ;
#2740 = CARTESIAN_POINT ( 'NONE',  ( 50.00000000000000000, 30.00000000000000000, -9.380652189041546407 ) ) ;
#2741 = CARTESIAN_POINT ( 'NONE',  ( 33.25284548407139340, 5.936908489541736778, -1.490519976913661893 ) ) ;
#2742 = ORIENTED_EDGE ( 'NONE', *, *, #2332, .F. ) ;
#2743 = CARTESIAN_POINT ( 'NONE',  ( 13.51612792257310502, 7.921800484815446630, -34.12622101010796882 ) ) ;
#2744 = CARTESIAN_POINT ( 'NONE',  ( 36.26569626323774287, 7.679258047322105263, -5.559325851925440709 ) ) ;
#2745 = CARTESIAN_POINT ( 'NONE',  ( 50.00000000000000000, 10.01232873281924185, -32.01564937847383163 ) ) ;
#2746 = B_SPLINE_CURVE_WITH_KNOTS ( 'NONE', 3,
 ( #255, #3534, #3967, #5578, #4727, #5776, #1183, #1288, #194, #4856, #1536, #4694, #3399, #658, #1565, #3088, #1623, #4295, #3337, #5166 ),
 .UNSPECIFIED., .F., .F.,
 ( 4, 2, 2, 2, 2, 2, 2, 2, 2, 4 ),
 ( 0.000000000000000000, 0.001157227515111872900, 0.002314455030223745800, 0.003471682545335618916, 0.004628910060447490732, 0.005786137575559362548, 0.006943365090671235230, 0.008100592605783106179, 0.008679206363339037750, 0.009257820120894967586 ),
 .UNSPECIFIED. ) ;
#2747 = CARTESIAN_POINT ( 'NONE',  ( 0.4193584663806650958, 5.952950444392684837, -36.57748693655223349 ) ) ;
#2748 = DIRECTION ( 'NONE',  ( 0.000000000000000000, -1.000000000000000000, 0.000000000000000000 ) ) ;
#2749 = CARTESIAN_POINT ( 'NONE',  ( 15.27075181417370509, 6.250068420142001813, -37.28060247125078774 ) ) ;
#2750 = CARTESIAN_POINT ( 'NONE',  ( 30.76700223174962545, 5.046795574985639909, -34.00000000000002842 ) ) ;
#2751 = DIRECTION ( 'NONE',  ( -0.000000000000000000, -0.000000000000000000, -1.000000000000000000 ) ) ;
#2752 = VECTOR ( 'NONE', #3026, 1000.000000000000000 ) ;
#2753 = ORIENTED_EDGE ( 'NONE', *, *, #573, .T. ) ;
#2754 = DIRECTION ( 'NONE',  ( 1.000000000000000000, -0.000000000000000000, -4.309871990004489305E-16 ) ) ;
#2755 = EDGE_CURVE ( 'NONE', #5340, #205, #1558, .T. ) ;
#2756 = ORIENTED_EDGE ( 'NONE', *, *, #5346, .T. ) ;
#2757 = CARTESIAN_POINT ( 'NONE',  ( 49.00000000000000000, 15.71889479237746556, -29.38065218904154818 ) ) ;
#2758 = DIRECTION ( 'NONE',  ( -1.000000000000000000, 0.000000000000000000, 0.000000000000000000 ) ) ;
#2759 = FACE_OUTER_BOUND ( 'NONE', #514, .T. ) ;
#2760 = CARTESIAN_POINT ( 'NONE',  ( 12.99999999999999822, 9.999687502519293503, -10.15001570634853145 ) ) ;
#2761 = EDGE_CURVE ( 'NONE', #4587, #2790, #5132, .T. ) ;
#2762 = EDGE_LOOP ( 'NONE', ( #5504, #2270, #4154, #3438, #3874, #2756, #305 ) ) ;
#2763 = EDGE_CURVE ( 'NONE', #5510, #3454, #5640, .T. ) ;
#2764 = AXIS2_PLACEMENT_3D ( 'NONE', #4391, #1253, #703 ) ;
#2765 = ORIENTED_EDGE ( 'NONE', *, *, #2091, .F. ) ;
#2766 = DIRECTION ( 'NONE',  ( 0.000000000000000000, 0.000000000000000000, -1.000000000000000000 ) ) ;
#2767 = ORIENTED_EDGE ( 'NONE', *, *, #4369, .T. ) ;
#2768 = CARTESIAN_POINT ( 'NONE',  ( 36.37879668590003490, 7.163291502066186034, -35.26325208718169080 ) ) ;
#2769 = DIRECTION ( 'NONE',  ( 0.000000000000000000, 0.000000000000000000, 1.000000000000000000 ) ) ;
#2770 = AXIS2_PLACEMENT_3D ( 'NONE', #4332, #1131, #5239 ) ;
#2771 = LINE ( 'NONE', #2411, #4128 ) ;
#2772 = VERTEX_POINT ( 'NONE', #2878 ) ;
#2773 = FACE_OUTER_BOUND ( 'NONE', #1603, .T. ) ;
#2774 = CARTESIAN_POINT ( 'NONE',  ( 36.97025396296452726, 9.449833362997049235, -7.523225017450451801 ) ) ;
#2775 = CARTESIAN_POINT ( 'NONE',  ( 50.00000000000000000, 5.078986031967211545, -36.49200113352839736 ) ) ;
#2776 = ADVANCED_FACE ( 'NONE', ( #5628, #3000, #1586, #4809, #765 ), #4685, .F. ) ;
#2777 = CARTESIAN_POINT ( 'NONE',  ( 34.20027418869282343, 5.999999999999999112, -24.83409574571475176 ) ) ;
#2778 = CARTESIAN_POINT ( 'NONE',  ( 15.02539310119855820, 6.521361243933805341, -10.45000000000001172 ) ) ;
#2779 = CARTESIAN_POINT ( 'NONE',  ( 12.99999999999991651, 7.666045243361794270, -29.69538281596692286 ) ) ;
#2780 = CARTESIAN_POINT ( 'NONE',  ( 31.00000000000000000, 3.000000000000000000, -25.99999999999999645 ) ) ;
#2781 = CARTESIAN_POINT ( 'NONE',  ( 16.99999999999999645, 6.000000000000001776, -6.535898384862247390 ) ) ;
#2782 = EDGE_CURVE ( 'NONE', #999, #3706, #2939, .T. ) ;
#2783 = ADVANCED_FACE ( 'NONE', ( #2101 ), #684, .T. ) ;
#2784 = ORIENTED_EDGE ( 'NONE', *, *, #2613, .F. ) ;
#2785 = VERTEX_POINT ( 'NONE', #44 ) ;
#2786 = CARTESIAN_POINT ( 'NONE',  ( 33.00000000000000000, 5.960247257326453330, -38.39677536484025921 ) ) ;
#2787 = CARTESIAN_POINT ( 'NONE',  ( 38.00000000000000711, 31.00000000000000000, -9.380652189041551736 ) ) ;
#2788 = CARTESIAN_POINT ( 'NONE',  ( 50.00000000000000000, 3.657938755497716965, -2.006396645156068193 ) ) ;
#2789 = DIRECTION ( 'NONE',  ( 0.3922226315710910516, 0.000000000000000000, -0.9198703209058591845 ) ) ;
#2790 = VERTEX_POINT ( 'NONE', #559 ) ;
#2791 = CARTESIAN_POINT ( 'NONE',  ( 34.96816727967068061, 6.517629694300527632, -29.69341925339008981 ) ) ;
#2792 = ORIENTED_EDGE ( 'NONE', *, *, #2398, .T. ) ;
#2793 = CARTESIAN_POINT ( 'NONE',  ( 38.00000000000000000, 10.18231831088872497, -32.07200716429852605 ) ) ;
#2794 = CARTESIAN_POINT ( 'NONE',  ( 50.00000000000000000, 7.986876032123602975, -32.45231031676379985 ) ) ;
#2795 = CARTESIAN_POINT ( 'NONE',  ( 1.000000000000000000, 30.00000000000000000, -29.38065218904154818 ) ) ;
#2796 = ADVANCED_FACE ( 'NONE', ( #2759 ), #1816, .F. ) ;
#2797 = CIRCLE ( 'NONE', #4585, 4.000000000000003553 ) ;
#2798 = ORIENTED_EDGE ( 'NONE', *, *, #1661, .F. ) ;
#2799 = CARTESIAN_POINT ( 'NONE',  ( 14.17356654037973129, 7.138808424173316070, -35.29951502348153269 ) ) ;
#2800 = CARTESIAN_POINT ( 'NONE',  ( 16.99999999999999645, 10.00000000000000000, -1.999999999999999556 ) ) ;
#2801 = CIRCLE ( 'NONE', #5259, 1.999999999999999556 ) ;
#2802 = CARTESIAN_POINT ( 'NONE',  ( -0.000000000000000000, 12.95803939048434472, -9.179033085554541671 ) ) ;
#2803 = CARTESIAN_POINT ( 'NONE',  ( 50.00000000000000000, 4.909335896774120300, -37.52649025117879233 ) ) ;
#2804 = AXIS2_PLACEMENT_3D ( 'NONE', #3487, #2013, #3801 ) ;
#2805 = AXIS2_PLACEMENT_3D ( 'NONE', #5611, #5172, #4817 ) ;
#2806 = EDGE_CURVE ( 'NONE', #5134, #5220, #4530, .T. ) ;
#2807 = CARTESIAN_POINT ( 'NONE',  ( 17.84108946836182241, 6.000000000000000888, -33.82843654507399833 ) ) ;
#2808 = CARTESIAN_POINT ( 'NONE',  ( 12.99999999999999645, 7.651139741363190083, -30.45000000000002771 ) ) ;
#2809 = ORIENTED_EDGE ( 'NONE', *, *, #680, .F. ) ;
#2810 = CARTESIAN_POINT ( 'NONE',  ( 27.13786049605008444, 3.700323692176662682, -28.92398878368612714 ) ) ;
#2811 = CARTESIAN_POINT ( 'NONE',  ( 16.02300816047413790, 6.114338654892483405, -7.310329762523377184 ) ) ;
#2812 = AXIS2_PLACEMENT_3D ( 'NONE', #593, #1003, #1382 ) ;
#2813 = ORIENTED_EDGE ( 'NONE', *, *, #2423, .T. ) ;
#2814 = ORIENTED_EDGE ( 'NONE', *, *, #402, .F. ) ;
#2815 = DIRECTION ( 'NONE',  ( 1.000000000000000000, 0.000000000000000000, 0.000000000000000000 ) ) ;
#2816 = CARTESIAN_POINT ( 'NONE',  ( 37.00000000000000711, 10.00000000000000178, -29.54999999999997584 ) ) ;
#2817 = EDGE_CURVE ( 'NONE', #4401, #1254, #4365, .T. ) ;
#2818 = CARTESIAN_POINT ( 'NONE',  ( 49.97683141140371532, 3.895694766341573523, -38.30354171194197477 ) ) ;
#2819 = DIRECTION ( 'NONE',  ( -0.000000000000000000, -1.000000000000000000, -0.000000000000000000 ) ) ;
#2820 = ORIENTED_EDGE ( 'NONE', *, *, #5315, .T. ) ;
#2821 = CARTESIAN_POINT ( 'NONE',  ( 31.97799707956081150, 5.856095198067591490, -6.116798930959353342 ) ) ;
#2822 = ORIENTED_EDGE ( 'NONE', *, *, #1608, .T. ) ;
#2823 = CARTESIAN_POINT ( 'NONE',  ( 33.00000000000000000, 10.00000000000000178, -10.44999999999999218 ) ) ;
#2824 = CARTESIAN_POINT ( 'NONE',  ( 50.00000000000000000, 9.005946521922696846, -31.61761004088230109 ) ) ;
#2825 = DIRECTION ( 'NONE',  ( 0.000000000000000000, 0.000000000000000000, 1.000000000000000000 ) ) ;
#2826 = ORIENTED_EDGE ( 'NONE', *, *, #3270, .F. ) ;
#2827 = CARTESIAN_POINT ( 'NONE',  ( 15.23497255679711770, 6.261873400013090674, -37.24390024704077007 ) ) ;
#2828 = CARTESIAN_POINT ( 'NONE',  ( 45.05000000000000426, 30.00000000000000000, -24.40565218904155032 ) ) ;
#2829 = CARTESIAN_POINT ( 'NONE',  ( 0.000000000000000000, 6.767184766559816822, -5.386392103103724516 ) ) ;
#2830 = CARTESIAN_POINT ( 'NONE',  ( 22.77991049561958548, 3.715781680582704194, -31.33698736671373197 ) ) ;
#2831 = CARTESIAN_POINT ( 'NONE',  ( 0.000000000000000000, 4.274454746708353348, -37.93808098649296312 ) ) ;
#2832 = B_SPLINE_CURVE_WITH_KNOTS ( 'NONE', 3,
 ( #2881, #5699, #2450, #3863, #5198, #2481 ),
 .UNSPECIFIED., .F., .F.,
 ( 4, 2, 4 ),
 ( 0.0008895956756894329766, 0.001599550549634934284, 0.002309505423580435375 ),
 .UNSPECIFIED. ) ;
#2833 = CARTESIAN_POINT ( 'NONE',  ( 13.83200087227826280, 6.998126178123813546, -35.55256948921400806 ) ) ;
#2834 = DIRECTION ( 'NONE',  ( -1.000000000000000000, 0.000000000000000000, 2.668805347656626678E-16 ) ) ;
#2835 = DIRECTION ( 'NONE',  ( -1.000000000000000000, 0.000000000000000000, 0.000000000000000000 ) ) ;
#2836 = ORIENTED_EDGE ( 'NONE', *, *, #4963, .T. ) ;
#2837 = ORIENTED_EDGE ( 'NONE', *, *, #3011, .F. ) ;
#2838 = FACE_OUTER_BOUND ( 'NONE', #5331, .T. ) ;
#2839 = FACE_OUTER_BOUND ( 'NONE', #2617, .T. ) ;
#2840 = AXIS2_PLACEMENT_3D ( 'NONE', #5803, #43, #1752 ) ;
#2841 = CARTESIAN_POINT ( 'NONE',  ( 50.00000000000000000, 4.079599511602354234, -1.842522058183124756 ) ) ;
#2842 = CYLINDRICAL_SURFACE ( 'NONE', #3331, 4.000000000000000000 ) ;
#2843 = ORIENTED_EDGE ( 'NONE', *, *, #1607, .T. ) ;
#2844 = AXIS2_PLACEMENT_3D ( 'NONE', #1796, #900, #2594 ) ;
#2845 = DIRECTION ( 'NONE',  ( 0.000000000000000000, 0.000000000000000000, 1.000000000000000000 ) ) ;
#2846 = ORIENTED_EDGE ( 'NONE', *, *, #1416, .F. ) ;
#2847 = CARTESIAN_POINT ( 'NONE',  ( 19.00000000000000000, 3.000000000000000000, -30.00000000000000355 ) ) ;
#2848 = EDGE_CURVE ( 'NONE', #4380, #999, #3571, .T. ) ;
#2849 = DIRECTION ( 'NONE',  ( 3.045418996276484329E-13, 0.8690913493429111014, -0.4946516213430602882 ) ) ;
#2850 = CARTESIAN_POINT ( 'NONE',  ( 12.00000000000000000, 15.44116783476714261, 1.619347810958454259 ) ) ;
#2851 = CARTESIAN_POINT ( 'NONE',  ( 1.000000000000000000, 31.00000000000000000, -9.380652189041546407 ) ) ;
#2852 = CIRCLE ( 'NONE', #2018, 4.000000000000000000 ) ;
#2853 = EDGE_CURVE ( 'NONE', #2894, #976, #4742, .T. ) ;
#2854 = ORIENTED_EDGE ( 'NONE', *, *, #3768, .F. ) ;
#2855 = CC_DESIGN_APPROVAL ( #1857, ( #5126 ) ) ;
#2856 = CARTESIAN_POINT ( 'NONE',  ( 13.14349910140603050, 8.904893896886857618, -31.99424639186777242 ) ) ;
#2857 = CARTESIAN_POINT ( 'NONE',  ( 33.58444884599447988, 6.042927907351734795, -1.999999999999999556 ) ) ;
#2858 = DIRECTION ( 'NONE',  ( 0.000000000000000000, 0.000000000000000000, 1.000000000000000000 ) ) ;
#2859 = CARTESIAN_POINT ( 'NONE',  ( 50.00000000000000711, 3.931231446385878403, -38.20565855960727220 ) ) ;
#2860 = CARTESIAN_POINT ( 'NONE',  ( 34.95274478916618222, 6.000000000000000888, -24.56207719863751038 ) ) ;
#2861 = EDGE_CURVE ( 'NONE', #205, #5687, #472, .T. ) ;
#2862 = CARTESIAN_POINT ( 'NONE',  ( 4.949999999999997513, 30.00000000000000000, -14.35565218904154605 ) ) ;
#2863 = ADVANCED_FACE ( 'NONE', ( #1935 ), #5526, .T. ) ;
#2864 = CARTESIAN_POINT ( 'NONE',  ( 11.99999999999999822, 31.00000000000000000, -14.35565218904154960 ) ) ;
#2865 = DIRECTION ( 'NONE',  ( 0.000000000000000000, 0.000000000000000000, 1.000000000000000000 ) ) ;
#2866 = EDGE_CURVE ( 'NONE', #2290, #4376, #5265, .T. ) ;
#2867 = ORIENTED_EDGE ( 'NONE', *, *, #5391, .F. ) ;
#2868 = ORIENTED_EDGE ( 'NONE', *, *, #3295, .T. ) ;
#2869 = CARTESIAN_POINT ( 'NONE',  ( 12.03641985020116678, 9.872864567207448871, -6.694538792803536253 ) ) ;
#2870 = CARTESIAN_POINT ( 'NONE',  ( 22.99958778419345862, 3.675321146349703749, -9.720544735397721681 ) ) ;
#2871 = CARTESIAN_POINT ( 'NONE',  ( 0.02316858859628444234, 3.895694766341576631, -38.30354171194197477 ) ) ;
#2872 = DIRECTION ( 'NONE',  ( -0.000000000000000000, 1.000000000000000000, -0.000000000000000000 ) ) ;
#2873 = ORIENTED_EDGE ( 'NONE', *, *, #3690, .F. ) ;
#2874 = CARTESIAN_POINT ( 'NONE',  ( 0.02794371409760051592, 3.930520351787212707, -38.33463996866591827 ) ) ;
#2875 = CARTESIAN_POINT ( 'NONE',  ( 1.000000000000000000, 15.71889479237746556, -30.38065218904155174 ) ) ;
#2876 = CARTESIAN_POINT ( 'NONE',  ( 3.949999999999997957, 30.00000000000000000, 0.000000000000000000 ) ) ;
#2877 = DIRECTION ( 'NONE',  ( 1.000000000000000000, -0.000000000000000000, -0.000000000000000000 ) ) ;
#2878 = CARTESIAN_POINT ( 'NONE',  ( 12.00000000000000000, 10.49465162134247009, -7.071565682474030723 ) ) ;
#2879 = ORIENTED_EDGE ( 'NONE', *, *, #3111, .F. ) ;
#2880 = ORIENTED_EDGE ( 'NONE', *, *, #4150, .F. ) ;
#2881 = CARTESIAN_POINT ( 'NONE',  ( 17.84108946836182241, 6.000000000000000000, -26.17156345492600877 ) ) ;
#2882 = CARTESIAN_POINT ( 'NONE',  ( 37.50999641427885223, 8.512505950763262774, -5.599621945246965105 ) ) ;
#2883 = CARTESIAN_POINT ( 'NONE',  ( 49.83787136151929076, 5.069005390922625587, -37.74409022993879859 ) ) ;
#2884 = CARTESIAN_POINT ( 'NONE',  ( 37.00000000000000711, 10.00000000000000178, -7.940657031816447109 ) ) ;
#2885 = EDGE_CURVE ( 'NONE', #2970, #4507, #3443, .T. ) ;
#2886 = CARTESIAN_POINT ( 'NONE',  ( 22.97221982319580036, 3.680051249377692901, -30.54349918290096966 ) ) ;
#2887 = AXIS2_PLACEMENT_3D ( 'NONE', #941, #1283, #2176 ) ;
#2888 = ORIENTED_EDGE ( 'NONE', *, *, #3644, .T. ) ;
#2889 = EDGE_CURVE ( 'NONE', #1254, #4944, #269, .T. ) ;
#2890 = CARTESIAN_POINT ( 'NONE',  ( 9.014039811950858611E-15, 4.909335896773958652, -37.52649025117766968 ) ) ;
#2891 = DIRECTION ( 'NONE',  ( -1.000000000000000000, 0.000000000000000000, 2.668805347656626678E-16 ) ) ;
#2892 = CARTESIAN_POINT ( 'NONE',  ( 20.03827701411190887, 4.616620855127217204, -39.91055542934915934 ) ) ;
#2893 = DIRECTION ( 'NONE',  ( 0.000000000000000000, 0.000000000000000000, 1.000000000000000000 ) ) ;
#2894 = VERTEX_POINT ( 'NONE', #1108 ) ;
#2895 = AXIS2_PLACEMENT_3D ( 'NONE', #1739, #1219, #3518 ) ;
#2896 = ORIENTED_EDGE ( 'NONE', *, *, #1683, .F. ) ;
#2897 = CARTESIAN_POINT ( 'NONE',  ( 33.47050554491213603, 5.998486478600587368, -38.21642292627650050 ) ) ;
#2898 = AXIS2_PLACEMENT_3D ( 'NONE', #3921, #1185, #261 ) ;
#2899 = CARTESIAN_POINT ( 'NONE',  ( 22.86213950394990135, 3.700323692176664458, -11.07601121631386398 ) ) ;
#2900 = CARTESIAN_POINT ( 'NONE',  ( 18.99999999999999645, 3.000000000000000000, -6.000000000000002665 ) ) ;
#2901 = EDGE_CURVE ( 'NONE', #5698, #4834, #2990, .T. ) ;
#2902 = CARTESIAN_POINT ( 'NONE',  ( 31.20296006355816587, 5.313417196465408665, -25.99999999999999645 ) ) ;
#2903 = CIRCLE ( 'NONE', #1118, 11.00000000000000000 ) ;
#2904 = VERTEX_POINT ( 'NONE', #2060 ) ;
#2905 = CARTESIAN_POINT ( 'NONE',  ( 49.03377005801984012, 12.51521936185694983, -7.979531414532869960 ) ) ;
#2906 = FACE_OUTER_BOUND ( 'NONE', #21, .T. ) ;
#2907 = B_SPLINE_CURVE_WITH_KNOTS ( 'NONE', 3,
 ( #1070, #632, #1987, #2307, #548, #4105, #1864, #3220, #2111, #2136, #5703, #3367, #693, #3870, #2488, #3895, #1629, #4301 ),
 .UNSPECIFIED., .F., .F.,
 ( 4, 2, 2, 2, 2, 2, 2, 2, 4 ),
 ( 2.168404344971008868E-18, 0.0003264153315954666183, 0.0006528306631909310681, 0.001305661326381864088, 0.001958491989572797107, 0.002611322652763729910, 0.003264153315954662713, 0.003916983979145595082, 0.005222645305527460688 ),
 .UNSPECIFIED. ) ;
#2908 = CIRCLE ( 'NONE', #4402, 2.000000000000001776 ) ;
#2909 = CARTESIAN_POINT ( 'NONE',  ( 0.9336902032158919118, 10.92459451163326456, -7.360969763487219097 ) ) ;
#2910 = B_SPLINE_CURVE_WITH_KNOTS ( 'NONE', 3,
 ( #4955, #5725, #4009, #5281, #4037, #1734, #2588, #1677, #4406, #3485, #369, #5367, #921, #2158, #3539, #3947, #1265, #3062, #5810, #1759, #4860, #5336, #2619, #3568, #1328, #3128, #452, #4472, #2240, #1791, #3595, #5396, #1355, #2711, #5069, #3652 ),
 .UNSPECIFIED., .F., .F.,
 ( 4, 2, 2, 2, 2, 2, 2, 2, 2, 2, 2, 2, 2, 2, 2, 2, 2, 4 ),
 ( 0.000000000000000000, 0.001954134277970005686, 0.002931201416955011348, 0.003908268555940016577, 0.005862402833910022697, 0.006839469972895024889, 0.007816537111880027949, 0.009770671389850047947, 0.01172480566782006794, 0.01367893994579008621, 0.01416747351528258210, 0.01465600708477507973, 0.01490027386952131813, 0.01514454065426755654, 0.01526667404664067661, 0.01538880743901379668, 0.01551094083138691675, 0.01563307422376003508 ),
 .UNSPECIFIED. ) ;
#2911 = CARTESIAN_POINT ( 'NONE',  ( 19.00000000000000000, 0.000000000000000000, -30.00000000000000355 ) ) ;
#2912 = ORIENTED_EDGE ( 'NONE', *, *, #5186, .T. ) ;
#2913 = AXIS2_PLACEMENT_3D ( 'NONE', #745, #5702, #3459 ) ;
#2914 = ORIENTED_EDGE ( 'NONE', *, *, #861, .F. ) ;
#2915 = CARTESIAN_POINT ( 'NONE',  ( 16.46371915262524155, 6.032861020807882113, -37.91478798753124124 ) ) ;
#2916 = DIRECTION ( 'NONE',  ( 1.000000000000000000, 0.000000000000000000, 0.000000000000000000 ) ) ;
#2917 = DIRECTION ( 'NONE',  ( 0.9123018411414454132, 0.1347445145728748961, -0.3867160023097689914 ) ) ;
#2918 = CIRCLE ( 'NONE', #4896, 1.000000000000000000 ) ;
#2919 = DIRECTION ( 'NONE',  ( 0.000000000000000000, 1.000000000000000000, 0.000000000000000000 ) ) ;
#2920 = CARTESIAN_POINT ( 'NONE',  ( 19.00000000000000000, 5.189291564825707859, -34.00000000000000000 ) ) ;
#2921 = ORIENTED_EDGE ( 'NONE', *, *, #1800, .T. ) ;
#2922 = CARTESIAN_POINT ( 'NONE',  ( 4.949999999999997513, 31.00000000000000000, -14.35565218904154605 ) ) ;
#2923 = CARTESIAN_POINT ( 'NONE',  ( 30.04960111755562124, 4.664394129549622292, -6.106884513701928086 ) ) ;
#2924 = CARTESIAN_POINT ( 'NONE',  ( 18.17390372652883102, 5.743526607367041237, -38.99468399540679542 ) ) ;
#2925 = FACE_OUTER_BOUND ( 'NONE', #3970, .T. ) ;
#2926 = ORIENTED_EDGE ( 'NONE', *, *, #1643, .F. ) ;
#2927 = CARTESIAN_POINT ( 'NONE',  ( 12.16616983100422189, 9.295815077566564000, -6.277572552657748162 ) ) ;
#2928 = FACE_OUTER_BOUND ( 'NONE', #2231, .T. ) ;
#2929 = CARTESIAN_POINT ( 'NONE',  ( 16.80459177739108156, 5.969950483849345346, -1.596207393035294242 ) ) ;
#2930 = LINE ( 'NONE', #332, #1163 ) ;
#2931 = VERTEX_POINT ( 'NONE', #2094 ) ;
#2932 = CARTESIAN_POINT ( 'NONE',  ( 3.949999999999997957, 31.00000000000000000, -25.40565218904154676 ) ) ;
#2933 = EDGE_CURVE ( 'NONE', #1290, #609, #5188, .T. ) ;
#2934 = EDGE_CURVE ( 'NONE', #961, #4622, #4739, .T. ) ;
#2935 = DIRECTION ( 'NONE',  ( 0.000000000000000000, 1.000000000000000000, 0.000000000000000000 ) ) ;
#2936 = CARTESIAN_POINT ( 'NONE',  ( 14.00000000000000000, 6.000000000000000000, -14.35565218904154960 ) ) ;
#2937 = CARTESIAN_POINT ( 'NONE',  ( 38.00000000000000711, 10.00000000000000178, -24.40565218904155032 ) ) ;
#2938 = ADVANCED_FACE ( 'NONE', ( #3349 ), #4327, .T. ) ;
#2939 = LINE ( 'NONE', #310, #5169 ) ;
#2940 = TOROIDAL_SURFACE ( 'NONE', #5383, 11.76148354395871642, 10.00000000000000000 ) ;
#2941 = EDGE_CURVE ( 'NONE', #4470, #2607, #1854, .T. ) ;
#2942 = ORIENTED_EDGE ( 'NONE', *, *, #1747, .T. ) ;
#2943 = AXIS2_PLACEMENT_3D ( 'NONE', #2850, #2877, #4684 ) ;
#2944 = DIRECTION ( 'NONE',  ( 1.000000000000000000, 0.000000000000000000, 0.000000000000000000 ) ) ;
#2945 = EDGE_LOOP ( 'NONE', ( #739, #1162, #4058, #2034 ) ) ;
#2946 = ORIENTED_EDGE ( 'NONE', *, *, #4099, .F. ) ;
#2947 = CARTESIAN_POINT ( 'NONE',  ( 2.000000000000000000, 0.000000000000000000, -40.00000000000000000 ) ) ;
#2948 = B_SPLINE_CURVE_WITH_KNOTS ( 'NONE', 3,
 ( #3169, #524, #5321, #1776, #1279, #412, #496, #38, #4459, #3996, #2311, #3636, #963, #1369, #4941, #5440, #4488, #4879, #440 ),
 .UNSPECIFIED., .F., .F.,
 ( 4, 3, 3, 3, 3, 3, 4 ),
 ( -1.294540516836816105E-05, 0.000000000000000000, 4.828899764139644432E-05, 9.209911665505651876E-05, 0.0001676017363643872958, 0.0002991992266752989665, 0.0005371548183518821094 ),
 .UNSPECIFIED. ) ;
#2949 = CARTESIAN_POINT ( 'NONE',  ( 31.94676115636162805, 5.834664278381836766, -38.82159317310914304 ) ) ;
#2950 = CIRCLE ( 'NONE', #1718, 11.50000000000000178 ) ;
#2951 = CARTESIAN_POINT ( 'NONE',  ( 19.00000000000000000, 3.000000000000000000, -30.00000000000000355 ) ) ;
#2952 = CARTESIAN_POINT ( 'NONE',  ( 38.00000000000000711, 30.00000000000000000, -25.40565218904155032 ) ) ;
#2953 = DIRECTION ( 'NONE',  ( 0.000000000000000000, 1.000000000000000000, 0.000000000000000000 ) ) ;
#2954 = CIRCLE ( 'NONE', #3705, 1.000000000000000888 ) ;
#2955 = CARTESIAN_POINT ( 'NONE',  ( 37.00000000000000711, 10.00000000000000178, -13.35565218904154605 ) ) ;
#2956 = CARTESIAN_POINT ( 'NONE',  ( 30.53013228845673410, 4.913332709567768575, -6.020197170831885991 ) ) ;
#2957 = LINE ( 'NONE', #2864, #5372 ) ;
#2958 = LINE ( 'NONE', #4766, #1728 ) ;
#2959 = ORIENTED_EDGE ( 'NONE', *, *, #2074, .T. ) ;
#2960 = ORIENTED_EDGE ( 'NONE', *, *, #807, .F. ) ;
#2961 = LINE ( 'NONE', #2028, #5 ) ;
#2962 = CARTESIAN_POINT ( 'NONE',  ( 0.000000000000000000, 4.860004574459690474, -2.685576867646134680 ) ) ;
#2963 = CARTESIAN_POINT ( 'NONE',  ( 16.55826864540915722, 6.001951485382884144, -1.687372590605697997 ) ) ;
#2964 = DIRECTION ( 'NONE',  ( -1.000000000000000000, 0.000000000000000000, 0.000000000000000000 ) ) ;
#2965 = ORIENTED_EDGE ( 'NONE', *, *, #4257, .T. ) ;
#2966 = LINE ( 'NONE', #4776, #1681 ) ;
#2967 = DIRECTION ( 'NONE',  ( -0.000000000000000000, 1.000000000000000000, 0.000000000000000000 ) ) ;
#2968 = CARTESIAN_POINT ( 'NONE',  ( 37.00000000000000711, 9.999999996181749395, -9.699998153284328239 ) ) ;
#2969 = DIRECTION ( 'NONE',  ( 1.000000000000000000, 0.000000000000000000, 0.000000000000000000 ) ) ;
#2970 = VERTEX_POINT ( 'NONE', #5294 ) ;
#2971 = CARTESIAN_POINT ( 'NONE',  ( 50.00000000000000000, 30.00000000000000000, -8.380652189041544631 ) ) ;
#2972 = CC_DESIGN_PERSON_AND_ORGANIZATION_ASSIGNMENT ( #4415, #5762, ( #5126 ) ) ;
#2973 = ORIENTED_EDGE ( 'NONE', *, *, #5535, .F. ) ;
#2974 = ORIENTED_EDGE ( 'NONE', *, *, #5092, .F. ) ;
#2975 = DIRECTION ( 'NONE',  ( 0.000000000000000000, 0.000000000000000000, -1.000000000000000000 ) ) ;
#2976 = CARTESIAN_POINT ( 'NONE',  ( 16.04210044691877712, 6.114029446833797010, -37.50703641040761482 ) ) ;
#2977 = LINE ( 'NONE', #4838, #4878 ) ;
#2978 = LINE ( 'NONE', #3488, #4315 ) ;
#2979 = ADVANCED_FACE ( 'NONE', ( #1775 ), #4021, .F. ) ;
#2980 = EDGE_CURVE ( 'NONE', #1662, #4911, #109, .T. ) ;
#2981 = VECTOR ( 'NONE', #4111, 1000.000000000000000 ) ;
#2982 = LINE ( 'NONE', #4302, #4166 ) ;
#2983 = CARTESIAN_POINT ( 'NONE',  ( 49.05474284133104135, 11.63019929940694119, -31.22198807403317034 ) ) ;
#2984 = CARTESIAN_POINT ( 'NONE',  ( 15.25824666184086986, 6.000000000000000888, -14.13133150221660017 ) ) ;
#2985 = VERTEX_POINT ( 'NONE', #1665 ) ;
#2986 = CIRCLE ( 'NONE', #3848, 5.000000000000000888 ) ;
#2987 = ORIENTED_EDGE ( 'NONE', *, *, #3660, .F. ) ;
#2988 = CARTESIAN_POINT ( 'NONE',  ( 37.00000000000000000, 10.52377123126897551, -31.86206253291311086 ) ) ;
#2989 = CARTESIAN_POINT ( 'NONE',  ( 0.000000000000000000, 14.16188967213031802, -9.328636949126842381 ) ) ;
#2990 = LINE ( 'NONE', #2900, #28 ) ;
#2991 = CIRCLE ( 'NONE', #5730, 1.000000000000000888 ) ;
#2992 = DIRECTION ( 'NONE',  ( 1.000000000000000000, 0.000000000000000000, -2.668805347656626678E-16 ) ) ;
#2993 = ORIENTED_EDGE ( 'NONE', *, *, #1860, .F. ) ;
#2994 = DIRECTION ( 'NONE',  ( -0.000000000000000000, -0.000000000000000000, 1.000000000000000000 ) ) ;
#2995 = AXIS2_PLACEMENT_3D ( 'NONE', #107, #2825, #4153 ) ;
#2996 = CIRCLE ( 'NONE', #101, 4.000000000000006217 ) ;
#2997 = EDGE_CURVE ( 'NONE', #1460, #102, #354, .T. ) ;
#2998 = CARTESIAN_POINT ( 'NONE',  ( 11.99999999999999822, 15.44116783476714261, -8.380652189041549960 ) ) ;
#2999 = CARTESIAN_POINT ( 'NONE',  ( 37.00000000000000711, 7.651139741363192748, -9.550000000000004263 ) ) ;
#3000 = FACE_BOUND ( 'NONE', #977, .T. ) ;
#3001 = VECTOR ( 'NONE', #1174, 1000.000000000000000 ) ;
#3002 = EDGE_LOOP ( 'NONE', ( #3123, #1324, #2327 ) ) ;
#3003 = VECTOR ( 'NONE', #2215, 1000.000000000000000 ) ;
#3004 = FACE_OUTER_BOUND ( 'NONE', #5149, .T. ) ;
#3005 = VERTEX_POINT ( 'NONE', #1252 ) ;
#3006 = ORIENTED_EDGE ( 'NONE', *, *, #5748, .T. ) ;
#3007 = DIRECTION ( 'NONE',  ( -0.000000000000000000, -1.000000000000000000, -0.000000000000000000 ) ) ;
#3008 = CYLINDRICAL_SURFACE ( 'NONE', #1421, 1.000000000000000888 ) ;
#3009 = DIRECTION ( 'NONE',  ( 0.000000000000000000, 1.000000000000000000, 0.000000000000000000 ) ) ;
#3010 = EDGE_CURVE ( 'NONE', #3115, #2904, #3866, .T. ) ;
#3011 = EDGE_CURVE ( 'NONE', #1662, #1874, #1719, .T. ) ;
#3012 = PLANE ( 'NONE',  #2805 ) ;
#3013 = CARTESIAN_POINT ( 'NONE',  ( 0.01746765301140711449, 3.854117132562222103, -38.26641406820910163 ) ) ;
#3014 = DIRECTION ( 'NONE',  ( 0.000000000000000000, -1.000000000000000000, 0.000000000000000000 ) ) ;
#3015 = EDGE_CURVE ( 'NONE', #3454, #4189, #206, .T. ) ;
#3016 = AXIS2_PLACEMENT_3D ( 'NONE', #5613, #4244, #1572 ) ;
#3017 = CARTESIAN_POINT ( 'NONE',  ( 34.17139234530213798, 6.102205763140520212, -37.78956774680558084 ) ) ;
#3018 = B_SPLINE_CURVE_WITH_KNOTS ( 'NONE', 3,
 ( #2397, #1458, #1430, #1100 ),
 .UNSPECIFIED., .F., .F.,
 ( 4, 4 ),
 ( 2.000000022730347160E-07, 0.0009002000000000193874 ),
 .UNSPECIFIED. ) ;
#3019 = DIRECTION ( 'NONE',  ( 0.000000000000000000, 0.000000000000000000, 1.000000000000000000 ) ) ;
#3020 = FACE_OUTER_BOUND ( 'NONE', #3061, .T. ) ;
#3021 = CARTESIAN_POINT ( 'NONE',  ( 34.51647109317627837, 6.294286506937153192, -8.068896337472921232 ) ) ;
#3022 = ORIENTED_EDGE ( 'NONE', *, *, #3195, .F. ) ;
#3023 = EDGE_LOOP ( 'NONE', ( #1317, #2055, #4743, #4460 ) ) ;
#3024 = CARTESIAN_POINT ( 'NONE',  ( 2.000000000000000444, 4.000000000000000000, -40.00000000000000000 ) ) ;
#3025 = DIRECTION ( 'NONE',  ( -1.000000000000000000, -0.000000000000000000, 2.668805347656626678E-16 ) ) ;
#3026 = DIRECTION ( 'NONE',  ( 0.000000000000000000, -1.000000000000000000, 0.000000000000000000 ) ) ;
#3027 = CARTESIAN_POINT ( 'NONE',  ( 50.00000000000000000, 4.738953621061732235, -1.989896455293444832 ) ) ;
#3028 = CARTESIAN_POINT ( 'NONE',  ( 50.00000000000000000, 3.790427246298470276, -38.05495100770540517 ) ) ;
#3029 = ORIENTED_EDGE ( 'NONE', *, *, #169, .T. ) ;
#3030 = EDGE_CURVE ( 'NONE', #1235, #1874, #4416, .T. ) ;
#3031 = CARTESIAN_POINT ( 'NONE',  ( 31.00000000000000000, 3.000000000000000000, -9.999999999999998224 ) ) ;
#3032 = CARTESIAN_POINT ( 'NONE',  ( 33.00000000000000000, 6.000000000000000000, -25.40565218904155032 ) ) ;
#3033 = CARTESIAN_POINT ( 'NONE',  ( 11.99999999999999645, 10.00000000000000178, -13.35565218904154960 ) ) ;
#3034 = TOROIDAL_SURFACE ( 'NONE', #3225, 11.00000000000000000, 1.000000000000000000 ) ;
#3035 = DIRECTION ( 'NONE',  ( -0.000000000000000000, 1.000000000000000000, 0.000000000000000000 ) ) ;
#3036 = ADVANCED_FACE ( 'NONE', ( #3020 ), #5740, .T. ) ;
#3037 = VECTOR ( 'NONE', #4731, 1000.000000000000000 ) ;
#3038 = DIRECTION ( 'NONE',  ( 1.000000000000000000, 0.000000000000000000, 0.000000000000000000 ) ) ;
#3039 = EDGE_CURVE ( 'NONE', #5326, #4141, #4390, .T. ) ;
#3040 = FACE_OUTER_BOUND ( 'NONE', #341, .T. ) ;
#3041 = EDGE_CURVE ( 'NONE', #368, #3202, #3678, .T. ) ;
#3042 = CARTESIAN_POINT ( 'NONE',  ( 50.00000000000000000, 15.05417807757495474, -29.38065218999977546 ) ) ;
#3043 = CARTESIAN_POINT ( 'NONE',  ( 16.90109650905902328, 6.000000000000000000, -13.40508504089337016 ) ) ;
#3044 = AXIS2_PLACEMENT_3D ( 'NONE', #4907, #467, #4054 ) ;
#3045 = EDGE_CURVE ( 'NONE', #948, #5666, #4615, .T. ) ;
#3046 = EDGE_CURVE ( 'NONE', #4380, #1979, #5320, .T. ) ;
#3047 = CARTESIAN_POINT ( 'NONE',  ( 13.43755505779314063, 7.295296026821854518, -4.189388024203324790 ) ) ;
#3048 = CARTESIAN_POINT ( 'NONE',  ( 36.99051431874767815, 7.771787172003880251, -34.35642160068138651 ) ) ;
#3049 = DIRECTION ( 'NONE',  ( 1.000000000000000000, 0.000000000000000000, 0.000000000000000000 ) ) ;
#3050 = DIRECTION ( 'NONE',  ( -0.000000000000000000, -1.000000000000000000, -0.000000000000000000 ) ) ;
#3051 = DIRECTION ( 'NONE',  ( -0.000000000000000000, -0.000000000000000000, 1.000000000000000000 ) ) ;
#3052 = ADVANCED_FACE ( 'NONE', ( #4458, #2172 ), #4362, .T. ) ;
#3053 = ORIENTED_EDGE ( 'NONE', *, *, #1176, .F. ) ;
#3054 = DIRECTION ( 'NONE',  ( 0.000000000000000000, 1.000000000000000000, 0.000000000000000000 ) ) ;
#3055 = DIRECTION ( 'NONE',  ( 0.000000000000000000, 0.000000000000000000, 1.000000000000000000 ) ) ;
#3056 = CARTESIAN_POINT ( 'NONE',  ( 1.000000000000000444, 31.00000000000000000, -8.380652189041544631 ) ) ;
#3057 = CARTESIAN_POINT ( 'NONE',  ( 49.18510524992986177, 8.255427118267803621, -5.516860486760960747 ) ) ;
#3058 = DIRECTION ( 'NONE',  ( 0.000000000000000000, 1.000000000000000000, -0.000000000000000000 ) ) ;
#3059 = CARTESIAN_POINT ( 'NONE',  ( 0.000000000000000000, 0.000000000000000000, -2.000000000000014211 ) ) ;
#3060 = ORIENTED_EDGE ( 'NONE', *, *, #5074, .F. ) ;
#3061 = EDGE_LOOP ( 'NONE', ( #3904, #3482, #3862, #5697, #4658, #2914 ) ) ;
#3062 = CARTESIAN_POINT ( 'NONE',  ( -0.000000000000000000, 5.577324175451074062, -35.54546546082025316 ) ) ;
#3063 = CARTESIAN_POINT ( 'NONE',  ( 33.73056105749309808, 5.997978788787620807, -1.670968380821959975 ) ) ;
#3064 = CARTESIAN_POINT ( 'NONE',  ( 36.40230612917132191, 7.842563819463946651, -4.894619040030462109 ) ) ;
#3065 = CARTESIAN_POINT ( 'NONE',  ( 16.08866931996344718, 6.022250785037019938, -1.740628874144439342 ) ) ;
#3066 = FACE_OUTER_BOUND ( 'NONE', #3208, .T. ) ;
#3067 = EDGE_CURVE ( 'NONE', #47, #1488, #3499, .T. ) ;
#3068 = CARTESIAN_POINT ( 'NONE',  ( -0.000000000000000000, 4.162938147893380680, -1.873582753389183342 ) ) ;
#3069 = CARTESIAN_POINT ( 'NONE',  ( 50.00000000000000000, 12.47671996126661398, -29.85926243603983821 ) ) ;
#3070 = APPROVAL_ROLE ( '' ) ;
#3071 = VECTOR ( 'NONE', #4526, 1000.000000000000000 ) ;
#3072 = CIRCLE ( 'NONE', #547, 2.000000000000001776 ) ;
#3073 = CARTESIAN_POINT ( 'NONE',  ( 0.8693654553855518774, 9.325609216389251444, -32.62330705473276993 ) ) ;
#3074 = CARTESIAN_POINT ( 'NONE',  ( 14.77514095435061847, 6.421881318404870420, -2.701480796217348157 ) ) ;
#3075 = CARTESIAN_POINT ( 'NONE',  ( 0.1236207726832122961, 3.258348364931513252, -1.726844996258942944 ) ) ;
#3076 = VERTEX_POINT ( 'NONE', #3143 ) ;
#3077 = DIRECTION ( 'NONE',  ( 0.000000000000000000, 1.000000000000000000, 0.000000000000000000 ) ) ;
#3078 = CARTESIAN_POINT ( 'NONE',  ( 11.99999999999999645, 15.76148354395871820, -30.38065218904154818 ) ) ;
#3079 = EDGE_CURVE ( 'NONE', #3900, #948, #2550, .T. ) ;
#3080 = EDGE_LOOP ( 'NONE', ( #397, #3999, #74, #3372 ) ) ;
#3081 = DIRECTION ( 'NONE',  ( 0.000000000000000000, 0.000000000000000000, 1.000000000000000000 ) ) ;
#3082 = ORIENTED_EDGE ( 'NONE', *, *, #4657, .T. ) ;
#3083 = EDGE_CURVE ( 'NONE', #609, #5724, #3120, .T. ) ;
#3084 = AXIS2_PLACEMENT_3D ( 'NONE', #884, #2150, #1751 ) ;
#3085 = FACE_OUTER_BOUND ( 'NONE', #4202, .T. ) ;
#3086 = DIRECTION ( 'NONE',  ( 0.000000000000000000, 1.000000000000000000, 0.000000000000000000 ) ) ;
#3087 = CARTESIAN_POINT ( 'NONE',  ( 50.00000000000000000, 6.336902536352928550, -4.866311222720810292 ) ) ;
#3088 = CARTESIAN_POINT ( 'NONE',  ( 34.07781102833653364, 6.146058050250271521, -37.36220662693978767 ) ) ;
#3089 = ORIENTED_EDGE ( 'NONE', *, *, #2436, .T. ) ;
#3090 = EDGE_CURVE ( 'NONE', #4880, #5421, #4525, .T. ) ;
#3091 = VECTOR ( 'NONE', #5200, 1000.000000000000000 ) ;
#3092 = VERTEX_POINT ( 'NONE', #3667 ) ;
#3093 = CARTESIAN_POINT ( 'NONE',  ( 2.000000000000000000, 4.000000000000000000, -38.00000000000000000 ) ) ;
#3094 = VERTEX_POINT ( 'NONE', #465 ) ;
#3095 = FACE_BOUND ( 'NONE', #3318, .T. ) ;
#3096 = CARTESIAN_POINT ( 'NONE',  ( 50.00000000000000000, 4.160046086058224901, -38.04582197381639475 ) ) ;
#3097 = CARTESIAN_POINT ( 'NONE',  ( 35.23203936555091786, 6.419431950440540824, -2.703030055026912848 ) ) ;
#3098 = ORIENTED_EDGE ( 'NONE', *, *, #3980, .T. ) ;
#3099 = CARTESIAN_POINT ( 'NONE',  ( 16.84300157599721715, 5.972371097909347171, -38.33687818533556424 ) ) ;
#3100 = PLANE ( 'NONE',  #5778 ) ;
#3101 = CARTESIAN_POINT ( 'NONE',  ( 49.03895073983263586, 12.47972839599190031, -30.90800158236336870 ) ) ;
#3102 = PERSON_AND_ORGANIZATION ( #4148, #3434 ) ;
#3103 = B_SPLINE_CURVE_WITH_KNOTS ( 'NONE', 3,
 ( #3504, #4317, #794, #2612 ),
 .UNSPECIFIED., .F., .F.,
 ( 4, 4 ),
 ( 2.000000000005469625E-07, 0.0009001999999999881624 ),
 .UNSPECIFIED. ) ;
#3104 = EDGE_CURVE ( 'NONE', #1169, #5365, #146, .T. ) ;
#3105 = CARTESIAN_POINT ( 'NONE',  ( 0.000000000000000000, 10.63486572680819719, -30.58801676520184287 ) ) ;
#3106 = DIRECTION ( 'NONE',  ( -1.000000000000000000, 0.000000000000000000, 0.000000000000000000 ) ) ;
#3107 = CARTESIAN_POINT ( 'NONE',  ( 37.04597036331439597, 9.966422615616599145, -32.22266367575101498 ) ) ;
#3108 = CARTESIAN_POINT ( 'NONE',  ( 0.000000000000000000, 4.775476685939109345, -2.555607950442075893 ) ) ;
#3109 = DIRECTION ( 'NONE',  ( 0.000000000000000000, -0.000000000000000000, 1.000000000000000000 ) ) ;
#3110 = LINE ( 'NONE', #2666, #3142 ) ;
#3111 = EDGE_CURVE ( 'NONE', #3351, #2276, #5410, .T. ) ;
#3112 = VECTOR ( 'NONE', #399, 1000.000000000000000 ) ;
#3113 = EDGE_LOOP ( 'NONE', ( #2331, #4174, #3535, #5012 ) ) ;
#3114 = CARTESIAN_POINT ( 'NONE',  ( 38.00000000000000711, 30.00000000000000000, -13.35565218904154605 ) ) ;
#3115 = VERTEX_POINT ( 'NONE', #2780 ) ;
#3116 = CARTESIAN_POINT ( 'NONE',  ( 0.06549192971234628347, 3.892640276461379667, -1.490108667702366940 ) ) ;
#3117 = DIRECTION ( 'NONE',  ( -0.000000000000000000, -1.000000000000000000, -0.000000000000000000 ) ) ;
#3118 = CARTESIAN_POINT ( 'NONE',  ( 50.00000000000000711, 11.54235044943106914, -7.689748181188756249 ) ) ;
#3119 = CARTESIAN_POINT ( 'NONE',  ( 13.00000000000022027, 7.666045063135657145, -10.30462066728524206 ) ) ;
#3120 = B_SPLINE_CURVE_WITH_KNOTS ( 'NONE', 3,
 ( #3284, #962, #906, #1805, #2256, #4108, #5468 ),
 .UNSPECIFIED., .F., .F.,
 ( 4, 3, 4 ),
 ( 0.000000000000000000, 0.0004500001085154186980, 0.0009000002170308373959 ),
 .UNSPECIFIED. ) ;
#3121 = EDGE_CURVE ( 'NONE', #5713, #5035, #936, .T. ) ;
#3122 = EDGE_CURVE ( 'NONE', #4798, #3900, #1771, .T. ) ;
#3123 = ORIENTED_EDGE ( 'NONE', *, *, #2763, .T. ) ;
#3124 = ORIENTED_EDGE ( 'NONE', *, *, #3311, .F. ) ;
#3125 = VERTEX_POINT ( 'NONE', #3721 ) ;
#3126 = EDGE_CURVE ( 'NONE', #3875, #1497, #4164, .T. ) ;
#3127 = ORIENTED_EDGE ( 'NONE', *, *, #5792, .F. ) ;
#3128 = CARTESIAN_POINT ( 'NONE',  ( -0.000000000000000000, 4.330916451049470872, -37.86646492680183229 ) ) ;
#3129 = CARTESIAN_POINT ( 'NONE',  ( 13.03471645278071023, 9.407228149819440333, -31.49808953342669327 ) ) ;
#3130 = CARTESIAN_POINT ( 'NONE',  ( 37.00000000000012079, 10.49465162134150376, -7.071565682473494263 ) ) ;
#3131 = ORIENTED_EDGE ( 'NONE', *, *, #2364, .F. ) ;
#3132 = CARTESIAN_POINT ( 'NONE',  ( 1.000000000000000000, 30.00000000000000000, -29.38065218904154818 ) ) ;
#3133 = AXIS2_PLACEMENT_3D ( 'NONE', #2068, #5274, #3857 ) ;
#3134 = DIRECTION ( 'NONE',  ( 0.000000000000000000, -0.000000000000000000, 1.000000000000000000 ) ) ;
#3135 = CARTESIAN_POINT ( 'NONE',  ( 50.00000000000000000, 4.548600485743331312, -37.52384790138684423 ) ) ;
#3136 = CALENDAR_DATE ( 2022, 14, 4 ) ;
#3137 = AXIS2_PLACEMENT_3D ( 'NONE', #4931, #1242, #4510 ) ;
#3138 = CARTESIAN_POINT ( 'NONE',  ( 0.9091789633461208053, 10.31357494369405359, -31.92986754329055898 ) ) ;
#3139 = PLANE ( 'NONE',  #1040 ) ;
#3140 = DIRECTION ( 'NONE',  ( 0.000000000000000000, 1.000000000000000000, 0.000000000000000000 ) ) ;
#3141 = CARTESIAN_POINT ( 'NONE',  ( 33.19375694265836785, 5.969416801932212024, -1.594520364127545609 ) ) ;
#3142 = VECTOR ( 'NONE', #4082, 1000.000000000000000 ) ;
#3143 = CARTESIAN_POINT ( 'NONE',  ( 45.05000000000000426, 3.000000000000000000, -24.40565218904154676 ) ) ;
#3144 = CARTESIAN_POINT ( 'NONE',  ( 37.00000000000000711, 10.00000000000000178, -30.38065218904154818 ) ) ;
#3145 = ORIENTED_EDGE ( 'NONE', *, *, #104, .T. ) ;
#3146 = CARTESIAN_POINT ( 'NONE',  ( 50.00000000000000000, 6.000000000000000000, -29.38065218904155174 ) ) ;
#3147 = ORIENTED_EDGE ( 'NONE', *, *, #259, .T. ) ;
#3148 = DIRECTION ( 'NONE',  ( 0.000000000000000000, 0.000000000000000000, -1.000000000000000000 ) ) ;
#3149 = DIRECTION ( 'NONE',  ( 0.000000000000000000, 0.000000000000000000, 1.000000000000000000 ) ) ;
#3150 = CARTESIAN_POINT ( 'NONE',  ( 50.00000000000000000, 9.536172817312079886, -7.737038359887314698 ) ) ;
#3151 = CARTESIAN_POINT ( 'NONE',  ( 50.00000000000001421, 6.767184766559829256, -5.386392103103740503 ) ) ;
#3152 = EDGE_LOOP ( 'NONE', ( #1137, #4229, #220 ) ) ;
#3153 = EDGE_CURVE ( 'NONE', #2019, #3244, #5023, .T. ) ;
#3154 = CARTESIAN_POINT ( 'NONE',  ( 49.65931170044738252, 5.596058795621615900, -2.427428061902370260 ) ) ;
#3155 = VERTEX_POINT ( 'NONE', #3369 ) ;
#3156 = CARTESIAN_POINT ( 'NONE',  ( 33.96330470325963802, 6.116293796463712518, -12.69082649281644848 ) ) ;
#3157 = DIRECTION ( 'NONE',  ( 0.000000000000000000, 1.000000000000000000, 0.000000000000000000 ) ) ;
#3158 = CARTESIAN_POINT ( 'NONE',  ( 36.96485780217129502, 9.223776330908124876, -6.222345967081156282 ) ) ;
#3159 = CC_DESIGN_PERSON_AND_ORGANIZATION_ASSIGNMENT ( #434, #1834, ( #4443 ) ) ;
#3160 = ORIENTED_EDGE ( 'NONE', *, *, #1799, .T. ) ;
#3161 = DIRECTION ( 'NONE',  ( 1.000000000000000000, -0.000000000000000000, 0.000000000000000000 ) ) ;
#3162 = CARTESIAN_POINT ( 'NONE',  ( 15.73614814514475846, 6.203860150593000000, -32.31753180036444206 ) ) ;
#3163 = CARTESIAN_POINT ( 'NONE',  ( 50.00000000000000711, 6.250679744997142073, -35.64395459262254917 ) ) ;
#3164 =( LENGTH_UNIT ( ) NAMED_UNIT ( * ) SI_UNIT ( .MILLI., .METRE. ) );
#3165 = CARTESIAN_POINT ( 'NONE',  ( 0.9890023596262277339, 14.51848614281855099, -30.43460002137096865 ) ) ;
#3166 = CARTESIAN_POINT ( 'NONE',  ( 49.92153291431903028, 3.946682750115530602, -1.443153978972531837 ) ) ;
#3167 = LINE ( 'NONE', #5380, #1714 ) ;
#3168 = CARTESIAN_POINT ( 'NONE',  ( 26.99959667624822046, 3.675177118215077865, -29.73247255150315027 ) ) ;
#3169 = CARTESIAN_POINT ( 'NONE',  ( 16.99999999999999645, 5.960247257326453330, -38.39677536484025921 ) ) ;
#3170 = ORIENTED_EDGE ( 'NONE', *, *, #1555, .T. ) ;
#3171 = CARTESIAN_POINT ( 'NONE',  ( 36.00000000000000000, 6.000000000000000000, -14.35565218904154605 ) ) ;
#3172 = ORIENTED_EDGE ( 'NONE', *, *, #1530, .T. ) ;
#3173 = DIRECTION ( 'NONE',  ( 1.000000000000000000, 0.000000000000000000, 0.000000000000000000 ) ) ;
#3174 = FACE_OUTER_BOUND ( 'NONE', #555, .T. ) ;
#3175 = CARTESIAN_POINT ( 'NONE',  ( 3.518151346420734881E-15, 3.672740683265085515, -1.915499721592959448 ) ) ;
#3176 = CARTESIAN_POINT ( 'NONE',  ( 12.99999999999991651, 7.666045243361578443, -9.695382815967088064 ) ) ;
#3177 = AXIS2_PLACEMENT_3D ( 'NONE', #249, #3943, #1699 ) ;
#3178 = VERTEX_POINT ( 'NONE', #4668 ) ;
#3179 = EDGE_LOOP ( 'NONE', ( #4277, #1998, #1076, #482, #1459, #790 ) ) ;
#3180 = DIRECTION ( 'NONE',  ( 0.000000000000000000, 0.000000000000000000, -1.000000000000000000 ) ) ;
#3181 = AXIS2_PLACEMENT_3D ( 'NONE', #4893, #799, #2683 ) ;
#3182 = ADVANCED_FACE ( 'NONE', ( #5174 ), #3342, .T. ) ;
#3183 = CARTESIAN_POINT ( 'NONE',  ( 34.98566395743952739, 6.344528304353458381, -37.00199989298459258 ) ) ;
#3184 = CARTESIAN_POINT ( 'NONE',  ( 2.000000000000000000, 4.000000000000000000, -40.38065218904154818 ) ) ;
#3185 = EDGE_LOOP ( 'NONE', ( #1778, #1351, #2156 ) ) ;
#3186 = CARTESIAN_POINT ( 'NONE',  ( 35.93952636263836808, 6.809258315461290678, -3.438101100802407828 ) ) ;
#3187 = ADVANCED_FACE ( 'NONE', ( #171 ), #5145, .T. ) ;
#3188 = ORIENTED_EDGE ( 'NONE', *, *, #2512, .T. ) ;
#3189 = AXIS2_PLACEMENT_3D ( 'NONE', #1021, #3204, #3173 ) ;
#3190 = CARTESIAN_POINT ( 'NONE',  ( 34.97460689880144002, 6.521361243933806229, -29.54999999999997584 ) ) ;
#3191 = CARTESIAN_POINT ( 'NONE',  ( 34.25831193802372354, 6.201152466113596162, -2.526404736153669894 ) ) ;
#3192 = CARTESIAN_POINT ( 'NONE',  ( 49.28312654548296479, 7.396210620309036088, -34.53525674552964375 ) ) ;
#3193 = PERSON_AND_ORGANIZATION ( #4148, #3434 ) ;
#3194 = CIRCLE ( 'NONE', #3285, 2.050000000000006484 ) ;
#3195 = EDGE_CURVE ( 'NONE', #685, #2435, #3398, .T. ) ;
#3196 = CARTESIAN_POINT ( 'NONE',  ( 2.927345865710861972E-15, 11.06514445421995241, -31.41951777360840836 ) ) ;
#3197 = AXIS2_PLACEMENT_3D ( 'NONE', #3093, #4918, #1412 ) ;
#3198 = CARTESIAN_POINT ( 'NONE',  ( 49.00000000000000000, 15.71889479237746556, -30.38065218904155174 ) ) ;
#3199 = DIRECTION ( 'NONE',  ( 0.000000000000000000, 1.000000000000000000, 0.000000000000000000 ) ) ;
#3200 = DIRECTION ( 'NONE',  ( 0.000000000000000000, -1.000000000000000000, 0.000000000000000000 ) ) ;
#3201 = LINE ( 'NONE', #3144, #516 ) ;
#3202 = VERTEX_POINT ( 'NONE', #4703 ) ;
#3203 = CARTESIAN_POINT ( 'NONE',  ( 12.99999999999999822, 31.00000000000000000, -13.35565218904154960 ) ) ;
#3204 = DIRECTION ( 'NONE',  ( 0.000000000000000000, 0.000000000000000000, 1.000000000000000000 ) ) ;
#3205 = CARTESIAN_POINT ( 'NONE',  ( 48.00000000000000000, 15.76148354395871820, -30.38065218904155174 ) ) ;
#3206 = CARTESIAN_POINT ( 'NONE',  ( 50.00000000000000000, 3.815047939974462565, -1.891446856046071767 ) ) ;
#3207 = CARTESIAN_POINT ( 'NONE',  ( 12.99999999999999822, 9.999687473066291687, -9.850015707829019362 ) ) ;
#3208 = EDGE_LOOP ( 'NONE', ( #5212, #3215, #771, #2648 ) ) ;
#3209 = ORIENTED_EDGE ( 'NONE', *, *, #5395, .T. ) ;
#3210 = ORIENTED_EDGE ( 'NONE', *, *, #3374, .F. ) ;
#3211 = CARTESIAN_POINT ( 'NONE',  ( 37.29649349873754716, 8.183130803628149152, -33.84638365280365946 ) ) ;
#3212 = CARTESIAN_POINT ( 'NONE',  ( 31.00000000000000000, 0.000000000000000000, -7.949999999999998401 ) ) ;
#3213 = DIRECTION ( 'NONE',  ( 0.000000000000000000, 1.000000000000000000, 0.000000000000000000 ) ) ;
#3214 = EDGE_CURVE ( 'NONE', #5197, #4376, #2957, .T. ) ;
#3215 = ORIENTED_EDGE ( 'NONE', *, *, #4092, .T. ) ;
#3216 = CARTESIAN_POINT ( 'NONE',  ( 14.97953524716560203, 6.540542837909191221, -35.97676461455784391 ) ) ;
#3217 = CARTESIAN_POINT ( 'NONE',  ( 35.35606933027665377, 6.760393229386072456, -3.950995560414242380 ) ) ;
#3218 = ADVANCED_FACE ( 'NONE', ( #1045 ), #857, .T. ) ;
#3219 = CARTESIAN_POINT ( 'NONE',  ( 50.00000000000000000, 4.626279111508885045, -37.37747291430920171 ) ) ;
#3220 = CARTESIAN_POINT ( 'NONE',  ( 18.44074378053703711, 5.552581492163406018, -0.7277301094361203759 ) ) ;
#3221 = CARTESIAN_POINT ( 'NONE',  ( 31.00000000000000000, 6.000000000000000000, -30.00000000000000355 ) ) ;
#3222 = CARTESIAN_POINT ( 'NONE',  ( 13.00000000000014921, 7.674063070816254495, -29.84783551680787284 ) ) ;
#3223 = CARTESIAN_POINT ( 'NONE',  ( 30.05339349194811405, 4.666291285399118749, -33.89394207412156845 ) ) ;
#3224 = CARTESIAN_POINT ( 'NONE',  ( 45.05000000000000426, 30.00000000000000000, -14.35565218904154960 ) ) ;
#3225 = AXIS2_PLACEMENT_3D ( 'NONE', #4529, #2292, #4088 ) ;
#3226 = APPROVAL ( #3280, 'UNSPECIFIED' ) ;
#3227 = ORIENTED_EDGE ( 'NONE', *, *, #2436, .F. ) ;
#3228 = DIRECTION ( 'NONE',  ( -0.000000000000000000, -0.000000000000000000, -1.000000000000000000 ) ) ;
#3229 = ORIENTED_EDGE ( 'NONE', *, *, #5707, .F. ) ;
#3230 = B_SPLINE_CURVE_WITH_KNOTS ( 'NONE', 3,
 ( #2425, #3464, #806, #4733, #5706, #1244, #4245, #4304 ),
 .UNSPECIFIED., .F., .F.,
 ( 4, 2, 2, 4 ),
 ( -1.264911065891107971E-05, 0.001582014037859487323, 0.002379345612118686192, 0.003176677186377885494 ),
 .UNSPECIFIED. ) ;
#3231 = VECTOR ( 'NONE', #3688, 1000.000000000000000 ) ;
#3232 = CARTESIAN_POINT ( 'NONE',  ( 33.18323650356911969, 5.993956274106680304, -38.20376515551272689 ) ) ;
#3233 = CYLINDRICAL_SURFACE ( 'NONE', #134, 0.9999999999999991118 ) ;
#3234 = CARTESIAN_POINT ( 'NONE',  ( 50.00000000000001421, 3.495946085662820391, -1.832574202185024648 ) ) ;
#3235 = SPHERICAL_SURFACE ( 'NONE', #232, 1.000000000000000000 ) ;
#3236 = AXIS2_PLACEMENT_3D ( 'NONE', #3704, #589, #4173 ) ;
#3237 = ORIENTED_EDGE ( 'NONE', *, *, #169, .F. ) ;
#3238 = CARTESIAN_POINT ( 'NONE',  ( 34.96816786921360887, 6.517629917921071936, -30.30657734112208956 ) ) ;
#3239 = ORIENTED_EDGE ( 'NONE', *, *, #4134, .T. ) ;
#3240 = CARTESIAN_POINT ( 'NONE',  ( 32.15891053163817759, 5.999999999999998224, -33.82843654507400544 ) ) ;
#3241 = CARTESIAN_POINT ( 'NONE',  ( 0.1152938766664562686, 4.705235089629777434, -1.702205443960648434 ) ) ;
#3242 = LOCAL_TIME ( 13, 41, 10.00000000000000000, #4934 ) ;
#3243 = CARTESIAN_POINT ( 'NONE',  ( 16.02300816047466370, 6.114338654892359948, -27.31032976252281586 ) ) ;
#3244 = VERTEX_POINT ( 'NONE', #1954 ) ;
#3245 = CARTESIAN_POINT ( 'NONE',  ( 12.17937387531766369, 9.279332477647560751, -32.75664691913206639 ) ) ;
#3246 = CARTESIAN_POINT ( 'NONE',  ( 15.02059593805553206, 6.514618413275120368, -2.895199999274764568 ) ) ;
#3247 = CARTESIAN_POINT ( 'NONE',  ( -0.000000000000000000, 9.053923906292565604, -7.425049312222192555 ) ) ;
#3248 = CARTESIAN_POINT ( 'NONE',  ( 50.00000000000000000, 4.219209352298047833, -38.00255608344433966 ) ) ;
#3249 = CARTESIAN_POINT ( 'NONE',  ( 0.2475454245848826562, 5.367860862849498815, -37.38313537554349608 ) ) ;
#3250 = CARTESIAN_POINT ( 'NONE',  ( 49.78124222129075349, 5.267357748620502100, -37.51068157247603807 ) ) ;
#3251 = DIRECTION ( 'NONE',  ( 0.000000000000000000, 0.000000000000000000, 1.000000000000000000 ) ) ;
#3252 = CARTESIAN_POINT ( 'NONE',  ( 27.22458150985903558, 3.716672827665067569, -31.34898380075304303 ) ) ;
#3253 = CYLINDRICAL_SURFACE ( 'NONE', #4749, 2.049999999999999822 ) ;
#3254 = EDGE_CURVE ( 'NONE', #2083, #4056, #5472, .T. ) ;
#3255 = VERTEX_POINT ( 'NONE', #4275 ) ;
#3256 = EDGE_LOOP ( 'NONE', ( #2618, #4246, #5629 ) ) ;
#3257 = FACE_OUTER_BOUND ( 'NONE', #4723, .T. ) ;
#3258 = CARTESIAN_POINT ( 'NONE',  ( 37.00000000000000711, 9.999687487792014551, -30.00000000000000355 ) ) ;
#3259 = CARTESIAN_POINT ( 'NONE',  ( 0.005647615803564624490, 3.683967567218615624, -1.829529081354338116 ) ) ;
#3260 = CARTESIAN_POINT ( 'NONE',  ( 12.99999999999999822, 30.00000000000000000, -8.380652189041549960 ) ) ;
#3261 = B_SPLINE_CURVE_WITH_KNOTS ( 'NONE', 3,
 ( #5122, #4278, #638, #237, #611, #4736, #4769, #2493, #176, #3319, #670, #1078, #1961, #267, #4674, #3847, #2927, #2869, #5652, #3376 ),
 .UNSPECIFIED., .F., .F.,
 ( 4, 2, 2, 2, 2, 2, 2, 2, 2, 4 ),
 ( 0.000000000000000000, 0.0005422430505621239107, 0.001084486101124247821, 0.001626729151686371949, 0.002168972202248495643, 0.003253458303372745199, 0.004337944404496995622, 0.006506916606745494734, 0.007591402707869746025, 0.008675888808993996448 ),
 .UNSPECIFIED. ) ;
#3262 = ORIENTED_EDGE ( 'NONE', *, *, #3045, .F. ) ;
#3263 = DIRECTION ( 'NONE',  ( -1.000000000000000000, 0.000000000000000000, 0.000000000000000000 ) ) ;
#3264 = EDGE_CURVE ( 'NONE', #424, #1007, #5207, .T. ) ;
#3265 = EDGE_CURVE ( 'NONE', #2607, #41, #5563, .T. ) ;
#3266 = ORIENTED_EDGE ( 'NONE', *, *, #2861, .T. ) ;
#3267 = CARTESIAN_POINT ( 'NONE',  ( 31.40552326584913345, 5.446205914991282704, -33.98419054996960398 ) ) ;
#3268 = CIRCLE ( 'NONE', #174, 1.000000000000000888 ) ;
#3269 = CARTESIAN_POINT ( 'NONE',  ( 0.9459369112307853822, 11.44967926647194467, -7.599340237570864076 ) ) ;
#3270 = EDGE_CURVE ( 'NONE', #5371, #5326, #767, .T. ) ;
#3271 = DIRECTION ( 'NONE',  ( 1.000000000000000000, 0.000000000000000000, 0.000000000000000000 ) ) ;
#3272 = EDGE_CURVE ( 'NONE', #1103, #2553, #99, .T. ) ;
#3273 = AXIS2_PLACEMENT_3D ( 'NONE', #1612, #3763, #4745 ) ;
#3274 = ORIENTED_EDGE ( 'NONE', *, *, #4022, .F. ) ;
#3275 = CARTESIAN_POINT ( 'NONE',  ( 14.47441905872626933, 6.592569909802572070, -36.37711803022062185 ) ) ;
#3276 = CARTESIAN_POINT ( 'NONE',  ( 37.00000000000000711, 30.00000000000000000, -24.40565218904155032 ) ) ;
#3277 = CIRCLE ( 'NONE', #2061, 4.000000000000000000 ) ;
#3278 = CARTESIAN_POINT ( 'NONE',  ( 0.000000000000000000, 9.567906139722897052, -7.756156594647706015 ) ) ;
#3279 = CARTESIAN_POINT ( 'NONE',  ( 21.93992882296617353, 3.912762202937383194, -32.72542536039598104 ) ) ;
#3280 = APPROVAL_STATUS ( 'not_yet_approved' ) ;
#3281 = VECTOR ( 'NONE', #4285, 1000.000000000000000 ) ;
#3282 = CARTESIAN_POINT ( 'NONE',  ( -8.955647805555743721E-15, 5.115531365715924927, -37.25302885664408592 ) ) ;
#3283 = CARTESIAN_POINT ( 'NONE',  ( 12.99999999999999822, 9.999999996183996487, -29.70000184731130943 ) ) ;
#3284 = CARTESIAN_POINT ( 'NONE',  ( 12.99999999999999822, 10.00000000000000178, -9.549999999999991829 ) ) ;
#3285 = AXIS2_PLACEMENT_3D ( 'NONE', #2911, #4288, #4344 ) ;
#3286 = LINE ( 'NONE', #4216, #2573 ) ;
#3287 = CIRCLE ( 'NONE', #1197, 1.000000000000000888 ) ;
#3288 = VERTEX_POINT ( 'NONE', #695 ) ;
#3289 = EDGE_CURVE ( 'NONE', #4141, #3819, #835, .T. ) ;
#3290 = ORIENTED_EDGE ( 'NONE', *, *, #1799, .F. ) ;
#3291 = CARTESIAN_POINT ( 'NONE',  ( 17.84108946836182241, 6.000000000000000000, -26.17156345492600877 ) ) ;
#3292 = CARTESIAN_POINT ( 'NONE',  ( 20.89754869476268695, 4.254028786895875491, -13.53105282926319219 ) ) ;
#3293 = DIRECTION ( 'NONE',  ( -1.000000000000000000, 0.000000000000000000, 0.000000000000000000 ) ) ;
#3294 = CARTESIAN_POINT ( 'NONE',  ( 31.00000000000000000, 3.000000000000000000, -25.99999999999999645 ) ) ;
#3295 = EDGE_CURVE ( 'NONE', #5442, #2083, #4303, .T. ) ;
#3296 = ORIENTED_EDGE ( 'NONE', *, *, #3272, .T. ) ;
#3297 = CARTESIAN_POINT ( 'NONE',  ( 37.00000000000000711, 9.999999996183996487, -30.29999815268869057 ) ) ;
#3298 = DIRECTION ( 'NONE',  ( -0.000000000000000000, 1.000000000000000000, -0.000000000000000000 ) ) ;
#3299 = PLANE ( 'NONE',  #2812 ) ;
#3300 = CARTESIAN_POINT ( 'NONE',  ( 49.99999999999999289, 9.817585732526861619, -31.06511988408407987 ) ) ;
#3301 = DIRECTION ( 'NONE',  ( 0.000000000000000000, -1.000000000000000000, -0.000000000000000000 ) ) ;
#3302 = ADVANCED_FACE ( 'NONE', ( #607 ), #2396, .F. ) ;
#3303 = AXIS2_PLACEMENT_3D ( 'NONE', #844, #5711, #2665 ) ;
#3304 = EDGE_CURVE ( 'NONE', #73, #4857, #2545, .T. ) ;
#3305 = VERTEX_POINT ( 'NONE', #1243 ) ;
#3306 = CARTESIAN_POINT ( 'NONE',  ( 31.00000000000000000, 0.000000000000000000, -27.94999999999999574 ) ) ;
#3307 = B_SPLINE_CURVE_WITH_KNOTS ( 'NONE', 3,
 ( #2781, #1955, #1485, #2811, #4639, #5469, #1870, #5086, #122, #5059, #1017, #5554 ),
 .UNSPECIFIED., .F., .F.,
 ( 4, 2, 2, 2, 2, 4 ),
 ( 0.000000000000000000, 0.0009388672004549214554, 0.001877734400909842911, 0.002347168001137302663, 0.002816601601364762848, 0.003755468801819684087 ),
 .UNSPECIFIED. ) ;
#3308 = FACE_OUTER_BOUND ( 'NONE', #5470, .T. ) ;
#3309 = PLANE ( 'NONE',  #1066 ) ;
#3310 = CARTESIAN_POINT ( 'NONE',  ( 20.66444630386836323, 4.345470024154339583, -33.64600448584381809 ) ) ;
#3311 = EDGE_CURVE ( 'NONE', #3288, #4951, #2437, .T. ) ;
#3312 = CARTESIAN_POINT ( 'NONE',  ( 0.000000000000000000, 3.775946412289811871, -37.99307169505836157 ) ) ;
#3313 =( BOUNDED_SURFACE ( )  B_SPLINE_SURFACE ( 3, 2, ( 
 ( #2857, #3948, #3063 ),
 ( #4836, #4324, #2187 ),
 ( #5308, #4786, #5337 ),
 ( #742, #3891, #5700 ) ),
 .UNSPECIFIED., .F., .F., .F. ) 
 B_SPLINE_SURFACE_WITH_KNOTS ( ( 4, 4 ),
 ( 3, 3 ),
 ( 0.000000000000000000, 0.0007967089964319527123 ),
 ( 0.000000000000000000, 1.000000000000000000 ),
 .UNSPECIFIED. ) 
 GEOMETRIC_REPRESENTATION_ITEM ( )  RATIONAL_B_SPLINE_SURFACE ( (
 ( 1.000000000000000000, 0.9834084848083690655, 1.000000000000000000),
 ( 1.000000000000000000, 0.9940519485612204775, 1.000000000000000000),
 ( 1.000000000000000000, 1.000046716687619908, 1.000000000000000000),
 ( 1.000000000000000000, 1.000000000000000000, 1.000000000000000000) ) ) 
 REPRESENTATION_ITEM ( '' )  SURFACE ( )  );
#3314 = CARTESIAN_POINT ( 'NONE',  ( 15.03183272032956097, 6.517629694300477894, -30.30658074660993861 ) ) ;
#3315 = CARTESIAN_POINT ( 'NONE',  ( 20.82397860500988429, 4.276469668833215998, -39.98846871984665086 ) ) ;
#3316 = CARTESIAN_POINT ( 'NONE',  ( 31.00000000000000000, 6.000000000000000000, -32.05000000000001137 ) ) ;
#3317 = ORIENTED_EDGE ( 'NONE', *, *, #5542, .F. ) ;
#3318 = EDGE_LOOP ( 'NONE', ( #4070, #2441 ) ) ;
#3319 = CARTESIAN_POINT ( 'NONE',  ( 14.33052295012810617, 6.643080682908239609, -3.141549051002943127 ) ) ;
#3320 = CARTESIAN_POINT ( 'NONE',  ( 32.15891053163817759, 6.000000000000000000, -6.171563454925995451 ) ) ;
#3321 = CIRCLE ( 'NONE', #783, 0.9999999999999992228 ) ;
#3322 = CARTESIAN_POINT ( 'NONE',  ( 16.34498096644610143, 6.053350933193830663, -1.829886125206328984 ) ) ;
#3323 = CARTESIAN_POINT ( 'NONE',  ( 31.40403571055513154, 5.445203380787353886, -26.01564908392178666 ) ) ;
#3324 = ORIENTED_EDGE ( 'NONE', *, *, #1214, .F. ) ;
#3325 = AXIS2_PLACEMENT_3D ( 'NONE', #1052, #4649, #1964 ) ;
#3326 = CARTESIAN_POINT ( 'NONE',  ( 31.79103677350413193, 5.716270611575466454, -6.074116927260652332 ) ) ;
#3327 = FACE_OUTER_BOUND ( 'NONE', #196, .T. ) ;
#3328 = CARTESIAN_POINT ( 'NONE',  ( 0.05080292411207806835, 3.999999999999998224, -1.527474572427970134 ) ) ;
#3329 = CARTESIAN_POINT ( 'NONE',  ( 31.00000000000000000, 3.000000000000000000, -30.00000000000000355 ) ) ;
#3330 = DIRECTION ( 'NONE',  ( 0.000000000000000000, -0.000000000000000000, 1.000000000000000000 ) ) ;
#3331 = AXIS2_PLACEMENT_3D ( 'NONE', #1578, #1025, #2031 ) ;
#3332 = ADVANCED_FACE ( 'NONE', ( #4900 ), #3493, .F. ) ;
#3333 = ORIENTED_EDGE ( 'NONE', *, *, #3030, .T. ) ;
#3334 = ORIENTED_EDGE ( 'NONE', *, *, #2653, .T. ) ;
#3335 = DIRECTION ( 'NONE',  ( 0.000000000000000000, 1.000000000000000000, 0.000000000000000000 ) ) ;
#3336 = CARTESIAN_POINT ( 'NONE',  ( 32.10358356470135988, 5.956224143141379379, -38.42964919036213445 ) ) ;
#3337 = CARTESIAN_POINT ( 'NONE',  ( 33.54963490664028569, 6.034123253568293599, -37.90767053036415035 ) ) ;
#3338 = CC_DESIGN_PERSON_AND_ORGANIZATION_ASSIGNMENT ( #3193, #2596, ( #4454 ) ) ;
#3339 = CARTESIAN_POINT ( 'NONE',  ( 22.99958778419346217, 3.675321146349702861, -29.72054473539772701 ) ) ;
#3340 = CARTESIAN_POINT ( 'NONE',  ( 0.08882191353362323127, 4.716507543590254592, -38.04026719837782622 ) ) ;
#3341 = CARTESIAN_POINT ( 'NONE',  ( 28.45276174149725179, 4.028708455700333424, -13.09553209988300893 ) ) ;
#3342 = CYLINDRICAL_SURFACE ( 'NONE', #4815, 1.000000000000000888 ) ;
#3343 = CARTESIAN_POINT ( 'NONE',  ( 31.00000000000000000, 0.000000000000000000, -30.00000000000000355 ) ) ;
#3344 = ORIENTED_EDGE ( 'NONE', *, *, #1968, .F. ) ;
#3345 = ORIENTED_EDGE ( 'NONE', *, *, #1647, .F. ) ;
#3346 = ORIENTED_EDGE ( 'NONE', *, *, #4728, .T. ) ;
#3347 = CARTESIAN_POINT ( 'NONE',  ( 38.00000000000000711, 30.00000000000000000, -30.38065218904154818 ) ) ;
#3348 = CARTESIAN_POINT ( 'NONE',  ( 20.66444630386836678, 4.345470024154339583, -13.64600448584381631 ) ) ;
#3349 = FACE_OUTER_BOUND ( 'NONE', #1471, .T. ) ;
#3350 = CARTESIAN_POINT ( 'NONE',  ( 32.15891053163817759, 6.000000000000000000, -26.17156345492600167 ) ) ;
#3351 = VERTEX_POINT ( 'NONE', #2595 ) ;
#3352 = ORIENTED_EDGE ( 'NONE', *, *, #4063, .T. ) ;
#3353 = CARTESIAN_POINT ( 'NONE',  ( 31.20296006355816587, 5.313417196465408665, -5.999999999999991118 ) ) ;
#3354 = ORIENTED_EDGE ( 'NONE', *, *, #3542, .F. ) ;
#3355 = CARTESIAN_POINT ( 'NONE',  ( 49.00000000000000000, 6.000000000000000000, -9.380652189041546407 ) ) ;
#3356 = DIRECTION ( 'NONE',  ( 0.000000000000000000, 0.000000000000000000, 1.000000000000000000 ) ) ;
#3357 = DIRECTION ( 'NONE',  ( 0.000000000000000000, 1.000000000000000000, 0.000000000000000000 ) ) ;
#3358 = CARTESIAN_POINT ( 'NONE',  ( 31.00000000000000000, 6.000000000000000000, -30.00000000000000355 ) ) ;
#3359 = ORIENTED_EDGE ( 'NONE', *, *, #148, .F. ) ;
#3360 = DIRECTION ( 'NONE',  ( 0.000000000000000000, 1.000000000000000000, 0.000000000000000000 ) ) ;
#3361 = CARTESIAN_POINT ( 'NONE',  ( 35.89473446206176277, 6.780164401057208856, -3.387943784430627048 ) ) ;
#3362 = CARTESIAN_POINT ( 'NONE',  ( 34.86725784700430353, 6.460639558686188444, -28.93222221372773362 ) ) ;
#3363 = DIRECTION ( 'NONE',  ( 0.000000000000000000, 0.000000000000000000, 1.000000000000000000 ) ) ;
#3364 = CARTESIAN_POINT ( 'NONE',  ( 20.89754869476269405, 4.254028786895873715, -33.53105282926318154 ) ) ;
#3365 = CIRCLE ( 'NONE', #824, 1.000000000000000222 ) ;
#3366 = ORIENTED_EDGE ( 'NONE', *, *, #2364, .T. ) ;
#3367 = CARTESIAN_POINT ( 'NONE',  ( 19.46186009463434630, 4.919182409091734876, -0.2196044931691146784 ) ) ;
#3368 = CARTESIAN_POINT ( 'NONE',  ( 27.88044591865729060, 3.865438586383481034, -7.481839144074515779 ) ) ;
#3369 = CARTESIAN_POINT ( 'NONE',  ( 4.949999999999997513, 3.000000000000000000, -24.40565218904154676 ) ) ;
#3370 = CARTESIAN_POINT ( 'NONE',  ( 21.64589803375031352, 4.000000000000000000, 0.000000000000000000 ) ) ;
#3371 = AXIS2_PLACEMENT_3D ( 'NONE', #912, #1933, #2058 ) ;
#3372 = ORIENTED_EDGE ( 'NONE', *, *, #2761, .T. ) ;
#3373 = EDGE_CURVE ( 'NONE', #1035, #3685, #2113, .T. ) ;
#3374 = EDGE_CURVE ( 'NONE', #4883, #4953, #3435, .T. ) ;
#3375 = AXIS2_PLACEMENT_3D ( 'NONE', #1615, #2038, #2969 ) ;
#3376 = CARTESIAN_POINT ( 'NONE',  ( 12.00000000000000000, 10.49465162134247009, -7.071565682474030723 ) ) ;
#3377 = CIRCLE ( 'NONE', #1491, 11.50000000000000178 ) ;
#3378 = CARTESIAN_POINT ( 'NONE',  ( -1.697641083520591551E-14, 8.156294346324598266, -5.636249986285180036 ) ) ;
#3379 = CARTESIAN_POINT ( 'NONE',  ( 0.3662205230884865159, 5.769001230706858330, -36.84468159037108848 ) ) ;
#3380 = CARTESIAN_POINT ( 'NONE',  ( 34.97460689880144713, 6.521361243933812446, -9.550000000000004263 ) ) ;
#3381 = EDGE_LOOP ( 'NONE', ( #299, #5648, #2508, #149 ) ) ;
#3382 = CARTESIAN_POINT ( 'NONE',  ( 12.99999999999999822, 31.00000000000000000, -25.40565218904154676 ) ) ;
#3383 = CYLINDRICAL_SURFACE ( 'NONE', #2329, 4.000000000000000000 ) ;
#3384 = CYLINDRICAL_SURFACE ( 'NONE', #90, 1.000000000000000000 ) ;
#3385 = CARTESIAN_POINT ( 'NONE',  ( 37.00000000000000711, 9.999999996183996487, -10.29999815268874919 ) ) ;
#3386 = CARTESIAN_POINT ( 'NONE',  ( 2.496274826781893757E-15, 15.76148354395871820, -30.38065218904154818 ) ) ;
#3387 = VECTOR ( 'NONE', #3263, 1000.000000000000000 ) ;
#3388 = EDGE_LOOP ( 'NONE', ( #314, #4219 ) ) ;
#3389 = VECTOR ( 'NONE', #5199, 1000.000000000000000 ) ;
#3390 = CARTESIAN_POINT ( 'NONE',  ( 50.00000000000000000, 3.788184521377215397, -38.00000000000001421 ) ) ;
#3391 = B_SPLINE_CURVE_WITH_KNOTS ( 'NONE', 3,
 ( #5047, #4200, #594, #4177, #3823, #3269, #2909, #5070, #1087, #1030, #4624, #4232, #2002, #1445, #1500, #5599, #1972, #186, #3765, #216, #1004, #3241, #3794, #5568, #4592, #160 ),
 .UNSPECIFIED., .F., .F.,
 ( 4, 2, 2, 2, 2, 2, 2, 2, 2, 2, 2, 2, 4 ),
 ( 0.000000000000000000, 0.001724629039430522958, 0.003449258078861045917, 0.005173887118291568658, 0.006898516157722091834, 0.008623145197152614141, 0.01034777423658313732, 0.01121008875629839890, 0.01207240327601366049, 0.01250356053587129215, 0.01293471779572892208, 0.01336587505558655374, 0.01379703231544418367 ),
 .UNSPECIFIED. ) ;
#3392 = VECTOR ( 'NONE', #2608, 1000.000000000000000 ) ;
#3393 = ORIENTED_EDGE ( 'NONE', *, *, #2901, .T. ) ;
#3394 = ORIENTED_EDGE ( 'NONE', *, *, #2980, .F. ) ;
#3395 = CARTESIAN_POINT ( 'NONE',  ( 33.17706187008561614, 6.003920784798959076, -13.35565218904155316 ) ) ;
#3396 = LINE ( 'NONE', #5513, #3389 ) ;
#3397 = CARTESIAN_POINT ( 'NONE',  ( 33.97399972082679653, 6.119031042537735665, -27.32057394305640585 ) ) ;
#3398 = CIRCLE ( 'NONE', #3956, 4.000000000000000000 ) ;
#3399 = CARTESIAN_POINT ( 'NONE',  ( 35.01927665979914650, 6.540128974989834809, -35.97845460033408216 ) ) ;
#3400 = SPHERICAL_SURFACE ( 'NONE', #662, 1.000000000000000000 ) ;
#3401 = CARTESIAN_POINT ( 'NONE',  ( 33.00000000000000000, 4.000000000000000000, -1.999999999999999556 ) ) ;
#3402 = CARTESIAN_POINT ( 'NONE',  ( 27.14033126078595615, 3.700787169026741985, -11.08521497656124311 ) ) ;
#3403 = DIRECTION ( 'NONE',  ( 0.000000000000000000, -1.000000000000000000, -0.000000000000000000 ) ) ;
#3404 = LINE ( 'NONE', #782, #4169 ) ;
#3405 = EDGE_LOOP ( 'NONE', ( #3836, #3053, #5422, #2476 ) ) ;
#3406 = ADVANCED_FACE ( 'NONE', ( #5705 ), #2627, .T. ) ;
#3407 = ORIENTED_EDGE ( 'NONE', *, *, #4888, .F. ) ;
#3408 = DIRECTION ( 'NONE',  ( 0.000000000000000000, 0.000000000000000000, 1.000000000000000000 ) ) ;
#3409 = DIRECTION ( 'NONE',  ( 0.000000000000000000, 0.000000000000000000, 1.000000000000000000 ) ) ;
#3410 = CARTESIAN_POINT ( 'NONE',  ( 0.000000000000000000, 6.000000000000000000, -2.000000000000014211 ) ) ;
#3411 = CARTESIAN_POINT ( 'NONE',  ( 34.65691631363196024, 6.357425013763407406, -8.349910386928856454 ) ) ;
#3412 = ORIENTED_EDGE ( 'NONE', *, *, #2460, .T. ) ;
#3413 = ORIENTED_EDGE ( 'NONE', *, *, #4670, .T. ) ;
#3414 = CARTESIAN_POINT ( 'NONE',  ( 48.00000000000000000, 4.000000000000000000, -38.00000000000000000 ) ) ;
#3415 = CARTESIAN_POINT ( 'NONE',  ( 16.52949445508783555, 5.998486478600588256, -38.21642292627650761 ) ) ;
#3416 = EDGE_CURVE ( 'NONE', #599, #3634, #5238, .T. ) ;
#3417 = CARTESIAN_POINT ( 'NONE',  ( 31.00000000000061462, 5.189291564825454728, -14.00000000000112088 ) ) ;
#3418 = CARTESIAN_POINT ( 'NONE',  ( 37.00000000000000711, 9.999687502519286397, -9.849984293651475653 ) ) ;
#3419 = LINE ( 'NONE', #1116, #1869 ) ;
#3420 = AXIS2_PLACEMENT_3D ( 'NONE', #240, #1550, #5592 ) ;
#3421 = CARTESIAN_POINT ( 'NONE',  ( 37.00000000000000711, 30.00000000000000000, -29.38065218904154818 ) ) ;
#3422 = ORIENTED_EDGE ( 'NONE', *, *, #3968, .F. ) ;
#3423 = DIRECTION ( 'NONE',  ( 0.000000000000000000, 0.000000000000000000, 1.000000000000000000 ) ) ;
#3424 = CARTESIAN_POINT ( 'NONE',  ( 38.00000000000000711, 10.52377123126897729, -31.86206253291310730 ) ) ;
#3425 = AXIS2_PLACEMENT_3D ( 'NONE', #5116, #608, #2865 ) ;
#3426 = CARTESIAN_POINT ( 'NONE',  ( 33.52593438835218365, 6.027996536243917625, -26.88270139701169015 ) ) ;
#3427 = ORIENTED_EDGE ( 'NONE', *, *, #856, .T. ) ;
#3428 = CARTESIAN_POINT ( 'NONE',  ( 48.00000000000000000, 0.000000000000000000, -1.999999999999994893 ) ) ;
#3429 = CARTESIAN_POINT ( 'NONE',  ( 28.35410196624968648, 4.000000000000000000, 0.000000000000000000 ) ) ;
#3430 = CIRCLE ( 'NONE', #5231, 2.050000000000006484 ) ;
#3431 = VERTEX_POINT ( 'NONE', #5314 ) ;
#3432 = CARTESIAN_POINT ( 'NONE',  ( 38.00000000000000711, 31.00000000000000000, -13.35565218904154605 ) ) ;
#3433 = CARTESIAN_POINT ( 'NONE',  ( 16.99999999999999645, 6.000000000000000000, -1.999999999999999556 ) ) ;
#3434 = ORGANIZATION ( 'UNSPECIFIED', 'UNSPECIFIED', '' ) ;
#3435 = LINE ( 'NONE', #5789, #4697 ) ;
#3436 = CARTESIAN_POINT ( 'NONE',  ( 49.00000000000000000, 31.00000000000000000, -9.380652189041546407 ) ) ;
#3437 = ORIENTED_EDGE ( 'NONE', *, *, #1181, .F. ) ;
#3438 = ORIENTED_EDGE ( 'NONE', *, *, #4750, .T. ) ;
#3439 = ADVANCED_FACE ( 'NONE', ( #4384 ), #1117, .F. ) ;
#3440 = VERTEX_POINT ( 'NONE', #4358 ) ;
#3441 = CARTESIAN_POINT ( 'NONE',  ( 36.69865128687501254, 8.383784343478307477, -33.61619379349405534 ) ) ;
#3442 = CARTESIAN_POINT ( 'NONE',  ( 0.000000000000000000, 6.336902536352643445, -4.866311222721057206 ) ) ;
#3443 = LINE ( 'NONE', #3785, #3751 ) ;
#3444 = CARTESIAN_POINT ( 'NONE',  ( 48.00000000000000000, 0.000000000000000000, 3.469446951953614189E-15 ) ) ;
#3445 = ORIENTED_EDGE ( 'NONE', *, *, #4523, .F. ) ;
#3446 = ORIENTED_EDGE ( 'NONE', *, *, #118, .T. ) ;
#3447 = DIRECTION ( 'NONE',  ( -0.000000000000000000, -1.000000000000000000, -0.000000000000000000 ) ) ;
#3448 = ORIENTED_EDGE ( 'NONE', *, *, #2460, .F. ) ;
#3449 = LINE ( 'NONE', #1694, #1018 ) ;
#3450 = CARTESIAN_POINT ( 'NONE',  ( 33.00000000000000000, 10.00000000000008527, -30.44999999999775753 ) ) ;
#3451 = DIRECTION ( 'NONE',  ( 0.000000000000000000, 0.000000000000000000, -1.000000000000000000 ) ) ;
#3452 = ADVANCED_FACE ( 'NONE', ( #2571 ), #1847, .T. ) ;
#3453 = CARTESIAN_POINT ( 'NONE',  ( 11.99999999999999645, 10.00000000000000178, -7.940657031817278444 ) ) ;
#3454 = VERTEX_POINT ( 'NONE', #1153 ) ;
#3455 = CARTESIAN_POINT ( 'NONE',  ( 38.00000000000000711, 15.76148354395871820, -40.38065218904153397 ) ) ;
#3456 = CARTESIAN_POINT ( 'NONE',  ( 49.94563917570012990, 3.838656390135910090, -1.536871294367387675 ) ) ;
#3457 = EDGE_CURVE ( 'NONE', #1553, #4130, #3716, .T. ) ;
#3458 = DIRECTION ( 'NONE',  ( 1.000000000000000000, 0.000000000000000000, 0.000000000000000000 ) ) ;
#3459 = DIRECTION ( 'NONE',  ( 0.000000000000000000, 0.000000000000000000, -1.000000000000000000 ) ) ;
#3460 = FACE_OUTER_BOUND ( 'NONE', #4041, .T. ) ;
#3461 = VECTOR ( 'NONE', #1588, 1000.000000000000000 ) ;
#3462 = CARTESIAN_POINT ( 'NONE',  ( 31.00000000000061462, 5.189291564825454728, -14.00000000000112088 ) ) ;
#3463 = CARTESIAN_POINT ( 'NONE',  ( 49.01099764037263640, 14.51848614281800387, -30.43460002137108944 ) ) ;
#3464 = CARTESIAN_POINT ( 'NONE',  ( 16.52456283334745635, 6.000000000000000888, -25.16793478858198796 ) ) ;
#3465 = ORIENTED_EDGE ( 'NONE', *, *, #1278, .F. ) ;
#3466 = CARTESIAN_POINT ( 'NONE',  ( 37.00000000000000000, 9.707691302410880851, -31.23486353591041720 ) ) ;
#3467 = CARTESIAN_POINT ( 'NONE',  ( -6.979055061773328424E-14, 14.27428316216574444, -8.344152964448223742 ) ) ;
#3468 = CARTESIAN_POINT ( 'NONE',  ( 16.99121403900543470, 5.907893217200688163, -1.400035899358049063 ) ) ;
#3469 = DIRECTION ( 'NONE',  ( 2.668805347656626678E-16, -0.000000000000000000, 1.000000000000000000 ) ) ;
#3470 = ORIENTED_EDGE ( 'NONE', *, *, #5649, .F. ) ;
#3471 = EDGE_CURVE ( 'NONE', #4597, #4431, #1701, .T. ) ;
#3472 = ORIENTED_EDGE ( 'NONE', *, *, #572, .F. ) ;
#3473 = CARTESIAN_POINT ( 'NONE',  ( 33.12513960084747566, 6.001449362365128160, -13.38891303284948187 ) ) ;
#3474 = CIRCLE ( 'NONE', #2429, 11.44116783476714261 ) ;
#3475 = AXIS2_PLACEMENT_3D ( 'NONE', #3401, #4354, #2543 ) ;
#3476 = DIRECTION ( 'NONE',  ( -1.000000000000000000, 0.000000000000000000, -0.000000000000000000 ) ) ;
#3477 = CARTESIAN_POINT ( 'NONE',  ( 37.00000000000000711, 10.00000000000000178, -10.44999999999999218 ) ) ;
#3478 = ADVANCED_FACE ( 'NONE', ( #4729 ), #3400, .T. ) ;
#3479 = CARTESIAN_POINT ( 'NONE',  ( 49.80209507823801118, 5.080346839696573191, -1.944970680497167148 ) ) ;
#3480 = EDGE_CURVE ( 'NONE', #4622, #4339, #4509, .T. ) ;
#3481 = VECTOR ( 'NONE', #133, 1000.000000000000000 ) ;
#3482 = ORIENTED_EDGE ( 'NONE', *, *, #1860, .T. ) ;
#3483 = DIRECTION ( 'NONE',  ( -0.000000000000000000, -1.000000000000000000, -0.000000000000000000 ) ) ;
#3484 = ORIENTED_EDGE ( 'NONE', *, *, #5324, .T. ) ;
#3485 = CARTESIAN_POINT ( 'NONE',  ( -0.000000000000000000, 9.817585732526929121, -31.06511988408404434 ) ) ;
#3486 = CARTESIAN_POINT ( 'NONE',  ( 13.23573627827881083, 8.623476722352322099, -32.30684741805810489 ) ) ;
#3487 = CARTESIAN_POINT ( 'NONE',  ( 1.000000000000000000, 30.00000000000000000, -9.380652189041546407 ) ) ;
#3488 = CARTESIAN_POINT ( 'NONE',  ( 32.15891053163817759, 6.000000000000000000, 32.52691193458118590 ) ) ;
#3489 = EDGE_CURVE ( 'NONE', #3202, #5340, #1655, .T. ) ;
#3490 = CARTESIAN_POINT ( 'NONE',  ( 37.00000000000000711, 10.00000000000000178, -9.550000000000004263 ) ) ;
#3491 = EDGE_CURVE ( 'NONE', #1062, #731, #5290, .T. ) ;
#3492 = DIRECTION ( 'NONE',  ( 1.000000000000000000, 0.000000000000000000, -2.668805347656626678E-16 ) ) ;
#3493 = PLANE ( 'NONE',  #10 ) ;
#3494 = CARTESIAN_POINT ( 'NONE',  ( 16.99121403898292826, 5.960926159325173224, -38.39342349697666634 ) ) ;
#3495 = AXIS2_PLACEMENT_3D ( 'NONE', #5268, #1223, #3526 ) ;
#3496 = DIRECTION ( 'NONE',  ( -0.000000000000000000, -0.000000000000000000, -1.000000000000000000 ) ) ;
#3497 = CARTESIAN_POINT ( 'NONE',  ( 34.57720506781678438, 6.309661616799941974, -37.09787398345637399 ) ) ;
#3498 = CARTESIAN_POINT ( 'NONE',  ( 15.02539310119856353, 6.521361243933804452, -30.45000000000002771 ) ) ;
#3499 = LINE ( 'NONE', #2227, #2088 ) ;
#3500 = CARTESIAN_POINT ( 'NONE',  ( 50.00000000000000000, 30.00000000000000000, -2.000000000000000000 ) ) ;
#3501 = ORIENTED_EDGE ( 'NONE', *, *, #1895, .T. ) ;
#3502 = DIRECTION ( 'NONE',  ( 0.000000000000000000, 0.000000000000000000, 1.000000000000000000 ) ) ;
#3503 = CARTESIAN_POINT ( 'NONE',  ( 2.000000000000000444, 0.000000000000000000, -40.00000000000000000 ) ) ;
#3504 = CARTESIAN_POINT ( 'NONE',  ( 34.97460689880144713, 6.521361243933808893, -10.44999999999999218 ) ) ;
#3505 = CARTESIAN_POINT ( 'NONE',  ( 49.45372401202154578, 6.356772086570055436, -3.360639657843462302 ) ) ;
#3506 = CARTESIAN_POINT ( 'NONE',  ( 33.00000000000000000, 10.00000000000000178, -14.35565218904154605 ) ) ;
#3507 = EDGE_CURVE ( 'NONE', #1788, #5118, #2978, .T. ) ;
#3508 = EDGE_LOOP ( 'NONE', ( #5544, #2646, #754, #1411, #3572 ) ) ;
#3509 = ORIENTED_EDGE ( 'NONE', *, *, #1261, .F. ) ;
#3510 = CARTESIAN_POINT ( 'NONE',  ( 34.97460689880144713, 6.521361243933808893, -10.44999999999999218 ) ) ;
#3511 = DIRECTION ( 'NONE',  ( 0.000000000000000000, 1.000000000000000000, 0.000000000000000000 ) ) ;
#3512 = LINE ( 'NONE', #5309, #2246 ) ;
#3513 = CIRCLE ( 'NONE', #3976, 11.50000000000000355 ) ;
#3514 = CARTESIAN_POINT ( 'NONE',  ( 32.15891053163847602, 6.000000000000005329, -1.777765860761909789 ) ) ;
#3515 = CARTESIAN_POINT ( 'NONE',  ( 16.99999999999999645, 5.960247257326455106, -38.39677536484025921 ) ) ;
#3516 = EDGE_CURVE ( 'NONE', #3826, #5442, #5081, .T. ) ;
#3517 = CARTESIAN_POINT ( 'NONE',  ( 19.00000000000000000, 3.000000000000000000, -34.00000000000000000 ) ) ;
#3518 = DIRECTION ( 'NONE',  ( 1.000000000000000000, 0.000000000000000000, 0.000000000000000000 ) ) ;
#3519 = EDGE_CURVE ( 'NONE', #1460, #1343, #3950, .T. ) ;
#3520 = VECTOR ( 'NONE', #560, 1000.000000000000000 ) ;
#3521 = EDGE_CURVE ( 'NONE', #4587, #3852, #2908, .T. ) ;
#3522 = CARTESIAN_POINT ( 'NONE',  ( 3.604452219813048507E-14, 9.255656811156368846, -32.53235572296149059 ) ) ;
#3523 = DIRECTION ( 'NONE',  ( -4.003208021484940018E-16, 0.000000000000000000, -1.000000000000000000 ) ) ;
#3524 = CARTESIAN_POINT ( 'NONE',  ( 34.18814594774569571, 6.175846939331880669, -37.52476921964949241 ) ) ;
#3525 = CARTESIAN_POINT ( 'NONE',  ( 4.246788380612623092E-15, 3.579842329519614452, -1.783953726708296772 ) ) ;
#3526 = DIRECTION ( 'NONE',  ( 0.000000000000000000, 0.000000000000000000, 1.000000000000000000 ) ) ;
#3527 = DIRECTION ( 'NONE',  ( -1.000000000000000000, 0.000000000000000000, 0.000000000000000000 ) ) ;
#3528 = B_SPLINE_CURVE_WITH_KNOTS ( 'NONE', 3,
 ( #5817, #870, #1766, #3601, #5403, #3162, #5343, #4477, #4960, #1270, #2719, #404 ),
 .UNSPECIFIED., .F., .F.,
 ( 4, 2, 2, 2, 2, 4 ),
 ( 0.000000000000000000, 0.0009389712718904289325, 0.001877942543780857865, 0.002347428179726080300, 0.002816913815671303386, 0.003755885087561770808 ),
 .UNSPECIFIED. ) ;
#3529 = ORIENTED_EDGE ( 'NONE', *, *, #573, .F. ) ;
#3530 = DIRECTION ( 'NONE',  ( -1.000000000000000000, 0.000000000000000000, 0.000000000000000000 ) ) ;
#3531 = CARTESIAN_POINT ( 'NONE',  ( 16.99999999999999645, 10.00000000000000178, -25.40565218904154676 ) ) ;
#3532 = CARTESIAN_POINT ( 'NONE',  ( 37.00000000000000711, 10.00000000000000178, -30.38065218904154818 ) ) ;
#3533 = CARTESIAN_POINT ( 'NONE',  ( 50.00000000000000000, 8.156294346325941191, -5.636249986284334490 ) ) ;
#3534 = CARTESIAN_POINT ( 'NONE',  ( 37.00000000000001421, 9.693599218655277738, -31.24569430136685710 ) ) ;
#3535 = ORIENTED_EDGE ( 'NONE', *, *, #3984, .F. ) ;
#3536 = ORIENTED_EDGE ( 'NONE', *, *, #4083, .T. ) ;
#3537 = SPHERICAL_SURFACE ( 'NONE', #3197, 2.000000000000000000 ) ;
#3538 = VERTEX_POINT ( 'NONE', #4296 ) ;
#3539 = CARTESIAN_POINT ( 'NONE',  ( 0.000000000000000000, 7.523458616064766957, -32.91210520950284746 ) ) ;
#3540 = CARTESIAN_POINT ( 'NONE',  ( 14.79426535848448410, 6.656015006673182022, -35.65913615278326887 ) ) ;
#3541 = CARTESIAN_POINT ( 'NONE',  ( 35.59661690106058529, 6.933361115284069065, -3.649920956843966113 ) ) ;
#3542 = EDGE_CURVE ( 'NONE', #5209, #4168, #1879, .T. ) ;
#3543 = CARTESIAN_POINT ( 'NONE',  ( -0.000000000000000000, 4.350988058350804266, -2.013429033228967491 ) ) ;
#3544 = CARTESIAN_POINT ( 'NONE',  ( 50.00000000000000000, 15.71889479237746556, -30.38065218904155529 ) ) ;
#3545 = PERSON_AND_ORGANIZATION ( #4148, #3434 ) ;
#3546 = ORIENTED_EDGE ( 'NONE', *, *, #2593, .T. ) ;
#3547 = AXIS2_PLACEMENT_3D ( 'NONE', #738, #2103, #768 ) ;
#3548 = CARTESIAN_POINT ( 'NONE',  ( 0.8314288977485213561, 8.628002591958937373, -33.20482944059472175 ) ) ;
#3549 = CARTESIAN_POINT ( 'NONE',  ( 12.99999999999999822, 9.727059357268162287, -7.746473571728475171 ) ) ;
#3550 = CARTESIAN_POINT ( 'NONE',  ( 33.67011459960951925, 6.015638454471557317, -38.13904910411523730 ) ) ;
#3551 = CARTESIAN_POINT ( 'NONE',  ( 9.495804727127117023E-15, 3.776769793787679408, -1.710075296782044507 ) ) ;
#3552 = CARTESIAN_POINT ( 'NONE',  ( 16.38847745996976357, 5.981995455074955004, -1.625096302566764850 ) ) ;
#3553 = CARTESIAN_POINT ( 'NONE',  ( 34.97460689880167450, 6.521361243934024721, -30.44999999999775753 ) ) ;
#3554 = ADVANCED_FACE ( 'NONE', ( #1707 ), #5531, .T. ) ;
#3555 = ORIENTED_EDGE ( 'NONE', *, *, #1386, .F. ) ;
#3556 = CARTESIAN_POINT ( 'NONE',  ( 35.74080596260508713, 6.000000000000000888, -14.35565218904154428 ) ) ;
#3557 = ORIENTED_EDGE ( 'NONE', *, *, #1272, .F. ) ;
#3558 = AXIS2_PLACEMENT_3D ( 'NONE', #4828, #4371, #125 ) ;
#3559 = DIRECTION ( 'NONE',  ( -0.000000000000000000, -1.000000000000000000, -0.000000000000000000 ) ) ;
#3560 = DIRECTION ( 'NONE',  ( 0.000000000000000000, 0.000000000000000000, -1.000000000000000000 ) ) ;
#3561 = CARTESIAN_POINT ( 'NONE',  ( 50.00000000000000000, 5.734730789301638154, -3.053049358100254462 ) ) ;
#3562 = CARTESIAN_POINT ( 'NONE',  ( 49.99999999999999289, 10.64280684552138823, -8.332917499648372583 ) ) ;
#3563 = ORIENTED_EDGE ( 'NONE', *, *, #4404, .F. ) ;
#3564 = AXIS2_PLACEMENT_3D ( 'NONE', #3132, #3038, #5787 ) ;
#3565 = VERTEX_POINT ( 'NONE', #5407 ) ;
#3566 = CARTESIAN_POINT ( 'NONE',  ( 49.77549872222549965, 5.185395883131254990, -2.023730716923309192 ) ) ;
#3567 = EDGE_LOOP ( 'NONE', ( #528, #443, #3346, #615 ) ) ;
#3568 = CARTESIAN_POINT ( 'NONE',  ( -0.000000000000000000, 4.466773127691570089, -37.66011618789113413 ) ) ;
#3569 = CARTESIAN_POINT ( 'NONE',  ( 12.99999999999999822, 10.00000000000000178, -30.45000000000002771 ) ) ;
#3570 = CARTESIAN_POINT ( 'NONE',  ( 37.52509708736238281, 8.556574388417333310, -5.635307517263062671 ) ) ;
#3571 = CIRCLE ( 'NONE', #1026, 1.000000000000000888 ) ;
#3572 = ORIENTED_EDGE ( 'NONE', *, *, #889, .F. ) ;
#3573 = CARTESIAN_POINT ( 'NONE',  ( 33.00000000000000000, 10.00000000000000178, -13.35565218904154428 ) ) ;
#3574 = PLANE ( 'NONE',  #5302 ) ;
#3575 = CARTESIAN_POINT ( 'NONE',  ( 49.91117808646667697, 4.716507543589558260, -38.04026719837755621 ) ) ;
#3576 = PERSON_AND_ORGANIZATION ( #4148, #3434 ) ;
#3577 = CARTESIAN_POINT ( 'NONE',  ( -3.566265255666956664E-14, 8.087208474398797975, -33.50530230278452137 ) ) ;
#3578 = CARTESIAN_POINT ( 'NONE',  ( 13.19913024207134455, 8.730756705489307379, -6.851173953253513638 ) ) ;
#3579 = DIRECTION ( 'NONE',  ( 0.000000000000000000, 0.000000000000000000, -1.000000000000000000 ) ) ;
#3580 = CARTESIAN_POINT ( 'NONE',  ( 0.000000000000000000, 3.604743207411731820, -2.061464276980682797 ) ) ;
#3581 = CARTESIAN_POINT ( 'NONE',  ( 31.00000000000000000, 3.000000000000000000, -30.00000000000000355 ) ) ;
#3582 = CARTESIAN_POINT ( 'NONE',  ( 16.99999999999999645, 10.00000000000000178, -30.38065218904154818 ) ) ;
#3583 = ORIENTED_EDGE ( 'NONE', *, *, #3416, .F. ) ;
#3584 = DIRECTION ( 'NONE',  ( 0.000000000000000000, 0.000000000000000000, 1.000000000000000000 ) ) ;
#3585 = ORIENTED_EDGE ( 'NONE', *, *, #5315, .F. ) ;
#3586 = CARTESIAN_POINT ( 'NONE',  ( 33.12561093699922310, 5.986922299670951020, -38.26498875904652408 ) ) ;
#3587 = FACE_OUTER_BOUND ( 'NONE', #5306, .T. ) ;
#3588 = CARTESIAN_POINT ( 'NONE',  ( 49.01055520275173194, 14.27324926363479562, -8.333365607334572545 ) ) ;
#3589 = CARTESIAN_POINT ( 'NONE',  ( 50.00000000000002842, 14.16053376156166088, -9.380652189041548183 ) ) ;
#3590 = ORIENTED_EDGE ( 'NONE', *, *, #3304, .T. ) ;
#3591 = ORIENTED_EDGE ( 'NONE', *, *, #9, .T. ) ;
#3592 = LINE ( 'NONE', #4981, #4506 ) ;
#3593 = EDGE_CURVE ( 'NONE', #102, #3076, #2140, .T. ) ;
#3594 = EDGE_LOOP ( 'NONE', ( #1616, #2826, #2303 ) ) ;
#3595 = CARTESIAN_POINT ( 'NONE',  ( 0.000000000000000000, 4.048746848320801561, -38.10083256754364101 ) ) ;
#3596 = CARTESIAN_POINT ( 'NONE',  ( 50.00000000000001421, 4.590665079075055388, -37.44624654808600894 ) ) ;
#3597 = CARTESIAN_POINT ( 'NONE',  ( 36.56441378954096422, 7.297167298146627346, -4.191963072555945580 ) ) ;
#3598 = ORIENTED_EDGE ( 'NONE', *, *, #3457, .T. ) ;
#3599 = CARTESIAN_POINT ( 'NONE',  ( 16.85870216268202171, 5.979645301426641524, -38.30094037575972976 ) ) ;
#3600 = AXIS2_PLACEMENT_3D ( 'NONE', #4494, #3560, #2758 ) ;
#3601 = CARTESIAN_POINT ( 'NONE',  ( 15.34308368636805042, 6.357425013763399413, -31.65008961307116309 ) ) ;
#3602 = CARTESIAN_POINT ( 'NONE',  ( 49.94105251308345572, 4.533478366615530497, -38.16013292061604290 ) ) ;
#3603 =( NAMED_UNIT ( * ) PLANE_ANGLE_UNIT ( ) SI_UNIT ( $, .RADIAN. ) );
#3604 = CIRCLE ( 'NONE', #5682, 1.000000000000000888 ) ;
#3605 = CARTESIAN_POINT ( 'NONE',  ( 0.000000000000000000, 5.230792472358040790, -36.19717041013363712 ) ) ;
#3606 = CARTESIAN_POINT ( 'NONE',  ( 12.58456064386641948, 8.293256604236420415, -5.406717648041340141 ) ) ;
#3607 = CARTESIAN_POINT ( 'NONE',  ( 49.02256109844836374, 13.57127628542222020, -30.60660716607230469 ) ) ;
#3608 = CARTESIAN_POINT ( 'NONE',  ( 0.1060026656890098590, 3.351359019916184678, -1.676703629175000376 ) ) ;
#3609 = AXIS2_PLACEMENT_3D ( 'NONE', #998, #155, #1909 ) ;
#3610 = CARTESIAN_POINT ( 'NONE',  ( 27.43801315126048124, 3.760850905784106413, -28.15948152330548027 ) ) ;
#3611 = DIRECTION ( 'NONE',  ( -4.003208021484940018E-16, 0.000000000000000000, -1.000000000000000000 ) ) ;
#3612 = EDGE_CURVE ( 'NONE', #4889, #3627, #3951, .T. ) ;
#3613 = ORIENTED_EDGE ( 'NONE', *, *, #4635, .F. ) ;
#3614 = CIRCLE ( 'NONE', #2770, 1.000000000000000888 ) ;
#3615 = DIRECTION ( 'NONE',  ( 0.000000000000000000, 0.000000000000000000, -1.000000000000000000 ) ) ;
#3616 = ORIENTED_EDGE ( 'NONE', *, *, #4563, .T. ) ;
#3617 = ADVANCED_FACE ( 'NONE', ( #5736 ), #3139, .F. ) ;
#3618 = DIRECTION ( 'NONE',  ( 0.000000000000000000, 0.000000000000000000, -1.000000000000000000 ) ) ;
#3619 = CARTESIAN_POINT ( 'NONE',  ( 49.94686883244470010, 3.851406395891708634, -1.533595652561722700 ) ) ;
#3620 = CARTESIAN_POINT ( 'NONE',  ( 11.99999999999999645, 31.00000000000000000, -29.38065218904154818 ) ) ;
#3621 = ORIENTED_EDGE ( 'NONE', *, *, #180, .F. ) ;
#3622 = ORIENTED_EDGE ( 'NONE', *, *, #2941, .F. ) ;
#3623 = FACE_OUTER_BOUND ( 'NONE', #248, .T. ) ;
#3624 = DIRECTION ( 'NONE',  ( -0.000000000000000000, 0.000000000000000000, 1.000000000000000000 ) ) ;
#3625 = CARTESIAN_POINT ( 'NONE',  ( 31.00000000000000000, 0.000000000000000000, -30.00000000000000355 ) ) ;
#3626 = CARTESIAN_POINT ( 'NONE',  ( 34.78563149272017085, 6.413806688512648790, -3.135267842012072315 ) ) ;
#3627 = VERTEX_POINT ( 'NONE', #2599 ) ;
#3628 = CARTESIAN_POINT ( 'NONE',  ( 11.99999999999999645, 30.00000000000000000, -29.38065218904154818 ) ) ;
#3629 = CARTESIAN_POINT ( 'NONE',  ( 36.13328313518916701, 7.504114633864173989, -5.295918812811400755 ) ) ;
#3630 = CARTESIAN_POINT ( 'NONE',  ( 49.72180682058639434, 5.472341426530825892, -37.24858636478694507 ) ) ;
#3631 = CARTESIAN_POINT ( 'NONE',  ( 0.000000000000000000, 9.509677490669423250, -31.26277003612386451 ) ) ;
#3632 = CYLINDRICAL_SURFACE ( 'NONE', #2338, 1.000000000000000888 ) ;
#3633 = DIRECTION ( 'NONE',  ( -1.000000000000000000, -0.000000000000000000, -0.000000000000000000 ) ) ;
#3634 = VERTEX_POINT ( 'NONE', #809 ) ;
#3635 = CARTESIAN_POINT ( 'NONE',  ( 27.88044591865728705, 3.865438586383481034, -27.48183914407452377 ) ) ;
#3636 = CARTESIAN_POINT ( 'NONE',  ( 16.89391044352195337, 5.981034004438622986, -38.28517382260120172 ) ) ;
#3637 = EDGE_LOOP ( 'NONE', ( #1420, #3089, #3656, #686 ) ) ;
#3638 = CARTESIAN_POINT ( 'NONE',  ( 1.000000000000000000, 31.00000000000000000, -29.38065218904154818 ) ) ;
#3639 = EDGE_LOOP ( 'NONE', ( #5708, #2942 ) ) ;
#3640 = CARTESIAN_POINT ( 'NONE',  ( 33.12328351864495346, 5.984009950744232142, -38.26703809666263822 ) ) ;
#3641 = PLANE ( 'NONE',  #2840 ) ;
#3642 = CARTESIAN_POINT ( 'NONE',  ( 50.00000000000000711, 3.944245718478034846, -1.680550876602100896 ) ) ;
#3643 = PLANE ( 'NONE',  #1161 ) ;
#3644 = EDGE_CURVE ( 'NONE', #1154, #2785, #4319, .T. ) ;
#3645 = ORIENTED_EDGE ( 'NONE', *, *, #1643, .T. ) ;
#3646 = ORIENTED_EDGE ( 'NONE', *, *, #4928, .T. ) ;
#3647 = CARTESIAN_POINT ( 'NONE',  ( 1.999999999999999556, 4.000000000000000000, -1.999999999999999556 ) ) ;
#3648 = AXIS2_PLACEMENT_3D ( 'NONE', #2099, #5224, #4718 ) ;
#3649 = ORIENTED_EDGE ( 'NONE', *, *, #5572, .T. ) ;
#3650 = EDGE_CURVE ( 'NONE', #2790, #1205, #1141, .T. ) ;
#3651 = EDGE_CURVE ( 'NONE', #1343, #5326, #2451, .T. ) ;
#3652 = CARTESIAN_POINT ( 'NONE',  ( 0.000000000000000000, 3.788184521377218505, -38.00000000000000711 ) ) ;
#3653 = CARTESIAN_POINT ( 'NONE',  ( 13.15235586274009094, 8.872841329171484048, -32.02800826147109348 ) ) ;
#3654 = CARTESIAN_POINT ( 'NONE',  ( 33.37248360235475531, 5.951783280350871230, -1.535264808430164996 ) ) ;
#3655 = AXIS2_PLACEMENT_3D ( 'NONE', #1238, #2917, #4294 ) ;
#3656 = ORIENTED_EDGE ( 'NONE', *, *, #5143, .F. ) ;
#3657 = VECTOR ( 'NONE', #1201, 1000.000000000000000 ) ;
#3658 = CARTESIAN_POINT ( 'NONE',  ( 45.05000000000000426, 30.00000000000000000, -24.40565218904155032 ) ) ;
#3659 = CARTESIAN_POINT ( 'NONE',  ( 0.000000000000000000, 8.073094888358610888, -6.677018399265125304 ) ) ;
#3660 = EDGE_CURVE ( 'NONE', #19, #1343, #498, .T. ) ;
#3661 = CARTESIAN_POINT ( 'NONE',  ( 50.00000000000056843, 5.213520440151717672, -37.11592128549085601 ) ) ;
#3662 = CIRCLE ( 'NONE', #3942, 2.050000000000006484 ) ;
#3663 = CARTESIAN_POINT ( 'NONE',  ( 0.000000000000000000, 4.116722233696363809, -38.07307097995773404 ) ) ;
#3664 = AXIS2_PLACEMENT_3D ( 'NONE', #1882, #2440, #1552 ) ;
#3665 = CARTESIAN_POINT ( 'NONE',  ( 49.05739483173764626, 11.50679328217725406, -31.27581943173569812 ) ) ;
#3666 = CARTESIAN_POINT ( 'NONE',  ( 12.99999999999984190, 7.674061981583361280, -30.15219638072623809 ) ) ;
#3667 = CARTESIAN_POINT ( 'NONE',  ( 33.73056105749309808, 5.997978788787623472, -1.670968380821967969 ) ) ;
#3668 = CARTESIAN_POINT ( 'NONE',  ( 16.84880407121719514, 6.002774693419893559, -13.37243335448179415 ) ) ;
#3669 = B_SPLINE_CURVE_WITH_KNOTS ( 'NONE', 3,
 ( #1383, #106, #4038, #4537, #2273, #4566, #511, #77, #1356, #4124, #1415, #53, #4010, #4983, #4067, #426, #1855, #5811 ),
 .UNSPECIFIED., .F., .F.,
 ( 4, 2, 2, 2, 2, 2, 2, 2, 4 ),
 ( 0.000000000000000000, 0.001031794309450938989, 0.002063588618901877978, 0.004127177237803755956, 0.005158971547254695596, 0.006190765856705634368, 0.007222560166156573140, 0.007738457320882036888, 0.008254354475607501504 ),
 .UNSPECIFIED. ) ;
#3670 = ORIENTED_EDGE ( 'NONE', *, *, #3153, .T. ) ;
#3671 = CARTESIAN_POINT ( 'NONE',  ( 3.949999999999997957, 31.00000000000000000, -25.40565218904154676 ) ) ;
#3672 = VERTEX_POINT ( 'NONE', #2414 ) ;
#3673 = CARTESIAN_POINT ( 'NONE',  ( 33.37640443592970740, 6.017749417651818256, -38.00000000000000000 ) ) ;
#3674 = CARTESIAN_POINT ( 'NONE',  ( 19.46986771154325169, 4.913332709567768575, -13.97980282916810779 ) ) ;
#3675 = CARTESIAN_POINT ( 'NONE',  ( 0.000000000000000000, 3.668037424472875507, -2.000000000000018652 ) ) ;
#3676 = CARTESIAN_POINT ( 'NONE',  ( 15.05125527166821975, 6.506807479711559594, -10.45000000000001172 ) ) ;
#3677 = ORIENTED_EDGE ( 'NONE', *, *, #1194, .F. ) ;
#3678 = CIRCLE ( 'NONE', #3767, 1.000000000000000888 ) ;
#3679 = EDGE_LOOP ( 'NONE', ( #5801, #3646 ) ) ;
#3680 = CARTESIAN_POINT ( 'NONE',  ( 49.17082266046861605, 8.459718127123428744, -5.705343997060427164 ) ) ;
#3681 = FACE_OUTER_BOUND ( 'NONE', #423, .T. ) ;
#3682 = CARTESIAN_POINT ( 'NONE',  ( 13.00000000000020606, 9.692535460902881539, -31.24651187465418900 ) ) ;
#3683 = CARTESIAN_POINT ( 'NONE',  ( 38.00000000000000711, 31.00000000000000000, 0.000000000000000000 ) ) ;
#3684 = PRODUCT_DEFINITION_SHAPE ( 'NONE', 'NONE',  #4443 ) ;
#3685 = VERTEX_POINT ( 'NONE', #1534 ) ;
#3686 = CARTESIAN_POINT ( 'NONE',  ( 16.52949445508783555, 5.022186772064774374, -38.00000000000000000 ) ) ;
#3687 = MANIFOLD_SOLID_BREP ( 'Cut-Extrude4', #839 ) ;
#3688 = DIRECTION ( 'NONE',  ( 1.000000000000000000, 0.000000000000000000, -4.003208021484940018E-16 ) ) ;
#3689 = CARTESIAN_POINT ( 'NONE',  ( 50.00000000000000711, 7.234853991605615597, -34.39714183714512075 ) ) ;
#3690 = EDGE_CURVE ( 'NONE', #506, #3844, #2918, .T. ) ;
#3691 = CARTESIAN_POINT ( 'NONE',  ( 0.06037742507830970440, 3.463508445569176253, -38.15436291269454472 ) ) ;
#3692 = CARTESIAN_POINT ( 'NONE',  ( 49.52359455478934791, 6.164191389974084778, -36.26675147710336233 ) ) ;
#3693 = CARTESIAN_POINT ( 'NONE',  ( 16.52949445508783555, 5.998486478600588256, -38.21642292627650761 ) ) ;
#3694 = CARTESIAN_POINT ( 'NONE',  ( 12.99999999999999822, 10.00000000000000178, -29.70000003617179019 ) ) ;
#3695 = DIRECTION ( 'NONE',  ( 2.168404344971006896E-16, 0.000000000000000000, -1.000000000000000000 ) ) ;
#3696 = VECTOR ( 'NONE', #5475, 1000.000000000000000 ) ;
#3697 = ORIENTED_EDGE ( 'NONE', *, *, #5483, .F. ) ;
#3698 = ORIENTED_EDGE ( 'NONE', *, *, #3289, .T. ) ;
#3699 = EDGE_CURVE ( 'NONE', #5088, #3092, #2203, .T. ) ;
#3700 = AXIS2_PLACEMENT_3D ( 'NONE', #4559, #1849, #1878 ) ;
#3701 = CARTESIAN_POINT ( 'NONE',  ( 33.00589150835451591, 5.961494266210375592, -38.39059339805289994 ) ) ;
#3702 = DIRECTION ( 'NONE',  ( 0.000000000000000000, 0.000000000000000000, 1.000000000000000000 ) ) ;
#3703 = CARTESIAN_POINT ( 'NONE',  ( 50.00000000000000000, 3.725659507054746022, -1.726316263208735213 ) ) ;
#3704 = CARTESIAN_POINT ( 'NONE',  ( 38.00000000000000000, 10.00000000000000355, -31.01020356730026251 ) ) ;
#3705 = AXIS2_PLACEMENT_3D ( 'NONE', #2726, #2751, #2285 ) ;
#3706 = VERTEX_POINT ( 'NONE', #1922 ) ;
#3707 = CARTESIAN_POINT ( 'NONE',  ( 37.00000000000000711, 9.999687502519286397, -29.84998429365135664 ) ) ;
#3708 = ORIENTED_EDGE ( 'NONE', *, *, #1594, .T. ) ;
#3709 = DIRECTION ( 'NONE',  ( 0.000000000000000000, 1.000000000000000000, 0.000000000000000000 ) ) ;
#3710 = CARTESIAN_POINT ( 'NONE',  ( 50.00000000000000000, 9.542525994743584761, -31.24107756787585899 ) ) ;
#3711 = CARTESIAN_POINT ( 'NONE',  ( 31.00000000000000000, 0.000000000000000000, -9.999999999999998224 ) ) ;
#3712 = ORIENTED_EDGE ( 'NONE', *, *, #1594, .F. ) ;
#3713 = CARTESIAN_POINT ( 'NONE',  ( 12.99032272029095481, 7.759353550695946566, -34.34443192744618045 ) ) ;
#3714 = DIRECTION ( 'NONE',  ( 4.336808689942017736E-17, 0.000000000000000000, -1.000000000000000000 ) ) ;
#3715 = FACE_OUTER_BOUND ( 'NONE', #624, .T. ) ;
#3716 = LINE ( 'NONE', #691, #4044 ) ;
#3717 = ADVANCED_FACE ( 'NONE', ( #1982 ), #5164, .F. ) ;
#3718 = CARTESIAN_POINT ( 'NONE',  ( -3.171721963507796071E-14, 4.408005725189521051, -38.05220859039466319 ) ) ;
#3719 = EDGE_CURVE ( 'NONE', #1874, #2931, #4612, .T. ) ;
#3720 = CARTESIAN_POINT ( 'NONE',  ( 18.99999999999938538, 5.189291564825457392, -25.99999999999888800 ) ) ;
#3721 = CARTESIAN_POINT ( 'NONE',  ( 49.97831668581443409, 4.000000000000207834, -38.30950607500050609 ) ) ;
#3722 = DIRECTION ( 'NONE',  ( 0.000000000000000000, 0.000000000000000000, -1.000000000000000000 ) ) ;
#3723 = ORIENTED_EDGE ( 'NONE', *, *, #3304, .F. ) ;
#3724 = ORIENTED_EDGE ( 'NONE', *, *, #2941, .T. ) ;
#3725 = DIRECTION ( 'NONE',  ( -6.938893903907228378E-16, 0.000000000000000000, 1.000000000000000000 ) ) ;
#3726 = CARTESIAN_POINT ( 'NONE',  ( 12.99999999999999822, 10.00000000000000178, -30.38065218904154818 ) ) ;
#3727 = DIRECTION ( 'NONE',  ( 0.000000000000000000, 0.000000000000000000, -1.000000000000000000 ) ) ;
#3728 = FACE_OUTER_BOUND ( 'NONE', #5523, .T. ) ;
#3729 = EDGE_CURVE ( 'NONE', #5371, #19, #3396, .T. ) ;
#3730 = VERTEX_POINT ( 'NONE', #5548 ) ;
#3731 = CARTESIAN_POINT ( 'NONE',  ( 32.15891053163817759, 6.000000000000000000, -6.171563454925995451 ) ) ;
#3732 = ORIENTED_EDGE ( 'NONE', *, *, #2755, .F. ) ;
#3733 = DIRECTION ( 'NONE',  ( 0.000000000000000000, -1.000000000000000000, 0.000000000000000000 ) ) ;
#3734 = ADVANCED_FACE ( 'NONE', ( #3308 ), #3313, .T. ) ;
#3735 = ORIENTED_EDGE ( 'NONE', *, *, #4751, .F. ) ;
#3736 = DIRECTION ( 'NONE',  ( -1.000000000000000000, 0.000000000000000000, 0.000000000000000000 ) ) ;
#3737 = DIRECTION ( 'NONE',  ( 0.000000000000000000, 0.000000000000000000, 1.000000000000000000 ) ) ;
#3738 = DIRECTION ( 'NONE',  ( 0.000000000000000000, 0.000000000000000000, -1.000000000000000000 ) ) ;
#3739 = ORIENTED_EDGE ( 'NONE', *, *, #3792, .F. ) ;
#3740 = CYLINDRICAL_SURFACE ( 'NONE', #3925, 1.000000000000000888 ) ;
#3741 = DIRECTION ( 'NONE',  ( 1.000000000000000000, -1.371924550463227318E-17, 4.336808689942018352E-17 ) ) ;
#3742 = AXIS2_PLACEMENT_3D ( 'NONE', #4528, #2815, #3618 ) ;
#3743 = CARTESIAN_POINT ( 'NONE',  ( 34.80053612875666147, 6.421478134362673451, -3.154989003001899217 ) ) ;
#3744 = CARTESIAN_POINT ( 'NONE',  ( 22.42938207092548453, 3.789855039892308319, -32.07655733712126533 ) ) ;
#3745 = AXIS2_PLACEMENT_3D ( 'NONE', #1844, #4556, #3148 ) ;
#3746 = CIRCLE ( 'NONE', #3935, 1.000000000000000888 ) ;
#3747 = VERTEX_POINT ( 'NONE', #800 ) ;
#3748 = CARTESIAN_POINT ( 'NONE',  ( 0.04635122808412726891, 3.562375429703087626, -38.21058100304634308 ) ) ;
#3749 = CARTESIAN_POINT ( 'NONE',  ( 12.99999999999999822, 9.999687473066284582, -29.85001570782890568 ) ) ;
#3750 = CARTESIAN_POINT ( 'NONE',  ( 19.65777201098895333, 4.807471741537272969, -39.84574505115593723 ) ) ;
#3751 = VECTOR ( 'NONE', #5591, 1000.000000000000000 ) ;
#3752 = DIRECTION ( 'NONE',  ( 1.000000000000000000, -0.000000000000000000, 2.168404344971006649E-16 ) ) ;
#3753 = ORIENTED_EDGE ( 'NONE', *, *, #2727, .T. ) ;
#3754 = ORIENTED_EDGE ( 'NONE', *, *, #363, .F. ) ;
#3755 = CARTESIAN_POINT ( 'NONE',  ( 49.00000000000000000, 31.00000000000000000, -30.38065218904155174 ) ) ;
#3756 = DIRECTION ( 'NONE',  ( 1.000000000000000000, 0.000000000000000000, 0.000000000000000000 ) ) ;
#3757 = CARTESIAN_POINT ( 'NONE',  ( 0.9946756667782516992, 15.08994407135750393, -30.38065218904155529 ) ) ;
#3758 = LINE ( 'NONE', #2434, #3520 ) ;
#3759 = ORIENTED_EDGE ( 'NONE', *, *, #1394, .T. ) ;
#3760 = ORIENTED_EDGE ( 'NONE', *, *, #5129, .T. ) ;
#3761 = CARTESIAN_POINT ( 'NONE',  ( 36.99999999999970157, 7.674061981583280456, -29.84780361927375836 ) ) ;
#3762 = ADVANCED_FACE ( 'NONE', ( #827, #2620 ), #5753, .T. ) ;
#3763 = DIRECTION ( 'NONE',  ( -0.000000000000000000, -0.000000000000000000, 1.000000000000000000 ) ) ;
#3764 = DIRECTION ( 'NONE',  ( -0.000000000000000000, -0.000000000000000000, -1.000000000000000000 ) ) ;
#3765 = CARTESIAN_POINT ( 'NONE',  ( 0.2525671798529081635, 5.285582191042710321, -2.121618797310161231 ) ) ;
#3766 = CARTESIAN_POINT ( 'NONE',  ( 1.000000000000000000, 15.71889479237746556, -30.38065218904154818 ) ) ;
#3767 = AXIS2_PLACEMENT_3D ( 'NONE', #3995, #5797, #385 ) ;
#3768 = EDGE_CURVE ( 'NONE', #3155, #3538, #5233, .T. ) ;
#3769 = ORIENTED_EDGE ( 'NONE', *, *, #140, .T. ) ;
#3770 = CARTESIAN_POINT ( 'NONE',  ( 35.00857252192917457, 6.540641415993325047, -30.14999999999849578 ) ) ;
#3771 = CARTESIAN_POINT ( 'NONE',  ( 46.05000000000000426, 31.00000000000000000, -25.40565218904155032 ) ) ;
#3772 = CARTESIAN_POINT ( 'NONE',  ( 0.000000000000000000, 6.000000000000000000, -29.38065218904154818 ) ) ;
#3773 = CARTESIAN_POINT ( 'NONE',  ( 50.00000000000000000, 3.837397158359457272, -38.05467550315091785 ) ) ;
#3774 = DATE_AND_TIME ( #1925, #5033 ) ;
#3775 = VERTEX_POINT ( 'NONE', #1295 ) ;
#3776 = CARTESIAN_POINT ( 'NONE',  ( 7.952349889293428918E-14, 4.117416514219158330, -38.19707440295388068 ) ) ;
#3777 = CARTESIAN_POINT ( 'NONE',  ( 15.02107445864406010, 6.523503688512680476, -29.84675689670696386 ) ) ;
#3778 = DIRECTION ( 'NONE',  ( 0.000000000000000000, 0.000000000000000000, 1.000000000000000000 ) ) ;
#3779 = CARTESIAN_POINT ( 'NONE',  ( 45.05000000000000426, 30.58578643762690774, -14.35565218904154605 ) ) ;
#3780 = EDGE_LOOP ( 'NONE', ( #1327, #5428, #4651 ) ) ;
#3781 = VERTEX_POINT ( 'NONE', #2106 ) ;
#3782 = DIRECTION ( 'NONE',  ( -0.000000000000000000, -0.000000000000000000, -1.000000000000000000 ) ) ;
#3783 = CARTESIAN_POINT ( 'NONE',  ( 1.000000000000000000, 30.00000000000000000, -9.380652189041546407 ) ) ;
#3784 = AXIS2_PLACEMENT_3D ( 'NONE', #4114, #153, #1934 ) ;
#3785 = CARTESIAN_POINT ( 'NONE',  ( 0.000000000000000000, 6.000000000000000000, -9.380652189041546407 ) ) ;
#3786 = CARTESIAN_POINT ( 'NONE',  ( 50.00000000000001421, 3.789049345090600873, -1.900739453458680339 ) ) ;
#3787 = EDGE_LOOP ( 'NONE', ( #5814, #23, #5595, #2912, #470, #5665, #5119, #3413 ) ) ;
#3788 = CIRCLE ( 'NONE', #2200, 3.999999999999999112 ) ;
#3789 = DIRECTION ( 'NONE',  ( -1.000000000000000000, 0.000000000000000000, 0.000000000000000000 ) ) ;
#3790 = ORIENTED_EDGE ( 'NONE', *, *, #2222, .F. ) ;
#3791 = DIRECTION ( 'NONE',  ( -0.000000000000000000, 1.000000000000000000, -0.000000000000000000 ) ) ;
#3792 = EDGE_CURVE ( 'NONE', #47, #5769, #1560, .T. ) ;
#3793 = DIRECTION ( 'NONE',  ( 0.000000000000000000, 0.000000000000000000, 1.000000000000000000 ) ) ;
#3794 = CARTESIAN_POINT ( 'NONE',  ( 0.09245052368159367706, 4.573033658376912669, -1.639257361432633786 ) ) ;
#3795 = CYLINDRICAL_SURFACE ( 'NONE', #2070, 2.050000000000006484 ) ;
#3796 = AXIS2_PLACEMENT_3D ( 'NONE', #7, #3611, #4970 ) ;
#3797 = ORIENTED_EDGE ( 'NONE', *, *, #2090, .T. ) ;
#3798 = APPROVAL_PERSON_ORGANIZATION ( #3576, #1857, #3955 ) ;
#3799 = DIRECTION ( 'NONE',  ( -1.000000000000000000, 0.000000000000000000, 0.000000000000000000 ) ) ;
#3800 = CARTESIAN_POINT ( 'NONE',  ( 35.66961184777413507, 6.643237142843914533, -3.141768070922830614 ) ) ;
#3801 = DIRECTION ( 'NONE',  ( -1.000000000000000000, 0.000000000000000000, 0.000000000000000000 ) ) ;
#3802 = CARTESIAN_POINT ( 'NONE',  ( 33.17706187008561614, 6.003920784798959076, -13.35565218904155316 ) ) ;
#3803 = B_SPLINE_CURVE_WITH_KNOTS ( 'NONE', 3,
 ( #4867, #5788, #4383, #2166, #3953, #3068, #1709, #3543, #1302, #2220, #4571, #956, #1451, #2336, #1509, #4543, #5078, #1423, #2829, #5514, #3659, #3247, #3278, #4990, #1479, #2802, #1893, #5053 ),
 .UNSPECIFIED., .F., .F.,
 ( 4, 2, 2, 2, 2, 2, 2, 2, 2, 2, 2, 2, 2, 4 ),
 ( 0.000000000000000000, 0.0002330194063624087286, 0.0004660388127248174571, 0.0006990582190872262399, 0.0009320776254496349143, 0.001398116438174455082, 0.001864155250899275250, 0.002796232876348913200, 0.003728310501798551366, 0.005592465752697828134, 0.007456621003597104468, 0.009320776254496381669, 0.01118493150539565800, 0.01491324200719421240 ),
 .UNSPECIFIED. ) ;
#3804 = CARTESIAN_POINT ( 'NONE',  ( 49.95364877191628494, 3.562375429703978913, -38.21058100304564675 ) ) ;
#3805 = EDGE_CURVE ( 'NONE', #3565, #1932, #4146, .T. ) ;
#3806 = ADVANCED_FACE ( 'NONE', ( #2159 ), #3008, .T. ) ;
#3807 = SPHERICAL_SURFACE ( 'NONE', #1300, 1.000000000000000000 ) ;
#3808 = CARTESIAN_POINT ( 'NONE',  ( 27.57514235713971118, 3.790862479143107144, -12.08433767463698238 ) ) ;
#3809 = CARTESIAN_POINT ( 'NONE',  ( 21.22931066668444444, 4.127025136999130872, -40.00000000000000000 ) ) ;
#3810 = CARTESIAN_POINT ( 'NONE',  ( 49.94563917570012990, 3.838656390135910090, -1.536871294367387675 ) ) ;
#3811 = EDGE_LOOP ( 'NONE', ( #924, #1315, #2822, #1322 ) ) ;
#3812 = EDGE_LOOP ( 'NONE', ( #5484, #1119, #5105, #5779 ) ) ;
#3813 = CARTESIAN_POINT ( 'NONE',  ( 37.00000000000000711, 30.00000000000000000, -30.38065218904154818 ) ) ;
#3814 = CARTESIAN_POINT ( 'NONE',  ( 0.000000000000000000, 5.275799197767404358, -3.339942196187489998 ) ) ;
#3815 = CARTESIAN_POINT ( 'NONE',  ( 16.75586752779502930, 5.935523197184336297, -1.487378845627550294 ) ) ;
#3816 = CARTESIAN_POINT ( 'NONE',  ( 32.15891053163817759, 6.000000000000000000, -26.17156345492600167 ) ) ;
#3817 = ORIENTED_EDGE ( 'NONE', *, *, #1697, .F. ) ;
#3818 = PLANE ( 'NONE',  #5087 ) ;
#3819 = VERTEX_POINT ( 'NONE', #1237 ) ;
#3820 = DIRECTION ( 'NONE',  ( -0.000000000000000000, -0.000000000000000000, 1.000000000000000000 ) ) ;
#3821 = EDGE_CURVE ( 'NONE', #2931, #1721, #4756, .T. ) ;
#3822 = DIRECTION ( 'NONE',  ( -0.000000000000000000, 1.000000000000000000, -0.000000000000000000 ) ) ;
#3823 = CARTESIAN_POINT ( 'NONE',  ( 0.9667380808845930096, 12.54768994723669451, -7.988702416565778286 ) ) ;
#3824 = CARTESIAN_POINT ( 'NONE',  ( 31.00000000000000000, 6.000000000000000000, -7.949999999999998401 ) ) ;
#3825 = DESIGN_CONTEXT ( 'detailed design', #5693, 'design' ) ;
#3826 = VERTEX_POINT ( 'NONE', #3424 ) ;
#3827 = CARTESIAN_POINT ( 'NONE',  ( 48.00000000000000000, 6.000000000000000000, -1.999999999999994893 ) ) ;
#3828 = EDGE_CURVE ( 'NONE', #1110, #4597, #714, .T. ) ;
#3829 = ORIENTED_EDGE ( 'NONE', *, *, #2861, .F. ) ;
#3830 = AXIS2_PLACEMENT_3D ( 'NONE', #3506, #4752, #4320 ) ;
#3831 = CARTESIAN_POINT ( 'NONE',  ( 16.52949445508783910, 5.998486478600590033, -38.21642292627650050 ) ) ;
#3832 = DIRECTION ( 'NONE',  ( -1.000000000000000000, -0.000000000000000000, -0.000000000000000000 ) ) ;
#3833 = CARTESIAN_POINT ( 'NONE',  ( 1.999999999999999556, 6.000000000000000000, -1.999999999999999556 ) ) ;
#3834 = CARTESIAN_POINT ( 'NONE',  ( 25.00000000000000000, 15.00000000000000178, 32.52691193458118590 ) ) ;
#3835 = CARTESIAN_POINT ( 'NONE',  ( 49.93962257492169243, 3.463508445569167371, -38.15436291269454472 ) ) ;
#3836 = ORIENTED_EDGE ( 'NONE', *, *, #5167, .T. ) ;
#3837 = AXIS2_PLACEMENT_3D ( 'NONE', #793, #5273, #5802 ) ;
#3838 = CARTESIAN_POINT ( 'NONE',  ( 31.00000000000000000, 6.000000000000000000, -9.999999999999998224 ) ) ;
#3839 = CARTESIAN_POINT ( 'NONE',  ( 30.53091157240112707, 4.913804544776995797, -13.97979959354653801 ) ) ;
#3840 = CARTESIAN_POINT ( 'NONE',  ( 32.15891053163817759, 6.000000000000000000, 32.52691193458118590 ) ) ;
#3841 = CARTESIAN_POINT ( 'NONE',  ( 14.25948485478131822, 6.000000000000000888, -14.35565218904155493 ) ) ;
#3842 = ORIENTED_EDGE ( 'NONE', *, *, #4162, .T. ) ;
#3843 = AXIS2_PLACEMENT_3D ( 'NONE', #779, #2517, #321 ) ;
#3844 = VERTEX_POINT ( 'NONE', #283 ) ;
#3845 = ORIENTED_EDGE ( 'NONE', *, *, #4159, .T. ) ;
#3846 = VECTOR ( 'NONE', #5193, 1000.000000000000000 ) ;
#3847 = CARTESIAN_POINT ( 'NONE',  ( 12.26099369513806892, 9.019116110287320964, -6.053678602871473302 ) ) ;
#3848 = AXIS2_PLACEMENT_3D ( 'NONE', #5232, #2975, #251 ) ;
#3849 = CARTESIAN_POINT ( 'NONE',  ( -8.622049428891971352E-15, 5.537945850823711602, -2.816064115451593075 ) ) ;
#3850 = CARTESIAN_POINT ( 'NONE',  ( 16.41555115400552012, 6.042927907351733907, -1.999999999999991340 ) ) ;
#3851 = CARTESIAN_POINT ( 'NONE',  ( 34.93889124864874418, 6.501087690359516280, -9.234542956684107295 ) ) ;
#3852 = VERTEX_POINT ( 'NONE', #2076 ) ;
#3853 = VERTEX_POINT ( 'NONE', #3032 ) ;
#3854 = DIRECTION ( 'NONE',  ( 0.000000000000000000, 0.000000000000000000, -1.000000000000000000 ) ) ;
#3855 = CARTESIAN_POINT ( 'NONE',  ( 16.99999999999999645, 6.000000000000000000, -1.999999999999999556 ) ) ;
#3856 = DIRECTION ( 'NONE',  ( 0.000000000000000000, -0.000000000000000000, -1.000000000000000000 ) ) ;
#3857 = DIRECTION ( 'NONE',  ( 0.000000000000000000, 0.000000000000000000, 1.000000000000000000 ) ) ;
#3858 = FACE_OUTER_BOUND ( 'NONE', #1730, .T. ) ;
#3859 = AXIS2_PLACEMENT_3D ( 'NONE', #3414, #3447, #3854 ) ;
#3860 = ORIENTED_EDGE ( 'NONE', *, *, #4954, .F. ) ;
#3861 = CARTESIAN_POINT ( 'NONE',  ( 37.00000000000000711, 10.00000000000000178, -14.35565218904154605 ) ) ;
#3862 = ORIENTED_EDGE ( 'NONE', *, *, #2817, .T. ) ;
#3863 = CARTESIAN_POINT ( 'NONE',  ( 18.59447673415086655, 5.446205914991284480, -26.01580945003039247 ) ) ;
#3864 = DIRECTION ( 'NONE',  ( 1.726093010922196700E-16, 0.000000000000000000, 1.000000000000000000 ) ) ;
#3865 = DIRECTION ( 'NONE',  ( 0.000000000000000000, -0.000000000000000000, 1.000000000000000000 ) ) ;
#3866 = CIRCLE ( 'NONE', #4234, 4.000000000000007105 ) ;
#3867 = DIRECTION ( 'NONE',  ( 1.000000000000000000, -0.000000000000000000, -0.000000000000000000 ) ) ;
#3868 = EDGE_CURVE ( 'NONE', #3431, #948, #5013, .T. ) ;
#3869 = CARTESIAN_POINT ( 'NONE',  ( 15.76810342216104033, 6.192487698800136720, -2.499648943221153274 ) ) ;
#3870 = CARTESIAN_POINT ( 'NONE',  ( 20.03162012116325741, 4.626439187081317073, -0.09786464313381923463 ) ) ;
#3871 = CARTESIAN_POINT ( 'NONE',  ( 31.00000000000000000, 5.189291564825706971, -5.999999999999992006 ) ) ;
#3872 = CARTESIAN_POINT ( 'NONE',  ( 38.00000000000000711, 15.44116783476714794, 1.619347810958436051 ) ) ;
#3873 = DIRECTION ( 'NONE',  ( -0.000000000000000000, -0.000000000000000000, -1.000000000000000000 ) ) ;
#3874 = ORIENTED_EDGE ( 'NONE', *, *, #1176, .T. ) ;
#3875 = VERTEX_POINT ( 'NONE', #2740 ) ;
#3876 = CARTESIAN_POINT ( 'NONE',  ( 16.99999999999999645, 10.00000000000000000, -10.45000000000001172 ) ) ;
#3877 = CARTESIAN_POINT ( 'NONE',  ( 0.8433495137138271591, 8.679221478407246337, -5.893991542647340154 ) ) ;
#3878 = CARTESIAN_POINT ( 'NONE',  ( 0.9588905829332978747, 12.35518818281154019, -30.95046116828756055 ) ) ;
#3879 = ADVANCED_FACE ( 'NONE', ( #893 ), #1825, .T. ) ;
#3880 = CARTESIAN_POINT ( 'NONE',  ( 37.00000000000000711, 9.999687487792014551, -10.15000003617179836 ) ) ;
#3881 = ORIENTED_EDGE ( 'NONE', *, *, #5575, .F. ) ;
#3882 = DIRECTION ( 'NONE',  ( -1.000000000000000000, 0.000000000000000000, 0.000000000000000000 ) ) ;
#3883 = CARTESIAN_POINT ( 'NONE',  ( 0.000000000000000000, 9.505108802808525326, -32.35223358412920902 ) ) ;
#3884 = DIRECTION ( 'NONE',  ( -1.000000000000000000, 0.000000000000000000, 0.000000000000000000 ) ) ;
#3885 = CARTESIAN_POINT ( 'NONE',  ( 33.97699183952586566, 6.114338654892481628, -32.68967023747664058 ) ) ;
#3886 = DIRECTION ( 'NONE',  ( 0.000000000000000000, 1.000000000000000000, 0.000000000000000000 ) ) ;
#3887 = LINE ( 'NONE', #3861, #3461 ) ;
#3888 = ORIENTED_EDGE ( 'NONE', *, *, #2054, .F. ) ;
#3889 = ORIENTED_EDGE ( 'NONE', *, *, #3650, .F. ) ;
#3890 = LINE ( 'NONE', #2947, #4023 ) ;
#3891 = CARTESIAN_POINT ( 'NONE',  ( 33.00000000000000000, 5.906861305794524064, -1.396775364840260325 ) ) ;
#3892 = CIRCLE ( 'NONE', #1352, 1.000000000000000888 ) ;
#3893 = DIRECTION ( 'NONE',  ( -0.000000000000000000, 1.000000000000000000, 0.000000000000000000 ) ) ;
#3894 = DIRECTION ( 'NONE',  ( 0.000000000000000000, 1.000000000000000000, 0.000000000000000000 ) ) ;
#3895 = CARTESIAN_POINT ( 'NONE',  ( 20.81894968325788042, 4.278316547500949696, -0.01165639854692742360 ) ) ;
#3896 = EDGE_CURVE ( 'NONE', #235, #1345, #758, .T. ) ;
#3897 = CARTESIAN_POINT ( 'NONE',  ( 27.43801315126048479, 3.760850905784107301, -8.159481523305466055 ) ) ;
#3898 = DIRECTION ( 'NONE',  ( -0.000000000000000000, -1.000000000000000000, -0.000000000000000000 ) ) ;
#3899 = DIRECTION ( 'NONE',  ( 0.000000000000000000, 0.000000000000000000, 1.000000000000000000 ) ) ;
#3900 = VERTEX_POINT ( 'NONE', #3569 ) ;
#3901 = CARTESIAN_POINT ( 'NONE',  ( 35.56397260527648285, 6.921701147780623842, -35.01483117508999499 ) ) ;
#3902 = CARTESIAN_POINT ( 'NONE',  ( 0.8148947500688373813, 8.255427118267586906, -5.516860486761169469 ) ) ;
#3903 = CARTESIAN_POINT ( 'NONE',  ( 16.98682106755545362, 5.908409807112779966, -1.401665990101022663 ) ) ;
#3904 = ORIENTED_EDGE ( 'NONE', *, *, #5483, .T. ) ;
#3905 = ORIENTED_EDGE ( 'NONE', *, *, #1747, .F. ) ;
#3906 = CARTESIAN_POINT ( 'NONE',  ( 33.09890349094098383, 6.000000000000000000, -13.40508504089336839 ) ) ;
#3907 = DIRECTION ( 'NONE',  ( -0.000000000000000000, -0.000000000000000000, 1.000000000000000000 ) ) ;
#3908 = DIRECTION ( 'NONE',  ( 1.000000000000000000, 0.000000000000000000, 0.000000000000000000 ) ) ;
#3909 = ADVANCED_FACE ( 'NONE', ( #2301 ), #950, .F. ) ;
#3910 =( BOUNDED_SURFACE ( )  B_SPLINE_SURFACE ( 3, 2, ( 
 ( #3477, #1614, #2125 ),
 ( #3385, #1646, #5192 ),
 ( #2100, #735, #4829 ),
 ( #3418, #5716, #1173 ),
 ( #2968, #359, #5661 ),
 ( #708, #2999, #277 ) ),
 .UNSPECIFIED., .F., .F., .F. ) 
 B_SPLINE_SURFACE_WITH_KNOTS ( ( 4, 2, 4 ),
 ( 3, 3 ),
 ( 0.007457838894736213559, 0.007912847785382617211, 0.008367856676029020863 ),
 ( 0.000000000000000000, 0.6679744504774682845 ),
 .UNSPECIFIED. ) 
 GEOMETRIC_REPRESENTATION_ITEM ( )  RATIONAL_B_SPLINE_SURFACE ( (
 ( 1.000000000000000000, 0.8043548131145070723, 0.8700815986258116919),
 ( 1.000000000000000000, 0.8062625964902123687, 0.8713484642731885721),
 ( 1.000000000000000000, 0.8072977738871645048, 0.8720358749613412730),
 ( 1.000000000000000000, 0.8072976321891465190, 0.8720357808666165944),
 ( 1.000000000000000000, 0.8062624675132596952, 0.8713483786259013097),
 ( 1.000000000000000000, 0.8043548131145070723, 0.8700815986258116919) ) ) 
 REPRESENTATION_ITEM ( '' )  SURFACE ( )  );
#3911 = CARTESIAN_POINT ( 'NONE',  ( 15.02539310119856353, 6.521361243933802676, -29.54999999999997584 ) ) ;
#3912 = EDGE_LOOP ( 'NONE', ( #4774, #2946, #1102, #162 ) ) ;
#3913 = DIRECTION ( 'NONE',  ( 0.000000000000000000, 0.000000000000000000, -1.000000000000000000 ) ) ;
#3914 = EDGE_LOOP ( 'NONE', ( #1692, #2639, #2009, #473, #4064, #5241 ) ) ;
#3915 = ORIENTED_EDGE ( 'NONE', *, *, #4647, .T. ) ;
#3916 = CARTESIAN_POINT ( 'NONE',  ( 34.32478014549584344, 6.224864388915681168, -12.22868469047272910 ) ) ;
#3917 = CARTESIAN_POINT ( 'NONE',  ( 16.45837987557226256, 6.036127798826508517, -37.89784992664768026 ) ) ;
#3918 = FACE_OUTER_BOUND ( 'NONE', #533, .T. ) ;
#3919 = ORIENTED_EDGE ( 'NONE', *, *, #4043, .F. ) ;
#3920 = DIRECTION ( 'NONE',  ( 0.000000000000000000, 0.000000000000000000, 1.000000000000000000 ) ) ;
#3921 = CARTESIAN_POINT ( 'NONE',  ( 19.00000000000000000, 6.000000000000000000, -30.00000000000000355 ) ) ;
#3922 = CARTESIAN_POINT ( 'NONE',  ( 29.80958004100512682, 4.550891323046710291, -13.82707243733025670 ) ) ;
#3923 = CARTESIAN_POINT ( 'NONE',  ( 50.00000000000000000, 13.43202706813894309, -29.61389115940261618 ) ) ;
#3924 = CYLINDRICAL_SURFACE ( 'NONE', #897, 0.9999999999999991118 ) ;
#3925 = AXIS2_PLACEMENT_3D ( 'NONE', #5512, #1387, #4129 ) ;
#3926 = DIRECTION ( 'NONE',  ( -0.000000000000000000, -0.000000000000000000, -1.000000000000000000 ) ) ;
#3927 = CARTESIAN_POINT ( 'NONE',  ( 36.85468253692121721, 8.898173516427759111, -32.00128195813769594 ) ) ;
#3928 = CARTESIAN_POINT ( 'NONE',  ( 0.000000000000000000, 5.790802884539072437, -4.115152311015397579 ) ) ;
#3929 = DIRECTION ( 'NONE',  ( 0.000000000000000000, 0.000000000000000000, 1.000000000000000000 ) ) ;
#3930 = VECTOR ( 'NONE', #3822, 1000.000000000000000 ) ;
#3931 = CARTESIAN_POINT ( 'NONE',  ( 33.86642386199471133, 6.093253999093155571, -7.205704378201782667 ) ) ;
#3932 = EDGE_CURVE ( 'NONE', #888, #3627, #3669, .T. ) ;
#3933 = ORIENTED_EDGE ( 'NONE', *, *, #577, .T. ) ;
#3934 = DIRECTION ( 'NONE',  ( 1.000000000000000000, 0.000000000000000000, -2.949837866104650816E-16 ) ) ;
#3935 = AXIS2_PLACEMENT_3D ( 'NONE', #1737, #2718, #899 ) ;
#3936 = B_SPLINE_CURVE_WITH_KNOTS ( 'NONE', 3,
 ( #4464, #70, #445, #1845, #1407, #969, #1286, #5123, #1107, #1520, #5063, #1963, #126, #5525, #4709, #5038, #2870, #5559, #996, #2899, #1492, #587, #2375, #5091, #1436, #4221, #1906, #3292, #3348, #2316, #4646, #3674, #2432, #4171 ),
 .UNSPECIFIED., .F., .F.,
 ( 4, 2, 2, 2, 2, 2, 2, 2, 2, 2, 2, 2, 2, 2, 2, 2, 4 ),
 ( 0.002309505423580470503, 0.003121404354567364984, 0.003933303285554259898, 0.004745202216541153512, 0.005557101147528048860, 0.006369000078514942473, 0.007180899009501837821, 0.007992797940488733169, 0.008804696871475630252, 0.009616595802462525600, 0.01042849473344942268, 0.01124039366443631976, 0.01205229259542321511, 0.01286419152641011046, 0.01367609045739700581, 0.01448798938838390289, 0.01529988831937079997 ),
 .UNSPECIFIED. ) ;
#3937 = ADVANCED_FACE ( 'NONE', ( #5455 ), #2940, .F. ) ;
#3938 = CYLINDRICAL_SURFACE ( 'NONE', #3084, 1.000000000000000000 ) ;
#3939 = CARTESIAN_POINT ( 'NONE',  ( 15.02539310119856353, 6.521361243933804452, -30.45000000000002771 ) ) ;
#3940 = CARTESIAN_POINT ( 'NONE',  ( 50.00000000000000000, 14.77522746568134693, -9.380652188141437975 ) ) ;
#3941 = VECTOR ( 'NONE', #3898, 1000.000000000000000 ) ;
#3942 = AXIS2_PLACEMENT_3D ( 'NONE', #217, #3886, #2533 ) ;
#3943 = DIRECTION ( 'NONE',  ( -1.000000000000000000, 0.000000000000000000, 0.000000000000000000 ) ) ;
#3944 = CC_DESIGN_DATE_AND_TIME_ASSIGNMENT ( #2658, #1768, ( #4443 ) ) ;
#3945 = ORIENTED_EDGE ( 'NONE', *, *, #628, .T. ) ;
#3946 = CIRCLE ( 'NONE', #3664, 1.000000000000000888 ) ;
#3947 = CARTESIAN_POINT ( 'NONE',  ( -0.000000000000000000, 6.671593519580833131, -33.90089403009967839 ) ) ;
#3948 = CARTESIAN_POINT ( 'NONE',  ( 33.65501903355389857, 6.053350933193832439, -1.829886125206337644 ) ) ;
#3949 = CARTESIAN_POINT ( 'NONE',  ( 31.00000000000000000, 6.000000000000000000, -12.04999999999999893 ) ) ;
#3950 = LINE ( 'NONE', #373, #391 ) ;
#3951 = CIRCLE ( 'NONE', #4410, 4.000000000000000000 ) ;
#3952 = CARTESIAN_POINT ( 'NONE',  ( 16.57721385618795296, 6.022133441266575460, -38.10974974193108267 ) ) ;
#3953 = CARTESIAN_POINT ( 'NONE',  ( 0.000000000000000000, 4.013510342196829228, -1.834119437526320562 ) ) ;
#3954 = DIRECTION ( 'NONE',  ( 4.309871990004489798E-16, -0.000000000000000000, 1.000000000000000000 ) ) ;
#3955 = APPROVAL_ROLE ( '' ) ;
#3956 = AXIS2_PLACEMENT_3D ( 'NONE', #1074, #1099, #1600 ) ;
#3957 = CARTESIAN_POINT ( 'NONE',  ( 13.63736231139921173, 7.121542885370052645, -3.936794587200925566 ) ) ;
#3958 = CARTESIAN_POINT ( 'NONE',  ( 35.73317689503215178, 7.070618444093415000, -34.69344815384157243 ) ) ;
#3959 = CARTESIAN_POINT ( 'NONE',  ( -1.866369731874422773E-14, 3.944245718477957574, -1.680550876602244781 ) ) ;
#3960 = DIRECTION ( 'NONE',  ( -0.000000000000000000, -1.000000000000000000, -0.000000000000000000 ) ) ;
#3961 = CARTESIAN_POINT ( 'NONE',  ( 25.00000000000000000, 15.00000000000000178, -40.00000000000000000 ) ) ;
#3962 = VERTEX_POINT ( 'NONE', #3212 ) ;
#3963 = CARTESIAN_POINT ( 'NONE',  ( 46.05000000000000426, 31.00000000000000000, 0.000000000000000000 ) ) ;
#3964 = FACE_OUTER_BOUND ( 'NONE', #3381, .T. ) ;
#3965 = DIRECTION ( 'NONE',  ( -0.000000000000000000, -1.000000000000000000, -0.000000000000000000 ) ) ;
#3966 = CARTESIAN_POINT ( 'NONE',  ( 49.69714462127902976, 5.462201231865783768, -2.294220076168497879 ) ) ;
#3967 = CARTESIAN_POINT ( 'NONE',  ( 36.96478115192333291, 9.403366811991219265, -31.50153577105796998 ) ) ;
#3968 = EDGE_CURVE ( 'NONE', #5609, #73, #1519, .T. ) ;
#3969 = ORIENTED_EDGE ( 'NONE', *, *, #118, .F. ) ;
#3970 = EDGE_LOOP ( 'NONE', ( #5322, #2974, #4804, #3022, #3881 ) ) ;
#3971 = ORIENTED_EDGE ( 'NONE', *, *, #534, .T. ) ;
#3972 = ORIENTED_EDGE ( 'NONE', *, *, #2806, .F. ) ;
#3973 = CARTESIAN_POINT ( 'NONE',  ( 34.55462780819389934, 6.310840523656089829, -11.85726008058589365 ) ) ;
#3974 = CARTESIAN_POINT ( 'NONE',  ( 15.92084997732963814, 6.146419612286455170, -37.36058896767409720 ) ) ;
#3975 = CARTESIAN_POINT ( 'NONE',  ( 36.97236811314368055, 9.467343280503289549, -7.537572664170650860 ) ) ;
#3976 = AXIS2_PLACEMENT_3D ( 'NONE', #417, #5362, #4976 ) ;
#3977 = EDGE_CURVE ( 'NONE', #4527, #326, #4956, .T. ) ;
#3978 = EDGE_CURVE ( 'NONE', #3440, #4539, #2134, .T. ) ;
#3979 = AXIS2_PLACEMENT_3D ( 'NONE', #1041, #5460, #2858 ) ;
#3980 = EDGE_CURVE ( 'NONE', #4721, #2738, #3391, .T. ) ;
#3981 = DIRECTION ( 'NONE',  ( 0.000000000000000000, 1.000000000000000000, 0.000000000000000000 ) ) ;
#3982 = B_SPLINE_CURVE_WITH_KNOTS ( 'NONE', 3,
 ( #4057, #4910, #40, #4085, #1371, #4461, #3556, #3171 ),
 .UNSPECIFIED., .F., .F.,
 ( 4, 2, 2, 4 ),
 ( 0.000000000000000000, 0.001537310876430814707, 0.002305966314646212736, 0.003074621752861610331 ),
 .UNSPECIFIED. ) ;
#3983 = CARTESIAN_POINT ( 'NONE',  ( 18.99999999999938183, 5.189291564825459169, -5.999999999998886224 ) ) ;
#3984 = EDGE_CURVE ( 'NONE', #3730, #1169, #5516, .T. ) ;
#3985 = DIRECTION ( 'NONE',  ( -1.000000000000000000, 0.000000000000000000, -4.003208021484940018E-16 ) ) ;
#3986 = DATE_TIME_ROLE ( 'classification_date' ) ;
#3987 = ORIENTED_EDGE ( 'NONE', *, *, #5226, .T. ) ;
#3988 = EDGE_CURVE ( 'NONE', #2027, #2636, #5530, .T. ) ;
#3989 = VECTOR ( 'NONE', #5584, 1000.000000000000000 ) ;
#3990 = CARTESIAN_POINT ( 'NONE',  ( 0.000000000000000000, 12.16024498450678060, -29.96073652190697700 ) ) ;
#3991 = CARTESIAN_POINT ( 'NONE',  ( 13.03687549854821093, 9.215344639469895682, -6.215650128717673972 ) ) ;
#3992 = CARTESIAN_POINT ( 'NONE',  ( 36.57565944087175325, 8.189481313131411255, -32.84603179910860149 ) ) ;
#3993 = PLANE ( 'NONE',  #2194 ) ;
#3994 = VERTEX_POINT ( 'NONE', #5102 ) ;
#3995 = CARTESIAN_POINT ( 'NONE',  ( 11.99999999999999645, 30.00000000000000000, -29.38065218904154818 ) ) ;
#3996 = CARTESIAN_POINT ( 'NONE',  ( 16.92828424971179047, 5.974660002377214063, -38.32138772456218589 ) ) ;
#3997 = ORIENTED_EDGE ( 'NONE', *, *, #2577, .T. ) ;
#3998 = FACE_OUTER_BOUND ( 'NONE', #1211, .T. ) ;
#3999 = ORIENTED_EDGE ( 'NONE', *, *, #140, .F. ) ;
#4000 = DIRECTION ( 'NONE',  ( -1.000000000000000000, 0.000000000000000000, 0.000000000000000000 ) ) ;
#4001 = CARTESIAN_POINT ( 'NONE',  ( 49.00000000000000000, 15.39738221800560147, -8.380652189041544631 ) ) ;
#4002 = CARTESIAN_POINT ( 'NONE',  ( 50.00000000000000000, 10.01653314226382108, -6.960755229640473551 ) ) ;
#4003 = SPHERICAL_SURFACE ( 'NONE', #2380, 1.000000000000000000 ) ;
#4004 = ADVANCED_BREP_SHAPE_REPRESENTATION ( 'Y axis plate nut mount', ( #3687, #4353 ), #1453 ) ;
#4005 = ORIENTED_EDGE ( 'NONE', *, *, #2676, .T. ) ;
#4006 = DIRECTION ( 'NONE',  ( 0.000000000000000000, -0.000000000000000000, -1.000000000000000000 ) ) ;
#4007 = ORIENTED_EDGE ( 'NONE', *, *, #718, .F. ) ;
#4008 = ORIENTED_EDGE ( 'NONE', *, *, #1900, .T. ) ;
#4009 = CARTESIAN_POINT ( 'NONE',  ( -0.000000000000000000, 14.40735164109091215, -29.43929193201381622 ) ) ;
#4010 = CARTESIAN_POINT ( 'NONE',  ( 15.40686759517073945, 6.322946008744741775, -2.888444152347928284 ) ) ;
#4011 = CARTESIAN_POINT ( 'NONE',  ( 35.85153103148056175, 7.186213795429987172, -4.773094161185962747 ) ) ;
#4012 = VERTEX_POINT ( 'NONE', #4259 ) ;
#4013 = CARTESIAN_POINT ( 'NONE',  ( 16.99999999999999645, 5.960247257326455106, -38.39677536484025921 ) ) ;
#4014 = FACE_OUTER_BOUND ( 'NONE', #4426, .T. ) ;
#4015 = DIRECTION ( 'NONE',  ( -0.000000000000000000, -0.000000000000000000, 1.000000000000000000 ) ) ;
#4016 = DIRECTION ( 'NONE',  ( 0.000000000000000000, 0.000000000000000000, 1.000000000000000000 ) ) ;
#4017 = CARTESIAN_POINT ( 'NONE',  ( 0.000000000000000000, 15.71889479237746379, -30.38065218904155174 ) ) ;
#4018 = CARTESIAN_POINT ( 'NONE',  ( 13.71052968844836428, 7.681588689488537902, -5.586606619768387461 ) ) ;
#4019 = CARTESIAN_POINT ( 'NONE',  ( 49.36421401690829924, 6.860479530898196288, -35.24821257317908163 ) ) ;
#4020 = CARTESIAN_POINT ( 'NONE',  ( 0.000000000000000000, 3.815047939974429259, -1.891446856046083091 ) ) ;
#4021 = PLANE ( 'NONE',  #2269 ) ;
#4022 = EDGE_CURVE ( 'NONE', #2904, #3115, #4072, .T. ) ;
#4023 = VECTOR ( 'NONE', #315, 1000.000000000000000 ) ;
#4024 = ORIENTED_EDGE ( 'NONE', *, *, #5139, .T. ) ;
#4025 = CARTESIAN_POINT ( 'NONE',  ( 31.00000000000000000, 3.000000000000000000, -30.00000000000000355 ) ) ;
#4026 = ORIENTED_EDGE ( 'NONE', *, *, #4596, .F. ) ;
#4027 = CARTESIAN_POINT ( 'NONE',  ( 33.15699842400015740, 5.972371097910706084, -38.33687818532884251 ) ) ;
#4028 = FACE_OUTER_BOUND ( 'NONE', #4120, .T. ) ;
#4029 = CARTESIAN_POINT ( 'NONE',  ( 50.00000000000000000, 15.39738221800560147, -9.380652189041546407 ) ) ;
#4030 = DIRECTION ( 'NONE',  ( 0.000000000000000000, 1.000000000000000000, 0.000000000000000000 ) ) ;
#4031 = ORIENTED_EDGE ( 'NONE', *, *, #4696, .T. ) ;
#4032 = VECTOR ( 'NONE', #1706, 1000.000000000000000 ) ;
#4033 = TOROIDAL_SURFACE ( 'NONE', #3475, 6.000000000000000000, 4.000000000000000000 ) ;
#4034 = ORIENTED_EDGE ( 'NONE', *, *, #4099, .T. ) ;
#4035 = ORIENTED_EDGE ( 'NONE', *, *, #4596, .T. ) ;
#4036 = EDGE_LOOP ( 'NONE', ( #2896, #2296, #2728, #1757, #2820, #5073 ) ) ;
#4037 = CARTESIAN_POINT ( 'NONE',  ( 0.000000000000000000, 13.12725548301899003, -29.68247302501661977 ) ) ;
#4038 = CARTESIAN_POINT ( 'NONE',  ( 13.02969616047436396, 9.449479758927790130, -7.523028227603193230 ) ) ;
#4039 = CARTESIAN_POINT ( 'NONE',  ( 34.09058883921327521, 6.046319834356273404, -1.809706910913829736 ) ) ;
#4040 = AXIS2_PLACEMENT_3D ( 'NONE', #1493, #3293, #1051 ) ;
#4041 = EDGE_LOOP ( 'NONE', ( #1829, #1476, #3790, #3448 ) ) ;
#4042 = CARTESIAN_POINT ( 'NONE',  ( 12.00000000000000000, 15.44116783476714261, -9.380652189041546407 ) ) ;
#4043 = EDGE_CURVE ( 'NONE', #2772, #1721, #1807, .T. ) ;
#4044 = VECTOR ( 'NONE', #1924, 1000.000000000000000 ) ;
#4045 = CARTESIAN_POINT ( 'NONE',  ( 31.00000000000000000, 3.000000000000000000, -30.00000000000000355 ) ) ;
#4046 = CARTESIAN_POINT ( 'NONE',  ( 49.44511537331493400, 6.485845032618359873, -35.78928093412095279 ) ) ;
#4047 = APPROVAL_STATUS ( 'not_yet_approved' ) ;
#4048 = CIRCLE ( 'NONE', #853, 2.000000000000000444 ) ;
#4049 = CARTESIAN_POINT ( 'NONE',  ( 0.000000000000000000, 5.549333407141052277, -35.61635383485648987 ) ) ;
#4050 = CARTESIAN_POINT ( 'NONE',  ( 12.99999999999999822, 10.00000000000000178, -7.940657031817276668 ) ) ;
#4051 = CARTESIAN_POINT ( 'NONE',  ( 15.02539310119855820, 6.521361243933805341, -10.45000000000001172 ) ) ;
#4052 = CARTESIAN_POINT ( 'NONE',  ( 0.000000000000000000, 3.849653321503895054, -1.873898621859942715 ) ) ;
#4053 = DIRECTION ( 'NONE',  ( 0.000000000000000000, -1.000000000000000000, 0.000000000000000000 ) ) ;
#4054 = DIRECTION ( 'NONE',  ( 1.000000000000000000, 0.000000000000000000, 0.000000000000000000 ) ) ;
#4055 = VECTOR ( 'NONE', #2576, 1000.000000000000000 ) ;
#4056 = VERTEX_POINT ( 'NONE', #649 ) ;
#4057 = CARTESIAN_POINT ( 'NONE',  ( 33.09890349094098383, 6.000000000000000000, -13.40508504089336839 ) ) ;
#4058 = ORIENTED_EDGE ( 'NONE', *, *, #3828, .T. ) ;
#4059 = CARTESIAN_POINT ( 'NONE',  ( 25.00000000000000000, 15.00000000000000178, 32.52691193458118590 ) ) ;
#4060 = CARTESIAN_POINT ( 'NONE',  ( 2.000000000000000000, 6.000000000000000000, -38.00000000000000000 ) ) ;
#4061 = CARTESIAN_POINT ( 'NONE',  ( 49.31030180518354911, 7.087183222209271882, -4.276705857567068669 ) ) ;
#4062 = CARTESIAN_POINT ( 'NONE',  ( 15.03183213078683522, 6.517629917920601201, -9.693422658878326104 ) ) ;
#4063 = EDGE_CURVE ( 'NONE', #1203, #5334, #4652, .T. ) ;
#4064 = ORIENTED_EDGE ( 'NONE', *, *, #5121, .T. ) ;
#4065 = CARTESIAN_POINT ( 'NONE',  ( 49.92708340971448422, 4.428893122814602457, -1.586257346715248984 ) ) ;
#4066 = CARTESIAN_POINT ( 'NONE',  ( 34.29581752174964038, 6.131511620626510783, -37.68199160874045361 ) ) ;
#4067 = CARTESIAN_POINT ( 'NONE',  ( 15.86801552977603436, 6.161231248137758243, -2.401056393444927828 ) ) ;
#4068 = LINE ( 'NONE', #3949, #4032 ) ;
#4069 =( BOUNDED_SURFACE ( )  B_SPLINE_SURFACE ( 3, 2, ( 
 ( #5449, #1409, #854 ),
 ( #5009, #3176, #4062 ),
 ( #3207, #4430, #971 ),
 ( #2760, #4978, #2644 ),
 ( #419, #3119, #97 ),
 ( #2235, #2211, #3676 ) ),
 .UNSPECIFIED., .F., .F., .T. ) 
 B_SPLINE_SURFACE_WITH_KNOTS ( ( 4, 2, 4 ),
 ( 3, 3 ),
 ( 0.007457838894736205752, 0.007912847785382622415, 0.008367856676029039945 ),
 ( 0.000000000000000000, 0.6679744504774700609 ),
 .UNSPECIFIED. ) 
 GEOMETRIC_REPRESENTATION_ITEM ( )  RATIONAL_B_SPLINE_SURFACE ( (
 ( 1.000000000000000000, 0.8043548131145061841, 0.8700815986258116919),
 ( 1.000000000000000000, 0.8062625964902245812, 0.8713484642731974539),
 ( 1.000000000000000000, 0.8072977738871468523, 0.8720358749613301708),
 ( 1.000000000000000000, 0.8072976321891621732, 0.8720357808666276966),
 ( 1.000000000000000000, 0.8062624675132463725, 0.8713483786258933161),
 ( 1.000000000000000000, 0.8043548131145061841, 0.8700815986258116919) ) ) 
 REPRESENTATION_ITEM ( '' )  SURFACE ( )  );
#4070 = ORIENTED_EDGE ( 'NONE', *, *, #4659, .F. ) ;
#4071 = CARTESIAN_POINT ( 'NONE',  ( 18.20896322649587518, 5.716270611575459348, -33.92588307273933168 ) ) ;
#4072 = CIRCLE ( 'NONE', #5020, 4.000000000000007105 ) ;
#4073 = DIRECTION ( 'NONE',  ( 0.000000000000000000, 0.000000000000000000, -1.000000000000000000 ) ) ;
#4074 = CARTESIAN_POINT ( 'NONE',  ( 49.48635230012008890, 6.310364020330470503, -36.04947186599189735 ) ) ;
#4075 = CIRCLE ( 'NONE', #5024, 2.050000000000006484 ) ;
#4076 = ADVANCED_FACE ( 'NONE', ( #338 ), #3910, .F. ) ;
#4077 = CARTESIAN_POINT ( 'NONE',  ( 0.6638305317088154522, 7.023135148134948658, -35.02388261690313698 ) ) ;
#4078 = FACE_OUTER_BOUND ( 'NONE', #3780, .T. ) ;
#4079 = FACE_OUTER_BOUND ( 'NONE', #983, .T. ) ;
#4080 = TOROIDAL_SURFACE ( 'NONE', #2764, 11.00000000000000000, 1.000000000000000000 ) ;
#4081 = CARTESIAN_POINT ( 'NONE',  ( 29.80958004100511971, 4.550891323046710291, -33.82707243733025138 ) ) ;
#4082 = DIRECTION ( 'NONE',  ( -0.000000000000000000, -1.000000000000000000, -0.000000000000000000 ) ) ;
#4083 = EDGE_CURVE ( 'NONE', #1919, #4499, #319, .T. ) ;
#4084 = ORIENTED_EDGE ( 'NONE', *, *, #4404, .T. ) ;
#4085 = CARTESIAN_POINT ( 'NONE',  ( 34.73938132129638490, 5.999999999999999112, -14.13052071931359777 ) ) ;
#4086 = ORIENTED_EDGE ( 'NONE', *, *, #366, .F. ) ;
#4087 = CARTESIAN_POINT ( 'NONE',  ( 48.00000000000000000, 6.000000000000000000, -40.00000000000000000 ) ) ;
#4088 = DIRECTION ( 'NONE',  ( 0.000000000000000000, 0.000000000000000000, 1.000000000000000000 ) ) ;
#4089 = EDGE_CURVE ( 'NONE', #3853, #4759, #2287, .T. ) ;
#4090 = CARTESIAN_POINT ( 'NONE',  ( 38.00000000000000000, 10.00000000000000178, -13.35565218904154605 ) ) ;
#4091 = CARTESIAN_POINT ( 'NONE',  ( 50.00000000000000711, 4.645982702326705294, -2.368178765116138784 ) ) ;
#4092 = EDGE_CURVE ( 'NONE', #3538, #102, #4778, .T. ) ;
#4093 = ORIENTED_EDGE ( 'NONE', *, *, #2478, .F. ) ;
#4094 = CARTESIAN_POINT ( 'NONE',  ( 38.00000000000000711, 31.00000000000000000, -13.35565218904154605 ) ) ;
#4095 = EDGE_CURVE ( 'NONE', #4432, #3994, #1529, .T. ) ;
#4096 = CARTESIAN_POINT ( 'NONE',  ( 31.97863828377086293, 5.856605234020059392, -33.88300696935968404 ) ) ;
#4097 = DIRECTION ( 'NONE',  ( 1.000000000000000000, 0.000000000000000000, 0.000000000000000000 ) ) ;
#4098 = CARTESIAN_POINT ( 'NONE',  ( 37.00000000000000711, 30.00000000000000000, -13.35565218904154605 ) ) ;
#4099 = EDGE_CURVE ( 'NONE', #2382, #4721, #2532, .T. ) ;
#4100 = ORIENTED_EDGE ( 'NONE', *, *, #3521, .F. ) ;
#4101 = EDGE_CURVE ( 'NONE', #858, #2347, #3103, .T. ) ;
#4102 = CARTESIAN_POINT ( 'NONE',  ( 13.79225817584544878, 7.567312441169697479, -33.74080990164958394 ) ) ;
#4103 = CARTESIAN_POINT ( 'NONE',  ( 35.17963955159618905, 6.638910813602227456, -3.682507028555997319 ) ) ;
#4104 = CARTESIAN_POINT ( 'NONE',  ( 50.00000000000000000, 6.063388529769955682, -35.90280809411464702 ) ) ;
#4105 = CARTESIAN_POINT ( 'NONE',  ( 18.05323884363837550, 5.834664278381837654, -1.178406826890875614 ) ) ;
#4106 = CARTESIAN_POINT ( 'NONE',  ( 49.02663201071499799, 13.27089031198149094, -30.67652896242071492 ) ) ;
#4107 = CARTESIAN_POINT ( 'NONE',  ( 12.04189835490681482, 9.859542862564637744, -32.29877565708797960 ) ) ;
#4108 = CARTESIAN_POINT ( 'NONE',  ( 12.99999999999999822, 10.00000000000000000, -10.29999996382820626 ) ) ;
#4109 = CARTESIAN_POINT ( 'NONE',  ( 34.97460689880144002, 6.521361243933806229, -29.54999999999997584 ) ) ;
#4110 = ORIENTED_EDGE ( 'NONE', *, *, #2642, .T. ) ;
#4111 = DIRECTION ( 'NONE',  ( 1.000000000000000000, -0.000000000000000000, -4.309871990004489305E-16 ) ) ;
#4112 = ORIENTED_EDGE ( 'NONE', *, *, #2997, .T. ) ;
#4113 = DIRECTION ( 'NONE',  ( 0.000000000000000000, 0.000000000000000000, 1.000000000000000000 ) ) ;
#4114 = CARTESIAN_POINT ( 'NONE',  ( -9.441167834767140832, 4.000000000000000000, 1.619347810958458700 ) ) ;
#4115 = EDGE_CURVE ( 'NONE', #3244, #2636, #309, .T. ) ;
#4116 = CARTESIAN_POINT ( 'NONE',  ( 50.00000000000000711, 4.423709582157586695, -1.785866718533319908 ) ) ;
#4117 = CARTESIAN_POINT ( 'NONE',  ( 50.00000000000000000, 15.39738221800560147, -9.380652189041546407 ) ) ;
#4118 = VECTOR ( 'NONE', #5471, 1000.000000000000000 ) ;
#4119 = EDGE_LOOP ( 'NONE', ( #564, #3590, #4469, #4093 ) ) ;
#4120 = EDGE_LOOP ( 'NONE', ( #2388, #5453, #4462, #1758 ) ) ;
#4121 = DIRECTION ( 'NONE',  ( -1.000000000000000000, 0.000000000000000000, 4.003208021484940018E-16 ) ) ;
#4122 = CIRCLE ( 'NONE', #2610, 2.049999999999999822 ) ;
#4123 = CARTESIAN_POINT ( 'NONE',  ( 4.949999999999997513, 6.000000000000000000, -24.40565218904154676 ) ) ;
#4124 = CARTESIAN_POINT ( 'NONE',  ( 14.64508935918796695, 6.759596319829908495, -3.949236200443620781 ) ) ;
#4125 = DIRECTION ( 'NONE',  ( 1.000000000000000000, -0.000000000000000000, -4.309871990004489798E-16 ) ) ;
#4126 = ORIENTED_EDGE ( 'NONE', *, *, #3507, .F. ) ;
#4127 = AXIS2_PLACEMENT_3D ( 'NONE', #2490, #2052, #2519 ) ;
#4128 = VECTOR ( 'NONE', #1528, 1000.000000000000000 ) ;
#4129 = DIRECTION ( 'NONE',  ( 1.000000000000000000, 0.000000000000000000, 0.000000000000000000 ) ) ;
#4130 = VERTEX_POINT ( 'NONE', #4372 ) ;
#4131 = EDGE_CURVE ( 'NONE', #5334, #3178, #227, .T. ) ;
#4132 = DIRECTION ( 'NONE',  ( 0.000000000000000000, -0.000000000000000000, 1.000000000000000000 ) ) ;
#4133 = CARTESIAN_POINT ( 'NONE',  ( 50.00000000000000000, 4.853836305650813365, -36.93537978108447106 ) ) ;
#4134 = EDGE_CURVE ( 'NONE', #5687, #2027, #4396, .T. ) ;
#4135 = CARTESIAN_POINT ( 'NONE',  ( 0.000000000000000000, 4.078568582613876892, -38.09176912150901728 ) ) ;
#4136 = CARTESIAN_POINT ( 'NONE',  ( 12.99999999999999822, 31.00000000000000000, -29.38065218904154818 ) ) ;
#4137 = CARTESIAN_POINT ( 'NONE',  ( 12.99999999999999822, 10.00000000000000178, -29.54999999999997584 ) ) ;
#4138 = DIRECTION ( 'NONE',  ( 0.000000000000000000, 0.000000000000000000, -1.000000000000000000 ) ) ;
#4139 = CARTESIAN_POINT ( 'NONE',  ( 16.82293812991438742, 6.003920784798959076, -13.35565218904155138 ) ) ;
#4140 = ORIENTED_EDGE ( 'NONE', *, *, #4403, .T. ) ;
#4141 = VERTEX_POINT ( 'NONE', #2937 ) ;
#4142 = CARTESIAN_POINT ( 'NONE',  ( 12.99999999999999822, 15.76148354395871820, -29.38065218904154818 ) ) ;
#4143 = CYLINDRICAL_SURFACE ( 'NONE', #1061, 1.000000000000000888 ) ;
#4144 = CARTESIAN_POINT ( 'NONE',  ( 49.94907115314773449, 4.155154805451734212, -1.527806608251923715 ) ) ;
#4145 = CARTESIAN_POINT ( 'NONE',  ( 31.97799707956081150, 5.856095198067592378, -26.11679893095936222 ) ) ;
#4146 = CIRCLE ( 'NONE', #5095, 2.049999999999999822 ) ;
#4147 = ORIENTED_EDGE ( 'NONE', *, *, #5542, .T. ) ;
#4148 = PERSON ( 'UNSPECIFIED', 'UNSPECIFIED', 'UNSPECIFIED', ('UNSPECIFIED'), ('UNSPECIFIED'), ('UNSPECIFIED') ) ;
#4149 = FACE_OUTER_BOUND ( 'NONE', #3811, .T. ) ;
#4150 = EDGE_CURVE ( 'NONE', #1874, #266, #415, .T. ) ;
#4151 = CARTESIAN_POINT ( 'NONE',  ( 33.00000000000000000, 5.960247257326453330, -38.39677536484025921 ) ) ;
#4152 = CARTESIAN_POINT ( 'NONE',  ( 50.00000000000000000, 12.49564522504604724, -29.85357949438113678 ) ) ;
#4153 = DIRECTION ( 'NONE',  ( 1.000000000000000000, 0.000000000000000000, 0.000000000000000000 ) ) ;
#4154 = ORIENTED_EDGE ( 'NONE', *, *, #2174, .T. ) ;
#4155 = CARTESIAN_POINT ( 'NONE',  ( 12.95411180221308989, 9.970569041272382194, -32.21982072032037081 ) ) ;
#4156 = DIRECTION ( 'NONE',  ( -1.000000000000000000, 0.000000000000000000, 0.000000000000000000 ) ) ;
#4157 = DIRECTION ( 'NONE',  ( 1.000000000000000000, -0.000000000000000000, -0.000000000000000000 ) ) ;
#4158 = CARTESIAN_POINT ( 'NONE',  ( 50.00000000000000711, 9.255656811156047326, -32.53235572296151901 ) ) ;
#4159 = EDGE_CURVE ( 'NONE', #961, #1007, #3513, .T. ) ;
#4160 = AXIS2_PLACEMENT_3D ( 'NONE', #177, #5501, #3756 ) ;
#4161 = CARTESIAN_POINT ( 'NONE',  ( 0.000000000000000000, 3.996914461045941724, -38.10629304499996550 ) ) ;
#4162 = EDGE_CURVE ( 'NONE', #3005, #5713, #2233, .T. ) ;
#4163 = CARTESIAN_POINT ( 'NONE',  ( 15.05125527166821620, 6.506807479711560482, -30.45000000000002771 ) ) ;
#4164 = LINE ( 'NONE', #5519, #115 ) ;
#4165 = CARTESIAN_POINT ( 'NONE',  ( 16.90109650905902328, 6.000000000000000000, -13.40508504089337016 ) ) ;
#4166 = VECTOR ( 'NONE', #5206, 1000.000000000000000 ) ;
#4167 = ORIENTED_EDGE ( 'NONE', *, *, #4757, .T. ) ;
#4168 = VERTEX_POINT ( 'NONE', #1815 ) ;
#4169 = VECTOR ( 'NONE', #1633, 1000.000000000000000 ) ;
#4170 = CYLINDRICAL_SURFACE ( 'NONE', #3742, 1.000000000000000888 ) ;
#4171 = CARTESIAN_POINT ( 'NONE',  ( 18.99999999999999645, 5.189291564825709635, -14.00000000000000178 ) ) ;
#4172 = DIRECTION ( 'NONE',  ( 0.000000000000000000, 0.000000000000000000, 1.000000000000000000 ) ) ;
#4173 = DIRECTION ( 'NONE',  ( 0.000000000000000000, -0.5237712312689735139, 0.8518589656128433552 ) ) ;
#4174 = ORIENTED_EDGE ( 'NONE', *, *, #3104, .F. ) ;
#4175 = CARTESIAN_POINT ( 'NONE',  ( 49.29002675481524420, 7.237330893442597279, -4.458691906687805684 ) ) ;
#4176 = DIRECTION ( 'NONE',  ( 1.000000000000000000, 0.000000000000000000, 0.000000000000000000 ) ) ;
#4177 = CARTESIAN_POINT ( 'NONE',  ( 0.9750070237131581719, 13.10681467065781725, -8.134674101099916399 ) ) ;
#4178 = CYLINDRICAL_SURFACE ( 'NONE', #4307, 2.000000000000001776 ) ;
#4179 = EDGE_LOOP ( 'NONE', ( #2353, #667, #843, #4490 ) ) ;
#4180 = CARTESIAN_POINT ( 'NONE',  ( 12.99719289904242459, 9.423150541091786181, -32.63661730523894278 ) ) ;
#4181 = CARTESIAN_POINT ( 'NONE',  ( 37.96356191678367509, 9.873615355963803353, -6.694944817429817618 ) ) ;
#4182 = CARTESIAN_POINT ( 'NONE',  ( 33.58444884599447988, 6.042927907351734795, -1.999999999999999556 ) ) ;
#4183 = CARTESIAN_POINT ( 'NONE',  ( 50.00000000000000711, 3.666552382792384268, -38.10427915759023421 ) ) ;
#4184 = CARTESIAN_POINT ( 'NONE',  ( 0.000000000000000000, 4.374512586841730055, -37.80622870659170331 ) ) ;
#4185 = CARTESIAN_POINT ( 'NONE',  ( 12.99999999999999645, 7.651139741363190083, -29.54999999999997939 ) ) ;
#4186 = CARTESIAN_POINT ( 'NONE',  ( -7.841124167975343461E-15, 30.00000000000000000, -29.38065218904153753 ) ) ;
#4187 = CARTESIAN_POINT ( 'NONE',  ( 48.00000000000000000, 4.000000000000000000, -40.00000000000000000 ) ) ;
#4188 = PRODUCT_RELATED_PRODUCT_CATEGORY ( 'detail', '', ( #2275 ) ) ;
#4189 = VERTEX_POINT ( 'NONE', #3205 ) ;
#4190 = ORIENTED_EDGE ( 'NONE', *, *, #3516, .T. ) ;
#4191 = CARTESIAN_POINT ( 'NONE',  ( 18.99999999999999645, 3.000000000000000000, -12.05000000000000249 ) ) ;
#4192 = CARTESIAN_POINT ( 'NONE',  ( 0.05436082429987399572, 3.838656390135933183, -1.536871294367391672 ) ) ;
#4193 = CARTESIAN_POINT ( 'NONE',  ( 0.4644136477661985896, 6.118845041304898480, -36.33427042508402849 ) ) ;
#4194 = DIRECTION ( 'NONE',  ( 0.9164129318307715488, 0.08661983608300466431, 0.3907484387304488993 ) ) ;
#4195 = ORIENTED_EDGE ( 'NONE', *, *, #3821, .T. ) ;
#4196 = CARTESIAN_POINT ( 'NONE',  ( 49.00000000000000000, 15.39738221800560147, -8.380652189041544631 ) ) ;
#4197 = DIRECTION ( 'NONE',  ( -4.309871990004494235E-16, 0.000000000000000000, -1.000000000000000000 ) ) ;
#4198 = DIRECTION ( 'NONE',  ( 1.000000000000000000, 0.000000000000000000, 0.000000000000000000 ) ) ;
#4199 = CIRCLE ( 'NONE', #3177, 11.00000000000000000 ) ;
#4200 = CARTESIAN_POINT ( 'NONE',  ( 0.9949266942318266693, 14.81426174911445237, -8.380652189041544631 ) ) ;
#4201 = CARTESIAN_POINT ( 'NONE',  ( 11.99999999999999822, 30.00000000000000000, -9.380652189041551736 ) ) ;
#4202 = EDGE_LOOP ( 'NONE', ( #2926, #2373, #5061 ) ) ;
#4203 = B_SPLINE_CURVE_WITH_KNOTS ( 'NONE', 3,
 ( #1055, #3353, #4588, #3326, #2821, #3731 ),
 .UNSPECIFIED., .F., .F.,
 ( 4, 2, 4 ),
 ( 0.01529988831937078610, 0.01600693946403651535, 0.01671399060870224287 ),
 .UNSPECIFIED. ) ;
#4204 = AXIS2_PLACEMENT_3D ( 'NONE', #3355, #3733, #1970 ) ;
#4205 = VERTEX_POINT ( 'NONE', #1348 ) ;
#4206 = CARTESIAN_POINT ( 'NONE',  ( 34.97460689880167450, 6.521361243934024721, -30.44999999999775753 ) ) ;
#4207 = DIRECTION ( 'NONE',  ( -0.000000000000000000, -0.000000000000000000, 1.000000000000000000 ) ) ;
#4208 = VECTOR ( 'NONE', #3764, 1000.000000000000000 ) ;
#4209 = EDGE_CURVE ( 'NONE', #2681, #1035, #597, .T. ) ;
#4210 = LINE ( 'NONE', #2415, #1917 ) ;
#4211 = CARTESIAN_POINT ( 'NONE',  ( 22.11086584944541045, 3.867658558006945579, -27.47084459106921273 ) ) ;
#4212 = VECTOR ( 'NONE', #274, 1000.000000000000000 ) ;
#4213 = CARTESIAN_POINT ( 'NONE',  ( 12.99999999999999822, 10.00000000000000178, -31.01020356730202465 ) ) ;
#4214 = DIRECTION ( 'NONE',  ( 1.000000000000000000, 0.000000000000000000, 0.000000000000000000 ) ) ;
#4215 = CIRCLE ( 'NONE', #4704, 1.000000000000000888 ) ;
#4216 = CARTESIAN_POINT ( 'NONE',  ( 18.99999999999999645, 3.000000000000000000, -14.00000000000000178 ) ) ;
#4217 = ORIENTED_EDGE ( 'NONE', *, *, #3489, .T. ) ;
#4218 = AXIS2_PLACEMENT_3D ( 'NONE', #4562, #4121, #1787 ) ;
#4219 = ORIENTED_EDGE ( 'NONE', *, *, #346, .F. ) ;
#4220 = CARTESIAN_POINT ( 'NONE',  ( 16.99999999999998579, 5.906861305794523176, -1.396775364840257216 ) ) ;
#4221 = CARTESIAN_POINT ( 'NONE',  ( 21.55208989995588453, 4.027179327121904073, -13.09159538454499483 ) ) ;
#4222 = CARTESIAN_POINT ( 'NONE',  ( 0.6882108289645038068, 7.185871272047969605, -34.80189286237565938 ) ) ;
#4223 = LINE ( 'NONE', #2405, #55 ) ;
#4224 = ORIENTED_EDGE ( 'NONE', *, *, #3457, .F. ) ;
#4225 = ORIENTED_EDGE ( 'NONE', *, *, #1569, .F. ) ;
#4226 = CARTESIAN_POINT ( 'NONE',  ( 37.00000000000001421, 7.666045243362363593, -30.30461718403322635 ) ) ;
#4227 = ADVANCED_FACE ( 'NONE', ( #4028 ), #4884, .T. ) ;
#4228 = VECTOR ( 'NONE', #3496, 1000.000000000000000 ) ;
#4229 = ORIENTED_EDGE ( 'NONE', *, *, #4673, .F. ) ;
#4230 = CARTESIAN_POINT ( 'NONE',  ( -5.756115127779229773E-15, 30.00000000000000000, -13.35565218904154428 ) ) ;
#4231 = CARTESIAN_POINT ( 'NONE',  ( 16.99999999999999645, 6.000000000000001776, -26.53589838486225005 ) ) ;
#4232 = CARTESIAN_POINT ( 'NONE',  ( 0.7190819764697169436, 7.306679052209181791, -4.537935341081431595 ) ) ;
#4233 = FACE_OUTER_BOUND ( 'NONE', #4678, .T. ) ;
#4234 = AXIS2_PLACEMENT_3D ( 'NONE', #3581, #4877, #3929 ) ;
#4235 = ORIENTED_EDGE ( 'NONE', *, *, #3010, .T. ) ;
#4236 = DIRECTION ( 'NONE',  ( 0.000000000000000000, 0.000000000000000000, 1.000000000000000000 ) ) ;
#4237 = CARTESIAN_POINT ( 'NONE',  ( 45.05000000000000426, 30.58578643762690774, -24.40565218904155387 ) ) ;
#4238 = DIRECTION ( 'NONE',  ( 0.000000000000000000, 0.000000000000000000, 1.000000000000000000 ) ) ;
#4239 = CARTESIAN_POINT ( 'NONE',  ( 48.00000000000000000, 4.000000000000000000, -40.00000000000000000 ) ) ;
#4240 = CARTESIAN_POINT ( 'NONE',  ( 19.23299776825038521, 5.046795574985639909, -25.99999999999997158 ) ) ;
#4241 = ORIENTED_EDGE ( 'NONE', *, *, #450, .F. ) ;
#4242 = PLANE ( 'NONE',  #3843 ) ;
#4243 = DIRECTION ( 'NONE',  ( 0.000000000000000000, 0.000000000000000000, 1.000000000000000000 ) ) ;
#4244 = DIRECTION ( 'NONE',  ( 1.000000000000000000, 0.000000000000000000, 0.000000000000000000 ) ) ;
#4245 = CARTESIAN_POINT ( 'NONE',  ( 14.26883428908727680, 6.000000000000000888, -24.40565218904154676 ) ) ;
#4246 = ORIENTED_EDGE ( 'NONE', *, *, #4523, .T. ) ;
#4247 = EDGE_LOOP ( 'NONE', ( #448, #1703, #2183, #868, #4614, #2678, #1881, #2677 ) ) ;
#4248 = DIRECTION ( 'NONE',  ( 1.000000000000000000, 0.000000000000000000, -0.000000000000000000 ) ) ;
#4249 = CARTESIAN_POINT ( 'NONE',  ( 0.9894447972487309118, 14.27324926363591651, -8.333365607334750180 ) ) ;
#4250 = CIRCLE ( 'NONE', #4160, 11.76148354395871642 ) ;
#4251 = CARTESIAN_POINT ( 'NONE',  ( 16.78028568100439699, 5.952719311239428102, -1.541737707356118481 ) ) ;
#4252 = CARTESIAN_POINT ( 'NONE',  ( 38.00000000000000711, 10.49465162134131013, -7.071565682473385905 ) ) ;
#4253 = EDGE_CURVE ( 'NONE', #3288, #4581, #4442, .T. ) ;
#4254 = ORIENTED_EDGE ( 'NONE', *, *, #1181, .T. ) ;
#4255 = CARTESIAN_POINT ( 'NONE',  ( 4.949999999999997513, 30.00000000000000000, -24.40565218904154676 ) ) ;
#4256 = CARTESIAN_POINT ( 'NONE',  ( 0.000000000000000000, 30.00000000000000000, -29.38065218904154818 ) ) ;
#4257 = EDGE_CURVE ( 'NONE', #5713, #3875, #4827, .T. ) ;
#4258 = DIRECTION ( 'NONE',  ( -0.000000000000000000, -0.000000000000000000, -1.000000000000000000 ) ) ;
#4259 = CARTESIAN_POINT ( 'NONE',  ( 49.00000000000000000, 15.71889479237746556, -30.38065218904155174 ) ) ;
#4260 = DIRECTION ( 'NONE',  ( 0.000000000000000000, 0.000000000000000000, -1.000000000000000000 ) ) ;
#4261 = CIRCLE ( 'NONE', #3044, 4.000000000000000000 ) ;
#4262 = VERTEX_POINT ( 'NONE', #4001 ) ;
#4263 = CARTESIAN_POINT ( 'NONE',  ( 2.000000000000000000, 4.000000000000000000, -38.00000000000000000 ) ) ;
#4264 = CC_DESIGN_DATE_AND_TIME_ASSIGNMENT ( #2193, #3986, ( #4454 ) ) ;
#4265 = ORIENTED_EDGE ( 'NONE', *, *, #2866, .T. ) ;
#4266 = APPROVAL_PERSON_ORGANIZATION ( #3545, #896, #3070 ) ;
#4267 = DIRECTION ( 'NONE',  ( 1.000000000000000000, 0.000000000000000000, 0.000000000000000000 ) ) ;
#4268 = CARTESIAN_POINT ( 'NONE',  ( 34.37104024890479081, 6.121029653389630454, -2.006249358862232768 ) ) ;
#4269 = CARTESIAN_POINT ( 'NONE',  ( 49.97683141140371532, 3.895694766341573523, -38.30354171194197477 ) ) ;
#4270 = CARTESIAN_POINT ( 'NONE',  ( 18.99999999999999645, 3.000000000000000000, -10.00000000000000178 ) ) ;
#4271 = EDGE_CURVE ( 'NONE', #4980, #5687, #1152, .T. ) ;
#4272 = ORIENTED_EDGE ( 'NONE', *, *, #4670, .F. ) ;
#4273 = FACE_OUTER_BOUND ( 'NONE', #3256, .T. ) ;
#4274 = FACE_OUTER_BOUND ( 'NONE', #11, .T. ) ;
#4275 = CARTESIAN_POINT ( 'NONE',  ( 31.00000000000000000, 5.189291564825706971, -5.999999999999992006 ) ) ;
#4276 = CARTESIAN_POINT ( 'NONE',  ( 16.99999999999999645, 10.00000000000000000, -38.00000000000000000 ) ) ;
#4277 = ORIENTED_EDGE ( 'NONE', *, *, #964, .F. ) ;
#4278 = CARTESIAN_POINT ( 'NONE',  ( 16.09843171082103908, 6.020939975717451098, -1.736866858737276198 ) ) ;
#4279 = CARTESIAN_POINT ( 'NONE',  ( 0.4521865381708213283, 5.982694358468587659, -2.889097648362970450 ) ) ;
#4280 = CARTESIAN_POINT ( 'NONE',  ( 0.8932069395324527816, 9.869087170405183684, -32.22105930751677505 ) ) ;
#4281 = CARTESIAN_POINT ( 'NONE',  ( 48.00000000000000000, 4.000000000000000000, -40.38065218904154818 ) ) ;
#4282 =( BOUNDED_SURFACE ( )  B_SPLINE_SURFACE ( 3, 2, ( 
 ( #1795, #3952, #457 ),
 ( #1301, #1765, #2592 ),
 ( #869, #3599, #3099 ),
 ( #5402, #4013, #3515 ) ),
 .UNSPECIFIED., .F., .F., .F. ) 
 B_SPLINE_SURFACE_WITH_KNOTS ( ( 4, 4 ),
 ( 3, 3 ),
 ( 0.000000000000000000, 0.0005123500606439896797 ),
 ( 0.000000000000000000, 1.000000000000000000 ),
 .UNSPECIFIED. ) 
 GEOMETRIC_REPRESENTATION_ITEM ( )  RATIONAL_B_SPLINE_SURFACE ( (
 ( 1.000000000000000000, 0.9929671491858753640, 1.000000000000000000),
 ( 1.000000000000000000, 0.9975813507369856170, 1.000000000000000000),
 ( 1.000000000000000000, 1.000008664155495719, 1.000000000000000000),
 ( 1.000000000000000000, 1.000000000000000000, 1.000000000000000000) ) ) 
 REPRESENTATION_ITEM ( '' )  SURFACE ( )  );
#4283 = ORIENTED_EDGE ( 'NONE', *, *, #5562, .T. ) ;
#4284 = LINE ( 'NONE', #2064, #5749 ) ;
#4285 = DIRECTION ( 'NONE',  ( -0.000000000000000000, -1.000000000000000000, -0.000000000000000000 ) ) ;
#4286 = LINE ( 'NONE', #5660, #4208 ) ;
#4287 = DIRECTION ( 'NONE',  ( 4.003208021484940018E-16, -0.000000000000000000, 1.000000000000000000 ) ) ;
#4288 = DIRECTION ( 'NONE',  ( 0.000000000000000000, 1.000000000000000000, 0.000000000000000000 ) ) ;
#4289 = ORIENTED_EDGE ( 'NONE', *, *, #3121, .T. ) ;
#4290 = DIRECTION ( 'NONE',  ( 0.000000000000000000, 0.000000000000000000, -1.000000000000000000 ) ) ;
#4291 = ORIENTED_EDGE ( 'NONE', *, *, #3828, .F. ) ;
#4292 = FACE_OUTER_BOUND ( 'NONE', #3405, .T. ) ;
#4293 = DIRECTION ( 'NONE',  ( 1.000000000000000000, 0.000000000000000000, 4.003208021484940018E-16 ) ) ;
#4294 = DIRECTION ( 'NONE',  ( -0.3902751658169385518, 0.000000000000000000, -0.9206982648764802102 ) ) ;
#4295 = CARTESIAN_POINT ( 'NONE',  ( 33.69073851145324738, 6.057766436510718222, -37.78084444987531043 ) ) ;
#4296 = CARTESIAN_POINT ( 'NONE',  ( 4.949999999999999289, 3.000000000000000000, -14.35565218904154960 ) ) ;
#4297 = AXIS2_PLACEMENT_3D ( 'NONE', #1148, #3335, #5135 ) ;
#4298 = AXIS2_PLACEMENT_3D ( 'NONE', #1554, #2935, #2000 ) ;
#4299 = ORIENTED_EDGE ( 'NONE', *, *, #1101, .F. ) ;
#4300 = ADVANCED_FACE ( 'NONE', ( #3587 ), #3641, .T. ) ;
#4301 = CARTESIAN_POINT ( 'NONE',  ( 21.64589803375031352, 4.000000000000000000, 0.000000000000000000 ) ) ;
#4302 = CARTESIAN_POINT ( 'NONE',  ( 33.00000000000000000, 6.000000000000000000, -1.999999999999999556 ) ) ;
#4303 = LINE ( 'NONE', #5085, #1684 ) ;
#4304 = CARTESIAN_POINT ( 'NONE',  ( 14.00000000000000000, 6.000000000000000000, -24.40565218904154676 ) ) ;
#4305 = EDGE_LOOP ( 'NONE', ( #661, #2668, #1027, #2041 ) ) ;
#4306 = ORIENTED_EDGE ( 'NONE', *, *, #641, .T. ) ;
#4307 = AXIS2_PLACEMENT_3D ( 'NONE', #161, #1973, #5456 ) ;
#4308 = CARTESIAN_POINT ( 'NONE',  ( 16.80630804108213283, 5.969395821574337901, -1.594454042843102659 ) ) ;
#4309 = CIRCLE ( 'NONE', #747, 1.000000000000000444 ) ;
#4310 = CARTESIAN_POINT ( 'NONE',  ( 0.000000000000000000, 5.615696565883610880, -3.858638402831067626 ) ) ;
#4311 = CARTESIAN_POINT ( 'NONE',  ( 0.9420020678023777183, 11.47930601939560802, -31.28805903255238263 ) ) ;
#4312 = CARTESIAN_POINT ( 'NONE',  ( 34.17232112612760631, 6.174263641834261129, -7.558611664066823721 ) ) ;
#4313 = ORIENTED_EDGE ( 'NONE', *, *, #3491, .T. ) ;
#4314 = CARTESIAN_POINT ( 'NONE',  ( 33.00000000000000000, 4.000000000000000000, -38.00000000000000000 ) ) ;
#4315 = VECTOR ( 'NONE', #2133, 1000.000000000000000 ) ;
#4316 = LINE ( 'NONE', #1584, #3930 ) ;
#4317 = CARTESIAN_POINT ( 'NONE',  ( 35.00857252192918168, 6.540641415993331265, -10.14999999999999503 ) ) ;
#4318 = DIRECTION ( 'NONE',  ( 1.000000000000000000, 0.000000000000000000, 4.003208021484940018E-16 ) ) ;
#4319 = CIRCLE ( 'NONE', #1418, 0.9999999999999991118 ) ;
#4320 = DIRECTION ( 'NONE',  ( 1.000000000000000000, 0.000000000000000000, 0.000000000000000000 ) ) ;
#4321 = ORIENTED_EDGE ( 'NONE', *, *, #3896, .T. ) ;
#4322 = ADVANCED_FACE ( 'NONE', ( #3174 ), #1319, .T. ) ;
#4323 = CARTESIAN_POINT ( 'NONE',  ( 16.39763045207492453, 6.040987941709375697, -38.02870458872973103 ) ) ;
#4324 = CARTESIAN_POINT ( 'NONE',  ( 33.44173135459219992, 6.001951485381785467, -1.687372590603740452 ) ) ;
#4325 = CARTESIAN_POINT ( 'NONE',  ( 49.97781733121812664, 3.930333715986928933, -38.30750039396433237 ) ) ;
#4326 = CARTESIAN_POINT ( 'NONE',  ( 15.75492017458302385, 6.193489450708222321, -2.191956947457454508 ) ) ;
#4327 =( BOUNDED_SURFACE ( )  B_SPLINE_SURFACE ( 3, 2, ( 
 ( #1135, #3322, #3850 ),
 ( #5124, #2963, #1080 ),
 ( #3815, #4251, #2929 ),
 ( #303, #2030, #1606 ) ),
 .UNSPECIFIED., .F., .F., .F. ) 
 B_SPLINE_SURFACE_WITH_KNOTS ( ( 4, 4 ),
 ( 3, 3 ),
 ( 4.119968255444916849E-18, 0.0007967089964319482671 ),
 ( 0.000000000000000000, 1.000000000000000000 ),
 .UNSPECIFIED. ) 
 GEOMETRIC_REPRESENTATION_ITEM ( )  RATIONAL_B_SPLINE_SURFACE ( (
 ( 1.000000000000000000, 0.9834084848083693986, 1.000000000000000000),
 ( 1.000000000000000000, 0.9940519485612220318, 1.000000000000000000),
 ( 1.000000000000000000, 1.000046716687619908, 1.000000000000000000),
 ( 1.000000000000000000, 1.000000000000000000, 1.000000000000000000) ) ) 
 REPRESENTATION_ITEM ( '' )  SURFACE ( )  );
#4328 = AXIS2_PLACEMENT_3D ( 'NONE', #665, #2459, #1159 ) ;
#4329 = CARTESIAN_POINT ( 'NONE',  ( 25.00000000000000000, 15.00000000000000178, -24.40565218904154676 ) ) ;
#4330 = CARTESIAN_POINT ( 'NONE',  ( 27.13786049605008088, 3.700323692176661794, -8.923988783686130688 ) ) ;
#4331 = DIRECTION ( 'NONE',  ( -1.000000000000000000, 0.000000000000000000, 0.000000000000000000 ) ) ;
#4332 = CARTESIAN_POINT ( 'NONE',  ( 38.00000000000000711, 10.00000000000000178, -25.40565218904155032 ) ) ;
#4333 = ORIENTED_EDGE ( 'NONE', *, *, #2621, .T. ) ;
#4334 = ADVANCED_FACE ( 'NONE', ( #5774 ), #4434, .F. ) ;
#4335 = DIRECTION ( 'NONE',  ( 1.000000000000000000, 0.000000000000000000, 0.000000000000000000 ) ) ;
#4336 = CARTESIAN_POINT ( 'NONE',  ( 0.000000000000000000, 11.18038208911258025, -8.569318153827730100 ) ) ;
#4337 = CARTESIAN_POINT ( 'NONE',  ( 12.99999999999999822, 10.00000000000000178, -30.38065218904154818 ) ) ;
#4338 = CARTESIAN_POINT ( 'NONE',  ( 33.27563941912730172, 6.000000000000003553, -6.695038877694655000 ) ) ;
#4339 = VERTEX_POINT ( 'NONE', #1725 ) ;
#4340 = ADVANCED_FACE ( 'NONE', ( #475 ), #4913, .T. ) ;
#4341 = CARTESIAN_POINT ( 'NONE',  ( 2.000000000000000000, 15.76148354395871820, -30.38065218904154818 ) ) ;
#4342 = AXIS2_PLACEMENT_3D ( 'NONE', #3783, #1134, #3019 ) ;
#4343 = CARTESIAN_POINT ( 'NONE',  ( 33.00000000000000000, 5.960247257326453330, -38.39677536484025921 ) ) ;
#4344 = DIRECTION ( 'NONE',  ( 0.000000000000000000, 0.000000000000000000, 1.000000000000000000 ) ) ;
#4345 = AXIS2_PLACEMENT_3D ( 'NONE', #5330, #3363, #286 ) ;
#4346 = DIRECTION ( 'NONE',  ( -1.000000000000000000, -0.000000000000000000, -4.003208021484940018E-16 ) ) ;
#4347 = ORIENTED_EDGE ( 'NONE', *, *, #1546, .F. ) ;
#4348 = DIRECTION ( 'NONE',  ( -0.000000000000000000, 1.000000000000000000, 0.000000000000000000 ) ) ;
#4349 = CARTESIAN_POINT ( 'NONE',  ( 14.44399611200097233, 6.915466798863985964, -35.02940366472654432 ) ) ;
#4350 = AXIS2_PLACEMENT_3D ( 'NONE', #3582, #4521, #2699 ) ;
#4351 = CARTESIAN_POINT ( 'NONE',  ( 1.000000000000000444, 30.00000000000000000, -8.380652189041544631 ) ) ;
#4352 = CARTESIAN_POINT ( 'NONE',  ( 30.89014068974285721, 5.120703430832275416, -0.3390604550638397496 ) ) ;
#4353 = AXIS2_PLACEMENT_3D ( 'NONE', #2692, #4016, #1304 ) ;
#4354 = DIRECTION ( 'NONE',  ( 1.000000000000000000, 0.000000000000000000, 0.000000000000000000 ) ) ;
#4355 = B_SPLINE_CURVE_WITH_KNOTS ( 'NONE', 3,
 ( #5467, #4637, #4996, #960, #606, #4549 ),
 .UNSPECIFIED., .F., .F.,
 ( 4, 2, 4 ),
 ( 0.0008895956756894723332, 0.001599550549634971581, 0.002309505423580470503 ),
 .UNSPECIFIED. ) ;
#4356 = EDGE_CURVE ( 'NONE', #1178, #4759, #2641, .T. ) ;
#4357 = CARTESIAN_POINT ( 'NONE',  ( 0.000000000000000000, 3.788184521377218505, -38.00000000000000711 ) ) ;
#4358 = CARTESIAN_POINT ( 'NONE',  ( 50.00000000000000000, 3.788184521377215397, -38.00000000000001421 ) ) ;
#4359 = CARTESIAN_POINT ( 'NONE',  ( 11.99999999999999645, 10.52377123126674086, -31.86206253291449286 ) ) ;
#4360 = CARTESIAN_POINT ( 'NONE',  ( 36.80881922898055336, 7.567699569050452268, -34.63795364834877688 ) ) ;
#4361 = CARTESIAN_POINT ( 'NONE',  ( 0.000000000000000000, 7.576980892533662804, -6.230481315970412659 ) ) ;
#4362 = PLANE ( 'NONE',  #1229 ) ;
#4363 = SPHERICAL_SURFACE ( 'NONE', #2664, 1.000000000000000000 ) ;
#4364 = CC_DESIGN_PERSON_AND_ORGANIZATION_ASSIGNMENT ( #3102, #4450, ( #2275 ) ) ;
#4365 = B_SPLINE_CURVE_WITH_KNOTS ( 'NONE', 3,
 ( #1465, #4558, #531, #3259, #3175, #3675 ),
 .UNSPECIFIED., .F., .F.,
 ( 4, 2, 4 ),
 ( 5.416034970707181176E-17, 0.0002538921019693516647, 0.0005077842039386492277 ),
 .UNSPECIFIED. ) ;
#4366 = VERTEX_POINT ( 'NONE', #5328 ) ;
#4367 = ADVANCED_FACE ( 'NONE', ( #2673 ), #3034, .T. ) ;
#4368 = DIRECTION ( 'NONE',  ( 0.000000000000000000, 0.000000000000000000, -1.000000000000000000 ) ) ;
#4369 = EDGE_CURVE ( 'NONE', #4834, #5622, #3936, .T. ) ;
#4370 = ADVANCED_FACE ( 'NONE', ( #2839 ), #3233, .T. ) ;
#4371 = DIRECTION ( 'NONE',  ( -0.000000000000000000, 1.000000000000000000, -0.000000000000000000 ) ) ;
#4372 = CARTESIAN_POINT ( 'NONE',  ( 4.949999999999997513, 30.00000000000000000, -24.40565218904154676 ) ) ;
#4373 = CARTESIAN_POINT ( 'NONE',  ( 49.03200720207474461, 12.62900135337469898, -8.011151265678824629 ) ) ;
#4374 = ORIENTED_EDGE ( 'NONE', *, *, #2495, .T. ) ;
#4375 = DIRECTION ( 'NONE',  ( 0.000000000000000000, 1.000000000000000000, 0.000000000000000000 ) ) ;
#4376 = VERTEX_POINT ( 'NONE', #95 ) ;
#4377 = LINE ( 'NONE', #892, #3003 ) ;
#4378 = CARTESIAN_POINT ( 'NONE',  ( 4.949999999999997513, 3.000000000000000000, -24.40565218904154676 ) ) ;
#4379 = CARTESIAN_POINT ( 'NONE',  ( 35.35162108999883657, 6.756853890428828890, -3.943845992396836309 ) ) ;
#4380 = VERTEX_POINT ( 'NONE', #208 ) ;
#4381 = CARTESIAN_POINT ( 'NONE',  ( 31.06707460045246805, 5.228633341821631753, -0.4153420046544893385 ) ) ;
#4382 = DIRECTION ( 'NONE',  ( 0.000000000000000000, 0.000000000000000000, 1.000000000000000000 ) ) ;
#4383 = CARTESIAN_POINT ( 'NONE',  ( -0.000000000000000000, 3.789049345090573340, -1.900739453458693440 ) ) ;
#4384 = FACE_OUTER_BOUND ( 'NONE', #5196, .T. ) ;
#4385 = COORDINATED_UNIVERSAL_TIME_OFFSET ( 6, 0, .BEHIND. ) ;
#4386 = AXIS2_PLACEMENT_3D ( 'NONE', #4230, #307, #4197 ) ;
#4387 = CARTESIAN_POINT ( 'NONE',  ( 14.91147204874043197, 6.578225985446779056, -3.019201856705292286 ) ) ;
#4388 = CARTESIAN_POINT ( 'NONE',  ( 35.75669456335396035, 6.723100177177652625, -36.08920318464138433 ) ) ;
#4389 = CARTESIAN_POINT ( 'NONE',  ( 33.38752373147615771, 6.013842600530717064, -1.797690019828189989 ) ) ;
#4390 = LINE ( 'NONE', #330, #5756 ) ;
#4391 = CARTESIAN_POINT ( 'NONE',  ( 12.00000000000000000, 15.44116783476714261, 1.619347810958454259 ) ) ;
#4392 = EDGE_LOOP ( 'NONE', ( #334, #5751, #1378, #2547, #5384, #5366, #1700, #5444, #1966, #4919, #1880 ) ) ;
#4393 = DIRECTION ( 'NONE',  ( -1.000000000000000000, 0.000000000000000000, 0.000000000000000000 ) ) ;
#4394 = AXIS2_PLACEMENT_3D ( 'NONE', #4720, #4318, #3451 ) ;
#4395 = PLANE ( 'NONE',  #829 ) ;
#4396 = LINE ( 'NONE', #1585, #1155 ) ;
#4397 = EDGE_CURVE ( 'NONE', #2237, #3672, #879, .T. ) ;
#4398 = CARTESIAN_POINT ( 'NONE',  ( 49.09261235282919245, 10.05677890636064831, -6.886457798792391394 ) ) ;
#4399 = DIRECTION ( 'NONE',  ( 0.000000000000000000, 0.000000000000000000, 1.000000000000000000 ) ) ;
#4400 = EDGE_LOOP ( 'NONE', ( #3945, #1523, #4100 ) ) ;
#4401 = VERTEX_POINT ( 'NONE', #4192 ) ;
#4402 = AXIS2_PLACEMENT_3D ( 'NONE', #2567, #5310, #5284 ) ;
#4403 = EDGE_CURVE ( 'NONE', #205, #2607, #4250, .T. ) ;
#4404 = EDGE_CURVE ( 'NONE', #2738, #266, #1625, .T. ) ;
#4405 = ORIENTED_EDGE ( 'NONE', *, *, #4950, .T. ) ;
#4406 = CARTESIAN_POINT ( 'NONE',  ( 0.000000000000000000, 10.66296845359040368, -30.57397886952151822 ) ) ;
#4407 = CARTESIAN_POINT ( 'NONE',  ( 49.99999999999999289, 3.672769992773558645, -1.914973137361132949 ) ) ;
#4408 = EDGE_CURVE ( 'NONE', #4540, #4798, #1876, .T. ) ;
#4409 = CARTESIAN_POINT ( 'NONE',  ( 36.68896833839824012, 8.382242855788540226, -5.470250289560787849 ) ) ;
#4410 = AXIS2_PLACEMENT_3D ( 'NONE', #2800, #3926, #3106 ) ;
#4411 = AXIS2_PLACEMENT_3D ( 'NONE', #5534, #1496, #2845 ) ;
#4412 = CARTESIAN_POINT ( 'NONE',  ( 0.000000000000000000, 3.000000000000000000, 0.000000000000000000 ) ) ;
#4413 = CYLINDRICAL_SURFACE ( 'NONE', #3137, 2.000000000000001776 ) ;
#4414 = CARTESIAN_POINT ( 'NONE',  ( 19.00000000000000000, 6.000000000000000000, -32.05000000000001137 ) ) ;
#4415 = PERSON_AND_ORGANIZATION ( #4148, #3434 ) ;
#4416 = CIRCLE ( 'NONE', #3303, 2.000000000000000000 ) ;
#4417 = CARTESIAN_POINT ( 'NONE',  ( 0.9744136618164362940, 13.34646668354455734, -30.65832350188558664 ) ) ;
#4418 = CARTESIAN_POINT ( 'NONE',  ( 32.14746020286045081, 5.990860537303229982, -38.21882789126792090 ) ) ;
#4419 = CARTESIAN_POINT ( 'NONE',  ( 36.45642214381431501, 7.972812191505935786, -33.14612425810992136 ) ) ;
#4420 = CARTESIAN_POINT ( 'NONE',  ( 8.269404390456236746E-15, 4.866129094450556636, -2.104986295046668676 ) ) ;
#4421 = ORIENTED_EDGE ( 'NONE', *, *, #4095, .F. ) ;
#4422 = CARTESIAN_POINT ( 'NONE',  ( 11.99999999999999645, 9.999999999996672884, -31.01020356730232308 ) ) ;
#4423 = LINE ( 'NONE', #1312, #1920 ) ;
#4424 = ORIENTED_EDGE ( 'NONE', *, *, #4989, .T. ) ;
#4425 = CARTESIAN_POINT ( 'NONE',  ( -9.629649721936179265E-32, 30.00000000000000000, -8.380652189041544631 ) ) ;
#4426 = EDGE_LOOP ( 'NONE', ( #1263, #2868, #920, #5685, #2288 ) ) ;
#4427 = CARTESIAN_POINT ( 'NONE',  ( 33.25119548513169576, 6.005914601252420937, -38.13173113280716819 ) ) ;
#4428 = CARTESIAN_POINT ( 'NONE',  ( 2.000000000000000000, 4.000000000000000000, -38.39677536484026632 ) ) ;
#4429 = CARTESIAN_POINT ( 'NONE',  ( 50.00000000000000000, 8.035598074001907065, -6.645325477966758321 ) ) ;
#4430 = CARTESIAN_POINT ( 'NONE',  ( 13.00000000000006928, 7.674063070816254495, -9.847835516807753820 ) ) ;
#4431 = VERTEX_POINT ( 'NONE', #558 ) ;
#4432 = VERTEX_POINT ( 'NONE', #3320 ) ;
#4433 = ADVANCED_FACE ( 'NONE', ( #2349 ), #4143, .T. ) ;
#4434 = TOROIDAL_SURFACE ( 'NONE', #5772, 11.76148354395871642, 10.00000000000000000 ) ;
#4435 = FACE_OUTER_BOUND ( 'NONE', #5050, .T. ) ;
#4436 = ORIENTED_EDGE ( 'NONE', *, *, #4531, .T. ) ;
#4437 = EDGE_LOOP ( 'NONE', ( #3616, #479, #4436, #757, #704, #5657 ) ) ;
#4438 = ORIENTED_EDGE ( 'NONE', *, *, #4657, .F. ) ;
#4439 = PLANE ( 'NONE',  #4489 ) ;
#4440 = CARTESIAN_POINT ( 'NONE',  ( 50.00000000000000000, 4.330916451049360738, -37.86646492680197440 ) ) ;
#4441 = CARTESIAN_POINT ( 'NONE',  ( 37.84273021141478210, 9.327938360146484698, -6.302006251142322490 ) ) ;
#4442 = CIRCLE ( 'NONE', #4634, 1.999999999999998224 ) ;
#4443 = PRODUCT_DEFINITION ( 'UNKNOWN', '', #5126, #3825 ) ;
#4444 = ORIENTED_EDGE ( 'NONE', *, *, #3805, .T. ) ;
#4445 = CARTESIAN_POINT ( 'NONE',  ( 0.000000000000000000, 3.668037424472875507, -2.000000000000018652 ) ) ;
#4446 = EDGE_CURVE ( 'NONE', #3178, #1178, #5771, .T. ) ;
#4447 = CYLINDRICAL_SURFACE ( 'NONE', #5399, 0.9999999999999991118 ) ;
#4448 = B_SPLINE_CURVE_WITH_KNOTS ( 'NONE', 3,
 ( #3395, #826, #863, #3156, #483, #4501, #3916, #3973, #2186, #5752, #4922, #3510 ),
 .UNSPECIFIED., .F., .F.,
 ( 4, 2, 2, 2, 2, 4 ),
 ( 0.0002052253402723055997, 0.001092786205658591390, 0.001536566638351734597, 0.001980347071044877803, 0.002867907936431163783, 0.003755468801817450630 ),
 .UNSPECIFIED. ) ;
#4449 = CARTESIAN_POINT ( 'NONE',  ( 50.00000000000000711, 12.46859890361841572, -30.87216031622394752 ) ) ;
#4450 = PERSON_AND_ORGANIZATION_ROLE ( 'design_owner' ) ;
#4451 = CIRCLE ( 'NONE', #984, 11.50000000000000178 ) ;
#4452 = CARTESIAN_POINT ( 'NONE',  ( 0.000000000000000000, 6.632933287478660844, -33.95071720073555355 ) ) ;
#4453 = CARTESIAN_POINT ( 'NONE',  ( 12.00000000477435336, 10.18449768665220212, -6.895038615697652418 ) ) ;
#4454 = SECURITY_CLASSIFICATION ( '', '', #5434 ) ;
#4455 = CARTESIAN_POINT ( 'NONE',  ( 38.00000000000000000, 10.52377123126897551, -31.86206253291310730 ) ) ;
#4456 = DIRECTION ( 'NONE',  ( -1.000000000000000000, 0.000000000000000000, -0.000000000000000000 ) ) ;
#4457 = B_SPLINE_CURVE_WITH_KNOTS ( 'NONE', 3,
 ( #2132, #4726, #4325, #4269 ),
 .UNSPECIFIED., .F., .F.,
 ( 4, 4 ),
 ( 0.01477852505804938890, 0.01488131088484499764 ),
 .UNSPECIFIED. ) ;
#4458 = FACE_BOUND ( 'NONE', #1618, .T. ) ;
#4459 = CARTESIAN_POINT ( 'NONE',  ( 16.93825596983278103, 5.972769890738891974, -38.33188778554968223 ) ) ;
#4460 = ORIENTED_EDGE ( 'NONE', *, *, #3083, .F. ) ;
#4461 = CARTESIAN_POINT ( 'NONE',  ( 35.48714560354186176, 5.999999999999999112, -14.32059704438794867 ) ) ;
#4462 = ORIENTED_EDGE ( 'NONE', *, *, #458, .T. ) ;
#4463 = FACE_OUTER_BOUND ( 'NONE', #3637, .T. ) ;
#4464 = CARTESIAN_POINT ( 'NONE',  ( 18.99999999999938183, 5.189291564825459169, -5.999999999998886224 ) ) ;
#4465 = CARTESIAN_POINT ( 'NONE',  ( 50.00000000000000000, 4.775476685939120891, -2.555607950442029708 ) ) ;
#4466 = CARTESIAN_POINT ( 'NONE',  ( 49.00000000000000000, 31.00000000000000000, -29.38065218904154818 ) ) ;
#4467 = VERTEX_POINT ( 'NONE', #1995 ) ;
#4468 = ORIENTED_EDGE ( 'NONE', *, *, #4728, .F. ) ;
#4469 = ORIENTED_EDGE ( 'NONE', *, *, #4717, .T. ) ;
#4470 = VERTEX_POINT ( 'NONE', #4617 ) ;
#4471 = ORIENTED_EDGE ( 'NONE', *, *, #2997, .F. ) ;
#4472 = CARTESIAN_POINT ( 'NONE',  ( -0.000000000000000000, 4.192327909371109662, -38.01915901841875467 ) ) ;
#4473 = DIRECTION ( 'NONE',  ( 0.000000000000000000, 0.000000000000000000, 1.000000000000000000 ) ) ;
#4474 = CARTESIAN_POINT ( 'NONE',  ( 36.45737826938353265, 7.985182265387058109, -5.975061465211628509 ) ) ;
#4475 = EDGE_LOOP ( 'NONE', ( #5781, #4241, #2798, #4007 ) ) ;
#4476 = CARTESIAN_POINT ( 'NONE',  ( 48.00000000000000000, 6.000000000000000000, -1.999999999999999556 ) ) ;
#4477 = CARTESIAN_POINT ( 'NONE',  ( 16.02600027917321057, 6.119031042537735665, -32.67942605694358349 ) ) ;
#4478 = CARTESIAN_POINT ( 'NONE',  ( 49.11945036673139242, 9.567484047081254772, -32.43793305624352286 ) ) ;
#4479 = EDGE_CURVE ( 'NONE', #4507, #2382, #5678, .T. ) ;
#4480 = ADVANCED_FACE ( 'NONE', ( #2928 ), #4801, .T. ) ;
#4481 = VECTOR ( 'NONE', #1316, 1000.000000000000000 ) ;
#4482 = CARTESIAN_POINT ( 'NONE',  ( 1.772637863143123445E-14, 6.250679744997289511, -35.64395459262479449 ) ) ;
#4483 = CARTESIAN_POINT ( 'NONE',  ( 14.82918268373147797, 6.632921357991477862, -3.669150883474126879 ) ) ;
#4484 = CARTESIAN_POINT ( 'NONE',  ( 49.67220482482462529, 5.642780799641997191, -37.02654156776517169 ) ) ;
#4485 = B_SPLINE_CURVE_WITH_KNOTS ( 'NONE', 3,
 ( #2095, #789, #3880, #1640, #5269, #2578, #2144 ),
 .UNSPECIFIED., .F., .F.,
 ( 4, 3, 4 ),
 ( 0.000000000000000000, 0.0004500001085154030855, 0.0009000002170308061709 ),
 .UNSPECIFIED. ) ;
#4486 = CARTESIAN_POINT ( 'NONE',  ( 0.06169801563677548839, 3.708424037398956763, -1.556330777888317751 ) ) ;
#4487 = CARTESIAN_POINT ( 'NONE',  ( 28.44791010004409770, 4.027179327121896968, -26.90840461545500872 ) ) ;
#4488 = CARTESIAN_POINT ( 'NONE',  ( 16.73248553262597582, 6.006135682027797351, -38.11477044475154230 ) ) ;
#4489 = AXIS2_PLACEMENT_3D ( 'NONE', #4835, #24, #5307 ) ;
#4490 = ORIENTED_EDGE ( 'NONE', *, *, #5488, .T. ) ;
#4491 = DIRECTION ( 'NONE',  ( 0.000000000000000000, 0.000000000000000000, 1.000000000000000000 ) ) ;
#4492 = ORIENTED_EDGE ( 'NONE', *, *, #1895, .F. ) ;
#4493 = FACE_OUTER_BOUND ( 'NONE', #1731, .T. ) ;
#4494 = CARTESIAN_POINT ( 'NONE',  ( 49.00000000000000000, 30.00000000000000000, -9.380652189041548183 ) ) ;
#4495 = CARTESIAN_POINT ( 'NONE',  ( 49.02410793670124178, 13.17207719205384642, -8.148624240854791978 ) ) ;
#4496 = CYLINDRICAL_SURFACE ( 'NONE', #1911, 1.000000000000000888 ) ;
#4497 = CARTESIAN_POINT ( 'NONE',  ( 30.34222798901105023, 4.807471741537272969, -0.1542549488440569661 ) ) ;
#4498 = VECTOR ( 'NONE', #2463, 1000.000000000000000 ) ;
#4499 = VERTEX_POINT ( 'NONE', #3498 ) ;
#4500 = CARTESIAN_POINT ( 'NONE',  ( 49.95216649463895209, 3.986877934049493089, -1.519601498128568151 ) ) ;
#4501 = CARTESIAN_POINT ( 'NONE',  ( 34.24149599341986772, 6.196375524853705130, -12.34822341067670415 ) ) ;
#4502 = CARTESIAN_POINT ( 'NONE',  ( 49.99999999999999289, 4.666963124670947316, -37.30025093289757621 ) ) ;
#4503 = CARTESIAN_POINT ( 'NONE',  ( 36.27713104946018774, 7.695172004263830523, -5.582583102259685681 ) ) ;
#4504 = VECTOR ( 'NONE', #2293, 1000.000000000000000 ) ;
#4505 = ADVANCED_FACE ( 'NONE', ( #1605 ), #1505, .T. ) ;
#4506 = VECTOR ( 'NONE', #4006, 1000.000000000000000 ) ;
#4507 = VERTEX_POINT ( 'NONE', #842 ) ;
#4508 = CYLINDRICAL_SURFACE ( 'NONE', #4699, 2.049999999999999822 ) ;
#4509 = CIRCLE ( 'NONE', #1977, 3.999999999999999112 ) ;
#4510 = DIRECTION ( 'NONE',  ( 0.000000000000000000, 0.000000000000000000, -1.000000000000000000 ) ) ;
#4511 = EDGE_CURVE ( 'NONE', #4768, #4431, #3167, .T. ) ;
#4512 =( BOUNDED_SURFACE ( )  B_SPLINE_SURFACE ( 3, 2, ( 
 ( #4137, #4185, #1514 ),
 ( #3283, #2779, #633 ),
 ( #3749, #3222, #3777 ),
 ( #580, #3666, #5084 ),
 ( #5552, #2309, #3314 ),
 ( #5057, #2808, #4163 ) ),
 .UNSPECIFIED., .F., .F., .F. ) 
 B_SPLINE_SURFACE_WITH_KNOTS ( ( 4, 2, 4 ),
 ( 3, 3 ),
 ( 0.007457838894763861581, 0.007912847785409822879, 0.008367856676055784176 ),
 ( 0.000000000000000000, 0.6679744504774693947 ),
 .UNSPECIFIED. ) 
 GEOMETRIC_REPRESENTATION_ITEM ( )  RATIONAL_B_SPLINE_SURFACE ( (
 ( 1.000000000000000000, 0.8043548131145067392, 0.8700815986258119139),
 ( 1.000000000000000000, 0.8062625964902254694, 0.8713484642731976759),
 ( 1.000000000000000000, 0.8072977738871477404, 0.8720358749613306149),
 ( 1.000000000000000000, 0.8072976321891630613, 0.8720357808666281407),
 ( 1.000000000000000000, 0.8062624675132473717, 0.8713483786258937602),
 ( 1.000000000000000000, 0.8043548131145067392, 0.8700815986258119139) ) ) 
 REPRESENTATION_ITEM ( '' )  SURFACE ( )  );
#4513 = CARTESIAN_POINT ( 'NONE',  ( 49.09957278417117976, 10.06096823426526221, -32.09166841369653866 ) ) ;
#4514 = ADVANCED_FACE ( 'NONE', ( #4079 ), #2283, .F. ) ;
#4515 = APPROVAL_DATE_TIME ( #1392, #896 ) ;
#4516 = CARTESIAN_POINT ( 'NONE',  ( 0.000000000000000000, 7.485381942279637713, -32.95177857225468188 ) ) ;
#4517 = CARTESIAN_POINT ( 'NONE',  ( 15.44465153579512595, 6.311148130281256208, -11.85588085211771769 ) ) ;
#4518 = DIRECTION ( 'NONE',  ( 0.000000000000000000, 0.000000000000000000, -1.000000000000000000 ) ) ;
#4519 = ORIENTED_EDGE ( 'NONE', *, *, #4257, .F. ) ;
#4520 = CARTESIAN_POINT ( 'NONE',  ( 29.80714875889186288, 4.549767673964424830, -26.17366544512361770 ) ) ;
#4521 = DIRECTION ( 'NONE',  ( 0.000000000000000000, 0.000000000000000000, -1.000000000000000000 ) ) ;
#4522 = VECTOR ( 'NONE', #3200, 1000.000000000000000 ) ;
#4523 = EDGE_CURVE ( 'NONE', #5799, #762, #1831, .T. ) ;
#4524 = ORIENTED_EDGE ( 'NONE', *, *, #350, .F. ) ;
#4525 = B_SPLINE_CURVE_WITH_KNOTS ( 'NONE', 3,
 ( #2284, #2750, #1429, #3223, #4081, #5439, #582, #4576, #4551, #1484, #523, #2310, #2698, #3252, #37, #1368, #88, #3168, #64, #2810, #5495, #3610, #1839, #3635, #1868, #4487, #4969, #1901, #551, #4520, #5029, #1399, #4610, #1928 ),
 .UNSPECIFIED., .F., .F.,
 ( 4, 2, 2, 2, 2, 2, 2, 2, 2, 2, 2, 2, 2, 2, 2, 2, 4 ),
 ( 0.002309505423580482646, 0.003121404354567368020, 0.003933303285554252959, 0.004745202216541137899, 0.005557101147528022839, 0.006369000078514907778, 0.007180899009501792718, 0.007992797940488696740, 0.008804696871475600761, 0.009616595802462504783, 0.01042849473344941054, 0.01124039366443631456, 0.01205229259542321685, 0.01286419152641012087, 0.01367609045739702489, 0.01448798938838392891, 0.01529988831937083293 ),
 .UNSPECIFIED. ) ;
#4526 = DIRECTION ( 'NONE',  ( -0.000000000000000000, 1.000000000000000000, -0.000000000000000000 ) ) ;
#4527 = VERTEX_POINT ( 'NONE', #2633 ) ;
#4528 = CARTESIAN_POINT ( 'NONE',  ( 0.000000000000000000, 30.00000000000000000, -25.40565218904155032 ) ) ;
#4529 = CARTESIAN_POINT ( 'NONE',  ( 11.99999999999999645, 15.76148354395871820, -40.38065218904154818 ) ) ;
#4530 = LINE ( 'NONE', #1024, #4504 ) ;
#4531 = EDGE_CURVE ( 'NONE', #5624, #1235, #905, .T. ) ;
#4532 = CARTESIAN_POINT ( 'NONE',  ( 50.00000000000000000, 7.614888262451814605, -6.266089316967462963 ) ) ;
#4533 = B_SPLINE_CURVE_WITH_KNOTS ( 'NONE', 3,
 ( #143, #1926, #520, #2860, #5464, #2777, #5551, #4573, #4607, #197 ),
 .UNSPECIFIED., .F., .F.,
 ( 4, 2, 2, 2, 4 ),
 ( 6.938893903907228378E-18, 0.0007938098057435782244, 0.001587619611487149510, 0.002381429417230720904, 0.003175239222974292081 ),
 .UNSPECIFIED. ) ;
#4534 = ORIENTED_EDGE ( 'NONE', *, *, #4750, .F. ) ;
#4535 = CYLINDRICAL_SURFACE ( 'NONE', #4218, 1.000000000000000888 ) ;
#4536 = CARTESIAN_POINT ( 'NONE',  ( 33.47050554491213603, 5.998486478600587368, -38.21642292627649340 ) ) ;
#4537 = CARTESIAN_POINT ( 'NONE',  ( 13.13313474089899024, 8.944662053207640184, -7.066812439776976262 ) ) ;
#4538 = LINE ( 'NONE', #1031, #836 ) ;
#4539 = VERTEX_POINT ( 'NONE', #2198 ) ;
#4540 = VERTEX_POINT ( 'NONE', #2601 ) ;
#4541 = CARTESIAN_POINT ( 'NONE',  ( 14.79180272017234543, 6.657327251759801889, -35.65508793826589340 ) ) ;
#4542 = VECTOR ( 'NONE', #3633, 1000.000000000000000 ) ;
#4543 = CARTESIAN_POINT ( 'NONE',  ( -0.000000000000000000, 5.655494763686274240, -3.917540319377546876 ) ) ;
#4544 = CARTESIAN_POINT ( 'NONE',  ( 50.00000000000000000, 7.949457746498927335, -32.48724716531248902 ) ) ;
#4545 = CIRCLE ( 'NONE', #3420, 5.000000000000000888 ) ;
#4546 = ADVANCED_FACE ( 'NONE', ( #2171 ), #3993, .T. ) ;
#4547 = CARTESIAN_POINT ( 'NONE',  ( 0.000000000000000000, 13.43202706813865888, -29.61389115940261618 ) ) ;
#4548 = CARTESIAN_POINT ( 'NONE',  ( 15.75092810681212896, 6.196507346204017885, -12.35123973088192884 ) ) ;
#4549 = CARTESIAN_POINT ( 'NONE',  ( 18.99999999999938183, 5.189291564825459169, -5.999999999998886224 ) ) ;
#4550 = CIRCLE ( 'NONE', #57, 2.050000000000006484 ) ;
#4551 = CARTESIAN_POINT ( 'NONE',  ( 28.45276174149726245, 4.028708455700335200, -33.09553209988303024 ) ) ;
#4552 = CARTESIAN_POINT ( 'NONE',  ( 3.949999999999997957, 31.00000000000000000, -13.35565218904154605 ) ) ;
#4553 = ORIENTED_EDGE ( 'NONE', *, *, #1419, .F. ) ;
#4554 = DIRECTION ( 'NONE',  ( 0.000000000000000000, 0.000000000000000000, 1.000000000000000000 ) ) ;
#4555 = ORIENTED_EDGE ( 'NONE', *, *, #2330, .T. ) ;
#4556 = DIRECTION ( 'NONE',  ( 1.000000000000000000, 0.000000000000000000, 0.000000000000000000 ) ) ;
#4557 = CARTESIAN_POINT ( 'NONE',  ( 19.00000000000000000, 3.000000000000000000, -30.00000000000000355 ) ) ;
#4558 = CARTESIAN_POINT ( 'NONE',  ( 0.04109154268448732272, 3.774302728589727707, -1.592616563080717862 ) ) ;
#4559 = CARTESIAN_POINT ( 'NONE',  ( 38.00000000000000711, 30.00000000000000000, -13.35565218904154605 ) ) ;
#4560 = ORIENTED_EDGE ( 'NONE', *, *, #4888, .T. ) ;
#4561 = EDGE_LOOP ( 'NONE', ( #5133, #3501, #541, #4110, #1544 ) ) ;
#4562 = CARTESIAN_POINT ( 'NONE',  ( -3.755270208993138115E-15, 30.00000000000000000, -9.380652189041546407 ) ) ;
#4563 = EDGE_CURVE ( 'NONE', #4581, #1062, #120, .T. ) ;
#4564 = EDGE_LOOP ( 'NONE', ( #1082, #2245, #4590, #2427, #4688 ) ) ;
#4565 = CARTESIAN_POINT ( 'NONE',  ( 37.70589071548523918, 8.960733437691771996, -33.03965210627623605 ) ) ;
#4566 = CARTESIAN_POINT ( 'NONE',  ( 13.48032882680903910, 8.040034945975039093, -6.080222875829106144 ) ) ;
#4567 = CARTESIAN_POINT ( 'NONE',  ( 48.00000000000000000, 6.000000000000000000, -1.999999999999999556 ) ) ;
#4568 = ORIENTED_EDGE ( 'NONE', *, *, #2676, .F. ) ;
#4569 = CARTESIAN_POINT ( 'NONE',  ( 15.67325867148850271, 6.139056114117210861, -37.65497029902135750 ) ) ;
#4570 = ORIENTED_EDGE ( 'NONE', *, *, #2817, .F. ) ;
#4571 = CARTESIAN_POINT ( 'NONE',  ( 0.000000000000000000, 4.645982702326683977, -2.368178765116116136 ) ) ;
#4572 = CARTESIAN_POINT ( 'NONE',  ( 49.99999999999998579, 4.618187219200588167, -37.86309583445034832 ) ) ;
#4573 = CARTESIAN_POINT ( 'NONE',  ( 33.47593421061675656, 5.999999999999999112, -25.16765987635794843 ) ) ;
#4574 = CARTESIAN_POINT ( 'NONE',  ( 49.13907606603839184, 9.158428735925767228, -32.75755935843720579 ) ) ;
#4575 = CARTESIAN_POINT ( 'NONE',  ( 18.99999999999999645, 6.000000000000000000, -10.00000000000000178 ) ) ;
#4576 = CARTESIAN_POINT ( 'NONE',  ( 28.66691507842470088, 4.097754388825624261, -33.25952954039659915 ) ) ;
#4577 = CARTESIAN_POINT ( 'NONE',  ( 16.87486039915253500, 6.001449362365129048, -13.38891303284948542 ) ) ;
#4578 = ORIENTED_EDGE ( 'NONE', *, *, #3699, .T. ) ;
#4579 = ADVANCED_FACE ( 'NONE', ( #2395 ), #4512, .F. ) ;
#4580 = AXIS2_PLACEMENT_3D ( 'NONE', #4832, #2155, #5195 ) ;
#4581 = VERTEX_POINT ( 'NONE', #198 ) ;
#4582 = CARTESIAN_POINT ( 'NONE',  ( 33.05177335051082821, 5.970832360540615724, -38.34238040900043387 ) ) ;
#4583 = DIRECTION ( 'NONE',  ( 0.000000000000000000, 0.000000000000000000, -1.000000000000000000 ) ) ;
#4584 = CARTESIAN_POINT ( 'NONE',  ( 50.00000000000000711, 4.118365572825873677, -1.681052621079538234 ) ) ;
#4585 = AXIS2_PLACEMENT_3D ( 'NONE', #105, #3624, #4176 ) ;
#4586 = DIRECTION ( 'NONE',  ( -0.000000000000000000, -1.000000000000000000, -0.000000000000000000 ) ) ;
#4587 = VERTEX_POINT ( 'NONE', #1483 ) ;
#4588 = CARTESIAN_POINT ( 'NONE',  ( 31.40403571055513154, 5.445203380787353886, -6.015649083921777773 ) ) ;
#4589 = AXIS2_PLACEMENT_3D ( 'NONE', #5539, #3709, #5507 ) ;
#4590 = ORIENTED_EDGE ( 'NONE', *, *, #4356, .F. ) ;
#4591 = CYLINDRICAL_SURFACE ( 'NONE', #553, 4.000000000000000000 ) ;
#4592 = CARTESIAN_POINT ( 'NONE',  ( 0.05080292411207804754, 4.147344427691160185, -1.527474572427971022 ) ) ;
#4593 = EDGE_CURVE ( 'NONE', #27, #3875, #692, .T. ) ;
#4594 = DIRECTION ( 'NONE',  ( 0.000000000000000000, 0.000000000000000000, 1.000000000000000000 ) ) ;
#4595 = CIRCLE ( 'NONE', #374, 2.049999999999999822 ) ;
#4596 = EDGE_CURVE ( 'NONE', #5666, #867, #2679, .T. ) ;
#4597 = VERTEX_POINT ( 'NONE', #3720 ) ;
#4598 = AXIS2_PLACEMENT_3D ( 'NONE', #1085, #5538, #5100 ) ;
#4599 = EDGE_CURVE ( 'NONE', #4527, #4834, #4355, .T. ) ;
#4600 = VERTEX_POINT ( 'NONE', #2862 ) ;
#4601 = B_SPLINE_CURVE_WITH_KNOTS ( 'NONE', 3,
 ( #1865, #463, #3166, #5026 ),
 .UNSPECIFIED., .F., .F.,
 ( 4, 4 ),
 ( 0.0007126587846474925075, 0.0009291780709865256989 ),
 .UNSPECIFIED. ) ;
#4602 = AXIS2_PLACEMENT_3D ( 'NONE', #2042, #4348, #3423 ) ;
#4603 = DIRECTION ( 'NONE',  ( 0.000000000000000000, 1.000000000000000000, 0.000000000000000000 ) ) ;
#4604 = CARTESIAN_POINT ( 'NONE',  ( 14.06137540034460898, 6.808735679606475522, -3.437132460317501970 ) ) ;
#4605 = CYLINDRICAL_SURFACE ( 'NONE', #1628, 2.050000000000006484 ) ;
#4606 = CARTESIAN_POINT ( 'NONE',  ( 50.00000000000000711, 4.553562667252121443, -37.92841398301779066 ) ) ;
#4607 = CARTESIAN_POINT ( 'NONE',  ( 33.23666859377444638, 6.000000000000001776, -25.28731848097543278 ) ) ;
#4608 = AXIS2_PLACEMENT_3D ( 'NONE', #5658, #5271, #4368 ) ;
#4609 = CARTESIAN_POINT ( 'NONE',  ( 14.27977491036307356, 6.701576012183979358, -36.13507915429133988 ) ) ;
#4610 = CARTESIAN_POINT ( 'NONE',  ( 30.76694322627281508, 5.046759488615012224, -25.99999999999999645 ) ) ;
#4611 = DIRECTION ( 'NONE',  ( -0.000000000000000000, -1.000000000000000000, -0.000000000000000000 ) ) ;
#4612 = CIRCLE ( 'NONE', #26, 10.00000000000000000 ) ;
#4613 = VERTEX_POINT ( 'NONE', #1428 ) ;
#4614 = ORIENTED_EDGE ( 'NONE', *, *, #4993, .T. ) ;
#4615 = CIRCLE ( 'NONE', #761, 1.000000000000000222 ) ;
#4616 = LINE ( 'NONE', #4975, #1763 ) ;
#4617 = CARTESIAN_POINT ( 'NONE',  ( 0.02316858859628444234, 3.895694766341576631, -38.30354171194197477 ) ) ;
#4618 = DIRECTION ( 'NONE',  ( 1.000000000000000000, 0.000000000000000000, -0.000000000000000000 ) ) ;
#4619 = CARTESIAN_POINT ( 'NONE',  ( 50.00000000000000000, 3.668037424472899932, -2.000000000000000000 ) ) ;
#4620 = ORIENTED_EDGE ( 'NONE', *, *, #2154, .T. ) ;
#4621 = CARTESIAN_POINT ( 'NONE',  ( 37.00000000000031264, 7.674063070816337095, -30.15216448319212006 ) ) ;
#4622 = VERTEX_POINT ( 'NONE', #990 ) ;
#4623 = CARTESIAN_POINT ( 'NONE',  ( 37.81010240277424828, 9.244313208537937143, -32.78605978337816396 ) ) ;
#4624 = CARTESIAN_POINT ( 'NONE',  ( 0.8027363019172522041, 8.100588518638920377, -5.370596351997797946 ) ) ;
#4625 = ORIENTED_EDGE ( 'NONE', *, *, #3254, .F. ) ;
#4626 = CARTESIAN_POINT ( 'NONE',  ( 33.00439297750053669, 5.907377054727019683, -1.398405705555076040 ) ) ;
#4627 = ORIENTED_EDGE ( 'NONE', *, *, #298, .T. ) ;
#4628 = ORIENTED_EDGE ( 'NONE', *, *, #5042, .T. ) ;
#4629 = CARTESIAN_POINT ( 'NONE',  ( 15.81034530562954643, 6.176287931034883272, -37.52324441237409047 ) ) ;
#4630 = CARTESIAN_POINT ( 'NONE',  ( 38.00000000000000711, 10.49465162134131013, -7.071565682473385905 ) ) ;
#4631 = CARTESIAN_POINT ( 'NONE',  ( 12.99999999999999822, 30.00000000000000000, -29.38065218904154818 ) ) ;
#4632 = CARTESIAN_POINT ( 'NONE',  ( 50.00000000000000000, 3.757092698753790483, -38.16208983048104386 ) ) ;
#4633 = ORIENTED_EDGE ( 'NONE', *, *, #1200, .F. ) ;
#4634 = AXIS2_PLACEMENT_3D ( 'NONE', #17, #3965, #5007 ) ;
#4635 = EDGE_CURVE ( 'NONE', #3747, #4527, #4738, .T. ) ;
#4636 = CARTESIAN_POINT ( 'NONE',  ( 0.000000000000000000, 4.419527851666942730, -37.73659954752502443 ) ) ;
#4637 = CARTESIAN_POINT ( 'NONE',  ( 18.02136171622913707, 5.856605234020065609, -6.116993030640317741 ) ) ;
#4638 = DIRECTION ( 'NONE',  ( -0.000000000000000000, 1.000000000000000000, 0.000000000000000000 ) ) ;
#4639 = CARTESIAN_POINT ( 'NONE',  ( 15.82147856210692005, 6.173360450565582802, -7.552167286207429164 ) ) ;
#4640 = B_SPLINE_CURVE_WITH_KNOTS ( 'NONE', 3,
 ( #4165, #4577, #3668, #4139 ),
 .UNSPECIFIED., .F., .F.,
 ( 4, 4 ),
 ( 0.000000000000000000, 9.256193400183738919E-05 ),
 .UNSPECIFIED. ) ;
#4641 = VECTOR ( 'NONE', #322, 1000.000000000000000 ) ;
#4642 = EDGE_LOOP ( 'NONE', ( #4627, #1284, #2025, #3987, #4424, #1913 ) ) ;
#4643 = ORIENTED_EDGE ( 'NONE', *, *, #4871, .F. ) ;
#4644 = AXIS2_PLACEMENT_3D ( 'NONE', #5411, #1990, #3722 ) ;
#4645 = DIRECTION ( 'NONE',  ( 0.000000000000000000, 1.000000000000000000, 0.000000000000000000 ) ) ;
#4646 = CARTESIAN_POINT ( 'NONE',  ( 19.95039888244439297, 4.664394129549621404, -13.89311548629807014 ) ) ;
#4647 = EDGE_CURVE ( 'NONE', #4911, #3627, #3321, .T. ) ;
#4648 = CARTESIAN_POINT ( 'NONE',  ( 50.00000000000000000, 3.604743207411753581, -2.061464276980662813 ) ) ;
#4649 = DIRECTION ( 'NONE',  ( 0.000000000000000000, -1.000000000000000000, 0.000000000000000000 ) ) ;
#4650 = EDGE_LOOP ( 'NONE', ( #1495, #2555, #2708, #1048 ) ) ;
#4651 = ORIENTED_EDGE ( 'NONE', *, *, #1272, .T. ) ;
#4652 = B_SPLINE_CURVE_WITH_KNOTS ( 'NONE', 3,
 ( #5159, #1115, #1672, #3885, #5692, #2557, #4747, #1695, #5225, #764, #819, #393 ),
 .UNSPECIFIED., .F., .F.,
 ( 4, 2, 2, 2, 2, 4 ),
 ( 0.000000000000000000, 0.0009388672004549312132, 0.001877734400909862426, 0.002347168001137313938, 0.002816601601364765450, 0.003755468801819674979 ),
 .UNSPECIFIED. ) ;
#4653 = DIRECTION ( 'NONE',  ( 1.000000000000000000, 0.000000000000000000, 0.000000000000000000 ) ) ;
#4654 = CARTESIAN_POINT ( 'NONE',  ( 38.00000000000000711, 9.999999999998250289, -7.940657031816297895 ) ) ;
#4655 = CARTESIAN_POINT ( 'NONE',  ( 49.99999999999999289, 5.577324175450995902, -35.54546546082036684 ) ) ;
#4656 = CARTESIAN_POINT ( 'NONE',  ( 16.99999999999999645, 6.000000000000001776, -26.53589838486225005 ) ) ;
#4657 = EDGE_CURVE ( 'NONE', #5035, #4056, #4764, .T. ) ;
#4658 = ORIENTED_EDGE ( 'NONE', *, *, #1968, .T. ) ;
#4659 = EDGE_CURVE ( 'NONE', #2985, #2204, #4075, .T. ) ;
#4660 = CARTESIAN_POINT ( 'NONE',  ( 16.06050174258199448, 6.109592696158981262, -37.52778352505589510 ) ) ;
#4661 = CARTESIAN_POINT ( 'NONE',  ( 31.07527826764461309, 5.233775772596477083, -39.58055799362090710 ) ) ;
#4662 = CARTESIAN_POINT ( 'NONE',  ( 33.73859340585158151, 6.065694641951337118, -2.081675501020522123 ) ) ;
#4663 = CARTESIAN_POINT ( 'NONE',  ( 50.00000000000000000, 3.723404150184995043, -37.93173398505984295 ) ) ;
#4664 = APPROVAL_ROLE ( '' ) ;
#4665 = ORIENTED_EDGE ( 'NONE', *, *, #4593, .F. ) ;
#4666 = CARTESIAN_POINT ( 'NONE',  ( 2.748245629724484290E-14, 4.326798235818059446, -38.11296504946196251 ) ) ;
#4667 = DIRECTION ( 'NONE',  ( -1.000000000000000000, -0.000000000000000000, -0.000000000000000000 ) ) ;
#4668 = CARTESIAN_POINT ( 'NONE',  ( 37.00000000000000711, 10.00000000000000178, -30.45000000000002771 ) ) ;
#4669 = DIRECTION ( 'NONE',  ( -0.000000000000000000, 1.000000000000000000, -0.000000000000000000 ) ) ;
#4670 = EDGE_CURVE ( 'NONE', #1488, #5066, #720, .T. ) ;
#4671 = ORIENTED_EDGE ( 'NONE', *, *, #4408, .T. ) ;
#4672 = ORIENTED_EDGE ( 'NONE', *, *, #2577, .F. ) ;
#4673 = EDGE_CURVE ( 'NONE', #5035, #4168, #3604, .T. ) ;
#4674 = CARTESIAN_POINT ( 'NONE',  ( 12.60870915835072914, 8.251763837545455615, -5.365263914945633594 ) ) ;
#4675 = DIRECTION ( 'NONE',  ( 0.000000000000000000, -1.000000000000000000, 0.000000000000000000 ) ) ;
#4676 = DIRECTION ( 'NONE',  ( 8.673617379884035472E-16, -1.000000000000000000, 2.732189474663471174E-14 ) ) ;
#4677 = CARTESIAN_POINT ( 'NONE',  ( 50.00000000000003553, 4.350988058350828247, -2.013429033228984366 ) ) ;
#4678 = EDGE_LOOP ( 'NONE', ( #1503, #5555, #3060, #4265 ) ) ;
#4679 = CARTESIAN_POINT ( 'NONE',  ( 0.03348069815551674155, 3.965354721432627016, -38.36578866769677632 ) ) ;
#4680 = ORIENTED_EDGE ( 'NONE', *, *, #5042, .F. ) ;
#4681 = CARTESIAN_POINT ( 'NONE',  ( 34.97460689880144713, 6.521361243933808893, -10.44999999999999218 ) ) ;
#4682 = CARTESIAN_POINT ( 'NONE',  ( 3.949999999999997957, 31.00000000000000000, -13.35565218904154605 ) ) ;
#4683 = AXIS2_PLACEMENT_3D ( 'NONE', #3827, #1113, #677 ) ;
#4684 = DIRECTION ( 'NONE',  ( 0.000000000000000000, 2.602085213965210247E-15, 1.000000000000000000 ) ) ;
#4685 = PLANE ( 'NONE',  #561 ) ;
#4686 = CIRCLE ( 'NONE', #3273, 1.000000000000000888 ) ;
#4687 = ORIENTED_EDGE ( 'NONE', *, *, #1398, .T. ) ;
#4688 = ORIENTED_EDGE ( 'NONE', *, *, #2352, .T. ) ;
#4689 = ORIENTED_EDGE ( 'NONE', *, *, #1124, .T. ) ;
#4690 = CYLINDRICAL_SURFACE ( 'NONE', #5546, 10.00000000000000000 ) ;
#4691 = CARTESIAN_POINT ( 'NONE',  ( 28.77122816571416308, 4.127189436890735585, -39.99999999999998579 ) ) ;
#4692 = CARTESIAN_POINT ( 'NONE',  ( 49.93407418628665084, 4.590368836235078298, -38.13213178735762199 ) ) ;
#4693 = CIRCLE ( 'NONE', #2153, 1.000000000000000888 ) ;
#4694 = CARTESIAN_POINT ( 'NONE',  ( 35.20332608762154081, 6.654398100228670287, -35.66334231776041719 ) ) ;
#4695 = CARTESIAN_POINT ( 'NONE',  ( 49.97797861137005526, 3.908958639406712177, -38.30814464952901233 ) ) ;
#4696 = EDGE_CURVE ( 'NONE', #3853, #5097, #2982, .T. ) ;
#4697 = VECTOR ( 'NONE', #4015, 1000.000000000000000 ) ;
#4698 = AXIS2_PLACEMENT_3D ( 'NONE', #2951, #2484, #4238 ) ;
#4699 = AXIS2_PLACEMENT_3D ( 'NONE', #1361, #2655, #831 ) ;
#4700 = DIRECTION ( 'NONE',  ( 1.000000000000000000, 0.000000000000000000, 0.000000000000000000 ) ) ;
#4701 = ADVANCED_FACE ( 'NONE', ( #4274 ), #262, .F. ) ;
#4702 = CARTESIAN_POINT ( 'NONE',  ( 30.76694322627282219, 5.046759488615014000, -5.999999999999990230 ) ) ;
#4703 = CARTESIAN_POINT ( 'NONE',  ( 11.99999999999999645, 30.00000000000000000, -30.38065218904154818 ) ) ;
#4704 = AXIS2_PLACEMENT_3D ( 'NONE', #951, #1501, #3271 ) ;
#4705 = CARTESIAN_POINT ( 'NONE',  ( 49.00000000000000000, 30.00000000000000000, -9.380652189041548183 ) ) ;
#4706 = ORIENTED_EDGE ( 'NONE', *, *, #2934, .F. ) ;
#4707 = ORIENTED_EDGE ( 'NONE', *, *, #5041, .F. ) ;
#4708 = DIRECTION ( 'NONE',  ( 0.000000000000000000, 0.000000000000000000, -1.000000000000000000 ) ) ;
#4709 = CARTESIAN_POINT ( 'NONE',  ( 22.85966873921403320, 3.700787169026744206, -8.914785023438760447 ) ) ;
#4710 = DIRECTION ( 'NONE',  ( 1.000000000000000000, 0.000000000000000000, 0.000000000000000000 ) ) ;
#4711 = CYLINDRICAL_SURFACE ( 'NONE', #5494, 1.000000000000000888 ) ;
#4712 = EDGE_CURVE ( 'NONE', #3094, #4470, #2470, .T. ) ;
#4713 = ORIENTED_EDGE ( 'NONE', *, *, #5556, .F. ) ;
#4714 = CARTESIAN_POINT ( 'NONE',  ( 0.03975274267354776681, 4.000000000000000000, -38.39677536484026632 ) ) ;
#4715 = EDGE_LOOP ( 'NONE', ( #2312, #2314, #2071 ) ) ;
#4716 = CARTESIAN_POINT ( 'NONE',  ( 4.949999999999997513, 31.00000000000000000, -24.40565218904154676 ) ) ;
#4717 = EDGE_CURVE ( 'NONE', #4857, #3255, #2265, .T. ) ;
#4718 = DIRECTION ( 'NONE',  ( 0.000000000000000000, 0.000000000000000000, -1.000000000000000000 ) ) ;
#4719 = CARTESIAN_POINT ( 'NONE',  ( 50.00000000000002132, 14.40735164109089794, -29.43929193201382688 ) ) ;
#4720 = CARTESIAN_POINT ( 'NONE',  ( 38.00000000000000711, 30.00000000000000000, -9.380652189041551736 ) ) ;
#4721 = VERTEX_POINT ( 'NONE', #780 ) ;
#4722 = B_SPLINE_CURVE_WITH_KNOTS ( 'NONE', 3,
 ( #4117, #3589, #1438, #5390, #3562, #5364, #5420, #1350, #4532, #3151, #4949, #915, #2706, #477, #2268, #505, #2294, #4091, #72, #1937, #4677, #2466, #5503, #211, #2378, #3786, #643, #4619 ),
 .UNSPECIFIED., .F., .F.,
 ( 4, 2, 2, 2, 2, 2, 2, 2, 2, 2, 2, 2, 2, 4 ),
 ( 0.000000000000000000, 0.003657826261998850872, 0.005486739392998278043, 0.007315652523997707816, 0.009144565654997136722, 0.01097347878599656476, 0.01188793535149628225, 0.01280239191699599800, 0.01325962019974585328, 0.01371684848249571029, 0.01394546262387063966, 0.01417407676524556730, 0.01440269090662049667, 0.01463130504799542604 ),
 .UNSPECIFIED. ) ;
#4723 = EDGE_LOOP ( 'NONE', ( #4783, #1325, #1377, #2814 ) ) ;
#4724 = CARTESIAN_POINT ( 'NONE',  ( 1.000000000000000000, 15.39738221800560147, -9.380652189041546407 ) ) ;
#4725 = CARTESIAN_POINT ( 'NONE',  ( 36.89384131677957157, 7.632206081294130584, -4.634947690754602334 ) ) ;
#4726 = CARTESIAN_POINT ( 'NONE',  ( 49.97831668581442699, 3.965154902173826379, -38.30950607500053451 ) ) ;
#4727 = CARTESIAN_POINT ( 'NONE',  ( 36.76253743066057922, 8.619123448711407676, -32.31205200246837705 ) ) ;
#4728 = EDGE_CURVE ( 'NONE', #2636, #1650, #2570, .T. ) ;
#4729 = FACE_OUTER_BOUND ( 'NONE', #1980, .T. ) ;
#4730 = DIRECTION ( 'NONE',  ( -0.000000000000000000, -1.000000000000000000, -0.000000000000000000 ) ) ;
#4731 = DIRECTION ( 'NONE',  ( -0.000000000000000000, -0.000000000000000000, 1.000000000000000000 ) ) ;
#4732 = DIRECTION ( 'NONE',  ( 1.000000000000000000, 0.000000000000000000, 0.000000000000000000 ) ) ;
#4733 = CARTESIAN_POINT ( 'NONE',  ( 15.30234743401163300, 6.000000000000000000, -24.64453380858465437 ) ) ;
#4734 = ADVANCED_FACE ( 'NONE', ( #804 ), #928, .F. ) ;
#4735 = EDGE_LOOP ( 'NONE', ( #1405, #3845, #759, #1233, #5017, #5043, #4112, #1810, #5104, #1883, #1189, #1413 ) ) ;
#4736 = CARTESIAN_POINT ( 'NONE',  ( 15.21089436889021584, 6.248016181931814295, -2.317581128674689683 ) ) ;
#4737 = CARTESIAN_POINT ( 'NONE',  ( 0.000000000000000000, 6.918078246657304753, -4.430614289875370204 ) ) ;
#4738 = CIRCLE ( 'NONE', #5486, 3.999999999999999112 ) ;
#4739 = LINE ( 'NONE', #5560, #1511 ) ;
#4740 = CARTESIAN_POINT ( 'NONE',  ( 33.52593438835218365, 6.027996536243915848, -6.882701397011689259 ) ) ;
#4741 = ORIENTED_EDGE ( 'NONE', *, *, #402, .T. ) ;
#4742 = B_SPLINE_CURVE_WITH_KNOTS ( 'NONE', 3,
 ( #154, #5039, #2350, #2818 ),
 .UNSPECIFIED., .F., .F.,
 ( 4, 4 ),
 ( -8.944276674936395714E-06, 0.0001317620237784159257 ),
 .UNSPECIFIED. ) ;
#4743 = ORIENTED_EDGE ( 'NONE', *, *, #2181, .T. ) ;
#4744 = AXIS2_PLACEMENT_3D ( 'NONE', #2363, #4157, #139 ) ;
#4745 = DIRECTION ( 'NONE',  ( -1.000000000000000000, 0.000000000000000000, 0.000000000000000000 ) ) ;
#4746 = DIRECTION ( 'NONE',  ( 0.000000000000000000, 0.000000000000000000, 1.000000000000000000 ) ) ;
#4747 = CARTESIAN_POINT ( 'NONE',  ( 34.50833715489183362, 6.294516008080742964, -31.92759005255454241 ) ) ;
#4748 = DIRECTION ( 'NONE',  ( 0.000000000000000000, 0.000000000000000000, 1.000000000000000000 ) ) ;
#4749 = AXIS2_PLACEMENT_3D ( 'NONE', #1046, #4611, #583 ) ;
#4750 = EDGE_CURVE ( 'NONE', #652, #926, #5760, .T. ) ;
#4751 = EDGE_CURVE ( 'NONE', #3775, #4380, #2483, .T. ) ;
#4752 = DIRECTION ( 'NONE',  ( 0.000000000000000000, 0.000000000000000000, 1.000000000000000000 ) ) ;
#4753 = EDGE_LOOP ( 'NONE', ( #4306, #2184, #5270, #5003, #1943 ) ) ;
#4754 = CARTESIAN_POINT ( 'NONE',  ( 16.32275230166806068, 6.055477022430328482, -37.79281427991521269 ) ) ;
#4755 = B_SPLINE_CURVE_WITH_KNOTS ( 'NONE', 3,
 ( #3198, #35, #989, #3607, #4106, #904, #4995, #3665, #521, #1094, #4966, #1427, #4574, #2695, #549, #2341, #4019, #5137, #3692, #1455, #4484, #3250, #2883, #1803, #4692, #493, #657, #2 ),
 .UNSPECIFIED., .F., .F.,
 ( 4, 2, 2, 2, 2, 2, 2, 2, 2, 2, 2, 2, 2, 4 ),
 ( 0.000000000000000000, 0.001847315632256146941, 0.002770973448384222472, 0.003694631264512298653, 0.005541946896768455352, 0.006465604712896538472, 0.007389262529024622460, 0.009236578161280803445, 0.01108389379353698183, 0.01200755160966508056, 0.01293120942579317929, 0.01385486724192127803, 0.01431669614998533346, 0.01477852505804938890 ),
 .UNSPECIFIED. ) ;
#4756 = LINE ( 'NONE', #1735, #204 ) ;
#4757 = EDGE_CURVE ( 'NONE', #5624, #1062, #2950, .T. ) ;
#4758 = CYLINDRICAL_SURFACE ( 'NONE', #1489, 4.000000000000000000 ) ;
#4759 = VERTEX_POINT ( 'NONE', #30 ) ;
#4760 = DIRECTION ( 'NONE',  ( -1.000000000000000000, 0.000000000000000000, 0.000000000000000000 ) ) ;
#4761 = CARTESIAN_POINT ( 'NONE',  ( 22.77541849014094666, 3.716672827665071122, -28.65101619924695342 ) ) ;
#4762 = ORIENTED_EDGE ( 'NONE', *, *, #1823, .F. ) ;
#4763 = DIRECTION ( 'NONE',  ( 0.000000000000000000, 0.000000000000000000, -1.000000000000000000 ) ) ;
#4764 = LINE ( 'NONE', #5704, #4641 ) ;
#4765 = DIRECTION ( 'NONE',  ( 0.000000000000000000, 0.000000000000000000, -1.000000000000000000 ) ) ;
#4766 = CARTESIAN_POINT ( 'NONE',  ( 32.15891053163817759, 6.000000000000000000, 32.52691193458118590 ) ) ;
#4767 = VERTEX_POINT ( 'NONE', #2626 ) ;
#4768 = VERTEX_POINT ( 'NONE', #3517 ) ;
#4769 = CARTESIAN_POINT ( 'NONE',  ( 15.07564333276462776, 6.297341943323679914, -2.431169176764679918 ) ) ;
#4770 = CARTESIAN_POINT ( 'NONE',  ( 0.000000000000000000, 12.35574913286524534, -8.974201173668221898 ) ) ;
#4771 = CARTESIAN_POINT ( 'NONE',  ( 0.3124623639195089897, 5.591680754680215415, -37.09740228107843052 ) ) ;
#4772 = LINE ( 'NONE', #270, #1539 ) ;
#4773 = ADVANCED_FACE ( 'NONE', ( #4014 ), #3100, .F. ) ;
#4774 = ORIENTED_EDGE ( 'NONE', *, *, #1416, .T. ) ;
#4775 = DIRECTION ( 'NONE',  ( 0.000000000000000000, 0.000000000000000000, -1.000000000000000000 ) ) ;
#4776 = CARTESIAN_POINT ( 'NONE',  ( 4.949999999999997513, 6.000000000000000000, -24.40565218904154676 ) ) ;
#4777 = DIRECTION ( 'NONE',  ( 0.000000000000000000, 1.000000000000000000, 0.000000000000000000 ) ) ;
#4778 = LINE ( 'NONE', #1259, #2007 ) ;
#4779 = DIRECTION ( 'NONE',  ( 0.000000000000000000, -0.000000000000000000, 1.000000000000000000 ) ) ;
#4780 = ADVANCED_FACE ( 'NONE', ( #2278 ), #3574, .T. ) ;
#4781 = CARTESIAN_POINT ( 'NONE',  ( 12.99999999999999822, 10.00000000000000178, -9.549999999999991829 ) ) ;
#4782 = ORIENTED_EDGE ( 'NONE', *, *, #3289, .F. ) ;
#4783 = ORIENTED_EDGE ( 'NONE', *, *, #3660, .T. ) ;
#4784 = ORIENTED_EDGE ( 'NONE', *, *, #817, .T. ) ;
#4785 = CARTESIAN_POINT ( 'NONE',  ( 45.05000000000000426, 30.00000000000000000, -14.35565218904154960 ) ) ;
#4786 = CARTESIAN_POINT ( 'NONE',  ( 33.21971431899704186, 5.952719311245871836, -1.541737707352146103 ) ) ;
#4787 = DIRECTION ( 'NONE',  ( 0.000000000000000000, -1.000000000000000000, -0.000000000000000000 ) ) ;
#4788 = ADVANCED_FACE ( 'NONE', ( #3040 ), #4413, .T. ) ;
#4789 = DIRECTION ( 'NONE',  ( -0.000000000000000000, -0.000000000000000000, -1.000000000000000000 ) ) ;
#4790 = VECTOR ( 'NONE', #5759, 1000.000000000000000 ) ;
#4791 = EDGE_CURVE ( 'NONE', #1553, #3305, #4925, .T. ) ;
#4792 = CARTESIAN_POINT ( 'NONE',  ( 31.00000000000000000, 6.000000000000000000, -9.999999999999998224 ) ) ;
#4793 = EDGE_CURVE ( 'NONE', #4499, #1650, #3528, .T. ) ;
#4794 = CARTESIAN_POINT ( 'NONE',  ( 0.02316858859628444234, 3.895694766341576631, -38.30354171194197477 ) ) ;
#4795 = DIRECTION ( 'NONE',  ( 0.000000000000000000, 0.000000000000000000, 1.000000000000000000 ) ) ;
#4796 = CARTESIAN_POINT ( 'NONE',  ( 16.44137878720633594, 5.999999999999999112, -13.63468046111798593 ) ) ;
#4797 = VECTOR ( 'NONE', #3782, 1000.000000000000000 ) ;
#4798 = VERTEX_POINT ( 'NONE', #489 ) ;
#4799 = ORIENTED_EDGE ( 'NONE', *, *, #3984, .T. ) ;
#4800 = CARTESIAN_POINT ( 'NONE',  ( 34.61860323915539084, 6.335276032522341616, -36.61867568658634298 ) ) ;
#4801 = CYLINDRICAL_SURFACE ( 'NONE', #48, 1.000000000000000888 ) ;
#4802 = CARTESIAN_POINT ( 'NONE',  ( 0.8168636120234274989, 8.416411964426099956, -33.40527247992405790 ) ) ;
#4803 = FACE_OUTER_BOUND ( 'NONE', #234, .T. ) ;
#4804 = ORIENTED_EDGE ( 'NONE', *, *, #2401, .F. ) ;
#4805 = ORIENTED_EDGE ( 'NONE', *, *, #1992, .T. ) ;
#4806 = LINE ( 'NONE', #3382, #1978 ) ;
#4807 = CARTESIAN_POINT ( 'NONE',  ( 0.09313869420547889189, 4.000000000000000000, -1.396775364840249445 ) ) ;
#4808 = CARTESIAN_POINT ( 'NONE',  ( 15.02539310119856353, 6.521361243933802676, -29.54999999999997584 ) ) ;
#4809 = FACE_BOUND ( 'NONE', #1651, .T. ) ;
#4810 = LINE ( 'NONE', #2971, #455 ) ;
#4811 = EDGE_LOOP ( 'NONE', ( #3098, #4084, #2880, #637, #2742 ) ) ;
#4812 = DIRECTION ( 'NONE',  ( 0.000000000000000000, 0.000000000000000000, 1.000000000000000000 ) ) ;
#4813 = CARTESIAN_POINT ( 'NONE',  ( 16.24085943854469960, 6.072113764195766983, -37.71093340500080160 ) ) ;
#4814 = CARTESIAN_POINT ( 'NONE',  ( 31.00000000000000000, 0.000000000000000000, -12.04999999999999893 ) ) ;
#4815 = AXIS2_PLACEMENT_3D ( 'NONE', #295, #3403, #2023 ) ;
#4816 = CARTESIAN_POINT ( 'NONE',  ( 16.27088240584738088, 6.064295090191183846, -2.076654652283038693 ) ) ;
#4817 = DIRECTION ( 'NONE',  ( -1.000000000000000000, 0.000000000000000000, -4.003208021484940018E-16 ) ) ;
#4818 = CARTESIAN_POINT ( 'NONE',  ( 27.02778017680418898, 3.680051249377692013, -9.456500817099028566 ) ) ;
#4819 = DIRECTION ( 'NONE',  ( 4.003208021484940018E-16, 0.000000000000000000, -1.000000000000000000 ) ) ;
#4820 = CARTESIAN_POINT ( 'NONE',  ( 18.99999999999999645, 5.189291564825709635, -14.00000000000000178 ) ) ;
#4821 = ADVANCED_FACE ( 'NONE', ( #5732 ), #4447, .T. ) ;
#4822 = CARTESIAN_POINT ( 'NONE',  ( 35.01727224995068610, 6.538686539304999989, -35.98210769834259537 ) ) ;
#4823 = CARTESIAN_POINT ( 'NONE',  ( 9.216421255572671596E-14, 14.83273969910908363, -8.385564730822274271 ) ) ;
#4824 = CARTESIAN_POINT ( 'NONE',  ( 1.000000000000000000, 15.71889479237746556, -30.38065218904154818 ) ) ;
#4825 = ORIENTED_EDGE ( 'NONE', *, *, #4791, .T. ) ;
#4826 = CARTESIAN_POINT ( 'NONE',  ( 33.00000000000000000, 10.00000000000000178, -30.38065218904154818 ) ) ;
#4827 = CIRCLE ( 'NONE', #3600, 1.000000000000000888 ) ;
#4828 = CARTESIAN_POINT ( 'NONE',  ( 31.00000000000000000, 3.000000000000000000, -9.999999999999998224 ) ) ;
#4829 = CARTESIAN_POINT ( 'NONE',  ( 34.97892554135619037, 6.523503688512748866, -10.15324310329318713 ) ) ;
#4830 = CARTESIAN_POINT ( 'NONE',  ( 50.00000000000000000, 4.505548555760538143, -2.176300345375920209 ) ) ;
#4831 = CIRCLE ( 'NONE', #5490, 1.000000000000000888 ) ;
#4832 = CARTESIAN_POINT ( 'NONE',  ( 38.00000000000000711, 15.76148354395871820, -29.38065218904153397 ) ) ;
#4833 = ORIENTED_EDGE ( 'NONE', *, *, #287, .F. ) ;
#4834 = VERTEX_POINT ( 'NONE', #3983 ) ;
#4835 = CARTESIAN_POINT ( 'NONE',  ( 31.00000000000000000, 3.000000000000000000, -30.00000000000000355 ) ) ;
#4836 = CARTESIAN_POINT ( 'NONE',  ( 33.39062083601416475, 6.014300034494713287, -1.800871805321501151 ) ) ;
#4837 = VECTOR ( 'NONE', #1543, 1000.000000000000000 ) ;
#4838 = CARTESIAN_POINT ( 'NONE',  ( 37.00000000000000711, 31.00000000000000000, -13.35565218904154605 ) ) ;
#4839 = CARTESIAN_POINT ( 'NONE',  ( 31.55442945551567391, 5.549214608515995018, -0.7235927851677317335 ) ) ;
#4840 = DIRECTION ( 'NONE',  ( -0.000000000000000000, 1.000000000000000000, 0.000000000000000000 ) ) ;
#4841 = DIRECTION ( 'NONE',  ( 0.000000000000000000, 0.000000000000000000, 1.000000000000000000 ) ) ;
#4842 = CARTESIAN_POINT ( 'NONE',  ( 49.99999999999771916, 14.51965705349773650, -30.42331240336745424 ) ) ;
#4843 = CARTESIAN_POINT ( 'NONE',  ( 16.99999999999999645, 10.00000000000000178, -13.35565218904155138 ) ) ;
#4844 = CARTESIAN_POINT ( 'NONE',  ( 12.03447565254314178, 9.888915542007653769, -6.704923679998365138 ) ) ;
#4845 = CARTESIAN_POINT ( 'NONE',  ( 35.02325404873542425, 6.359312178218353040, -36.96067355065829219 ) ) ;
#4846 = CARTESIAN_POINT ( 'NONE',  ( -2.111853493747968439E-15, 3.725659507054798425, -1.726316263208899748 ) ) ;
#4847 = DIRECTION ( 'NONE',  ( -0.000000000000000000, -1.000000000000000000, -0.000000000000000000 ) ) ;
#4848 = EDGE_CURVE ( 'NONE', #1254, #2970, #3803, .T. ) ;
#4849 = FACE_OUTER_BOUND ( 'NONE', #5400, .T. ) ;
#4850 = ADVANCED_FACE ( 'NONE', ( #545 ), #3309, .T. ) ;
#4851 = ORIENTED_EDGE ( 'NONE', *, *, #1809, .T. ) ;
#4852 = DIRECTION ( 'NONE',  ( 0.000000000000000000, -1.000000000000000000, 0.000000000000000000 ) ) ;
#4853 = DIRECTION ( 'NONE',  ( -0.000000000000000000, 1.000000000000000000, -0.000000000000000000 ) ) ;
#4854 = CARTESIAN_POINT ( 'NONE',  ( 33.00000000000000000, 10.00000000000000178, -25.40565218904155032 ) ) ;
#4855 = CARTESIAN_POINT ( 'NONE',  ( 49.54781346182867452, 5.982694358468836349, -2.889097648362813242 ) ) ;
#4856 = CARTESIAN_POINT ( 'NONE',  ( 35.72064192899025414, 7.059273821511088620, -34.71744323240730523 ) ) ;
#4857 = VERTEX_POINT ( 'NONE', #113 ) ;
#4858 = ORIENTED_EDGE ( 'NONE', *, *, #1468, .T. ) ;
#4859 = ORIENTED_EDGE ( 'NONE', *, *, #5305, .T. ) ;
#4860 = CARTESIAN_POINT ( 'NONE',  ( 0.000000000000000000, 4.817775930697243858, -37.00729228278811433 ) ) ;
#4861 = CARTESIAN_POINT ( 'NONE',  ( 18.99999999999999645, 3.000000000000000000, -10.00000000000000178 ) ) ;
#4862 = CARTESIAN_POINT ( 'NONE',  ( 36.73803767173210133, 8.496550275498785609, -5.582080618730985933 ) ) ;
#4863 = CARTESIAN_POINT ( 'NONE',  ( 16.03479197793697608, 6.114090233777869088, -1.992839061061341788 ) ) ;
#4864 = VECTOR ( 'NONE', #3228, 1000.000000000000000 ) ;
#4865 = PLANE ( 'NONE',  #291 ) ;
#4866 = EDGE_CURVE ( 'NONE', #2522, #5197, #602, .T. ) ;
#4867 = CARTESIAN_POINT ( 'NONE',  ( 0.000000000000000000, 3.668037424472875507, -2.000000000000018652 ) ) ;
#4868 = DIRECTION ( 'NONE',  ( -1.000000000000000000, 0.000000000000000000, -4.548635683951871360E-16 ) ) ;
#4869 = CIRCLE ( 'NONE', #279, 4.000000000000000000 ) ;
#4870 = ADVANCED_FACE ( 'NONE', ( #5549 ), #4605, .F. ) ;
#4871 = EDGE_CURVE ( 'NONE', #4889, #1662, #1346, .T. ) ;
#4872 = CARTESIAN_POINT ( 'NONE',  ( 8.908522698523038759E-15, 5.213520440151566682, -37.11592128549142444 ) ) ;
#4873 = CARTESIAN_POINT ( 'NONE',  ( 12.96681661404887542, 10.24039285842756186, -6.926851886517747303 ) ) ;
#4874 = CARTESIAN_POINT ( 'NONE',  ( 48.00000000000000000, 4.000000000000000000, -1.999999999999994893 ) ) ;
#4875 = CARTESIAN_POINT ( 'NONE',  ( -8.384865246874510392E-15, 4.231486859628938113, -1.708895120076531882 ) ) ;
#4876 = ORIENTED_EDGE ( 'NONE', *, *, #4647, .F. ) ;
#4877 = DIRECTION ( 'NONE',  ( 0.000000000000000000, 1.000000000000000000, 0.000000000000000000 ) ) ;
#4878 = VECTOR ( 'NONE', #4787, 1000.000000000000000 ) ;
#4879 = CARTESIAN_POINT ( 'NONE',  ( 16.67811770485225864, 6.012595956004354925, -38.05736221716480117 ) ) ;
#4880 = VERTEX_POINT ( 'NONE', #1067 ) ;
#4881 = DIRECTION ( 'NONE',  ( -0.000000000000000000, 1.000000000000000000, -0.000000000000000000 ) ) ;
#4882 = CIRCLE ( 'NONE', #4394, 0.9999999999999991118 ) ;
#4883 = VERTEX_POINT ( 'NONE', #4631 ) ;
#4884 = PLANE ( 'NONE',  #5112 ) ;
#4885 = CARTESIAN_POINT ( 'NONE',  ( 50.00000000000000000, 12.35574913286525423, -8.974201173669840159 ) ) ;
#4886 = CARTESIAN_POINT ( 'NONE',  ( 36.99999999999990763, 9.715794498202598106, -7.738459195587493511 ) ) ;
#4887 = ORIENTED_EDGE ( 'NONE', *, *, #1900, .F. ) ;
#4888 = EDGE_CURVE ( 'NONE', #599, #5088, #5217, .T. ) ;
#4889 = VERTEX_POINT ( 'NONE', #518 ) ;
#4890 = DIRECTION ( 'NONE',  ( 0.000000000000000000, 0.000000000000000000, -1.000000000000000000 ) ) ;
#4891 = ADVANCED_FACE ( 'NONE', ( #3715 ), #1861, .F. ) ;
#4892 = ORIENTED_EDGE ( 'NONE', *, *, #4793, .F. ) ;
#4893 = CARTESIAN_POINT ( 'NONE',  ( 48.00000000000000000, 4.000000000000000000, -1.999999999999996669 ) ) ;
#4894 = CARTESIAN_POINT ( 'NONE',  ( 50.00000000000001421, 4.192327909370972883, -38.01915901841888257 ) ) ;
#4895 = CARTESIAN_POINT ( 'NONE',  ( 34.26080073720072505, 6.191980021324312133, -2.194894668653456726 ) ) ;
#4896 = AXIS2_PLACEMENT_3D ( 'NONE', #2362, #4207, #4156 ) ;
#4897 = ORIENTED_EDGE ( 'NONE', *, *, #1889, .F. ) ;
#4898 = DIRECTION ( 'NONE',  ( 0.000000000000000000, 0.000000000000000000, 1.000000000000000000 ) ) ;
#4899 = CARTESIAN_POINT ( 'NONE',  ( 1.999999999999999556, 6.000000000000000000, -1.999999999999999556 ) ) ;
#4900 = FACE_OUTER_BOUND ( 'NONE', #1959, .T. ) ;
#4901 = COORDINATED_UNIVERSAL_TIME_OFFSET ( 6, 0, .BEHIND. ) ;
#4902 = CARTESIAN_POINT ( 'NONE',  ( 0.8005103001229479931, 8.198503771507585469, -33.62713071883253946 ) ) ;
#4903 = CARTESIAN_POINT ( 'NONE',  ( 14.64910032032091536, 6.756393970852876407, -3.942780487817003632 ) ) ;
#4904 = CARTESIAN_POINT ( 'NONE',  ( 37.71795517330754421, 8.991788801432543110, -33.01127094891734259 ) ) ;
#4905 = CARTESIAN_POINT ( 'NONE',  ( -8.547064196590979134E-15, 5.105365205714285537, -2.337747800811189158 ) ) ;
#4906 = DIRECTION ( 'NONE',  ( 0.000000000000000000, -0.5237712312700681938, 0.8518589656121703380 ) ) ;
#4907 = CARTESIAN_POINT ( 'NONE',  ( 16.99999999999999645, 10.00000000000000178, -30.45000000000002771 ) ) ;
#4908 = EDGE_CURVE ( 'NONE', #762, #2616, #2190, .T. ) ;
#4909 = ORIENTED_EDGE ( 'NONE', *, *, #5562, .F. ) ;
#4910 = CARTESIAN_POINT ( 'NONE',  ( 33.55820981854481033, 6.000000000000000000, -13.63447499974243726 ) ) ;
#4911 = VERTEX_POINT ( 'NONE', #5235 ) ;
#4912 = CARTESIAN_POINT ( 'NONE',  ( 33.31399483449666832, 5.985037865337742069, -38.27709060787440620 ) ) ;
#4913 = PLANE ( 'NONE',  #1907 ) ;
#4914 = CARTESIAN_POINT ( 'NONE',  ( 49.73098184970547209, 5.345495903284654737, -2.176066523226954708 ) ) ;
#4915 = DIRECTION ( 'NONE',  ( 1.000000000000000000, 0.000000000000000000, 0.000000000000000000 ) ) ;
#4916 = ORIENTED_EDGE ( 'NONE', *, *, #577, .F. ) ;
#4917 = AXIS2_PLACEMENT_3D ( 'NONE', #3450, #5745, #5250 ) ;
#4918 = DIRECTION ( 'NONE',  ( 1.000000000000000000, 0.000000000000000000, 0.000000000000000000 ) ) ;
#4919 = ORIENTED_EDGE ( 'NONE', *, *, #4599, .T. ) ;
#4920 = ORIENTED_EDGE ( 'NONE', *, *, #2755, .T. ) ;
#4921 = ORIENTED_EDGE ( 'NONE', *, *, #4793, .T. ) ;
#4922 = CARTESIAN_POINT ( 'NONE',  ( 34.94085268768482422, 6.502201077326033918, -10.74813271192835984 ) ) ;
#4923 = CARTESIAN_POINT ( 'NONE',  ( 50.00000000000000000, 4.466773127691472389, -37.66011618789129045 ) ) ;
#4924 = CARTESIAN_POINT ( 'NONE',  ( 37.32172283635654964, 8.205086013825701130, -5.284660622120111562 ) ) ;
#4925 = CIRCLE ( 'NONE', #2844, 1.000000000000000888 ) ;
#4926 = ADVANCED_FACE ( 'NONE', ( #716 ), #1151, .F. ) ;
#4927 = ORIENTED_EDGE ( 'NONE', *, *, #3507, .T. ) ;
#4928 = EDGE_CURVE ( 'NONE', #4987, #5698, #3788, .T. ) ;
#4929 = CIRCLE ( 'NONE', #1634, 0.9999999999999991118 ) ;
#4930 = CARTESIAN_POINT ( 'NONE',  ( 37.00000000000000711, 10.00000000000000178, -29.54999999999997584 ) ) ;
#4931 = CARTESIAN_POINT ( 'NONE',  ( 1.999999999999999556, 4.000000000000000000, -38.00000000000000000 ) ) ;
#4932 =( BOUNDED_CURVE ( )  B_SPLINE_CURVE ( 3, ( #2932, #1642, #760, #4255 ),
 .UNSPECIFIED., .F., .F. ) 
 B_SPLINE_CURVE_WITH_KNOTS ( ( 4, 4 ),
 ( 1.570796326794896558, 3.141592653589793116 ),
 .UNSPECIFIED. ) 
 CURVE ( )  GEOMETRIC_REPRESENTATION_ITEM ( )  RATIONAL_B_SPLINE_CURVE ( ( 1.000000000000000000, 0.8047378541243649375, 0.8047378541243649375, 1.000000000000000000 ) ) 
 REPRESENTATION_ITEM ( '' )  );
#4933 = CARTESIAN_POINT ( 'NONE',  ( 50.00000000000000000, 8.535892702959619882, -33.09613048308837335 ) ) ;
#4934 = COORDINATED_UNIVERSAL_TIME_OFFSET ( 6, 0, .BEHIND. ) ;
#4935 = LOCAL_TIME ( 13, 41, 10.00000000000000000, #930 ) ;
#4936 = CARTESIAN_POINT ( 'NONE',  ( 2.927345865710861972E-15, 10.27073459080213169, -31.85883470545022789 ) ) ;
#4937 = CARTESIAN_POINT ( 'NONE',  ( -3.851859888774471706E-31, 31.00000000000000000, -8.380652189041544631 ) ) ;
#4938 = CARTESIAN_POINT ( 'NONE',  ( 15.05915750392061092, 6.502195292185406927, -10.74822272887333163 ) ) ;
#4939 = CARTESIAN_POINT ( 'NONE',  ( 0.05092884685224996488, 4.155154805451746647, -1.527806608251961906 ) ) ;
#4940 = CARTESIAN_POINT ( 'NONE',  ( 16.99560702249947042, 5.907377054727025012, -1.398405705555089584 ) ) ;
#4941 = CARTESIAN_POINT ( 'NONE',  ( 16.81676349643083412, 5.993956274106679416, -38.20376515551274821 ) ) ;
#4942 = ORIENTED_EDGE ( 'NONE', *, *, #2079, .F. ) ;
#4943 = DIRECTION ( 'NONE',  ( 0.000000000000000000, -0.000000000000000000, -1.000000000000000000 ) ) ;
#4944 = VERTEX_POINT ( 'NONE', #395 ) ;
#4945 = EDGE_CURVE ( 'NONE', #5220, #1488, #1535, .T. ) ;
#4946 = DIRECTION ( 'NONE',  ( 1.000000000000000000, 0.000000000000000000, 0.000000000000000000 ) ) ;
#4947 = CARTESIAN_POINT ( 'NONE',  ( 48.00000000000000000, 4.000000000000000000, -40.38065218904154818 ) ) ;
#4948 = CARTESIAN_POINT ( 'NONE',  ( 50.00000000000000000, 7.314102323707107445, -4.847946138934646321 ) ) ;
#4949 = CARTESIAN_POINT ( 'NONE',  ( 50.00000000000000711, 6.376258602795784824, -4.915784611526058612 ) ) ;
#4950 = EDGE_CURVE ( 'NONE', #1567, #3202, #4210, .T. ) ;
#4951 = VERTEX_POINT ( 'NONE', #2182 ) ;
#4952 = CARTESIAN_POINT ( 'NONE',  ( 49.60381325588099344, 5.782701059611348171, -2.646319654832085533 ) ) ;
#4953 = VERTEX_POINT ( 'NONE', #1593 ) ;
#4954 = EDGE_CURVE ( 'NONE', #1469, #4767, #2746, .T. ) ;
#4955 = CARTESIAN_POINT ( 'NONE',  ( 0.000000000000000000, 15.71889479237746556, -29.38065218904154818 ) ) ;
#4956 = LINE ( 'NONE', #1329, #1188 ) ;
#4957 = CARTESIAN_POINT ( 'NONE',  ( 36.36519913471502718, 7.123576327888241799, -3.939907801913659746 ) ) ;
#4958 = ORIENTED_EDGE ( 'NONE', *, *, #5143, .T. ) ;
#4959 = DIRECTION ( 'NONE',  ( 1.000000000000000000, 0.000000000000000000, -4.309871990004489305E-16 ) ) ;
#4960 = CARTESIAN_POINT ( 'NONE',  ( 16.13357613800532064, 6.093253999093152906, -32.79429562179823421 ) ) ;
#4961 = EDGE_CURVE ( 'NONE', #2239, #5326, #4831, .T. ) ;
#4962 = CARTESIAN_POINT ( 'NONE',  ( 49.99999999999883471, 5.504837664435704880, -36.70274660827603697 ) ) ;
#4963 = EDGE_CURVE ( 'NONE', #1205, #5510, #5201, .T. ) ;
#4964 = CIRCLE ( 'NONE', #730, 4.000000000000003553 ) ;
#4965 = CARTESIAN_POINT ( 'NONE',  ( 0.000000000000000000, 7.949457746498927335, -32.48724716531248902 ) ) ;
#4966 = CARTESIAN_POINT ( 'NONE',  ( 49.10541899801879140, 9.904568767726571465, -32.19668458999828431 ) ) ;
#4967 = CARTESIAN_POINT ( 'NONE',  ( 0.05074180290412447225, 3.926913210987225789, -1.527313405950364356 ) ) ;
#4968 = ORIENTED_EDGE ( 'NONE', *, *, #5758, .T. ) ;
#4969 = CARTESIAN_POINT ( 'NONE',  ( 28.65689548237078199, 4.094353780920545027, -26.74747999982955449 ) ) ;
#4970 = DIRECTION ( 'NONE',  ( -1.000000000000000000, 0.000000000000000000, 4.003208021484940018E-16 ) ) ;
#4971 = EDGE_LOOP ( 'NONE', ( #4570, #2372, #1958, #2846, #2214 ) ) ;
#4972 = DIRECTION ( 'NONE',  ( 1.000000000000000000, 0.000000000000000000, 0.000000000000000000 ) ) ;
#4973 = ORIENTED_EDGE ( 'NONE', *, *, #4159, .F. ) ;
#4974 = AXIS2_PLACEMENT_3D ( 'NONE', #4059, #474, #2315 ) ;
#4975 = CARTESIAN_POINT ( 'NONE',  ( 4.949999999999999289, 6.000000000000000000, -14.35565218904154960 ) ) ;
#4976 = DIRECTION ( 'NONE',  ( 1.000000000000000000, 0.000000000000000000, -4.525365589504712316E-16 ) ) ;
#4977 = CARTESIAN_POINT ( 'NONE',  ( 49.89399733431087469, 3.351359019916145598, -1.676703629174737031 ) ) ;
#4978 = CARTESIAN_POINT ( 'NONE',  ( 12.99999999999991473, 7.674061981583360392, -10.15219638072636066 ) ) ;
#4979 = AXIS2_PLACEMENT_3D ( 'NONE', #5617, #1575, #4708 ) ;
#4980 = VERTEX_POINT ( 'NONE', #2045 ) ;
#4981 = CARTESIAN_POINT ( 'NONE',  ( 3.949999999999997957, 31.00000000000000000, -24.40565218904154676 ) ) ;
#4982 = CARTESIAN_POINT ( 'NONE',  ( 33.16575845482297069, 5.973078846742000181, -38.33354180019767199 ) ) ;
#4983 = CARTESIAN_POINT ( 'NONE',  ( 15.74874848334108890, 6.198806914856916706, -2.519193431411500317 ) ) ;
#4984 = FACE_OUTER_BOUND ( 'NONE', #967, .T. ) ;
#4985 = VECTOR ( 'NONE', #2357, 1000.000000000000000 ) ;
#4986 = ADVANCED_FACE ( 'NONE', ( #1122 ), #2452, .F. ) ;
#4987 = VERTEX_POINT ( 'NONE', #5138 ) ;
#4988 = CARTESIAN_POINT ( 'NONE',  ( 13.04614420134963915, 9.154314655206700735, -32.86268004645599916 ) ) ;
#4989 = EDGE_CURVE ( 'NONE', #5066, #1056, #1251, .T. ) ;
#4990 = CARTESIAN_POINT ( 'NONE',  ( -0.000000000000000000, 10.64280684552137757, -8.332917499648372583 ) ) ;
#4991 = CARTESIAN_POINT ( 'NONE',  ( 50.00000000000000000, 10.63486572680876563, -30.58801676520297974 ) ) ;
#4992 = DIRECTION ( 'NONE',  ( 0.000000000000000000, 0.000000000000000000, 1.000000000000000000 ) ) ;
#4993 = EDGE_CURVE ( 'NONE', #3844, #41, #821, .T. ) ;
#4994 = CARTESIAN_POINT ( 'NONE',  ( 1.141025665541417456E-12, 14.51965705349797098, -30.42331240336750042 ) ) ;
#4995 = CARTESIAN_POINT ( 'NONE',  ( 49.04071294921513413, 12.37776688256523272, -30.94263354878997774 ) ) ;
#4996 = CARTESIAN_POINT ( 'NONE',  ( 18.20786692625429382, 5.717078151971128896, -6.074347359853367934 ) ) ;
#4997 = VERTEX_POINT ( 'NONE', #3802 ) ;
#4998 = CARTESIAN_POINT ( 'NONE',  ( 11.99999999999999822, 31.00000000000000000, -14.35565218904154960 ) ) ;
#4999 = DIRECTION ( 'NONE',  ( 0.000000000000000000, 0.000000000000000000, 1.000000000000000000 ) ) ;
#5000 = VECTOR ( 'NONE', #991, 1000.000000000000000 ) ;
#5001 = ADVANCED_FACE ( 'NONE', ( #2615 ), #2485, .T. ) ;
#5002 = ADVANCED_FACE ( 'NONE', ( #690 ), #3235, .T. ) ;
#5003 = ORIENTED_EDGE ( 'NONE', *, *, #1889, .T. ) ;
#5004 = DIRECTION ( 'NONE',  ( 0.000000000000000000, 0.000000000000000000, -1.000000000000000000 ) ) ;
#5005 = EDGE_LOOP ( 'NONE', ( #5415, #2500, #5189 ) ) ;
#5006 = CARTESIAN_POINT ( 'NONE',  ( 16.99999999999999645, 5.960247257326453330, -38.39677536484025921 ) ) ;
#5007 = DIRECTION ( 'NONE',  ( 0.000000000000000000, 0.000000000000000000, -1.000000000000000000 ) ) ;
#5008 = CARTESIAN_POINT ( 'NONE',  ( 49.91135224735471354, 3.456080006600847909, -1.628910544971163388 ) ) ;
#5009 = CARTESIAN_POINT ( 'NONE',  ( 12.99999999999999822, 9.999999996184003592, -9.700001847311245484 ) ) ;
#5010 = ORIENTED_EDGE ( 'NONE', *, *, #1607, .F. ) ;
#5011 = ORIENTED_EDGE ( 'NONE', *, *, #4673, .T. ) ;
#5012 = ORIENTED_EDGE ( 'NONE', *, *, #5633, .F. ) ;
#5013 = B_SPLINE_CURVE_WITH_KNOTS ( 'NONE', 3,
 ( #316, #5726, #3917, #1180, #4813, #2976, #3974, #1208, #775, #5783, #3540, #4349, #342, #2131, #1678, #3486, #3653, #3129, #3682, #2216 ),
 .UNSPECIFIED., .F., .F.,
 ( 4, 2, 2, 2, 2, 2, 2, 2, 2, 4 ),
 ( 3.469446951953614189E-18, 0.0002917581753249193850, 0.0005835163506498353006, 0.001167032701299667132, 0.002334065402599340769, 0.003501098103899014189, 0.004668130805198686742, 0.007002196207798014500, 0.008169228909097669272, 0.009336261610397324912 ),
 .UNSPECIFIED. ) ;
#5014 = DIRECTION ( 'NONE',  ( 0.000000000000000000, 0.000000000000000000, -1.000000000000000000 ) ) ;
#5015 = CARTESIAN_POINT ( 'NONE',  ( 31.00000000000000000, 3.000000000000000000, -9.999999999999998224 ) ) ;
#5016 = CARTESIAN_POINT ( 'NONE',  ( 33.61152254003025064, 5.981995455074956780, -1.625096302566772621 ) ) ;
#5017 = ORIENTED_EDGE ( 'NONE', *, *, #3046, .T. ) ;
#5018 = CARTESIAN_POINT ( 'NONE',  ( 14.97274303990768551, 6.360914583061963334, -36.95624476543014225 ) ) ;
#5019 = ADVANCED_FACE ( 'NONE', ( #1375 ), #3643, .T. ) ;
#5020 = AXIS2_PLACEMENT_3D ( 'NONE', #3329, #3357, #2384 ) ;
#5021 = CARTESIAN_POINT ( 'NONE',  ( 36.50533484704475740, 8.060092037044528368, -6.077997359601980953 ) ) ;
#5022 = CARTESIAN_POINT ( 'NONE',  ( 49.84771213220096087, 5.016393643725274742, -37.78355737629596689 ) ) ;
#5023 = B_SPLINE_CURVE_WITH_KNOTS ( 'NONE', 3,
 ( #2086, #3809, #3315, #2892, #3750, #1632, #5553, #721, #5115, #2924, #1515, #634, #263, #5645 ),
 .UNSPECIFIED., .F., .F.,
 ( 4, 2, 2, 2, 2, 2, 4 ),
 ( 0.000000000000000000, 0.001289170229942107745, 0.002578340459884215490, 0.003222925574855269905, 0.003867510689826324753, 0.004512095804797378734, 0.005156680919768433582 ),
 .UNSPECIFIED. ) ;
#5024 = AXIS2_PLACEMENT_3D ( 'NONE', #2518, #2051, #4243 ) ;
#5025 = CARTESIAN_POINT ( 'NONE',  ( 0.05894748691624509401, 4.533478366614790644, -38.16013292061580131 ) ) ;
#5026 = CARTESIAN_POINT ( 'NONE',  ( 49.90686130579452140, 4.000000000000000000, -1.396775364840249445 ) ) ;
#5027 = CARTESIAN_POINT ( 'NONE',  ( 16.17068468156414696, 6.038839127223183390, -38.03878490047102900 ) ) ;
#5028 = AXIS2_PLACEMENT_3D ( 'NONE', #938, #3527, #2202 ) ;
#5029 = CARTESIAN_POINT ( 'NONE',  ( 30.04960111755560703, 4.664394129549615187, -26.10688451370192453 ) ) ;
#5030 = LINE ( 'NONE', #3316, #2205 ) ;
#5031 = ORIENTED_EDGE ( 'NONE', *, *, #3729, .T. ) ;
#5032 = ADVANCED_FACE ( 'NONE', ( #45 ), #4069, .F. ) ;
#5033 = LOCAL_TIME ( 13, 41, 10.00000000000000000, #5080 ) ;
#5034 = ADVANCED_FACE ( 'NONE', ( #2734 ), #4003, .T. ) ;
#5035 = VERTEX_POINT ( 'NONE', #4466 ) ;
#5036 = ADVANCED_FACE ( 'NONE', ( #1817 ), #4496, .T. ) ;
#5037 = CARTESIAN_POINT ( 'NONE',  ( 33.10608955647798268, 5.981034004438615881, -38.28517382260123725 ) ) ;
#5038 = CARTESIAN_POINT ( 'NONE',  ( 22.97142626585509717, 3.680189175137877466, -9.449992966685767826 ) ) ;
#5039 = CARTESIAN_POINT ( 'NONE',  ( 49.96651930184456347, 3.965354721433001828, -38.36578866769637841 ) ) ;
#5040 = CARTESIAN_POINT ( 'NONE',  ( 49.00000000000000000, 30.00000000000000000, 0.000000000000000000 ) ) ;
#5041 = EDGE_CURVE ( 'NONE', #1497, #47, #4722, .T. ) ;
#5042 = EDGE_CURVE ( 'NONE', #3672, #769, #673, .T. ) ;
#5043 = ORIENTED_EDGE ( 'NONE', *, *, #543, .T. ) ;
#5044 = CARTESIAN_POINT ( 'NONE',  ( 49.20273295475613651, 8.034248909926551718, -5.306507626354295404 ) ) ;
#5045 = EDGE_LOOP ( 'NONE', ( #2837, #954, #1986, #46, #5068, #1850 ) ) ;
#5046 = DIRECTION ( 'NONE',  ( -1.000000000000000000, 0.000000000000000000, 0.000000000000000000 ) ) ;
#5047 = CARTESIAN_POINT ( 'NONE',  ( 1.000000000000000444, 15.39738221800560147, -8.380652189041544631 ) ) ;
#5048 = CARTESIAN_POINT ( 'NONE',  ( 15.56849901187759144, 6.263848815127808223, -27.93880572240759719 ) ) ;
#5049 = ORIENTED_EDGE ( 'NONE', *, *, #2499, .T. ) ;
#5050 = EDGE_LOOP ( 'NONE', ( #111, #1950, #980, #5663, #1698, #2122 ) ) ;
#5051 = CARTESIAN_POINT ( 'NONE',  ( 12.96226147487178970, 10.24854939590882807, -32.03128453359806826 ) ) ;
#5052 = CARTESIAN_POINT ( 'NONE',  ( 12.88816211075827312, 7.860093313558015105, -4.931519853752516447 ) ) ;
#5053 = CARTESIAN_POINT ( 'NONE',  ( 0.000000000000000000, 15.39738221800560147, -9.380652189041546407 ) ) ;
#5054 = CARTESIAN_POINT ( 'NONE',  ( 49.58064153362010984, 5.952950444392159035, -36.57748693655216954 ) ) ;
#5055 = ORIENTED_EDGE ( 'NONE', *, *, #3977, .F. ) ;
#5056 = CARTESIAN_POINT ( 'NONE',  ( 0.02202138863005071931, 3.908958639406199698, -38.30814464952928944 ) ) ;
#5057 = CARTESIAN_POINT ( 'NONE',  ( 12.99999999999999822, 10.00000000000000178, -30.45000000000002771 ) ) ;
#5058 = CARTESIAN_POINT ( 'NONE',  ( 12.99999999999999822, 9.999687487792014551, -30.15000003617181434 ) ) ;
#5059 = CARTESIAN_POINT ( 'NONE',  ( 15.13277227288791060, 6.460608353933982251, -8.931836148825970767 ) ) ;
#5060 = ORIENTED_EDGE ( 'NONE', *, *, #1278, .T. ) ;
#5061 = ORIENTED_EDGE ( 'NONE', *, *, #5107, .F. ) ;
#5062 = CARTESIAN_POINT ( 'NONE',  ( 33.07171575028797150, 5.974660002377218504, -38.32138772456214326 ) ) ;
#5063 = CARTESIAN_POINT ( 'NONE',  ( 22.11086584944541045, 3.867658558006945135, -7.470844591069209173 ) ) ;
#5064 = CARTESIAN_POINT ( 'NONE',  ( 50.00000000000000000, 3.849653321503883507, -1.873898621859840574 ) ) ;
#5065 = CYLINDRICAL_SURFACE ( 'NONE', #3325, 1.000000000000000888 ) ;
#5066 = VERTEX_POINT ( 'NONE', #1494 ) ;
#5067 = CARTESIAN_POINT ( 'NONE',  ( 38.00000000000000711, 31.00000000000000000, -8.380652189041549960 ) ) ;
#5068 = ORIENTED_EDGE ( 'NONE', *, *, #3821, .F. ) ;
#5069 = CARTESIAN_POINT ( 'NONE',  ( 0.000000000000000000, 3.818512714174645772, -38.02835005221632514 ) ) ;
#5070 = CARTESIAN_POINT ( 'NONE',  ( 0.9025540521602392063, 9.919337893592661715, -6.802382734848291257 ) ) ;
#5071 = DIRECTION ( 'NONE',  ( 0.000000000000000000, 0.000000000000000000, 1.000000000000000000 ) ) ;
#5072 = VECTOR ( 'NONE', #152, 1000.000000000000000 ) ;
#5073 = ORIENTED_EDGE ( 'NONE', *, *, #5395, .F. ) ;
#5074 = EDGE_CURVE ( 'NONE', #2290, #1169, #1466, .T. ) ;
#5075 = AXIS2_PLACEMENT_3D ( 'NONE', #1437, #4618, #3727 ) ;
#5076 = CARTESIAN_POINT ( 'NONE',  ( 15.18806890018207234, 6.419494512243973716, -36.79473684883526374 ) ) ;
#5077 = CARTESIAN_POINT ( 'NONE',  ( 33.73056105749309808, 5.997978788787623472, -1.670968380821967969 ) ) ;
#5078 = CARTESIAN_POINT ( 'NONE',  ( 0.000000000000000000, 5.830582995071061703, -4.171838936094129480 ) ) ;
#5079 = CARTESIAN_POINT ( 'NONE',  ( 50.00000000000000000, 3.954041121159833860, -38.10089387832866947 ) ) ;
#5080 = COORDINATED_UNIVERSAL_TIME_OFFSET ( 6, 0, .BEHIND. ) ;
#5081 = CIRCLE ( 'NONE', #2913, 10.00000000000000178 ) ;
#5082 = CARTESIAN_POINT ( 'NONE',  ( 0.000000000000000000, 4.219209352297966120, -38.00255608344377123 ) ) ;
#5083 = AXIS2_PLACEMENT_3D ( 'NONE', #2554, #705, #336 ) ;
#5084 = CARTESIAN_POINT ( 'NONE',  ( 15.02107591236171302, 6.523502891031877304, -30.15327521657007992 ) ) ;
#5085 = CARTESIAN_POINT ( 'NONE',  ( 38.00000000000000711, 31.00000000000000000, -30.38065218904154818 ) ) ;
#5086 = CARTESIAN_POINT ( 'NONE',  ( 15.35299750508418626, 6.354032999472141618, -8.349725536409364324 ) ) ;
#5087 = AXIS2_PLACEMENT_3D ( 'NONE', #1581, #4972, #2670 ) ;
#5088 = VERTEX_POINT ( 'NONE', #4252 ) ;
#5089 = ORIENTED_EDGE ( 'NONE', *, *, #4593, .T. ) ;
#5090 = CARTESIAN_POINT ( 'NONE',  ( 31.00000000000000000, 0.000000000000000000, -9.999999999999998224 ) ) ;
#5091 = CARTESIAN_POINT ( 'NONE',  ( 22.11955408134270584, 3.865438586383484587, -12.51816085592548156 ) ) ;
#5092 = EDGE_CURVE ( 'NONE', #2276, #1676, #4545, .T. ) ;
#5093 = CARTESIAN_POINT ( 'NONE',  ( 49.89312833920190826, 4.653798489526510096, -1.679119755258106306 ) ) ;
#5094 = FACE_OUTER_BOUND ( 'NONE', #2945, .T. ) ;
#5095 = AXIS2_PLACEMENT_3D ( 'NONE', #5282, #3511, #2510 ) ;
#5096 = B_SPLINE_CURVE_WITH_KNOTS ( 'NONE', 3,
 ( #3673, #2264, #1905, #1814, #3232, #5474, #3640, #5037, #2703, #5062, #968, #4582, #5446, #1406, #995, #502, #3701, #2291, #2786 ),
 .UNSPECIFIED., .F., .F.,
 ( 4, 3, 3, 3, 3, 3, 4 ),
 ( 0.000000000000000000, 0.0002379218645778073378, 0.0003695007026624333750, 0.0004449926208611494497, 0.0004887965303622544399, 0.0005370786836685292019, 0.0005500240888369543717 ),
 .UNSPECIFIED. ) ;
#5097 = VERTEX_POINT ( 'NONE', #1997 ) ;
#5098 = CARTESIAN_POINT ( 'NONE',  ( 37.00000000000000711, 9.999687473066284582, -30.14998429217109077 ) ) ;
#5099 = ORIENTED_EDGE ( 'NONE', *, *, #3265, .F. ) ;
#5100 = DIRECTION ( 'NONE',  ( -1.000000000000000000, 0.000000000000000000, 4.003208021484940018E-16 ) ) ;
#5101 = CARTESIAN_POINT ( 'NONE',  ( 36.16554799425308175, 6.996261724350497424, -35.55590297770623920 ) ) ;
#5102 = CARTESIAN_POINT ( 'NONE',  ( 33.00000000000000000, 6.000000000000000000, -6.535898384862237620 ) ) ;
#5103 = CARTESIAN_POINT ( 'NONE',  ( 16.47472738450770180, 6.027977112002408155, -26.88233988119043616 ) ) ;
#5104 = ORIENTED_EDGE ( 'NONE', *, *, #1139, .F. ) ;
#5105 = ORIENTED_EDGE ( 'NONE', *, *, #2135, .F. ) ;
#5106 = DIRECTION ( 'NONE',  ( 0.000000000000000000, -0.000000000000000000, 1.000000000000000000 ) ) ;
#5107 = EDGE_CURVE ( 'NONE', #4205, #4767, #2568, .T. ) ;
#5108 = DIRECTION ( 'NONE',  ( 0.000000000000000000, 0.000000000000000000, -1.000000000000000000 ) ) ;
#5109 = CARTESIAN_POINT ( 'NONE',  ( 49.97591194198781039, 4.155311702086483372, -38.29984939434357472 ) ) ;
#5110 = ADVANCED_FACE ( 'NONE', ( #3728 ), #5065, .T. ) ;
#5111 = ORIENTED_EDGE ( 'NONE', *, *, #4101, .F. ) ;
#5112 = AXIS2_PLACEMENT_3D ( 'NONE', #5417, #2704, #1783 ) ;
#5113 = CARTESIAN_POINT ( 'NONE',  ( 17.84108946836182241, 6.000000000000000000, -14.35565218904155671 ) ) ;
#5114 = CARTESIAN_POINT ( 'NONE',  ( 11.99999999999999645, 10.52377123126674086, -31.86206253291449286 ) ) ;
#5115 = CARTESIAN_POINT ( 'NONE',  ( 18.44557054448432964, 5.549214608515991465, -39.27640721483226827 ) ) ;
#5116 = CARTESIAN_POINT ( 'NONE',  ( 31.00000000000000000, 3.000000000000000000, -9.999999999999998224 ) ) ;
#5117 = VECTOR ( 'NONE', #1109, 1000.000000000000000 ) ;
#5118 = VERTEX_POINT ( 'NONE', #3350 ) ;
#5119 = ORIENTED_EDGE ( 'NONE', *, *, #3067, .T. ) ;
#5120 = CIRCLE ( 'NONE', #5784, 1.000000000000000888 ) ;
#5121 = EDGE_CURVE ( 'NONE', #4581, #5220, #4223, .T. ) ;
#5122 = CARTESIAN_POINT ( 'NONE',  ( 16.26943894250690548, 5.997978788787621696, -1.670968380821959975 ) ) ;
#5123 = CARTESIAN_POINT ( 'NONE',  ( 21.33308492157530267, 4.097754388825628702, -6.740470459603420395 ) ) ;
#5124 = CARTESIAN_POINT ( 'NONE',  ( 16.51172465657452548, 5.965447022398070231, -1.577602393448585882 ) ) ;
#5125 = CARTESIAN_POINT ( 'NONE',  ( 2.000000000000014211, 0.000000000000000000, 0.000000000000000000 ) ) ;
#5126 = PRODUCT_DEFINITION_FORMATION_WITH_SPECIFIED_SOURCE ( 'ANY', '', #2275, .NOT_KNOWN. ) ;
#5127 = ORIENTED_EDGE ( 'NONE', *, *, #5532, .F. ) ;
#5128 = DIRECTION ( 'NONE',  ( 0.000000000000000000, 0.000000000000000000, 1.000000000000000000 ) ) ;
#5129 = EDGE_CURVE ( 'NONE', #5421, #5118, #859, .T. ) ;
#5130 = CARTESIAN_POINT ( 'NONE',  ( 0.05436082429987399572, 3.838656390135933183, -1.536871294367391672 ) ) ;
#5131 = CARTESIAN_POINT ( 'NONE',  ( 49.99999999999998579, 7.523458616064690574, -32.91210520950293272 ) ) ;
#5132 = LINE ( 'NONE', #681, #3846 ) ;
#5133 = ORIENTED_EDGE ( 'NONE', *, *, #4408, .F. ) ;
#5134 = VERTEX_POINT ( 'NONE', #5125 ) ;
#5135 = DIRECTION ( 'NONE',  ( 1.000000000000000000, 0.000000000000000000, 0.000000000000000000 ) ) ;
#5136 = CARTESIAN_POINT ( 'NONE',  ( 28.35410196624968648, 4.000000000000000000, -40.00000000000000000 ) ) ;
#5137 = CARTESIAN_POINT ( 'NONE',  ( 49.48018514635381848, 6.335351596559124943, -36.01067623869992929 ) ) ;
#5138 = CARTESIAN_POINT ( 'NONE',  ( 18.99999999999999645, 3.000000000000000000, -14.00000000000000178 ) ) ;
#5139 = EDGE_CURVE ( 'NONE', #3115, #5421, #614, .T. ) ;
#5140 = CARTESIAN_POINT ( 'NONE',  ( 50.00000000000000000, 4.078568582613849358, -38.09176912150872596 ) ) ;
#5141 = ADVANCED_FACE ( 'NONE', ( #5094 ), #2842, .F. ) ;
#5142 = CARTESIAN_POINT ( 'NONE',  ( 2.015164882512152264E-13, 3.666552382790492004, -38.10427915759229478 ) ) ;
#5143 = EDGE_CURVE ( 'NONE', #506, #2522, #3758, .T. ) ;
#5144 = CARTESIAN_POINT ( 'NONE',  ( 27.88913415055458245, 3.867658558006941583, -12.52915540893079793 ) ) ;
#5145 = CYLINDRICAL_SURFACE ( 'NONE', #2735, 1.000000000000000888 ) ;
#5146 = CARTESIAN_POINT ( 'NONE',  ( 45.46421356237308942, 30.99999999999999645, -13.94143862666845379 ) ) ;
#5147 = ADVANCED_FACE ( 'NONE', ( #2351 ), #4711, .T. ) ;
#5148 = ORIENTED_EDGE ( 'NONE', *, *, #1394, .F. ) ;
#5149 = EDGE_LOOP ( 'NONE', ( #4471, #1755, #441, #710 ) ) ;
#5150 = DIRECTION ( 'NONE',  ( 0.000000000000000000, 0.000000000000000000, 1.000000000000000000 ) ) ;
#5151 = CARTESIAN_POINT ( 'NONE',  ( 37.00000000000000711, 10.00000000000000000, -29.70000003617179019 ) ) ;
#5152 = CARTESIAN_POINT ( 'NONE',  ( 0.5089881991771015857, 6.290954864449140871, -36.07638687507080277 ) ) ;
#5153 = CARTESIAN_POINT ( 'NONE',  ( 18.99999999999999645, 6.000000000000000000, -7.950000000000001954 ) ) ;
#5154 = ORIENTED_EDGE ( 'NONE', *, *, #1313, .F. ) ;
#5155 = CARTESIAN_POINT ( 'NONE',  ( 16.99999999999999645, 10.00000000000000178, -14.35565218904154960 ) ) ;
#5156 = ORIENTED_EDGE ( 'NONE', *, *, #9, .F. ) ;
#5157 = CARTESIAN_POINT ( 'NONE',  ( 2.000000000000014211, 6.000000000000000000, 0.000000000000000000 ) ) ;
#5158 = AXIS2_PLACEMENT_3D ( 'NONE', #5443, #2729, #2289 ) ;
#5159 = CARTESIAN_POINT ( 'NONE',  ( 33.00000000000000000, 6.000000000000001776, -33.46410161513776416 ) ) ;
#5160 = FACE_BOUND ( 'NONE', #911, .T. ) ;
#5161 = ADVANCED_FACE ( 'NONE', ( #1081 ), #1522, .F. ) ;
#5162 = AXIS2_PLACEMENT_3D ( 'NONE', #5327, #5299, #1258 ) ;
#5163 = EDGE_LOOP ( 'NONE', ( #5718, #4347, #5099, #3622 ) ) ;
#5164 = CYLINDRICAL_SURFACE ( 'NONE', #574, 10.00000000000000178 ) ;
#5165 = CARTESIAN_POINT ( 'NONE',  ( 37.00000000000000000, 9.999999999998982148, -7.940657031816567013 ) ) ;
#5166 = CARTESIAN_POINT ( 'NONE',  ( 33.37640443592970740, 6.017749417651818256, -38.00000000000000000 ) ) ;
#5167 = EDGE_CURVE ( 'NONE', #3826, #1469, #5401, .T. ) ;
#5168 = CARTESIAN_POINT ( 'NONE',  ( 49.97920002556793406, 3.993960242576787945, -38.31305297321758019 ) ) ;
#5169 = VECTOR ( 'NONE', #4748, 1000.000000000000000 ) ;
#5170 = VECTOR ( 'NONE', #2189, 1000.000000000000000 ) ;
#5171 = EDGE_LOOP ( 'NONE', ( #4833, #2809, #2399, #3735, #898 ) ) ;
#5172 = DIRECTION ( 'NONE',  ( 4.003208021484940018E-16, 0.000000000000000000, -1.000000000000000000 ) ) ;
#5173 = CARTESIAN_POINT ( 'NONE',  ( 28.44791010004410126, 4.027179327121900521, -6.908404615455001618 ) ) ;
#5174 = FACE_OUTER_BOUND ( 'NONE', #1331, .T. ) ;
#5175 = LINE ( 'NONE', #1573, #796 ) ;
#5176 = ORIENTED_EDGE ( 'NONE', *, *, #2782, .T. ) ;
#5177 = AXIS2_PLACEMENT_3D ( 'NONE', #4314, #306, #5714 ) ;
#5178 = CARTESIAN_POINT ( 'NONE',  ( 33.00000000000000000, 6.000000000000000000, -1.999999999999999556 ) ) ;
#5179 = CARTESIAN_POINT ( 'NONE',  ( 0.000000000000000000, 6.321525732831582367, -3.749845925668183533 ) ) ;
#5180 = CARTESIAN_POINT ( 'NONE',  ( 0.8712593954323439860, 9.365202344474603535, -32.59178203114653627 ) ) ;
#5181 = ADVANCED_FACE ( 'NONE', ( #5655 ), #1819, .F. ) ;
#5182 = DIRECTION ( 'NONE',  ( -0.000000000000000000, -1.000000000000000000, -0.000000000000000000 ) ) ;
#5183 = AXIS2_PLACEMENT_3D ( 'NONE', #4861, #2539, #2589 ) ;
#5184 = TOROIDAL_SURFACE ( 'NONE', #5177, 6.000000000000000000, 4.000000000000000000 ) ;
#5185 = ORIENTED_EDGE ( 'NONE', *, *, #2367, .F. ) ;
#5186 = EDGE_CURVE ( 'NONE', #5209, #3875, #2604, .T. ) ;
#5187 = FACE_OUTER_BOUND ( 'NONE', #3002, .T. ) ;
#5188 = CIRCLE ( 'NONE', #2455, 4.000000000000000000 ) ;
#5189 = ORIENTED_EDGE ( 'NONE', *, *, #1538, .F. ) ;
#5190 = DIRECTION ( 'NONE',  ( -0.000000000000000000, -1.000000000000000000, -0.000000000000000000 ) ) ;
#5191 = CARTESIAN_POINT ( 'NONE',  ( 31.97863828377086293, 5.856605234020058504, -13.88300696935968936 ) ) ;
#5192 = CARTESIAN_POINT ( 'NONE',  ( 34.96816786921360887, 6.517629917920962690, -10.30657734112189416 ) ) ;
#5193 = DIRECTION ( 'NONE',  ( -1.000000000000000000, 0.000000000000000000, 0.000000000000000000 ) ) ;
#5194 = ORIENTED_EDGE ( 'NONE', *, *, #5791, .F. ) ;
#5195 = DIRECTION ( 'NONE',  ( 0.000000000000000000, 0.000000000000000000, 1.000000000000000000 ) ) ;
#5196 = EDGE_LOOP ( 'NONE', ( #212, #3145, #4897, #4805, #3124 ) ) ;
#5197 = VERTEX_POINT ( 'NONE', #5295 ) ;
#5198 = CARTESIAN_POINT ( 'NONE',  ( 18.79625801331282986, 5.313895402377363020, -26.00000000000002487 ) ) ;
#5199 = DIRECTION ( 'NONE',  ( 1.000000000000000000, 0.000000000000000000, 0.000000000000000000 ) ) ;
#5200 = DIRECTION ( 'NONE',  ( -0.000000000000000000, 1.000000000000000000, -0.000000000000000000 ) ) ;
#5201 = LINE ( 'NONE', #4239, #513 ) ;
#5202 = CARTESIAN_POINT ( 'NONE',  ( 49.00000000000000000, 30.00000000000000000, -9.380652189041548183 ) ) ;
#5203 = ORIENTED_EDGE ( 'NONE', *, *, #2387, .F. ) ;
#5204 = CARTESIAN_POINT ( 'NONE',  ( 37.00000000000000711, 15.76148354395871820, -40.38065218904153397 ) ) ;
#5205 = ADVANCED_FACE ( 'NONE', ( #5684 ), #4080, .T. ) ;
#5206 = DIRECTION ( 'NONE',  ( -0.000000000000000000, 0.000000000000000000, -1.000000000000000000 ) ) ;
#5207 = LINE ( 'NONE', #3840, #2638 ) ;
#5208 = CARTESIAN_POINT ( 'NONE',  ( 0.000000000000000000, 30.00000000000000000, -30.38065218904154818 ) ) ;
#5209 = VERTEX_POINT ( 'NONE', #5768 ) ;
#5210 = EDGE_LOOP ( 'NONE', ( #1175, #1047, #3557, #5586 ) ) ;
#5211 = AXIS2_PLACEMENT_3D ( 'NONE', #4557, #3086, #3149 ) ;
#5212 = ORIENTED_EDGE ( 'NONE', *, *, #3768, .T. ) ;
#5213 = ADVANCED_FACE ( 'NONE', ( #1609 ), #4363, .T. ) ;
#5214 = LINE ( 'NONE', #3755, #4498 ) ;
#5215 = B_SPLINE_CURVE_WITH_KNOTS ( 'NONE', 3,
 ( #5676, #2139, #5733, #1687, #3494, #5288, #5614 ),
 .UNSPECIFIED., .F., .F.,
 ( 4, 3, 4 ),
 ( 0.000000000000000000, 0.0004911941991288619729, 0.0005053363464961223772 ),
 .UNSPECIFIED. ) ;
#5216 = CARTESIAN_POINT ( 'NONE',  ( 0.9366110170679088354, 11.04313171988681930, -7.416827142801809103 ) ) ;
#5217 = CIRCLE ( 'NONE', #5221, 10.00000000000000000 ) ;
#5218 = CARTESIAN_POINT ( 'NONE',  ( 0.07422037651602612918, 4.637108988065393511, -38.09905890102798764 ) ) ;
#5219 = CARTESIAN_POINT ( 'NONE',  ( 34.26385185485526108, 6.203860150593004441, -7.682468199635558825 ) ) ;
#5220 = VERTEX_POINT ( 'NONE', #3444 ) ;
#5221 = AXIS2_PLACEMENT_3D ( 'NONE', #2391, #1923, #4073 ) ;
#5222 = DIRECTION ( 'NONE',  ( 0.000000000000000000, -1.000000000000000000, 0.000000000000000000 ) ) ;
#5223 = CARTESIAN_POINT ( 'NONE',  ( 46.05000000000000426, 31.00000000000000000, -13.35565218904154960 ) ) ;
#5224 = DIRECTION ( 'NONE',  ( -0.000000000000000000, -1.000000000000000000, -0.000000000000000000 ) ) ;
#5225 = CARTESIAN_POINT ( 'NONE',  ( 34.70883997625298889, 6.382912208994055092, -31.50619125848042756 ) ) ;
#5226 = EDGE_CURVE ( 'NONE', #3440, #5066, #2930, .T. ) ;
#5227 = CARTESIAN_POINT ( 'NONE',  ( 0.05080292411207806835, 3.999999999999998224, -1.527474572427970134 ) ) ;
#5228 = AXIS2_PLACEMENT_3D ( 'NONE', #813, #2062, #2551 ) ;
#5229 = LINE ( 'NONE', #3059, #925 ) ;
#5230 = ORIENTED_EDGE ( 'NONE', *, *, #3153, .F. ) ;
#5231 = AXIS2_PLACEMENT_3D ( 'NONE', #2721, #2168, #4992 ) ;
#5232 = CARTESIAN_POINT ( 'NONE',  ( 16.99999999999999645, 10.00000000000000178, -24.40565218904154676 ) ) ;
#5233 = LINE ( 'NONE', #4378, #5656 ) ;
#5234 = CARTESIAN_POINT ( 'NONE',  ( 17.84108946836182241, 6.000000000000000000, -13.82843654507400011 ) ) ;
#5235 = CARTESIAN_POINT ( 'NONE',  ( 16.26943894250690548, 5.997978788787621696, -1.670968380821959975 ) ) ;
#5236 = CARTESIAN_POINT ( 'NONE',  ( 29.96172298588808047, 4.616620855127218981, -0.08944457065084888969 ) ) ;
#5237 = CARTESIAN_POINT ( 'NONE',  ( 49.00000000000000000, 30.00000000000000000, -29.38065218904154818 ) ) ;
#5238 = LINE ( 'NONE', #1187, #379 ) ;
#5239 = DIRECTION ( 'NONE',  ( 0.000000000000000000, 0.000000000000000000, 1.000000000000000000 ) ) ;
#5240 = ORIENTED_EDGE ( 'NONE', *, *, #5107, .T. ) ;
#5241 = ORIENTED_EDGE ( 'NONE', *, *, #4945, .T. ) ;
#5242 = ORIENTED_EDGE ( 'NONE', *, *, #2179, .F. ) ;
#5243 = CARTESIAN_POINT ( 'NONE',  ( 36.77436413932759507, 8.651855461623826571, -32.27433282512439661 ) ) ;
#5244 = CARTESIAN_POINT ( 'NONE',  ( 0.000000000000000000, 10.61587032751452853, -8.320444638057869824 ) ) ;
#5245 = CARTESIAN_POINT ( 'NONE',  ( 0.9885338749221824761, 14.47092902803593972, -30.43897417926681825 ) ) ;
#5246 = DIRECTION ( 'NONE',  ( 0.000000000000000000, -0.000000000000000000, -1.000000000000000000 ) ) ;
#5247 = ORIENTED_EDGE ( 'NONE', *, *, #3868, .F. ) ;
#5248 = FACE_OUTER_BOUND ( 'NONE', #1132, .T. ) ;
#5249 = CARTESIAN_POINT ( 'NONE',  ( 45.05000000000000426, 31.00000000000000000, -24.40565218904155032 ) ) ;
#5250 = DIRECTION ( 'NONE',  ( 1.734723475976807094E-15, 1.000000000000000000, 2.775557561562891351E-14 ) ) ;
#5251 = DIRECTION ( 'NONE',  ( 0.000000000000000000, 0.000000000000000000, 1.000000000000000000 ) ) ;
#5252 = CARTESIAN_POINT ( 'NONE',  ( 33.00000000000000000, 10.00000000000000000, -38.00000000000000000 ) ) ;
#5253 = ORIENTED_EDGE ( 'NONE', *, *, #3988, .T. ) ;
#5254 = FACE_OUTER_BOUND ( 'NONE', #4650, .T. ) ;
#5255 = DIRECTION ( 'NONE',  ( 4.003208021484937059E-16, 0.000000000000000000, -1.000000000000000000 ) ) ;
#5256 = CARTESIAN_POINT ( 'NONE',  ( 37.00000000000000711, 31.00000000000000000, -9.380652189041551736 ) ) ;
#5257 = CARTESIAN_POINT ( 'NONE',  ( 16.41555115400552367, 6.042927907351735684, -1.999999999999999112 ) ) ;
#5258 = CIRCLE ( 'NONE', #3181, 2.000000000000000000 ) ;
#5259 = AXIS2_PLACEMENT_3D ( 'NONE', #556, #529, #4113 ) ;
#5260 = CARTESIAN_POINT ( 'NONE',  ( 49.00000000000000000, 30.00000000000000000, -29.38065218904154818 ) ) ;
#5261 = CARTESIAN_POINT ( 'NONE',  ( 26.99959667624821336, 3.675177118215079197, -9.732472551503153824 ) ) ;
#5262 = CARTESIAN_POINT ( 'NONE',  ( 50.00000000000000000, 13.34133745127130766, -30.63386246243306488 ) ) ;
#5263 = CARTESIAN_POINT ( 'NONE',  ( 14.00000000000000000, 6.000000000000000000, -14.35565218904154960 ) ) ;
#5264 = AXIS2_PLACEMENT_3D ( 'NONE', #1130, #230, #4732 ) ;
#5265 = CIRCLE ( 'NONE', #746, 0.9999999999999991118 ) ;
#5266 = DIRECTION ( 'NONE',  ( 0.000000000000000000, 0.000000000000000000, 1.000000000000000000 ) ) ;
#5267 = CARTESIAN_POINT ( 'NONE',  ( 0.9679927979252578307, 12.62900135337419272, -8.011151265678652322 ) ) ;
#5268 = CARTESIAN_POINT ( 'NONE',  ( 48.00000000000000000, 15.76148354395871820, -40.38065218904154108 ) ) ;
#5269 = CARTESIAN_POINT ( 'NONE',  ( 37.00000000000000711, 9.999687487792014551, -9.849999963828198091 ) ) ;
#5270 = ORIENTED_EDGE ( 'NONE', *, *, #3416, .T. ) ;
#5271 = DIRECTION ( 'NONE',  ( 1.000000000000000000, 0.000000000000000000, 0.000000000000000000 ) ) ;
#5272 = ADVANCED_FACE ( 'NONE', ( #4849 ), #699, .F. ) ;
#5273 = DIRECTION ( 'NONE',  ( 4.003208021484940018E-16, 0.000000000000000000, -1.000000000000000000 ) ) ;
#5274 = DIRECTION ( 'NONE',  ( 0.000000000000000000, 1.000000000000000000, 0.000000000000000000 ) ) ;
#5275 = APPLICATION_CONTEXT ( 'configuration controlled 3d designs of mechanical parts and assemblies' ) ;
#5276 = CARTESIAN_POINT ( 'NONE',  ( 50.00000000000000000, 4.597741498921209313, -2.301402535846196251 ) ) ;
#5277 = AXIS2_PLACEMENT_3D ( 'NONE', #922, #484, #979 ) ;
#5278 = PLANE ( 'NONE',  #2236 ) ;
#5279 = ORIENTED_EDGE ( 'NONE', *, *, #5746, .T. ) ;
#5280 = EDGE_LOOP ( 'NONE', ( #2117, #3334, #973, #2199, #3147, #93, #772 ) ) ;
#5281 = CARTESIAN_POINT ( 'NONE',  ( -0.000000000000000000, 13.44548200167592711, -29.61112930523747266 ) ) ;
#5282 = CARTESIAN_POINT ( 'NONE',  ( 31.00000000000000000, 3.000000000000000000, -9.999999999999998224 ) ) ;
#5283 = CARTESIAN_POINT ( 'NONE',  ( 34.17232112612760631, 6.174263641834259353, -27.55861166406682372 ) ) ;
#5284 = DIRECTION ( 'NONE',  ( 0.000000000000000000, -1.084202172485503487E-14, -1.000000000000000000 ) ) ;
#5285 = CARTESIAN_POINT ( 'NONE',  ( 49.97683141140371532, 3.895694766341573523, -38.30354171194197477 ) ) ;
#5286 = DIRECTION ( 'NONE',  ( 4.309871990004494235E-16, 0.000000000000000000, 1.000000000000000000 ) ) ;
#5287 = CARTESIAN_POINT ( 'NONE',  ( 12.99999999999999822, 31.00000000000000000, -14.35565218904154960 ) ) ;
#5288 = CARTESIAN_POINT ( 'NONE',  ( 16.99560702249381094, 5.960586494912609723, -38.39509937987049426 ) ) ;
#5289 = EDGE_CURVE ( 'NONE', #3305, #368, #4772, .T. ) ;
#5290 = B_SPLINE_CURVE_WITH_KNOTS ( 'NONE', 3,
 ( #3429, #2163, #802, #5236, #4497, #4352, #4381, #1626, #4839, #1682, #777, #344, #3514, #1184 ),
 .UNSPECIFIED., .F., .F.,
 ( 4, 2, 2, 2, 2, 2, 4 ),
 ( 5.732518482395885930E-21, 0.001289170229942105360, 0.002578340459884210720, 0.003222925574855267736, 0.003867510689826325187, 0.004512095804797382204, 0.005156680919768439654 ),
 .UNSPECIFIED. ) ;
#5291 = CARTESIAN_POINT ( 'NONE',  ( 13.02758052106956654, 9.466952250118152890, -7.537350828876617115 ) ) ;
#5292 = CARTESIAN_POINT ( 'NONE',  ( 36.96762849621544689, 9.425088549108913583, -31.48212183499420647 ) ) ;
#5293 = CARTESIAN_POINT ( 'NONE',  ( -4.172858919668391989E-15, 11.02160442003219920, -7.472928963821324544 ) ) ;
#5294 = CARTESIAN_POINT ( 'NONE',  ( 0.000000000000000000, 15.39738221800560147, -9.380652189041546407 ) ) ;
#5295 = CARTESIAN_POINT ( 'NONE',  ( 11.99999999999999822, 31.00000000000000000, -9.380652189041551736 ) ) ;
#5296 = ORIENTED_EDGE ( 'NONE', *, *, #4866, .T. ) ;
#5297 = CARTESIAN_POINT ( 'NONE',  ( 2.000000000000000000, 0.000000000000000000, -38.00000000000000000 ) ) ;
#5298 = AXIS2_PLACEMENT_3D ( 'NONE', #2473, #132, #1557 ) ;
#5299 = DIRECTION ( 'NONE',  ( 0.000000000000000000, 1.000000000000000000, 0.000000000000000000 ) ) ;
#5300 = DIRECTION ( 'NONE',  ( -1.000000000000000000, 0.000000000000000000, 0.000000000000000000 ) ) ;
#5301 = CARTESIAN_POINT ( 'NONE',  ( 50.00000000000217426, 9.533819929529501636, -6.667741731970963315 ) ) ;
#5302 = AXIS2_PLACEMENT_3D ( 'NONE', #4899, #1362, #3134 ) ;
#5303 = DIRECTION ( 'NONE',  ( 1.000000000000000000, 0.000000000000000000, 0.000000000000000000 ) ) ;
#5304 = ORIENTED_EDGE ( 'NONE', *, *, #3295, .F. ) ;
#5305 = EDGE_CURVE ( 'NONE', #250, #1872, #728, .T. ) ;
#5306 = EDGE_LOOP ( 'NONE', ( #5499, #3188, #3209, #4421 ) ) ;
#5307 = DIRECTION ( 'NONE',  ( 0.000000000000000000, -0.000000000000000000, 1.000000000000000000 ) ) ;
#5308 = CARTESIAN_POINT ( 'NONE',  ( 33.19540822260987767, 5.969950483849086886, -1.596207393034481781 ) ) ;
#5309 = CARTESIAN_POINT ( 'NONE',  ( 31.00000000000000000, 3.000000000000000000, -5.999999999999992006 ) ) ;
#5310 = DIRECTION ( 'NONE',  ( -1.000000000000000000, -0.000000000000000000, -0.000000000000000000 ) ) ;
#5311 =( BOUNDED_SURFACE ( )  B_SPLINE_SURFACE ( 3, 2, ( 
 ( #2177, #1318, #416 ),
 ( #4912, #850, #4427 ),
 ( #4027, #1671, #3586 ),
 ( #2556, #4343, #337 ) ),
 .UNSPECIFIED., .F., .F., .F. ) 
 B_SPLINE_SURFACE_WITH_KNOTS ( ( 4, 4 ),
 ( 3, 3 ),
 ( 0.000000000000000000, 0.0005123500606439563947 ),
 ( 0.000000000000000000, 1.000000000000000000 ),
 .UNSPECIFIED. ) 
 GEOMETRIC_REPRESENTATION_ITEM ( )  RATIONAL_B_SPLINE_SURFACE ( (
 ( 1.000000000000000000, 0.9929671491858762522, 1.000000000000000000),
 ( 1.000000000000000000, 0.9975813507369861721, 1.000000000000000000),
 ( 1.000000000000000000, 1.000008664155493276, 1.000000000000000000),
 ( 1.000000000000000000, 1.000000000000000000, 1.000000000000000000) ) ) 
 REPRESENTATION_ITEM ( '' )  SURFACE ( )  );
#5312 = ADVANCED_FACE ( 'NONE', ( #4803 ), #2497, .F. ) ;
#5313 = DIRECTION ( 'NONE',  ( 4.309871990004489305E-16, -0.000000000000000000, 1.000000000000000000 ) ) ;
#5314 = CARTESIAN_POINT ( 'NONE',  ( 16.62359556407027128, 6.017749417651819144, -38.00000000000000000 ) ) ;
#5315 = EDGE_CURVE ( 'NONE', #2347, #3994, #568, .T. ) ;
#5316 = CARTESIAN_POINT ( 'NONE',  ( -1.828814426558987767E-14, 5.504837664435985545, -36.70274660827487168 ) ) ;
#5317 = DIRECTION ( 'NONE',  ( 0.000000000000000000, 1.000000000000000000, -0.000000000000000000 ) ) ;
#5318 = CARTESIAN_POINT ( 'NONE',  ( 35.44568717123902957, 6.812623726727967011, -35.90039343234010261 ) ) ;
#5319 = CARTESIAN_POINT ( 'NONE',  ( 0.000000000000000000, 4.286534166315138172, -1.955808018496520972 ) ) ;
#5320 = LINE ( 'NONE', #5352, #4055 ) ;
#5321 = CARTESIAN_POINT ( 'NONE',  ( 16.99410849164429038, 5.961494266210148218, -38.39059339805404392 ) ) ;
#5322 = ORIENTED_EDGE ( 'NONE', *, *, #5748, .F. ) ;
#5323 = EDGE_CURVE ( 'NONE', #1205, #2019, #4451, .T. ) ;
#5324 = EDGE_CURVE ( 'NONE', #3706, #1084, #4485, .T. ) ;
#5325 = CARTESIAN_POINT ( 'NONE',  ( 11.99999999999999645, 30.00000000000000000, -29.38065218904154818 ) ) ;
#5326 = VERTEX_POINT ( 'NONE', #5741 ) ;
#5327 = CARTESIAN_POINT ( 'NONE',  ( 49.00000000000000000, 15.39738221800560147, -9.380652189041546407 ) ) ;
#5328 = CARTESIAN_POINT ( 'NONE',  ( 17.84108946836182241, 6.000000000000000000, -24.40565218904154676 ) ) ;
#5329 = CARTESIAN_POINT ( 'NONE',  ( 49.00000000000000000, 15.39738221800560147, -8.380652189041544631 ) ) ;
#5330 = CARTESIAN_POINT ( 'NONE',  ( 2.496274826781893757E-15, 31.00000000000000000, -30.38065218904154818 ) ) ;
#5331 = EDGE_LOOP ( 'NONE', ( #2321, #2418, #2836, #1195, #2393, #622 ) ) ;
#5332 = ORIENTED_EDGE ( 'NONE', *, *, #605, .F. ) ;
#5333 = EDGE_LOOP ( 'NONE', ( #365, #4444, #3412, #4672 ) ) ;
#5334 = VERTEX_POINT ( 'NONE', #3553 ) ;
#5335 = EDGE_LOOP ( 'NONE', ( #3529, #1213, #4909 ) ) ;
#5336 = CARTESIAN_POINT ( 'NONE',  ( -0.000000000000000000, 4.666963124671026364, -37.30025093289741989 ) ) ;
#5337 = CARTESIAN_POINT ( 'NONE',  ( 33.24413247220548584, 5.935523197183890431, -1.487378845626145640 ) ) ;
#5338 = CARTESIAN_POINT ( 'NONE',  ( 37.04126717382083456, 9.983112304444958340, -6.766279437983154565 ) ) ;
#5339 = CIRCLE ( 'NONE', #3547, 4.000000000000003553 ) ;
#5340 = VERTEX_POINT ( 'NONE', #3078 ) ;
#5341 = CARTESIAN_POINT ( 'NONE',  ( 19.00000000000000000, 6.000000000000000000, -30.00000000000000355 ) ) ;
#5342 = VECTOR ( 'NONE', #5576, 1000.000000000000000 ) ;
#5343 = CARTESIAN_POINT ( 'NONE',  ( 15.82767887387239902, 6.174263641834258465, -32.44138833593317628 ) ) ;
#5344 = CARTESIAN_POINT ( 'NONE',  ( 50.00000000000000000, 14.39951394600483781, -29.43999480461207696 ) ) ;
#5345 = VECTOR ( 'NONE', #2232, 1000.000000000000000 ) ;
#5346 = EDGE_CURVE ( 'NONE', #1469, #3178, #3201, .T. ) ;
#5347 = CARTESIAN_POINT ( 'NONE',  ( 0.9948807274816902080, 15.11416739372990925, -30.38065218904155174 ) ) ;
#5348 = CARTESIAN_POINT ( 'NONE',  ( 12.99999999999999645, 10.49465162134246832, -7.071565682474028947 ) ) ;
#5349 = CARTESIAN_POINT ( 'NONE',  ( 34.06004351209224268, 6.141097546783186090, -37.38400564499617218 ) ) ;
#5350 = CARTESIAN_POINT ( 'NONE',  ( 0.1068716607980762234, 4.653798489526456805, -1.679119755258097646 ) ) ;
#5351 = VERTEX_POINT ( 'NONE', #4109 ) ;
#5352 = CARTESIAN_POINT ( 'NONE',  ( 38.00000000000000711, 31.00000000000000000, -14.35565218904154605 ) ) ;
#5353 = VECTOR ( 'NONE', #1994, 1000.000000000000000 ) ;
#5354 = CARTESIAN_POINT ( 'NONE',  ( 38.00000000000000711, 15.76148354395871820, -30.38065218904154818 ) ) ;
#5355 = ORIENTED_EDGE ( 'NONE', *, *, #3968, .T. ) ;
#5356 = DIRECTION ( 'NONE',  ( 0.000000000000000000, -1.000000000000000000, 0.000000000000000000 ) ) ;
#5357 = AXIS2_PLACEMENT_3D ( 'NONE', #3711, #3213, #4594 ) ;
#5358 = AXIS2_PLACEMENT_3D ( 'NONE', #2823, #5014, #5046 ) ;
#5359 = EDGE_LOOP ( 'NONE', ( #1281, #1091, #4086, #2686 ) ) ;
#5360 = EDGE_CURVE ( 'NONE', #3305, #4953, #2954, .T. ) ;
#5361 = CARTESIAN_POINT ( 'NONE',  ( 1.000000000000000000, 6.000000000000000000, -29.38065218904154818 ) ) ;
#5362 = DIRECTION ( 'NONE',  ( 4.309871990004489798E-16, -0.000000000000000000, 1.000000000000000000 ) ) ;
#5363 = CARTESIAN_POINT ( 'NONE',  ( 50.00000000000000000, 6.728094820358594852, -5.341743023511566157 ) ) ;
#5364 = CARTESIAN_POINT ( 'NONE',  ( 50.00000000000000711, 9.567906139722905934, -7.756156594647712232 ) ) ;
#5365 = VERTEX_POINT ( 'NONE', #65 ) ;
#5366 = ORIENTED_EDGE ( 'NONE', *, *, #2298, .F. ) ;
#5367 = CARTESIAN_POINT ( 'NONE',  ( -0.000000000000000000, 9.005946521922764347, -31.61761004088224070 ) ) ;
#5368 = CARTESIAN_POINT ( 'NONE',  ( 33.00000000000000000, 10.00000000000000178, -30.38065218904154818 ) ) ;
#5369 = CARTESIAN_POINT ( 'NONE',  ( 36.51407599905006407, 8.085583736279010836, -6.104573041849359782 ) ) ;
#5370 = AXIS2_PLACEMENT_3D ( 'NONE', #5297, #3054, #815 ) ;
#5371 = VERTEX_POINT ( 'NONE', #1720 ) ;
#5372 = VECTOR ( 'NONE', #199, 1000.000000000000000 ) ;
#5373 = LINE ( 'NONE', #4476, #1764 ) ;
#5374 = CARTESIAN_POINT ( 'NONE',  ( 25.00000000000000000, 15.00000000000000178, 0.000000000000000000 ) ) ;
#5375 = CARTESIAN_POINT ( 'NONE',  ( 50.00000000000000000, 4.419527851666914309, -37.73659954752473311 ) ) ;
#5376 = EDGE_CURVE ( 'NONE', #2237, #2419, #3110, .T. ) ;
#5377 = CARTESIAN_POINT ( 'NONE',  ( -5.881379760352757059E-13, 12.75908421186205288, -30.78391676063322535 ) ) ;
#5378 = CARTESIAN_POINT ( 'NONE',  ( 12.15831259211723570, 9.323912039854832301, -6.298996897200016321 ) ) ;
#5379 = CARTESIAN_POINT ( 'NONE',  ( 15.93013579407350377, 6.139892172589362040, -12.58146658775840976 ) ) ;
#5380 = CARTESIAN_POINT ( 'NONE',  ( 19.00000000000000000, 3.000000000000000000, -34.00000000000000000 ) ) ;
#5381 = CARTESIAN_POINT ( 'NONE',  ( 16.26943894250690548, 5.997978788787621696, -1.670968380821959975 ) ) ;
#5382 = PLANE ( 'NONE',  #5028 ) ;
#5383 = AXIS2_PLACEMENT_3D ( 'NONE', #3184, #5481, #1760 ) ;
#5384 = ORIENTED_EDGE ( 'NONE', *, *, #5575, .T. ) ;
#5385 = CARTESIAN_POINT ( 'NONE',  ( 33.00000000000000000, 4.000000000000000000, -1.999999999999999556 ) ) ;
#5386 = EDGE_LOOP ( 'NONE', ( #4680, #2469, #2730, #3905 ) ) ;
#5387 = CYLINDRICAL_SURFACE ( 'NONE', #1486, 3.999999999999999112 ) ;
#5388 = DIRECTION ( 'NONE',  ( 0.000000000000000000, 1.000000000000000000, 0.000000000000000000 ) ) ;
#5389 = CARTESIAN_POINT ( 'NONE',  ( 50.00000000000000000, 11.02160442003132346, -7.472928963822480952 ) ) ;
#5390 = CARTESIAN_POINT ( 'NONE',  ( 49.99999999999998579, 11.20499317387806748, -8.579080892886219445 ) ) ;
#5391 = EDGE_CURVE ( 'NONE', #1084, #2347, #2852, .T. ) ;
#5392 = VERTEX_POINT ( 'NONE', #4552 ) ;
#5393 = AXIS2_PLACEMENT_3D ( 'NONE', #4060, #3117, #503 ) ;
#5394 = ORIENTED_EDGE ( 'NONE', *, *, #4271, .F. ) ;
#5395 = EDGE_CURVE ( 'NONE', #1517, #3994, #4423, .T. ) ;
#5396 = CARTESIAN_POINT ( 'NONE',  ( -0.000000000000000000, 3.965893989020389032, -38.10369724216743492 ) ) ;
#5397 = CARTESIAN_POINT ( 'NONE',  ( 50.00000000000002132, 4.048746848320618597, -38.10083256754369074 ) ) ;
#5398 = CARTESIAN_POINT ( 'NONE',  ( 36.62007767033697547, 8.294492035015148090, -6.360773049809713697 ) ) ;
#5399 = AXIS2_PLACEMENT_3D ( 'NONE', #1686, #2191, #5286 ) ;
#5400 = EDGE_LOOP ( 'NONE', ( #4555, #4333, #4299, #156, #1298 ) ) ;
#5401 = CIRCLE ( 'NONE', #3236, 1.000000000000000444 ) ;
#5402 = CARTESIAN_POINT ( 'NONE',  ( 16.99999999999999645, 5.960247257326455106, -38.39677536484025921 ) ) ;
#5403 = CARTESIAN_POINT ( 'NONE',  ( 15.48352890682372518, 6.294286506937146086, -31.93110366252709653 ) ) ;
#5404 = CARTESIAN_POINT ( 'NONE',  ( 50.00000000000000000, 4.116722233696338051, -38.07307097995743561 ) ) ;
#5405 = DATE_AND_TIME ( #3136, #3242 ) ;
#5406 = CARTESIAN_POINT ( 'NONE',  ( 0.000000000000000000, 5.078986031967493986, -36.49200113352725339 ) ) ;
#5407 = CARTESIAN_POINT ( 'NONE',  ( 31.00000000000000000, 3.000000000000000000, -7.949999999999998401 ) ) ;
#5408 = DIRECTION ( 'NONE',  ( 0.000000000000000000, 1.000000000000000000, 0.000000000000000000 ) ) ;
#5409 = CARTESIAN_POINT ( 'NONE',  ( 0.000000000000000000, 4.155563775845475760, -1.872470295881034419 ) ) ;
#5410 = LINE ( 'NONE', #4998, #5000 ) ;
#5411 = CARTESIAN_POINT ( 'NONE',  ( 1.999999999999999556, 4.000000000000000000, -1.999999999999999556 ) ) ;
#5412 = ADVANCED_FACE ( 'NONE', ( #845 ), #1840, .F. ) ;
#5413 = ORIENTED_EDGE ( 'NONE', *, *, #350, .T. ) ;
#5414 = CARTESIAN_POINT ( 'NONE',  ( 32.15891053163817759, 5.999999999999999112, -13.82843654507400188 ) ) ;
#5415 = ORIENTED_EDGE ( 'NONE', *, *, #4253, .F. ) ;
#5416 = FACE_OUTER_BOUND ( 'NONE', #2561, .T. ) ;
#5417 = CARTESIAN_POINT ( 'NONE',  ( 1.999999999999999556, 6.000000000000000000, -1.999999999999999556 ) ) ;
#5418 = ADVANCED_FACE ( 'NONE', ( #878 ), #5382, .F. ) ;
#5419 = CARTESIAN_POINT ( 'NONE',  ( 50.00000000000000000, 3.923757121710032436, -1.848890013826782752 ) ) ;
#5420 = CARTESIAN_POINT ( 'NONE',  ( 50.00000000000000711, 9.053923906292578039, -7.425049312222201436 ) ) ;
#5421 = VERTEX_POINT ( 'NONE', #2258 ) ;
#5422 = ORIENTED_EDGE ( 'NONE', *, *, #631, .F. ) ;
#5423 = DIRECTION ( 'NONE',  ( 0.000000000000000000, 0.000000000000000000, 1.000000000000000000 ) ) ;
#5424 = CARTESIAN_POINT ( 'NONE',  ( 33.00439297750616419, 5.960586494912619493, -38.39509937987043742 ) ) ;
#5425 = DIRECTION ( 'NONE',  ( 0.000000000000000000, 1.000000000000000000, 0.000000000000000000 ) ) ;
#5426 = CARTESIAN_POINT ( 'NONE',  ( 34.98789043405858479, 6.513229647656102017, -2.899078842177966742 ) ) ;
#5427 = ORIENTED_EDGE ( 'NONE', *, *, #2054, .T. ) ;
#5428 = ORIENTED_EDGE ( 'NONE', *, *, #469, .F. ) ;
#5429 = FACE_OUTER_BOUND ( 'NONE', #5171, .T. ) ;
#5430 = EDGE_CURVE ( 'NONE', #2027, #3431, #2948, .T. ) ;
#5431 = EDGE_CURVE ( 'NONE', #1818, #599, #5120, .T. ) ;
#5432 = CARTESIAN_POINT ( 'NONE',  ( 36.61312398897302245, 8.267057639601171459, -6.334735249921092937 ) ) ;
#5433 = CARTESIAN_POINT ( 'NONE',  ( 50.00000000000000000, 10.27073459080211748, -31.85883470545024565 ) ) ;
#5434 = SECURITY_CLASSIFICATION_LEVEL ( 'unclassified' ) ;
#5435 = CIRCLE ( 'NONE', #5621, 10.00000000000000178 ) ;
#5436 = CARTESIAN_POINT ( 'NONE',  ( 0.2781931794137050273, 5.472341426530641151, -37.24858636478749929 ) ) ;
#5437 = CARTESIAN_POINT ( 'NONE',  ( 15.31688383388115682, 6.369767881175722124, -11.58753303496475695 ) ) ;
#5438 = CARTESIAN_POINT ( 'NONE',  ( 0.000000000000000000, 4.505548555760514162, -2.176300345375858036 ) ) ;
#5439 = CARTESIAN_POINT ( 'NONE',  ( 29.33840237597436129, 4.346634468969192255, -33.64728343499358232 ) ) ;
#5440 = CARTESIAN_POINT ( 'NONE',  ( 16.78675025338313986, 5.998293630084570616, -38.17207217476845926 ) ) ;
#5441 = AXIS2_PLACEMENT_3D ( 'NONE', #5361, #392, #2672 ) ;
#5442 = VERTEX_POINT ( 'NONE', #5354 ) ;
#5443 = CARTESIAN_POINT ( 'NONE',  ( 11.99999999999999822, 30.00000000000000000, -9.380652189041551736 ) ) ;
#5444 = ORIENTED_EDGE ( 'NONE', *, *, #5572, .F. ) ;
#5445 = AXIS2_PLACEMENT_3D ( 'NONE', #3876, #1133, #5589 ) ;
#5446 = CARTESIAN_POINT ( 'NONE',  ( 33.04180336356054681, 5.968847478734796930, -38.35286461661689117 ) ) ;
#5447 = DIRECTION ( 'NONE',  ( -0.000000000000000000, -0.000000000000000000, -1.000000000000000000 ) ) ;
#5448 = CARTESIAN_POINT ( 'NONE',  ( 49.93869703796082149, 4.302508896412249761, -1.555032266345869552 ) ) ;
#5449 = CARTESIAN_POINT ( 'NONE',  ( 12.99999999999999822, 10.00000000000000888, -9.549999999999998934 ) ) ;
#5450 = CIRCLE ( 'NONE', #381, 1.000000000000000888 ) ;
#5451 = EDGE_LOOP ( 'NONE', ( #3229, #3797, #2784, #2454 ) ) ;
#5452 = CARTESIAN_POINT ( 'NONE',  ( 33.00000000000000000, 10.00000000000000178, -25.40565218904155032 ) ) ;
#5453 = ORIENTED_EDGE ( 'NONE', *, *, #1124, .F. ) ;
#5454 = CARTESIAN_POINT ( 'NONE',  ( 11.99999999999999645, 30.00000000000000000, -24.40565218904154676 ) ) ;
#5455 = FACE_OUTER_BOUND ( 'NONE', #1789, .T. ) ;
#5456 = DIRECTION ( 'NONE',  ( 0.000000000000000000, 0.000000000000000000, -1.000000000000000000 ) ) ;
#5457 = CIRCLE ( 'NONE', #5357, 2.049999999999999822 ) ;
#5458 = ORIENTED_EDGE ( 'NONE', *, *, #4134, .F. ) ;
#5459 = CARTESIAN_POINT ( 'NONE',  ( 14.43438992026087320, 6.923111759064536130, -35.01174087882748864 ) ) ;
#5460 = DIRECTION ( 'NONE',  ( -0.000000000000000000, 1.000000000000000000, -0.000000000000000000 ) ) ;
#5461 = CARTESIAN_POINT ( 'NONE',  ( 49.33616946829111782, 7.023135148134107553, -35.02388261690454385 ) ) ;
#5462 = EDGE_CURVE ( 'NONE', #3900, #4499, #4261, .T. ) ;
#5463 = VECTOR ( 'NONE', #3832, 1000.000000000000000 ) ;
#5464 = CARTESIAN_POINT ( 'NONE',  ( 34.69763020602645298, 6.000000000000000888, -24.64454128465022364 ) ) ;
#5465 = ADVANCED_FACE ( 'NONE', ( #2228 ), #1722, .F. ) ;
#5466 = CARTESIAN_POINT ( 'NONE',  ( 16.82293812991438742, 6.003920784798959076, -13.35565218904155138 ) ) ;
#5467 = CARTESIAN_POINT ( 'NONE',  ( 17.84108946836182241, 6.000000000000000000, -6.171563454926004333 ) ) ;
#5468 = CARTESIAN_POINT ( 'NONE',  ( 12.99999999999999822, 10.00000000000000178, -10.45000000000001172 ) ) ;
#5469 = CARTESIAN_POINT ( 'NONE',  ( 15.56849901187696261, 6.263848815128049807, -7.938805722408639909 ) ) ;
#5470 = EDGE_LOOP ( 'NONE', ( #3445, #2406, #3131 ) ) ;
#5471 = DIRECTION ( 'NONE',  ( -1.000000000000000000, -0.000000000000000000, 4.003208021484940018E-16 ) ) ;
#5472 = CIRCLE ( 'NONE', #2645, 1.000000000000000888 ) ;
#5473 = ORIENTED_EDGE ( 'NONE', *, *, #3612, .F. ) ;
#5474 = CARTESIAN_POINT ( 'NONE',  ( 33.15325082719476768, 5.989196719233192745, -38.23542939067045410 ) ) ;
#5475 = DIRECTION ( 'NONE',  ( 0.000000000000000000, 0.000000000000000000, -1.000000000000000000 ) ) ;
#5476 = DIRECTION ( 'NONE',  ( 0.000000000000000000, 1.000000000000000000, 0.000000000000000000 ) ) ;
#5477 = CARTESIAN_POINT ( 'NONE',  ( 1.000000000000000000, 30.00000000000000000, -9.380652189041546407 ) ) ;
#5478 = ORIENTED_EDGE ( 'NONE', *, *, #5360, .T. ) ;
#5479 = CYLINDRICAL_SURFACE ( 'NONE', #388, 4.000000000000000000 ) ;
#5480 = CARTESIAN_POINT ( 'NONE',  ( 33.47050554491213603, 5.998486478600587368, -38.21642292627649340 ) ) ;
#5481 = DIRECTION ( 'NONE',  ( 0.000000000000000000, 0.000000000000000000, 1.000000000000000000 ) ) ;
#5482 = CARTESIAN_POINT ( 'NONE',  ( 16.99999999999999645, 6.000000000000000000, -38.00000000000000000 ) ) ;
#5483 = EDGE_CURVE ( 'NONE', #1235, #266, #1255, .T. ) ;
#5484 = ORIENTED_EDGE ( 'NONE', *, *, #2174, .F. ) ;
#5485 = FACE_OUTER_BOUND ( 'NONE', #554, .T. ) ;
#5486 = AXIS2_PLACEMENT_3D ( 'NONE', #4575, #170, #550 ) ;
#5487 = DIRECTION ( 'NONE',  ( -0.000000000000000000, -1.000000000000000000, -0.000000000000000000 ) ) ;
#5488 = EDGE_CURVE ( 'NONE', #882, #1460, #1472, .T. ) ;
#5489 = CARTESIAN_POINT ( 'NONE',  ( 49.75245457541504379, 5.367860862849861192, -37.38313537554302002 ) ) ;
#5490 = AXIS2_PLACEMENT_3D ( 'NONE', #2952, #3058, #1983 ) ;
#5491 = CARTESIAN_POINT ( 'NONE',  ( 0.000000000000000000, 3.723404150184999928, -37.93173398505984295 ) ) ;
#5492 = LINE ( 'NONE', #4136, #285 ) ;
#5493 = CARTESIAN_POINT ( 'NONE',  ( 16.26943894250690548, 5.053659884189666940, -1.999999999999997113 ) ) ;
#5494 = AXIS2_PLACEMENT_3D ( 'NONE', #5040, #5561, #5620 ) ;
#5495 = CARTESIAN_POINT ( 'NONE',  ( 27.22008950438041097, 3.715781680582702862, -28.66301263328627513 ) ) ;
#5496 = CARTESIAN_POINT ( 'NONE',  ( 2.000000000000000888, 15.44116783476714261, 1.619347810958454259 ) ) ;
#5497 = ORIENTED_EDGE ( 'NONE', *, *, #1380, .F. ) ;
#5498 = LOCAL_TIME ( 13, 41, 10.00000000000000000, #4385 ) ;
#5499 = ORIENTED_EDGE ( 'NONE', *, *, #1680, .F. ) ;
#5500 = CARTESIAN_POINT ( 'NONE',  ( 21.64589803375031352, 4.000000000000000000, -40.00000000000000000 ) ) ;
#5501 = DIRECTION ( 'NONE',  ( 0.000000000000000000, 0.000000000000000000, 1.000000000000000000 ) ) ;
#5502 = CARTESIAN_POINT ( 'NONE',  ( 49.87637922731679652, 3.258348364931551444, -1.726844996258924292 ) ) ;
#5503 = CARTESIAN_POINT ( 'NONE',  ( 50.00000000000000000, 4.162938147893408214, -1.873582753389195110 ) ) ;
#5504 = ORIENTED_EDGE ( 'NONE', *, *, #4356, .T. ) ;
#5505 = CARTESIAN_POINT ( 'NONE',  ( 34.97892408763783578, 6.523502891031813355, -29.84672478342989521 ) ) ;
#5506 = ORIENTED_EDGE ( 'NONE', *, *, #4717, .F. ) ;
#5507 = DIRECTION ( 'NONE',  ( 0.000000000000000000, 0.000000000000000000, 1.000000000000000000 ) ) ;
#5508 = CARTESIAN_POINT ( 'NONE',  ( 50.00000000000000711, 15.05812692837102951, -29.38065218904155884 ) ) ;
#5509 = CARTESIAN_POINT ( 'NONE',  ( 33.73056105749309808, 5.997978788787623472, -1.670968380821967969 ) ) ;
#5510 = VERTEX_POINT ( 'NONE', #4187 ) ;
#5511 = ORIENTED_EDGE ( 'NONE', *, *, #5610, .F. ) ;
#5512 = CARTESIAN_POINT ( 'NONE',  ( 38.00000000000000711, 30.00000000000000000, 0.000000000000000000 ) ) ;
#5513 = CARTESIAN_POINT ( 'NONE',  ( 0.000000000000000000, 31.00000000000000000, -25.40565218904155032 ) ) ;
#5514 = CARTESIAN_POINT ( 'NONE',  ( -0.000000000000000000, 7.614888262451803058, -6.266089316967446976 ) ) ;
#5515 = CARTESIAN_POINT ( 'NONE',  ( 20.66159762402563160, 4.346634468969193144, -26.35271656500641058 ) ) ;
#5516 = CIRCLE ( 'NONE', #972, 1.000000000000000888 ) ;
#5517 = CARTESIAN_POINT ( 'NONE',  ( 4.477658055429665542E-15, 4.618187219200826199, -37.86309583445064675 ) ) ;
#5518 = CARTESIAN_POINT ( 'NONE',  ( 2.000000000000014211, 4.000000000000000000, 0.000000000000000000 ) ) ;
#5519 = CARTESIAN_POINT ( 'NONE',  ( 50.00000000000000000, 6.000000000000000000, -9.380652189041546407 ) ) ;
#5520 = LINE ( 'NONE', #172, #3989 ) ;
#5521 = EDGE_CURVE ( 'NONE', #1290, #2334, #3018, .T. ) ;
#5522 = EDGE_LOOP ( 'NONE', ( #3344, #5667, #4524, #5497, #993, #4272, #1841, #3972 ) ) ;
#5523 = EDGE_LOOP ( 'NONE', ( #3446, #429, #5537, #5148 ) ) ;
#5524 = CYLINDRICAL_SURFACE ( 'NONE', #4974, 11.50000000000000178 ) ;
#5525 = CARTESIAN_POINT ( 'NONE',  ( 22.77541849014094666, 3.716672827665071122, -8.651016199246951643 ) ) ;
#5526 = CYLINDRICAL_SURFACE ( 'NONE', #4040, 2.000000000000000000 ) ;
#5527 = AXIS2_PLACEMENT_3D ( 'NONE', #4724, #1092, #4812 ) ;
#5528 = CARTESIAN_POINT ( 'NONE',  ( 31.79103677350413193, 5.716270611575463789, -26.07411692726065411 ) ) ;
#5529 = VECTOR ( 'NONE', #3791, 1000.000000000000000 ) ;
#5530 = CIRCLE ( 'NONE', #5298, 2.000000000000001776 ) ;
#5531 =( BOUNDED_SURFACE ( )  B_SPLINE_SURFACE ( 3, 2, ( 
 ( #5257, #1212, #1268 ),
 ( #4816, #288, #3065 ),
 ( #2080, #4863, #2541 ),
 ( #916, #4326, #2707 ),
 ( #3869, #5672, #318 ),
 ( #2109, #462, #1741 ),
 ( #1, #5764, #436 ),
 ( #34, #3246, #3074 ),
 ( #1802, #4387, #5794 ),
 ( #4483, #2694, #2253 ),
 ( #4903, #1450, #4604 ),
 ( #2196, #408, #3957 ),
 ( #1715, #2224, #3047 ),
 ( #4018, #874, #5052 ),
 ( #1772, #1308, #3606 ),
 ( #3578, #3991, #1009 ),
 ( #2661, #1248, #5378 ),
 ( #5291, #903, #4844 ),
 ( #3549, #4873, #4453 ),
 ( #4050, #5348, #2169 ) ),
 .UNSPECIFIED., .F., .F., .F. ) 
 B_SPLINE_SURFACE_WITH_KNOTS ( ( 4, 2, 2, 2, 2, 2, 2, 2, 2, 4 ),
 ( 3, 3 ),
 ( 1.084202172485504434E-19, 0.0005806563375025830965, 0.001161312675005166193, 0.001741969012507749289, 0.002322625350010332386, 0.003483938025015498579, 0.004645250700020664772, 0.006967876050030997158, 0.008129188725036163785, 0.009290501400041329544 ),
 ( 0.000000000000000000, 1.000000000000000000 ),
 .UNSPECIFIED. ) 
 GEOMETRIC_REPRESENTATION_ITEM ( )  RATIONAL_B_SPLINE_SURFACE ( (
 ( 1.000000000000000000, 0.9834084848083690655, 1.000000000000000000),
 ( 1.000000000000000000, 0.9815106154038872877, 1.000000000000000000),
 ( 1.000000000000000000, 0.9790872279436401149, 1.000000000000000000),
 ( 1.000000000000000000, 0.9734458144882337516, 1.000000000000000000),
 ( 1.000000000000000000, 0.9702259923261721264, 1.000000000000000000),
 ( 1.000000000000000000, 0.9630946421113920630, 1.000000000000000000),
 ( 1.000000000000000000, 0.9591702470187389862, 1.000000000000000000),
 ( 1.000000000000000000, 0.9508167833759991749, 1.000000000000000000),
 ( 1.000000000000000000, 0.9463718554717488463, 1.000000000000000000),
 ( 1.000000000000000000, 0.9322806960389828923, 1.000000000000000000),
 ( 1.000000000000000000, 0.9218796952019849833, 1.000000000000000000),
 ( 1.000000000000000000, 0.8991955047359387887, 1.000000000000000000),
 ( 1.000000000000000000, 0.8868235451628253552, 1.000000000000000000),
 ( 1.000000000000000000, 0.8478306606179706328, 1.000000000000000000),
 ( 1.000000000000000000, 0.8192284793323747483, 1.000000000000000000),
 ( 1.000000000000000000, 0.7751605741637366265, 1.000000000000000000),
 ( 1.000000000000000000, 0.7603268157579068376, 1.000000000000000000),
 ( 1.000000000000000000, 0.7323340861239364674, 1.000000000000000000),
 ( 1.000000000000000000, 0.7190469927466816014, 1.000000000000000000),
 ( 1.000000000000000000, 0.7071067811865475727, 1.000000000000000000) ) ) 
 REPRESENTATION_ITEM ( '' )  SURFACE ( )  );
#5532 = EDGE_CURVE ( 'NONE', #4987, #5622, #3286, .T. ) ;
#5533 = ORIENTED_EDGE ( 'NONE', *, *, #628, .F. ) ;
#5534 = CARTESIAN_POINT ( 'NONE',  ( 18.99999999999999645, 0.000000000000000000, -10.00000000000000178 ) ) ;
#5535 = EDGE_CURVE ( 'NONE', #2681, #1077, #992, .T. ) ;
#5536 = VECTOR ( 'NONE', #308, 1000.000000000000000 ) ;
#5537 = ORIENTED_EDGE ( 'NONE', *, *, #2605, .F. ) ;
#5538 = DIRECTION ( 'NONE',  ( -4.003208021484940018E-16, 0.000000000000000000, -1.000000000000000000 ) ) ;
#5539 = CARTESIAN_POINT ( 'NONE',  ( 18.99999999999999645, 3.000000000000000000, -10.00000000000000178 ) ) ;
#5540 = CARTESIAN_POINT ( 'NONE',  ( 50.00000000000000000, 13.44548200167590046, -29.61112930523748332 ) ) ;
#5541 = DIRECTION ( 'NONE',  ( -0.000000000000000000, 1.000000000000000000, -0.000000000000000000 ) ) ;
#5542 = EDGE_CURVE ( 'NONE', #1345, #235, #4550, .T. ) ;
#5543 = CIRCLE ( 'NONE', #2995, 4.000000000000000000 ) ;
#5544 = ORIENTED_EDGE ( 'NONE', *, *, #2727, .F. ) ;
#5545 = AXIS2_PLACEMENT_3D ( 'NONE', #512, #1916, #5071 ) ;
#5546 = AXIS2_PLACEMENT_3D ( 'NONE', #2538, #1652, #4236 ) ;
#5547 = CARTESIAN_POINT ( 'NONE',  ( 13.58023603236751953, 7.197653830476388848, -35.20587388389940742 ) ) ;
#5548 = CARTESIAN_POINT ( 'NONE',  ( 11.99999999999999822, 30.00000000000000000, -8.380652189041549960 ) ) ;
#5549 = FACE_OUTER_BOUND ( 'NONE', #190, .T. ) ;
#5550 = CARTESIAN_POINT ( 'NONE',  ( 21.55208989995588453, 4.027179327121902297, -33.09159538454499483 ) ) ;
#5551 = CARTESIAN_POINT ( 'NONE',  ( 33.95711821211518355, 6.000000000000000888, -24.94140466739060358 ) ) ;
#5552 = CARTESIAN_POINT ( 'NONE',  ( 12.99999999999999822, 9.999999996181749395, -30.30000184671563801 ) ) ;
#5553 = CARTESIAN_POINT ( 'NONE',  ( 18.93292539954753551, 5.228633341821631753, -39.58465799534550200 ) ) ;
#5554 = CARTESIAN_POINT ( 'NONE',  ( 15.02539310119832194, 6.521361243934024721, -9.550000000002265566 ) ) ;
#5555 = ORIENTED_EDGE ( 'NONE', *, *, #507, .T. ) ;
#5556 = EDGE_CURVE ( 'NONE', #27, #5713, #4929, .T. ) ;
#5557 = EDGE_LOOP ( 'NONE', ( #3563, #173, #2993 ) ) ;
#5558 = CARTESIAN_POINT ( 'NONE',  ( 37.00000000000000711, 30.00000000000000000, -25.40565218904155032 ) ) ;
#5559 = CARTESIAN_POINT ( 'NONE',  ( 23.00040332375177599, 3.675177118215080529, -10.26752744849684440 ) ) ;
#5560 = CARTESIAN_POINT ( 'NONE',  ( 17.84108946836182241, 6.000000000000000000, 32.52691193458118590 ) ) ;
#5561 = DIRECTION ( 'NONE',  ( 0.000000000000000000, 0.000000000000000000, -1.000000000000000000 ) ) ;
#5562 = EDGE_CURVE ( 'NONE', #250, #5687, #5588, .T. ) ;
#5563 = CIRCLE ( 'NONE', #4328, 1.000000000000000888 ) ;
#5564 = EDGE_LOOP ( 'NONE', ( #880, #2467, #3354, #1627 ) ) ;
#5565 = CARTESIAN_POINT ( 'NONE',  ( 34.94874472833178203, 6.506807479711559594, -29.54999999999997229 ) ) ;
#5566 = DIRECTION ( 'NONE',  ( -1.000000000000000000, -0.000000000000000000, -0.000000000000000000 ) ) ;
#5567 = CARTESIAN_POINT ( 'NONE',  ( 33.00000000000000000, 10.00000000000000000, -1.999999999999999556 ) ) ;
#5568 = CARTESIAN_POINT ( 'NONE',  ( 0.06010331114773100059, 4.294508722082267305, -1.551747973053883234 ) ) ;
#5569 = CARTESIAN_POINT ( 'NONE',  ( 59.76148354395871820, 4.000000000000000000, -40.38065218904154818 ) ) ;
#5570 = ORIENTED_EDGE ( 'NONE', *, *, #259, .F. ) ;
#5571 = EDGE_CURVE ( 'NONE', #3244, #942, #5520, .T. ) ;
#5572 = EDGE_CURVE ( 'NONE', #3747, #1290, #3307, .T. ) ;
#5573 = ADVANCED_FACE ( 'NONE', ( #1516 ), #3253, .F. ) ;
#5574 = ORIENTED_EDGE ( 'NONE', *, *, #596, .T. ) ;
#5575 = EDGE_CURVE ( 'NONE', #4339, #685, #4640, .T. ) ;
#5576 = DIRECTION ( 'NONE',  ( -0.000000000000000000, 1.000000000000000000, -0.000000000000000000 ) ) ;
#5577 = CARTESIAN_POINT ( 'NONE',  ( 29.18105031674212668, 4.278316547500947920, -39.98834360145307443 ) ) ;
#5578 = CARTESIAN_POINT ( 'NONE',  ( 36.84599529117031835, 8.866959416448004561, -32.03423082468977157 ) ) ;
#5579 = CARTESIAN_POINT ( 'NONE',  ( 19.46908842759886937, 4.913804544776999350, -26.02020040645347976 ) ) ;
#5580 = VECTOR ( 'NONE', #5300, 1000.000000000000000 ) ;
#5581 = CARTESIAN_POINT ( 'NONE',  ( 0.000000000000000000, 4.779167679350929454, -37.08338369651318089 ) ) ;
#5582 = DIRECTION ( 'NONE',  ( 0.000000000000000000, 1.000000000000000000, 0.000000000000000000 ) ) ;
#5583 = DIRECTION ( 'NONE',  ( 2.668805347656629637E-16, 0.000000000000000000, 1.000000000000000000 ) ) ;
#5584 = DIRECTION ( 'NONE',  ( 0.000000000000000000, 0.000000000000000000, 1.000000000000000000 ) ) ;
#5585 = VECTOR ( 'NONE', #664, 1000.000000000000000 ) ;
#5586 = ORIENTED_EDGE ( 'NONE', *, *, #2286, .F. ) ;
#5587 = ORIENTED_EDGE ( 'NONE', *, *, #4961, .F. ) ;
#5588 = CIRCLE ( 'NONE', #791, 2.000000000000001776 ) ;
#5589 = DIRECTION ( 'NONE',  ( -1.000000000000000000, 0.000000000000000000, 0.000000000000000000 ) ) ;
#5590 = DIRECTION ( 'NONE',  ( 0.000000000000000000, 0.000000000000000000, -1.000000000000000000 ) ) ;
#5591 = DIRECTION ( 'NONE',  ( 0.000000000000000000, 1.000000000000000000, -0.000000000000000000 ) ) ;
#5592 = DIRECTION ( 'NONE',  ( 1.000000000000000000, 0.000000000000000000, -3.469446951953613696E-16 ) ) ;
#5593 = ORIENTED_EDGE ( 'NONE', *, *, #5633, .T. ) ;
#5594 = CARTESIAN_POINT ( 'NONE',  ( 0.02316858859628444234, 3.895694766341576631, -38.30354171194197477 ) ) ;
#5595 = ORIENTED_EDGE ( 'NONE', *, *, #371, .T. ) ;
#5596 = FACE_OUTER_BOUND ( 'NONE', #2682, .T. ) ;
#5597 = EDGE_CURVE ( 'NONE', #2985, #235, #5030, .T. ) ;
#5598 = CARTESIAN_POINT ( 'NONE',  ( 32.15891053163817759, 5.999999999999999112, -13.82843654507400188 ) ) ;
#5599 = CARTESIAN_POINT ( 'NONE',  ( 0.4198437964622637741, 5.866230297247150283, -2.746450957106199464 ) ) ;
#5600 = DIRECTION ( 'NONE',  ( 0.000000000000000000, 0.000000000000000000, -1.000000000000000000 ) ) ;
#5601 = EDGE_LOOP ( 'NONE', ( #4706, #4553, #3006, #367 ) ) ;
#5602 = EDGE_LOOP ( 'NONE', ( #4126, #5010, #413, #4031, #2559 ) ) ;
#5603 = CARTESIAN_POINT ( 'NONE',  ( 11.99999999999999645, 31.00000000000000000, -24.40565218904154676 ) ) ;
#5604 = CARTESIAN_POINT ( 'NONE',  ( 34.93649358863090271, 6.295340418040808572, -2.431304995728803764 ) ) ;
#5605 = FACE_OUTER_BOUND ( 'NONE', #1748, .T. ) ;
#5606 = ADVANCED_FACE ( 'NONE', ( #552 ), #1902, .F. ) ;
#5607 = CARTESIAN_POINT ( 'NONE',  ( 22.42485764286028527, 3.790862479143111141, -27.91566232536302294 ) ) ;
#5608 = EDGE_CURVE ( 'NONE', #73, #5609, #142, .T. ) ;
#5609 = VERTEX_POINT ( 'NONE', #635 ) ;
#5610 = EDGE_CURVE ( 'NONE', #4467, #1890, #3230, .T. ) ;
#5611 = CARTESIAN_POINT ( 'NONE',  ( 50.00000000000000000, 31.00000000000000000, -8.380652189041544631 ) ) ;
#5612 = CARTESIAN_POINT ( 'NONE',  ( 27.02857373414488862, 3.680189175137874358, -10.55000703331423395 ) ) ;
#5613 = CARTESIAN_POINT ( 'NONE',  ( 38.00000000000000711, 30.00000000000000000, -25.40565218904155032 ) ) ;
#5614 = CARTESIAN_POINT ( 'NONE',  ( 16.99999999999999645, 5.960247257326453330, -38.39677536484025921 ) ) ;
#5615 = ORIENTED_EDGE ( 'NONE', *, *, #201, .F. ) ;
#5616 = AXIS2_PLACEMENT_3D ( 'NONE', #3114, #471, #3584 ) ;
#5617 = CARTESIAN_POINT ( 'NONE',  ( 11.99999999999999822, 30.00000000000000000, -13.35565218904154960 ) ) ;
#5618 = CARTESIAN_POINT ( 'NONE',  ( 0.000000000000000000, 8.035598074001891078, -6.645325477966745886 ) ) ;
#5619 = CARTESIAN_POINT ( 'NONE',  ( 0.8588998118404779225, 9.120042566031859366, -32.78913191209520761 ) ) ;
#5620 = DIRECTION ( 'NONE',  ( -1.000000000000000000, 0.000000000000000000, 0.000000000000000000 ) ) ;
#5621 = AXIS2_PLACEMENT_3D ( 'NONE', #414, #2262, #2206 ) ;
#5622 = VERTEX_POINT ( 'NONE', #4820 ) ;
#5623 = LINE ( 'NONE', #1611, #1777 ) ;
#5624 = VERTEX_POINT ( 'NONE', #3370 ) ;
#5625 = DIRECTION ( 'NONE',  ( 0.000000000000000000, 0.000000000000000000, -1.000000000000000000 ) ) ;
#5626 = CARTESIAN_POINT ( 'NONE',  ( 0.05199885174303942731, 3.892291768205071278, -1.530622054034249668 ) ) ;
#5627 = DIRECTION ( 'NONE',  ( -1.000000000000000000, 0.000000000000000000, 0.000000000000000000 ) ) ;
#5628 = FACE_OUTER_BOUND ( 'NONE', #5522, .T. ) ;
#5629 = ORIENTED_EDGE ( 'NONE', *, *, #1683, .T. ) ;
#5630 = AXIS2_PLACEMENT_3D ( 'NONE', #1971, #648, #2001 ) ;
#5631 = DIRECTION ( 'NONE',  ( 0.000000000000000000, 0.8690913493432481651, -0.4946516213424678177 ) ) ;
#5632 = ORIENTED_EDGE ( 'NONE', *, *, #3122, .F. ) ;
#5633 = EDGE_CURVE ( 'NONE', #1721, #3730, #3404, .T. ) ;
#5634 = CYLINDRICAL_SURFACE ( 'NONE', #2072, 2.050000000000006484 ) ;
#5635 = CARTESIAN_POINT ( 'NONE',  ( 32.07053118265937286, 5.930253247283162388, -38.53326774744988370 ) ) ;
#5636 = CARTESIAN_POINT ( 'NONE',  ( 18.99999999999999645, 5.189291564825709635, -14.00000000000000178 ) ) ;
#5637 = CIRCLE ( 'NONE', #5445, 4.000000000000000000 ) ;
#5638 = DIRECTION ( 'NONE',  ( -0.000000000000000000, -0.000000000000000000, -1.000000000000000000 ) ) ;
#5639 = CARTESIAN_POINT ( 'NONE',  ( 20.89075983189752250, 4.256659234688570770, -26.46547806145118997 ) ) ;
#5640 = CIRCLE ( 'NONE', #290, 2.000000000000001776 ) ;
#5641 = CIRCLE ( 'NONE', #1402, 4.000000000000000000 ) ;
#5642 = CARTESIAN_POINT ( 'NONE',  ( 37.00000000000000711, 30.00000000000000000, -9.380652189041551736 ) ) ;
#5643 = ADVANCED_FACE ( 'NONE', ( #2925 ), #2386, .T. ) ;
#5644 = CARTESIAN_POINT ( 'NONE',  ( 30.05339349194812115, 4.666291285399117861, -13.89394207412157378 ) ) ;
#5645 = CARTESIAN_POINT ( 'NONE',  ( 17.84108946836182241, 6.000000000000000000, -38.00000000000000000 ) ) ;
#5646 = CIRCLE ( 'NONE', #4411, 2.049999999999999822 ) ;
#5647 = LINE ( 'NONE', #1160, #2022 ) ;
#5648 = ORIENTED_EDGE ( 'NONE', *, *, #4993, .F. ) ;
#5649 = EDGE_CURVE ( 'NONE', #4056, #652, #3892, .T. ) ;
#5650 = ORIENTED_EDGE ( 'NONE', *, *, #3214, .T. ) ;
#5651 = EDGE_CURVE ( 'NONE', #4507, #3844, #696, .T. ) ;
#5652 = CARTESIAN_POINT ( 'NONE',  ( 11.99999999999999645, 10.17562400600620975, -6.889988075818121338 ) ) ;
#5653 = CARTESIAN_POINT ( 'NONE',  ( 0.3977354987491467653, 5.791174910126785313, -2.650061426045227986 ) ) ;
#5654 = DIRECTION ( 'NONE',  ( -0.000000000000000000, 1.000000000000000000, -0.000000000000000000 ) ) ;
#5655 = FACE_OUTER_BOUND ( 'NONE', #4715, .T. ) ;
#5656 = VECTOR ( 'NONE', #3864, 1000.000000000000000 ) ;
#5657 = ORIENTED_EDGE ( 'NONE', *, *, #5121, .F. ) ;
#5658 = CARTESIAN_POINT ( 'NONE',  ( 37.00000000000000711, 15.44116783476714794, 1.619347810958436051 ) ) ;
#5659 = SPHERICAL_SURFACE ( 'NONE', #4298, 1.000000000000000000 ) ;
#5660 = CARTESIAN_POINT ( 'NONE',  ( 32.15891053163817759, 6.000000000000000000, 32.52691193458118590 ) ) ;
#5661 = CARTESIAN_POINT ( 'NONE',  ( 34.96816727967060245, 6.517629694300357102, -9.693419253390290535 ) ) ;
#5662 = DIRECTION ( 'NONE',  ( 0.000000000000000000, 1.000000000000000000, 0.000000000000000000 ) ) ;
#5663 = ORIENTED_EDGE ( 'NONE', *, *, #166, .T. ) ;
#5664 = DIRECTION ( 'NONE',  ( -0.000000000000000000, 0.000000000000000000, 1.000000000000000000 ) ) ;
#5665 = ORIENTED_EDGE ( 'NONE', *, *, #5041, .T. ) ;
#5666 = VERTEX_POINT ( 'NONE', #4359 ) ;
#5667 = ORIENTED_EDGE ( 'NONE', *, *, #682, .F. ) ;
#5668 = CARTESIAN_POINT ( 'NONE',  ( 4.949999999999999289, 6.000000000000000000, -14.35565218904154960 ) ) ;
#5669 = CARTESIAN_POINT ( 'NONE',  ( 49.95891595761894877, 3.774266353448781253, -1.592648072430095985 ) ) ;
#5670 = CARTESIAN_POINT ( 'NONE',  ( 33.00000000000000000, 6.000000000000001776, -26.53589838486224295 ) ) ;
#5671 = CARTESIAN_POINT ( 'NONE',  ( 48.00000000000000000, 0.000000000000000000, -38.00000000000000000 ) ) ;
#5672 = CARTESIAN_POINT ( 'NONE',  ( 15.62312916308026978, 6.238966813897769192, -2.301227762764010976 ) ) ;
#5673 = DIRECTION ( 'NONE',  ( -0.000000000000000000, -1.000000000000000000, -0.000000000000000000 ) ) ;
#5674 = CARTESIAN_POINT ( 'NONE',  ( 27.22458150985904268, 3.716672827665068013, -11.34898380075305191 ) ) ;
#5675 = DIRECTION ( 'NONE',  ( 1.000000000000000000, -0.000000000000000000, -2.668805347656626678E-16 ) ) ;
#5676 = CARTESIAN_POINT ( 'NONE',  ( 16.52949445508783555, 5.998486478600588256, -38.21642292627650761 ) ) ;
#5677 = ORIENTED_EDGE ( 'NONE', *, *, #1555, .F. ) ;
#5678 = CIRCLE ( 'NONE', #4342, 1.000000000000000888 ) ;
#5679 = ORIENTED_EDGE ( 'NONE', *, *, #5608, .T. ) ;
#5680 = CARTESIAN_POINT ( 'NONE',  ( 34.76138598078736663, 6.260711868453766371, -37.24756146441470150 ) ) ;
#5681 = CARTESIAN_POINT ( 'NONE',  ( 0.9482268240571537499, 11.55794134195771861, -7.643075793688857367 ) ) ;
#5682 = AXIS2_PLACEMENT_3D ( 'NONE', #5237, #2891, #347 ) ;
#5683 = CARTESIAN_POINT ( 'NONE',  ( 0.9731348286269465575, 13.25421190704207319, -30.68062617979227724 ) ) ;
#5684 = FACE_OUTER_BOUND ( 'NONE', #2073, .T. ) ;
#5685 = ORIENTED_EDGE ( 'NONE', *, *, #2082, .T. ) ;
#5686 = CC_DESIGN_PERSON_AND_ORGANIZATION_ASSIGNMENT ( #1364, #2280, ( #5126 ) ) ;
#5687 = VERTEX_POINT ( 'NONE', #752 ) ;
#5688 = AXIS2_PLACEMENT_3D ( 'NONE', #4843, #2024, #296 ) ;
#5689 = DIRECTION ( 'NONE',  ( 1.000000000000000000, 0.000000000000000000, 0.000000000000000000 ) ) ;
#5690 = CARTESIAN_POINT ( 'NONE',  ( 2.073387198430902509E-12, 11.61268635904296431, -31.17315374581769660 ) ) ;
#5691 = CARTESIAN_POINT ( 'NONE',  ( 31.20374198668717014, 5.313895402377360355, -13.99999999999998401 ) ) ;
#5692 = CARTESIAN_POINT ( 'NONE',  ( 34.17852143789307462, 6.173360450565581914, -32.44783271379258593 ) ) ;
#5693 = APPLICATION_CONTEXT ( 'configuration controlled 3d designs of mechanical parts and assemblies' ) ;
#5694 = LINE ( 'NONE', #3824, #3657 ) ;
#5695 = DIRECTION ( 'NONE',  ( -0.000000000000000000, -0.000000000000000000, 1.000000000000000000 ) ) ;
#5696 =( BOUNDED_SURFACE ( )  B_SPLINE_SURFACE ( 3, 2, ( 
 ( #1967, #1912, #645 ),
 ( #3297, #4226, #3238 ),
 ( #5098, #4621, #1083 ),
 ( #3707, #3761, #5505 ),
 ( #1470, #1999, #2791 ),
 ( #1111, #130, #5565 ) ),
 .UNSPECIFIED., .F., .F., .F. ) 
 B_SPLINE_SURFACE_WITH_KNOTS ( ( 4, 2, 4 ),
 ( 3, 3 ),
 ( 0.007457838894763874592, 0.007912847785409833287, 0.008367856676055791115 ),
 ( 0.000000000000000000, 0.6679744504774696168 ),
 .UNSPECIFIED. ) 
 GEOMETRIC_REPRESENTATION_ITEM ( )  RATIONAL_B_SPLINE_SURFACE ( (
 ( 1.000000000000000000, 0.8043548131145066282, 0.8700815986258119139),
 ( 1.000000000000000000, 0.8062625964902119247, 0.8713484642731887941),
 ( 1.000000000000000000, 0.8072977738871645048, 0.8720358749613417171),
 ( 1.000000000000000000, 0.8072976321891465190, 0.8720357808666172605),
 ( 1.000000000000000000, 0.8062624675132596952, 0.8713483786259019759),
 ( 1.000000000000000000, 0.8043548131145066282, 0.8700815986258119139) ) ) 
 REPRESENTATION_ITEM ( '' )  SURFACE ( )  );
#5697 = ORIENTED_EDGE ( 'NONE', *, *, #2889, .T. ) ;
#5698 = VERTEX_POINT ( 'NONE', #2087 ) ;
#5699 = CARTESIAN_POINT ( 'NONE',  ( 18.02136171622913707, 5.856605234020064721, -26.11699303064031952 ) ) ;
#5700 = CARTESIAN_POINT ( 'NONE',  ( 33.00000000000000000, 5.906861305794524064, -1.396775364840260325 ) ) ;
#5701 = SPHERICAL_SURFACE ( 'NONE', #1112, 2.000000000000000000 ) ;
#5702 = DIRECTION ( 'NONE',  ( -1.000000000000000000, -0.000000000000000000, -0.000000000000000000 ) ) ;
#5703 = CARTESIAN_POINT ( 'NONE',  ( 19.09841889288870576, 5.127552616055319312, -0.3437000392579580565 ) ) ;
#5704 = CARTESIAN_POINT ( 'NONE',  ( -7.841124167975343461E-15, 31.00000000000000000, -29.38065218904153753 ) ) ;
#5705 = FACE_OUTER_BOUND ( 'NONE', #584, .T. ) ;
#5706 = CARTESIAN_POINT ( 'NONE',  ( 15.04723711327286928, 6.000000000000000888, -24.56207219222572746 ) ) ;
#5707 = EDGE_CURVE ( 'NONE', #4376, #5392, #5175, .T. ) ;
#5708 = ORIENTED_EDGE ( 'NONE', *, *, #151, .T. ) ;
#5709 = CARTESIAN_POINT ( 'NONE',  ( 36.95226142988167339, 9.148024259450592055, -32.86838193137542419 ) ) ;
#5710 = CARTESIAN_POINT ( 'NONE',  ( 0.6896981948166054366, 7.087183222209342937, -4.276705857567060676 ) ) ;
#5711 = DIRECTION ( 'NONE',  ( -1.000000000000000000, -7.372574772901430151E-15, 0.000000000000000000 ) ) ;
#5712 = DIRECTION ( 'NONE',  ( -1.000000000000000000, 0.000000000000000000, 0.000000000000000000 ) ) ;
#5713 = VERTEX_POINT ( 'NONE', #3436 ) ;
#5714 = DIRECTION ( 'NONE',  ( 0.000000000000000000, 0.000000000000000000, -1.000000000000000000 ) ) ;
#5715 = CARTESIAN_POINT ( 'NONE',  ( 31.00000000000000000, 3.000000000000000000, -12.04999999999999893 ) ) ;
#5716 = CARTESIAN_POINT ( 'NONE',  ( 37.00000000000000000, 7.674061981583283121, -9.847803619273642894 ) ) ;
#5717 = CARTESIAN_POINT ( 'NONE',  ( 15.06109850792672233, 6.501093504914623900, -29.23463343131937719 ) ) ;
#5718 = ORIENTED_EDGE ( 'NONE', *, *, #4712, .F. ) ;
#5719 = EDGE_CURVE ( 'NONE', #3431, #2636, #1168, .T. ) ;
#5720 = DIRECTION ( 'NONE',  ( 1.000000000000000000, -0.000000000000000000, -2.668805347656626678E-16 ) ) ;
#5721 = ORIENTED_EDGE ( 'NONE', *, *, #5289, .T. ) ;
#5722 = AXIS2_PLACEMENT_3D ( 'NONE', #1262, #2128, #797 ) ;
#5723 = ORIENTED_EDGE ( 'NONE', *, *, #2298, .T. ) ;
#5724 = VERTEX_POINT ( 'NONE', #231 ) ;
#5725 = CARTESIAN_POINT ( 'NONE',  ( 0.000000000000000000, 15.05812692837103661, -29.38065218904154818 ) ) ;
#5726 = CARTESIAN_POINT ( 'NONE',  ( 16.53783774630961645, 6.025855292044518308, -37.95429225702330456 ) ) ;
#5727 = CARTESIAN_POINT ( 'NONE',  ( 12.99999999999999822, 10.00000000000000178, -13.35565218904154960 ) ) ;
#5728 = CARTESIAN_POINT ( 'NONE',  ( 11.99999999999999645, 31.00000000000000000, -30.38065218904154818 ) ) ;
#5729 = AXIS2_PLACEMENT_3D ( 'NONE', #3031, #1294, #2650 ) ;
#5730 = AXIS2_PLACEMENT_3D ( 'NONE', #2757, #69, #1875 ) ;
#5731 = CARTESIAN_POINT ( 'NONE',  ( 19.00000000000000000, 3.000000000000000000, -32.05000000000001137 ) ) ;
#5732 = FACE_OUTER_BOUND ( 'NONE', #4179, .T. ) ;
#5733 = CARTESIAN_POINT ( 'NONE',  ( 16.83424154517774340, 5.973078846742368775, -38.33354180019586011 ) ) ;
#5734 = CIRCLE ( 'NONE', #3655, 1.000000000000001110 ) ;
#5735 = TOROIDAL_SURFACE ( 'NONE', #4598, 11.44116783476714261, 10.00000000000000000 ) ;
#5736 = FACE_OUTER_BOUND ( 'NONE', #862, .T. ) ;
#5737 = CIRCLE ( 'NONE', #2623, 1.000000000000000888 ) ;
#5738 = CARTESIAN_POINT ( 'NONE',  ( 34.32505438971060130, 6.138654808868000856, -37.65642805824440842 ) ) ;
#5739 = CARTESIAN_POINT ( 'NONE',  ( 0.5861363060436818317, 6.538235080137651423, -3.593834117336613065 ) ) ;
#5740 = CYLINDRICAL_SURFACE ( 'NONE', #401, 1.999999999999999556 ) ;
#5741 = CARTESIAN_POINT ( 'NONE',  ( 38.00000000000000711, 30.00000000000000000, -24.40565218904155032 ) ) ;
#5742 = EDGE_LOOP ( 'NONE', ( #4851, #1812, #2032, #5156 ) ) ;
#5743 = CARTESIAN_POINT ( 'NONE',  ( 18.99999999999999645, 3.000000000000000000, -10.00000000000000178 ) ) ;
#5744 = CARTESIAN_POINT ( 'NONE',  ( 2.000000000000000444, 5.906861305794523176, -1.396775364840257216 ) ) ;
#5745 = DIRECTION ( 'NONE',  ( 0.000000000000000000, -2.736255232810233440E-14, 1.000000000000000000 ) ) ;
#5746 = EDGE_CURVE ( 'NONE', #4759, #4141, #3614, .T. ) ;
#5747 = CARTESIAN_POINT ( 'NONE',  ( 50.00000000000000000, 12.95216029381855094, -9.125421446073149312 ) ) ;
#5748 = EDGE_CURVE ( 'NONE', #1676, #4339, #841, .T. ) ;
#5749 = VECTOR ( 'NONE', #4775, 1000.000000000000000 ) ;
#5750 = CARTESIAN_POINT ( 'NONE',  ( 49.98252934492921895, 3.854139026955398784, -38.26643361927911258 ) ) ;
#5751 = ORIENTED_EDGE ( 'NONE', *, *, #5532, .T. ) ;
#5752 = CARTESIAN_POINT ( 'NONE',  ( 34.87489815428736506, 6.464988460888529964, -11.03501940142643178 ) ) ;
#5753 = PLANE ( 'NONE',  #5183 ) ;
#5754 = CARTESIAN_POINT ( 'NONE',  ( 37.75437439853735100, 9.061184179333293898, -6.088497330284623921 ) ) ;
#5755 = EDGE_CURVE ( 'NONE', #3076, #3155, #5647, .T. ) ;
#5756 = VECTOR ( 'NONE', #1340, 1000.000000000000000 ) ;
#5757 = DIRECTION ( 'NONE',  ( 0.000000000000000000, 0.000000000000000000, 1.000000000000000000 ) ) ;
#5758 = EDGE_CURVE ( 'NONE', #3781, #2790, #2958, .T. ) ;
#5759 = DIRECTION ( 'NONE',  ( 1.000000000000000000, 0.000000000000000000, 0.000000000000000000 ) ) ;
#5760 = LINE ( 'NONE', #376, #2012 ) ;
#5761 = DIRECTION ( 'NONE',  ( 1.000000000000000000, 0.000000000000000000, -4.309871990004489798E-16 ) ) ;
#5762 = PERSON_AND_ORGANIZATION_ROLE ( 'creator' ) ;
#5763 = ADVANCED_FACE ( 'NONE', ( #722 ), #3924, .T. ) ;
#5764 = CARTESIAN_POINT ( 'NONE',  ( 15.24992060299929086, 6.395624442537379828, -2.651261690289295814 ) ) ;
#5765 = CARTESIAN_POINT ( 'NONE',  ( 36.45581659329793922, 7.924647031484020054, -34.15444065551713493 ) ) ;
#5766 = CARTESIAN_POINT ( 'NONE',  ( 3.097082878959620126E-14, 3.495946085663622416, -1.832574202186323387 ) ) ;
#5767 = CARTESIAN_POINT ( 'NONE',  ( 16.86698490431318831, 5.922501898022007438, -1.446133344965227607 ) ) ;
#5768 = CARTESIAN_POINT ( 'NONE',  ( 50.00000000000000000, 30.00000000000000000, -29.38065218904155174 ) ) ;
#5769 = VERTEX_POINT ( 'NONE', #3810 ) ;
#5770 = CYLINDRICAL_SURFACE ( 'NONE', #5813, 4.000000000000007105 ) ;
#5771 = B_SPLINE_CURVE_WITH_KNOTS ( 'NONE', 3,
 ( #1464, #1548, #639, #3258, #1023, #5151, #2816 ),
 .UNSPECIFIED., .F., .F.,
 ( 4, 3, 4 ),
 ( 0.000000000000000000, 0.0004500001085154360452, 0.0009000002170308720904 ),
 .UNSPECIFIED. ) ;
#5772 = AXIS2_PLACEMENT_3D ( 'NONE', #4947, #2732, #851 ) ;
#5773 = DIRECTION ( 'NONE',  ( 0.000000000000000000, 0.000000000000000000, -1.000000000000000000 ) ) ;
#5774 = FACE_OUTER_BOUND ( 'NONE', #1518, .T. ) ;
#5775 = CARTESIAN_POINT ( 'NONE',  ( 49.11014823581937350, 9.584463584301714079, -6.581975618047644971 ) ) ;
#5776 = CARTESIAN_POINT ( 'NONE',  ( 36.55947865354330872, 8.157822027601540071, -32.88834058451638498 ) ) ;
#5777 = ORIENTED_EDGE ( 'NONE', *, *, #5376, .F. ) ;
#5778 = AXIS2_PLACEMENT_3D ( 'NONE', #431, #2689, #3492 ) ;
#5779 = ORIENTED_EDGE ( 'NONE', *, *, #5649, .T. ) ;
#5780 = ORIENTED_EDGE ( 'NONE', *, *, #3651, .T. ) ;
#5781 = ORIENTED_EDGE ( 'NONE', *, *, #3045, .T. ) ;
#5782 = FACE_OUTER_BOUND ( 'NONE', #1750, .T. ) ;
#5783 = CARTESIAN_POINT ( 'NONE',  ( 14.97805472802312643, 6.541683164322653177, -35.97398665062147671 ) ) ;
#5784 = AXIS2_PLACEMENT_3D ( 'NONE', #5798, #1401, #1746 ) ;
#5785 = CARTESIAN_POINT ( 'NONE',  ( 37.58694367489308519, 8.680439488455954589, -5.750951997640348701 ) ) ;
#5786 = LOCAL_TIME ( 13, 41, 10.00000000000000000, #4901 ) ;
#5787 = DIRECTION ( 'NONE',  ( 0.000000000000000000, 0.000000000000000000, -1.000000000000000000 ) ) ;
#5788 = CARTESIAN_POINT ( 'NONE',  ( 0.000000000000000000, 3.725773037600754733, -1.947794830347480355 ) ) ;
#5789 = CARTESIAN_POINT ( 'NONE',  ( 12.99999999999999822, 30.00000000000000000, -24.40565218904154676 ) ) ;
#5790 = PERSON_AND_ORGANIZATION ( #4148, #3434 ) ;
#5791 = EDGE_CURVE ( 'NONE', #867, #2027, #5215, .T. ) ;
#5792 = EDGE_CURVE ( 'NONE', #1035, #2681, #3430, .T. ) ;
#5793 = CARTESIAN_POINT ( 'NONE',  ( 0.000000000000000000, 9.785863373353167916, -31.08478907869266905 ) ) ;
#5794 = CARTESIAN_POINT ( 'NONE',  ( 14.64972888470923884, 6.480665060321136650, -2.822295788465705169 ) ) ;
#5795 = CARTESIAN_POINT ( 'NONE',  ( 37.03754045619730562, 10.24999389330186972, -32.03039637398129713 ) ) ;
#5796 = CARTESIAN_POINT ( 'NONE',  ( 1.999999999999999556, 6.000000000000000000, -1.999999999999999556 ) ) ;
#5797 = DIRECTION ( 'NONE',  ( -1.000000000000000000, -0.000000000000000000, -0.000000000000000000 ) ) ;
#5798 = CARTESIAN_POINT ( 'NONE',  ( 38.00000000000000711, 15.44116783476714794, -9.380652189041564171 ) ) ;
#5799 = VERTEX_POINT ( 'NONE', #1798 ) ;
#5800 = CARTESIAN_POINT ( 'NONE',  ( 16.99999999999999645, 10.00000000000000178, -25.40565218904154676 ) ) ;
#5801 = ORIENTED_EDGE ( 'NONE', *, *, #1647, .T. ) ;
#5802 = DIRECTION ( 'NONE',  ( -1.000000000000000000, 0.000000000000000000, -4.548635683951874318E-16 ) ) ;
#5803 = CARTESIAN_POINT ( 'NONE',  ( 1.999999999999999556, 6.000000000000000000, -1.999999999999999556 ) ) ;
#5804 = CARTESIAN_POINT ( 'NONE',  ( 49.99999999999786837, 8.597289275360187943, -6.000033443978991521 ) ) ;
#5805 = DIRECTION ( 'NONE',  ( 0.000000000000000000, 0.000000000000000000, -1.000000000000000000 ) ) ;
#5806 = ORIENTED_EDGE ( 'NONE', *, *, #1089, .F. ) ;
#5807 = B_SPLINE_CURVE_WITH_KNOTS ( 'NONE', 3,
 ( #5636, #776, #2107, #284, #2077, #5234 ),
 .UNSPECIFIED., .F., .F.,
 ( 4, 2, 4 ),
 ( 0.01529988831937079997, 0.01600693946403652576, 0.01671399060870225328 ),
 .UNSPECIFIED. ) ;
#5808 = ORIENTED_EDGE ( 'NONE', *, *, #3373, .T. ) ;
#5809 = CARTESIAN_POINT ( 'NONE',  ( 49.94563917570012990, 3.838656390135910090, -1.536871294367387675 ) ) ;
#5810 = CARTESIAN_POINT ( 'NONE',  ( -0.000000000000000000, 5.265515957137713698, -36.12590051861843676 ) ) ;
#5811 = CARTESIAN_POINT ( 'NONE',  ( 16.41555115400552367, 6.042927907351733907, -1.999999999999999556 ) ) ;
#5812 = CARTESIAN_POINT ( 'NONE',  ( 36.66955493969190627, 8.403493323104084922, -6.487981978563421848 ) ) ;
#5813 = AXIS2_PLACEMENT_3D ( 'NONE', #4025, #4881, #848 ) ;
#5814 = ORIENTED_EDGE ( 'NONE', *, *, #5226, .F. ) ;
#5815 = VERTEX_POINT ( 'NONE', #491 ) ;
#5816 = CARTESIAN_POINT ( 'NONE',  ( 33.00000000000000000, 6.000000000000001776, -33.46410161513776416 ) ) ;
#5817 = CARTESIAN_POINT ( 'NONE',  ( 15.02539310119856353, 6.521361243933804452, -30.45000000000002771 ) ) ;
#5818 = CARTESIAN_POINT ( 'NONE',  ( 12.99999999999999822, 31.00000000000000000, -30.38065218904154818 ) ) ;
#5819 = APPLICATION_PROTOCOL_DEFINITION ( 'international standard', 'config_control_design', 1994, #5693 ) ;
#5820 = CIRCLE ( 'NONE', #3837, 11.44116783476713906 ) ;
#5821 = CARTESIAN_POINT ( 'NONE',  ( 0.000000000000000000, 10.01232873281904823, -32.01564937847375347 ) ) ;
ENDSEC;
END-ISO-10303-21;
