ISO-10303-21;
HEADER;
FILE_DESCRIPTION (( 'STEP AP203' ),
    '1' );
FILE_NAME ('Y axis plate nut holder.STEP',
    '2022-04-14T18:40:33',
    ( '' ),
    ( '' ),
    'SwSTEP 2.0',
    'SolidWorks 2021',
    '' );
FILE_SCHEMA (( 'CONFIG_CONTROL_DESIGN' ));
ENDSEC;

DATA;
#1 = DATE_AND_TIME ( #2200, #2010 ) ;
#2 = DIRECTION ( 'NONE',  ( 0.000000000000000000, -1.000000000000000000, 0.000000000000000000 ) ) ;
#3 = VECTOR ( 'NONE', #19, 1000.000000000000114 ) ;
#4 = VECTOR ( 'NONE', #601, 1000.000000000000000 ) ;
#5 = AXIS2_PLACEMENT_3D ( 'NONE', #854, #1537, #312 ) ;
#6 = CARTESIAN_POINT ( 'NONE',  ( 19.00000000000000000, 11.25000000000000178, 8.500000000000000000 ) ) ;
#7 = VECTOR ( 'NONE', #1992, 1000.000000000000000 ) ;
#8 = DIRECTION ( 'NONE',  ( -0.7683885504133509681, 0.6399836213479757063, 0.000000000000000000 ) ) ;
#9 = AXIS2_PLACEMENT_3D ( 'NONE', #896, #776, #958 ) ;
#10 = DIRECTION ( 'NONE',  ( 0.7683885504133509681, -0.6399836213479758174, 0.000000000000000000 ) ) ;
#11 = LINE ( 'NONE', #1952, #1718 ) ;
#12 = CARTESIAN_POINT ( 'NONE',  ( -4.149999999999993250, 5.749999999999994671, 0.000000000000000000 ) ) ;
#13 = ORIENTED_EDGE ( 'NONE', *, *, #1560, .F. ) ;
#14 = ADVANCED_FACE ( 'NONE', ( #1457 ), #620, .F. ) ;
#15 = AXIS2_PLACEMENT_3D ( 'NONE', #136, #821, #641 ) ;
#16 = CARTESIAN_POINT ( 'NONE',  ( 3.310038649671438460, 7.782220938342131689, 3.000000000000000000 ) ) ;
#17 = APPLICATION_CONTEXT ( 'configuration controlled 3d designs of mechanical parts and assemblies' ) ;
#18 = CALENDAR_DATE ( 2022, 14, 4 ) ;
#19 = DIRECTION ( 'NONE',  ( -0.1700477988866310186, 0.9854358153090498895, 0.000000000000000000 ) ) ;
#20 = CARTESIAN_POINT ( 'NONE',  ( -18.80727338055631392, -10.67182014166913540, 0.3004997981094900128 ) ) ;
#21 = DIRECTION ( 'NONE',  ( 1.000000000000000000, 0.000000000000000000, 0.000000000000000000 ) ) ;
#22 = EDGE_LOOP ( 'NONE', ( #1882, #771, #975, #241 ) ) ;
#23 = CARTESIAN_POINT ( 'NONE',  ( 18.79289321881344677, -10.62867965644035806, 3.798772575574227361E-16 ) ) ;
#24 = DIRECTION ( 'NONE',  ( 0.7683885504133521893, -0.6399836213479743741, 0.000000000000000000 ) ) ;
#25 = CARTESIAN_POINT ( 'NONE',  ( -18.50000000000000000, -9.750000000000001776, 10.00000000000000178 ) ) ;
#26 = PLANE ( 'NONE',  #831 ) ;
#27 = ORIENTED_EDGE ( 'NONE', *, *, #1916, .F. ) ;
#28 = CARTESIAN_POINT ( 'NONE',  ( 18.50000000000000000, -9.750000000000001776, 10.00000000000000178 ) ) ;
#29 = EDGE_CURVE ( 'NONE', #917, #1552, #2185, .T. ) ;
#30 = CARTESIAN_POINT ( 'NONE',  ( -19.18206815408044008, -10.43206815408064259, 0.1198743565469229666 ) ) ;
#31 = PLANE ( 'NONE',  #531 ) ;
#32 = EDGE_LOOP ( 'NONE', ( #2190, #235, #1907, #1876 ) ) ;
#33 = CARTESIAN_POINT ( 'NONE',  ( -19.00000000000000000, -11.25000000000000178, 0.000000000000000000 ) ) ;
#34 = PLANE ( 'NONE',  #942 ) ;
#35 = ORIENTED_EDGE ( 'NONE', *, *, #696, .T. ) ;
#36 = CARTESIAN_POINT ( 'NONE',  ( 20.00000000000000000, 10.25000000000000178, 8.500000000000000000 ) ) ;
#37 = VECTOR ( 'NONE', #1995, 1000.000000000000114 ) ;
#38 = EDGE_CURVE ( 'NONE', #1425, #1583, #1305, .T. ) ;
#39 = DIRECTION ( 'NONE',  ( 1.000000000000000000, 0.000000000000000000, 0.000000000000000000 ) ) ;
#40 = CIRCLE ( 'NONE', #320, 1.600000000000001643 ) ;
#41 = ORIENTED_EDGE ( 'NONE', *, *, #988, .T. ) ;
#42 = VECTOR ( 'NONE', #466, 1000.000000000000000 ) ;
#43 = EDGE_CURVE ( 'NONE', #1072, #1065, #1294, .T. ) ;
#44 = VECTOR ( 'NONE', #607, 1000.000000000000000 ) ;
#45 = CARTESIAN_POINT ( 'NONE',  ( -18.50000000000000000, -9.750000000000001776, 10.00000000000000178 ) ) ;
#46 = CYLINDRICAL_SURFACE ( 'NONE', #382, 1.499999999999999556 ) ;
#47 = VECTOR ( 'NONE', #166, 1000.000000000000000 ) ;
#48 = LINE ( 'NONE', #380, #1013 ) ;
#49 = VERTEX_POINT ( 'NONE', #374 ) ;
#50 = CARTESIAN_POINT ( 'NONE',  ( 4.150000000000003020, 5.749999999999994671, 10.00000000000000000 ) ) ;
#51 = FACE_BOUND ( 'NONE', #131, .T. ) ;
#52 = ORIENTED_EDGE ( 'NONE', *, *, #2033, .F. ) ;
#53 = DIRECTION ( 'NONE',  ( -1.000000000000000000, 0.000000000000000000, 0.000000000000000000 ) ) ;
#54 = ORIENTED_EDGE ( 'NONE', *, *, #1481, .T. ) ;
#55 = CARTESIAN_POINT ( 'NONE',  ( -18.56546163104454195, -9.946384893134350591, 10.00000000000000178 ) ) ;
#56 = ADVANCED_FACE ( 'NONE', ( #448 ), #730, .T. ) ;
#57 = PRODUCT_DEFINITION_FORMATION_WITH_SPECIFIED_SOURCE ( 'ANY', '', #1725, .NOT_KNOWN. ) ;
#58 = DIRECTION ( 'NONE',  ( 1.000000000000000000, 0.000000000000000000, 0.000000000000000000 ) ) ;
#59 = VERTEX_POINT ( 'NONE', #271 ) ;
#60 = CARTESIAN_POINT ( 'NONE',  ( -18.79289321881344677, 10.62867965644035806, 5.950917033045384917E-16 ) ) ;
#61 = CARTESIAN_POINT ( 'NONE',  ( -18.50000000000000000, 9.750000000000001776, 10.00000000000000178 ) ) ;
#62 = ORIENTED_EDGE ( 'NONE', *, *, #2120, .F. ) ;
#63 = CARTESIAN_POINT ( 'NONE',  ( -18.50000000000000000, 9.750000000000001776, 0.000000000000000000 ) ) ;
#64 = VERTEX_POINT ( 'NONE', #545 ) ;
#65 = ADVANCED_FACE ( 'NONE', ( #883 ), #1754, .F. ) ;
#66 =( BOUNDED_CURVE ( )  B_SPLINE_CURVE ( 3, ( #919, #577, #1227, #1052 ),
 .UNSPECIFIED., .F., .T. ) 
 B_SPLINE_CURVE_WITH_KNOTS ( ( 4, 4 ),
 ( 3.141592653589793116, 4.712388980384689674 ),
 .UNSPECIFIED. ) 
 CURVE ( )  GEOMETRIC_REPRESENTATION_ITEM ( )  RATIONAL_B_SPLINE_CURVE ( ( 1.000000000000000000, 0.8047378541243649375, 0.8047378541243649375, 1.000000000000000000 ) ) 
 REPRESENTATION_ITEM ( '' )  );
#67 = CARTESIAN_POINT ( 'NONE',  ( 5.210025716457355571, 2.620821017192208391, 0.000000000000000000 ) ) ;
#68 = VERTEX_POINT ( 'NONE', #50 ) ;
#69 = EDGE_CURVE ( 'NONE', #732, #59, #424, .T. ) ;
#70 = FACE_OUTER_BOUND ( 'NONE', #1574, .T. ) ;
#71 = EDGE_LOOP ( 'NONE', ( #991, #2003, #100, #168 ) ) ;
#72 = CC_DESIGN_PERSON_AND_ORGANIZATION_ASSIGNMENT ( #160, #1515, ( #1246 ) ) ;
#73 = CARTESIAN_POINT ( 'NONE',  ( -19.99033085588039427, 10.24677695196014326, 8.696347175123293027 ) ) ;
#74 = CARTESIAN_POINT ( 'NONE',  ( -18.93391579024984495, -11.05174737074961833, 0.7482739471892797534 ) ) ;
#75 = ORIENTED_EDGE ( 'NONE', *, *, #2196, .F. ) ;
#76 = EDGE_CURVE ( 'NONE', #1133, #2193, #1968, .T. ) ;
#77 = CARTESIAN_POINT ( 'NONE',  ( -19.18206815408043653, -10.43206815408063903, 9.880125643453036233 ) ) ;
#78 = LINE ( 'NONE', #651, #1159 ) ;
#79 = CIRCLE ( 'NONE', #1971, 5.050000000000002487 ) ;
#80 = CARTESIAN_POINT ( 'NONE',  ( 5.750000000000005329, 5.749999999999994671, 0.000000000000000000 ) ) ;
#81 = ORIENTED_EDGE ( 'NONE', *, *, #800, .F. ) ;
#82 = CARTESIAN_POINT ( 'NONE',  ( -6.289974283542640876, 8.879178982807784948, 3.000000000000000000 ) ) ;
#83 = CARTESIAN_POINT ( 'NONE',  ( -18.50000000000000000, 9.750000000000001776, 10.00000000000000000 ) ) ;
#84 = EDGE_CURVE ( 'NONE', #2193, #869, #1799, .T. ) ;
#85 = ORIENTED_EDGE ( 'NONE', *, *, #1454, .T. ) ;
#86 = CARTESIAN_POINT ( 'NONE',  ( -7.349999999999996980, -5.750000000000005329, 10.00000000000000000 ) ) ;
#87 = CARTESIAN_POINT ( 'NONE',  ( 8.729935633871217959, -6.846958044465663917, 3.000000000000000000 ) ) ;
#88 = EDGE_LOOP ( 'NONE', ( #280, #1477 ) ) ;
#89 = CARTESIAN_POINT ( 'NONE',  ( -18.63088566184743300, 9.880885661848234136, 8.255537512055465326E-09 ) ) ;
#90 = CARTESIAN_POINT ( 'NONE',  ( -19.00000000000000000, -10.25000000000000178, 8.500000000000000000 ) ) ;
#91 = CARTESIAN_POINT ( 'NONE',  ( 4.150000000000003908, 5.749999999999994671, 0.000000000000000000 ) ) ;
#92 = ORIENTED_EDGE ( 'NONE', *, *, #2049, .F. ) ;
#93 = CARTESIAN_POINT ( 'NONE',  ( 7.350000000000006750, 5.749999999999994671, 0.000000000000000000 ) ) ;
#94 = FACE_OUTER_BOUND ( 'NONE', #610, .T. ) ;
#95 = FACE_OUTER_BOUND ( 'NONE', #575, .T. ) ;
#96 = VERTEX_POINT ( 'NONE', #1653 ) ;
#97 = CARTESIAN_POINT ( 'NONE',  ( 19.63008018683522948, -10.12669339561171888, 0.5087598432755916500 ) ) ;
#98 = EDGE_CURVE ( 'NONE', #1772, #1808, #460, .T. ) ;
#99 = CARTESIAN_POINT ( 'NONE',  ( 6.289974283542648870, -8.879178982807793830, 3.000000000000000000 ) ) ;
#100 = ORIENTED_EDGE ( 'NONE', *, *, #632, .T. ) ;
#101 = CARTESIAN_POINT ( 'NONE',  ( -19.84824946249628752, 10.19941648749874474, 0.8352732431916417566 ) ) ;
#102 = CARTESIAN_POINT ( 'NONE',  ( -8.189961350328561096, 3.717779061657866535, 3.000000000000000000 ) ) ;
#103 = CARTESIAN_POINT ( 'NONE',  ( 5.210025716457356459, -2.620821017192223934, 3.000000000000000000 ) ) ;
#104 = DIRECTION ( 'NONE',  ( 0.9384363492999828749, -0.3454521939610754044, 0.000000000000000000 ) ) ;
#105 = DIRECTION ( 'NONE',  ( 1.000000000000000000, 0.000000000000000000, 0.000000000000000000 ) ) ;
#106 = CARTESIAN_POINT ( 'NONE',  ( 18.75180946843713770, -10.50542840531096012, 0.1893203904430877937 ) ) ;
#107 = CARTESIAN_POINT ( 'NONE',  ( 18.50000000000000000, 9.750000000000001776, 10.00000000000000000 ) ) ;
#108 = ORIENTED_EDGE ( 'NONE', *, *, #800, .T. ) ;
#109 = EDGE_CURVE ( 'NONE', #818, #753, #982, .T. ) ;
#110 = CARTESIAN_POINT ( 'NONE',  ( -18.76509167814051438, 10.01509167814081636, 0.01258334307114855263 ) ) ;
#111 = AXIS2_PLACEMENT_3D ( 'NONE', #1341, #2211, #1031 ) ;
#112 = CYLINDRICAL_SURFACE ( 'NONE', #2077, 1.499999999999999556 ) ;
#113 = ORIENTED_EDGE ( 'NONE', *, *, #484, .T. ) ;
#114 = AXIS2_PLACEMENT_3D ( 'NONE', #2113, #234, #1104 ) ;
#115 =( BOUNDED_SURFACE ( )  B_SPLINE_SURFACE ( 3, 2, ( 
 ( #2116, #1629, #63 ),
 ( #1990, #89, #775 ),
 ( #1809, #110, #1281 ),
 ( #798, #236, #1422 ),
 ( #422, #1593, #617 ),
 ( #1469, #1088, #1762 ),
 ( #584, #957, #1258 ),
 ( #1270, #262, #1956 ),
 ( #101, #2162, #661 ),
 ( #1357, #1853, #1643 ),
 ( #2009, #1865, #1337 ),
 ( #993, #1315, #458 ),
 ( #1169, #638, #1843 ),
 ( #307, #1010, #1001 ) ),
 .UNSPECIFIED., .F., .F., .F. ) 
 B_SPLINE_SURFACE_WITH_KNOTS ( ( 4, 2, 2, 2, 2, 2, 4 ),
 ( 3, 3 ),
 ( 1.570796326794896558, 1.963495408493620697, 2.356194490192344837, 2.552544031041707129, 2.748893571891068976, 2.945243112740430824, 3.141592653589793116 ),
 ( 0.000000000000000000, 1.000000000000000000 ),
 .UNSPECIFIED. ) 
 GEOMETRIC_REPRESENTATION_ITEM ( )  RATIONAL_B_SPLINE_SURFACE ( (
 ( 1.000000000000000000, 1.000000000000000000, 1.000000000000000000),
 ( 1.000000000000000000, 1.000158598892032291, 1.000000000000000000),
 ( 1.000000000000000000, 0.9867291651255367668, 1.000000000000000000),
 ( 1.000000000000000000, 0.9386556746367762383, 1.000000000000000000),
 ( 1.000000000000000000, 0.9038128289597190390, 1.000000000000000000),
 ( 1.000000000000000000, 0.8471316911967986529, 1.000000000000000000),
 ( 1.000000000000000000, 0.8275942267605790326, 1.000000000000000000),
 ( 1.000000000000000000, 0.7902180514827631397, 1.000000000000000000),
 ( 1.000000000000000000, 0.7723967724090323728, 1.000000000000000000),
 ( 1.000000000000000000, 0.7418334672881723435, 1.000000000000000000),
 ( 1.000000000000000000, 0.7291288573898029313, 1.000000000000000000),
 ( 1.000000000000000000, 0.7117460391535137543, 1.000000000000000000),
 ( 1.000000000000000000, 0.7070717008705392770, 1.000000000000000000),
 ( 1.000000000000000000, 0.7071067811865475727, 1.000000000000000000) ) ) 
 REPRESENTATION_ITEM ( '' )  SURFACE ( )  );
#116 = AXIS2_PLACEMENT_3D ( 'NONE', #519, #1577, #58 ) ;
#117 = CARTESIAN_POINT ( 'NONE',  ( 18.99999999993454480, -11.25000000000000355, 8.598175837655338327 ) ) ;
#118 = VECTOR ( 'NONE', #946, 1000.000000000000114 ) ;
#119 = DIRECTION ( 'NONE',  ( -1.000000000000000000, 0.000000000000000000, -0.000000000000000000 ) ) ;
#120 = ADVANCED_FACE ( 'NONE', ( #1869 ), #2021, .F. ) ;
#121 = AXIS2_PLACEMENT_3D ( 'NONE', #1700, #1369, #173 ) ;
#122 = CARTESIAN_POINT ( 'NONE',  ( 19.00000000000000000, -11.25000000000000355, 1.500000000000001332 ) ) ;
#123 = VERTEX_POINT ( 'NONE', #2031 ) ;
#124 = CARTESIAN_POINT ( 'NONE',  ( -5.749999999999991118, 5.749999999999994671, 0.000000000000000000 ) ) ;
#125 = CARTESIAN_POINT ( 'NONE',  ( -5.749999999999994671, -5.750000000000005329, 10.00000000000000000 ) ) ;
#126 = CARTESIAN_POINT ( 'NONE',  ( 18.80727338055631392, 10.67182014166913540, 0.3004997981094900128 ) ) ;
#127 = CARTESIAN_POINT ( 'NONE',  ( 19.97720566989048407, 11.22720566989045743, 8.824924596068164817 ) ) ;
#128 = EDGE_CURVE ( 'NONE', #1197, #178, #1468, .T. ) ;
#129 = VERTEX_POINT ( 'NONE', #135 ) ;
#130 = CARTESIAN_POINT ( 'NONE',  ( 19.99999999403525308, -11.24999999403517137, 8.663872398711866651 ) ) ;
#131 = EDGE_LOOP ( 'NONE', ( #1094, #197, #199, #276, #796, #137 ) ) ;
#132 = CARTESIAN_POINT ( 'NONE',  ( -19.00000000000000000, -11.25000000000000178, 0.000000000000000000 ) ) ;
#133 = ORIENTED_EDGE ( 'NONE', *, *, #632, .F. ) ;
#134 = CARTESIAN_POINT ( 'NONE',  ( 20.00000000000000000, -10.25000000000000178, 0.000000000000000000 ) ) ;
#135 = CARTESIAN_POINT ( 'NONE',  ( 6.289974283542653311, 8.879178982807790277, 0.000000000000000000 ) ) ;
#136 = CARTESIAN_POINT ( 'NONE',  ( 5.750000000000005329, 5.749999999999994671, 10.00000000000000000 ) ) ;
#137 = ORIENTED_EDGE ( 'NONE', *, *, #836, .F. ) ;
#138 = ADVANCED_FACE ( 'NONE', ( #1836 ), #814, .T. ) ;
#139 = DIRECTION ( 'NONE',  ( -0.3454521939610741832, 0.9384363492999833190, 0.000000000000000000 ) ) ;
#140 = COORDINATED_UNIVERSAL_TIME_OFFSET ( 6, 0, .BEHIND. ) ;
#141 = FACE_OUTER_BOUND ( 'NONE', #489, .T. ) ;
#142 = ORIENTED_EDGE ( 'NONE', *, *, #1321, .T. ) ;
#143 = FACE_OUTER_BOUND ( 'NONE', #467, .T. ) ;
#144 = DIRECTION ( 'NONE',  ( -0.6399836213479745961, -0.7683885504133519673, 0.000000000000000000 ) ) ;
#145 = EDGE_CURVE ( 'NONE', #2006, #1061, #1755, .T. ) ;
#146 = DIRECTION ( 'NONE',  ( 0.000000000000000000, 0.000000000000000000, 1.000000000000000000 ) ) ;
#147 = CARTESIAN_POINT ( 'NONE',  ( 19.97720566989048407, 11.22720566989045743, 1.175075403931756135 ) ) ;
#148 = CARTESIAN_POINT ( 'NONE',  ( 19.18206815408043653, 10.43206815408063903, 9.880125643453036233 ) ) ;
#149 = ORIENTED_EDGE ( 'NONE', *, *, #2196, .T. ) ;
#150 = AXIS2_PLACEMENT_3D ( 'NONE', #929, #1111, #892 ) ;
#151 = CARTESIAN_POINT ( 'NONE',  ( 4.150000000000001243, -5.750000000000008882, 3.000000000000000000 ) ) ;
#152 = AXIS2_PLACEMENT_3D ( 'NONE', #1053, #1727, #53 ) ;
#153 = PLANE ( 'NONE',  #895 ) ;
#154 = EDGE_CURVE ( 'NONE', #1772, #2094, #858, .T. ) ;
#155 = ORIENTED_EDGE ( 'NONE', *, *, #1462, .T. ) ;
#156 = CARTESIAN_POINT ( 'NONE',  ( -5.210025716457341360, 2.620821017192209279, 0.000000000000000000 ) ) ;
#157 = CARTESIAN_POINT ( 'NONE',  ( 19.70222549624765662, 10.95222549624765662, 9.465560324819582760 ) ) ;
#158 = VECTOR ( 'NONE', #1730, 1000.000000000000000 ) ;
#159 = ORIENTED_EDGE ( 'NONE', *, *, #722, .T. ) ;
#160 = PERSON_AND_ORGANIZATION ( #1656, #1201 ) ;
#161 = CARTESIAN_POINT ( 'NONE',  ( 6.289974283542653311, 8.879178982807790277, 3.000000000000000000 ) ) ;
#162 = VERTEX_POINT ( 'NONE', #691 ) ;
#163 = ADVANCED_FACE ( 'NONE', ( #1621 ), #255, .F. ) ;
#164 = CARTESIAN_POINT ( 'NONE',  ( -5.749999999999994671, -5.750000000000005329, 0.000000000000000000 ) ) ;
#165 = CARTESIAN_POINT ( 'NONE',  ( 19.00000000000000000, -11.25000000000000178, 0.6213203435596426072 ) ) ;
#166 = DIRECTION ( 'NONE',  ( -0.000000000000000000, -0.000000000000000000, -1.000000000000000000 ) ) ;
#167 = CARTESIAN_POINT ( 'NONE',  ( 18.80727338055631392, 10.67182014166916559, 9.699500201890478124 ) ) ;
#168 = ORIENTED_EDGE ( 'NONE', *, *, #1508, .F. ) ;
#169 = CARTESIAN_POINT ( 'NONE',  ( -18.50000000000000000, 10.25000000000000178, 0.000000000000000000 ) ) ;
#170 = CARTESIAN_POINT ( 'NONE',  ( -8.189961350328561096, 3.717779061657866535, 0.000000000000000000 ) ) ;
#171 = CARTESIAN_POINT ( 'NONE',  ( -18.76509167814051438, -10.01509167814081636, 0.01258334307114855263 ) ) ;
#172 = EDGE_CURVE ( 'NONE', #355, #1592, #1633, .T. ) ;
#173 = DIRECTION ( 'NONE',  ( -1.000000000000000000, 0.000000000000000000, 0.000000000000000000 ) ) ;
#174 = CARTESIAN_POINT ( 'NONE',  ( -19.92338913503756714, 10.22446304501254488, 8.983323540286924924 ) ) ;
#175 = DIRECTION ( 'NONE',  ( -0.000000000000000000, -0.000000000000000000, 1.000000000000000000 ) ) ;
#176 = DIRECTION ( 'NONE',  ( -0.9384363492999826528, -0.3454521939610757930, 0.000000000000000000 ) ) ;
#177 = VECTOR ( 'NONE', #1028, 1000.000000000000000 ) ;
#178 = VERTEX_POINT ( 'NONE', #791 ) ;
#179 = SHAPE_DEFINITION_REPRESENTATION ( #667, #1771 ) ;
#180 = LINE ( 'NONE', #1006, #863 ) ;
#181 = AXIS2_PLACEMENT_3D ( 'NONE', #624, #792, #1318 ) ;
#182 = VECTOR ( 'NONE', #1565, 1000.000000000000000 ) ;
#183 = CARTESIAN_POINT ( 'NONE',  ( -18.50000000000000000, -9.750000000000001776, 0.000000000000000000 ) ) ;
#184 = AXIS2_PLACEMENT_3D ( 'NONE', #80, #1631, #1284 ) ;
#185 = VERTEX_POINT ( 'NONE', #918 ) ;
#186 = CARTESIAN_POINT ( 'NONE',  ( -3.310038649671424693, 7.782220938342127248, 0.000000000000000000 ) ) ;
#187 = AXIS2_PLACEMENT_3D ( 'NONE', #203, #717, #1742 ) ;
#188 =( LENGTH_UNIT ( ) NAMED_UNIT ( * ) SI_UNIT ( .MILLI., .METRE. ) );
#189 = FACE_OUTER_BOUND ( 'NONE', #2160, .T. ) ;
#190 = ORIENTED_EDGE ( 'NONE', *, *, #512, .F. ) ;
#191 = EDGE_CURVE ( 'NONE', #1486, #1000, #1792, .T. ) ;
#192 = CARTESIAN_POINT ( 'NONE',  ( 18.50000000000000000, -9.750000000000001776, 0.000000000000000000 ) ) ;
#193 = ORIENTED_EDGE ( 'NONE', *, *, #1085, .T. ) ;
#194 = ORIENTED_EDGE ( 'NONE', *, *, #811, .T. ) ;
#195 = CARTESIAN_POINT ( 'NONE',  ( 18.50000000000000000, 9.750000000000001776, 10.00000000000000000 ) ) ;
#196 = CARTESIAN_POINT ( 'NONE',  ( 0.000000000000000000, 0.000000000000000000, 10.00000000000000000 ) ) ;
#197 = ORIENTED_EDGE ( 'NONE', *, *, #2074, .F. ) ;
#198 = FACE_OUTER_BOUND ( 'NONE', #1951, .T. ) ;
#199 = ORIENTED_EDGE ( 'NONE', *, *, #749, .F. ) ;
#200 = FACE_BOUND ( 'NONE', #1547, .T. ) ;
#201 = EDGE_LOOP ( 'NONE', ( #398, #258, #1394, #450 ) ) ;
#202 = EDGE_CURVE ( 'NONE', #1562, #2165, #1610, .T. ) ;
#203 = CARTESIAN_POINT ( 'NONE',  ( 18.50000000000000000, -10.25000000000000178, 1.500000000000000000 ) ) ;
#204 = CARTESIAN_POINT ( 'NONE',  ( 18.63087396392795014, -10.14262189178428208, 9.960958987976960444 ) ) ;
#205 = PLANE ( 'NONE',  #1024 ) ;
#206 = DIRECTION ( 'NONE',  ( -0.000000000000000000, -0.000000000000000000, -1.000000000000000000 ) ) ;
#207 = ORIENTED_EDGE ( 'NONE', *, *, #1644, .T. ) ;
#208 = DIRECTION ( 'NONE',  ( -0.000000000000000000, -0.000000000000000000, -1.000000000000000000 ) ) ;
#209 =( BOUNDED_CURVE ( )  B_SPLINE_CURVE ( 3, ( #846, #2038, #463, #334 ),
 .UNSPECIFIED., .F., .T. ) 
 B_SPLINE_CURVE_WITH_KNOTS ( ( 4, 4 ),
 ( 3.141592653589793116, 4.712388980384689674 ),
 .UNSPECIFIED. ) 
 CURVE ( )  GEOMETRIC_REPRESENTATION_ITEM ( )  RATIONAL_B_SPLINE_CURVE ( ( 1.000000000000000000, 0.8047378541243649375, 0.8047378541243649375, 1.000000000000000000 ) ) 
 REPRESENTATION_ITEM ( '' )  );
#210 = DIRECTION ( 'NONE',  ( 1.000000000000000000, 0.000000000000000000, -0.000000000000000000 ) ) ;
#211 = ORIENTED_EDGE ( 'NONE', *, *, #98, .F. ) ;
#212 = PLANE ( 'NONE',  #535 ) ;
#213 = ORIENTED_EDGE ( 'NONE', *, *, #1719, .T. ) ;
#214 = EDGE_CURVE ( 'NONE', #185, #1133, #1777, .T. ) ;
#215 = CARTESIAN_POINT ( 'NONE',  ( -19.00000000000000000, -10.25000000000000178, 1.500000000000000000 ) ) ;
#216 = ORIENTED_EDGE ( 'NONE', *, *, #1456, .F. ) ;
#217 = CARTESIAN_POINT ( 'NONE',  ( -18.89262189178385754, -9.880873963928108239, 9.960958987977136303 ) ) ;
#218 = ORIENTED_EDGE ( 'NONE', *, *, #1930, .F. ) ;
#219 = LINE ( 'NONE', #1060, #182 ) ;
#220 = ORIENTED_EDGE ( 'NONE', *, *, #1295, .T. ) ;
#221 = CIRCLE ( 'NONE', #294, 1.600000000000001643 ) ;
#222 = DIRECTION ( 'NONE',  ( -0.000000000000000000, -0.000000000000000000, -1.000000000000000000 ) ) ;
#223 = ORIENTED_EDGE ( 'NONE', *, *, #608, .T. ) ;
#224 = CARTESIAN_POINT ( 'NONE',  ( -19.97720566989048407, -11.22720566989045743, 1.175075403931756135 ) ) ;
#225 = ORIENTED_EDGE ( 'NONE', *, *, #722, .F. ) ;
#226 = EDGE_CURVE ( 'NONE', #178, #1871, #1110, .T. ) ;
#227 = CARTESIAN_POINT ( 'NONE',  ( -18.99999999993454480, -11.25000000000000355, 8.598175837655338327 ) ) ;
#228 = ORIENTED_EDGE ( 'NONE', *, *, #1375, .T. ) ;
#229 = CARTESIAN_POINT ( 'NONE',  ( 8.189961350328573531, -3.717779061657882966, 0.000000000000000000 ) ) ;
#230 = ORIENTED_EDGE ( 'NONE', *, *, #1996, .T. ) ;
#231 = CARTESIAN_POINT ( 'NONE',  ( 19.25542840531140953, -10.00180946843698493, 9.810679609556727243 ) ) ;
#232 = ORIENTED_EDGE ( 'NONE', *, *, #1127, .F. ) ;
#233 = CARTESIAN_POINT ( 'NONE',  ( -19.40118312944674983, 10.65118312944664858, 9.751678550239166299 ) ) ;
#234 = DIRECTION ( 'NONE',  ( 0.000000000000000000, 0.000000000000000000, 1.000000000000000000 ) ) ;
#235 = ORIENTED_EDGE ( 'NONE', *, *, #909, .F. ) ;
#236 = CARTESIAN_POINT ( 'NONE',  ( -19.03730720407656207, 10.28730720407624766, 0.07125415900028610194 ) ) ;
#237 = EDGE_CURVE ( 'NONE', #1897, #1552, #781, .T. ) ;
#238 = DIRECTION ( 'NONE',  ( 0.000000000000000000, 0.000000000000000000, -1.000000000000000000 ) ) ;
#239 = FACE_OUTER_BOUND ( 'NONE', #2154, .T. ) ;
#240 = ADVANCED_FACE ( 'NONE', ( #242 ), #930, .F. ) ;
#241 = ORIENTED_EDGE ( 'NONE', *, *, #311, .T. ) ;
#242 = FACE_OUTER_BOUND ( 'NONE', #403, .T. ) ;
#243 = CARTESIAN_POINT ( 'NONE',  ( 18.99677695196011484, -11.24033085588039782, 8.696347175123293027 ) ) ;
#244 = ORIENTED_EDGE ( 'NONE', *, *, #1996, .F. ) ;
#245 = VERTEX_POINT ( 'NONE', #2132 ) ;
#246 = CARTESIAN_POINT ( 'NONE',  ( -19.47747209205835262, 10.72747209205835439, 9.696393403681703660 ) ) ;
#247 = AXIS2_PLACEMENT_3D ( 'NONE', #1561, #366, #888 ) ;
#248 = DIRECTION ( 'NONE',  ( -0.7683885504133523003, -0.6399836213479741520, 0.000000000000000000 ) ) ;
#249 = ORIENTED_EDGE ( 'NONE', *, *, #1252, .T. ) ;
#250 = AXIS2_PLACEMENT_3D ( 'NONE', #2181, #2201, #669 ) ;
#251 = ORIENTED_EDGE ( 'NONE', *, *, #926, .F. ) ;
#252 = FACE_OUTER_BOUND ( 'NONE', #633, .T. ) ;
#254 = VERTEX_POINT ( 'NONE', #441 ) ;
#253 = AXIS2_PLACEMENT_3D ( 'NONE', #439, #585, #1786 ) ;
#255 = PLANE ( 'NONE',  #360 ) ;
#256 = EDGE_CURVE ( 'NONE', #1897, #123, #658, .T. ) ;
#257 = DIRECTION ( 'NONE',  ( -0.000000000000000000, -0.000000000000000000, -1.000000000000000000 ) ) ;
#258 = ORIENTED_EDGE ( 'NONE', *, *, #1430, .F. ) ;
#259 = CARTESIAN_POINT ( 'NONE',  ( 18.89755382205269640, -10.94266146615801816, 0.5850153537519103830 ) ) ;
#260 = CARTESIAN_POINT ( 'NONE',  ( -19.99999999403525663, -11.24999999403516959, 1.336127601288188860 ) ) ;
#261 = ORIENTED_EDGE ( 'NONE', *, *, #867, .F. ) ;
#262 = CARTESIAN_POINT ( 'NONE',  ( -19.62820052744120147, 10.87820052744120503, 0.4459753962892334944 ) ) ;
#263 = DIRECTION ( 'NONE',  ( -0.000000000000000000, -0.000000000000000000, -1.000000000000000000 ) ) ;
#264 = CYLINDRICAL_SURFACE ( 'NONE', #1395, 1.000000000000000888 ) ;
#265 = LINE ( 'NONE', #451, #2073 ) ;
#266 = EDGE_CURVE ( 'NONE', #1061, #599, #428, .T. ) ;
#267 = CARTESIAN_POINT ( 'NONE',  ( 18.50000000000000000, -9.750000000000001776, 0.000000000000000000 ) ) ;
#268 = CARTESIAN_POINT ( 'NONE',  ( -19.89423066556499364, -11.14423066556502739, 0.8816249559224715870 ) ) ;
#269 = ORIENTED_EDGE ( 'NONE', *, *, #706, .T. ) ;
#270 = CARTESIAN_POINT ( 'NONE',  ( -19.97720566989048407, -11.22720566989045743, 8.824924596068164817 ) ) ;
#271 = CARTESIAN_POINT ( 'NONE',  ( -8.189961350328561096, -3.717779061657874085, 0.000000000000000000 ) ) ;
#272 = CARTESIAN_POINT ( 'NONE',  ( 19.00000000000000000, -11.25000000000000355, 8.500000000000000000 ) ) ;
#273 = EDGE_CURVE ( 'NONE', #1235, #732, #1924, .T. ) ;
#274 = CARTESIAN_POINT ( 'NONE',  ( 19.80174737074960944, -10.18391579024987870, 9.251726052810729684 ) ) ;
#275 = CARTESIAN_POINT ( 'NONE',  ( 8.729935633871217959, -6.846958044465663917, 0.000000000000000000 ) ) ;
#276 = ORIENTED_EDGE ( 'NONE', *, *, #1295, .F. ) ;
#277 = CARTESIAN_POINT ( 'NONE',  ( 18.50000000000000000, -9.750000000000001776, 0.000000000000000000 ) ) ;
#278 = CARTESIAN_POINT ( 'NONE',  ( -18.87669339561174908, 10.88008018683515132, 9.491240156724492394 ) ) ;
#279 = DIRECTION ( 'NONE',  ( 0.000000000000000000, 0.000000000000000000, 1.000000000000000000 ) ) ;
#280 = ORIENTED_EDGE ( 'NONE', *, *, #1385, .T. ) ;
#281 = VECTOR ( 'NONE', #1399, 1000.000000000000000 ) ;
#282 = LINE ( 'NONE', #328, #471 ) ;
#283 = AXIS2_PLACEMENT_3D ( 'NONE', #1909, #1863, #1007 ) ;
#284 = CARTESIAN_POINT ( 'NONE',  ( -5.210025716457341360, -2.620821017192220381, 3.000000000000000000 ) ) ;
#285 = CIRCLE ( 'NONE', #2179, 1.600000000000001643 ) ;
#286 = CYLINDRICAL_SURFACE ( 'NONE', #253, 1.600000000000001643 ) ;
#287 = AXIS2_PLACEMENT_3D ( 'NONE', #1688, #2205, #514 ) ;
#288 = LINE ( 'NONE', #1778, #1287 ) ;
#289 = VERTEX_POINT ( 'NONE', #186 ) ;
#290 = LINE ( 'NONE', #989, #1391 ) ;
#291 =( BOUNDED_CURVE ( )  B_SPLINE_CURVE ( 3, ( #1466, #1928, #947, #779 ),
 .UNSPECIFIED., .F., .F. ) 
 B_SPLINE_CURVE_WITH_KNOTS ( ( 4, 4 ),
 ( 1.570796326794896558, 3.141592653589793116 ),
 .UNSPECIFIED. ) 
 CURVE ( )  GEOMETRIC_REPRESENTATION_ITEM ( )  RATIONAL_B_SPLINE_CURVE ( ( 1.000000000000000000, 0.8047378541243649375, 0.8047378541243649375, 1.000000000000000000 ) ) 
 REPRESENTATION_ITEM ( '' )  );
#292 = EDGE_LOOP ( 'NONE', ( #1130, #1944, #1741, #1589 ) ) ;
#293 = CC_DESIGN_APPROVAL ( #461, ( #1246 ) ) ;
#294 = AXIS2_PLACEMENT_3D ( 'NONE', #350, #175, #1402 ) ;
#295 = AXIS2_PLACEMENT_3D ( 'NONE', #1373, #1884, #1681 ) ;
#296 = DIRECTION ( 'NONE',  ( -0.7683885504133519673, 0.6399836213479745961, 0.000000000000000000 ) ) ;
#297 = VECTOR ( 'NONE', #502, 1000.000000000000000 ) ;
#298 = EDGE_CURVE ( 'NONE', #928, #1609, #2118, .T. ) ;
#299 = CARTESIAN_POINT ( 'NONE',  ( -19.00000000000000000, -11.25000000000000178, 0.6213203435596426072 ) ) ;
#300 = CARTESIAN_POINT ( 'NONE',  ( 18.50000000000000000, 9.750000000000001776, 0.000000000000000000 ) ) ;
#301 = CARTESIAN_POINT ( 'NONE',  ( 8.189961350328573531, 3.717779061657867423, 3.000000000000000000 ) ) ;
#302 = ADVANCED_FACE ( 'NONE', ( #1738 ), #1521, .F. ) ;
#303 = ORIENTED_EDGE ( 'NONE', *, *, #663, .F. ) ;
#304 = DIRECTION ( 'NONE',  ( 0.000000000000000000, 1.000000000000000000, -0.000000000000000000 ) ) ;
#305 = CARTESIAN_POINT ( 'NONE',  ( 19.40118312944674983, -10.65118312944665036, 0.2483214497608535742 ) ) ;
#306 = VERTEX_POINT ( 'NONE', #1888 ) ;
#307 = CARTESIAN_POINT ( 'NONE',  ( -20.00000000000000000, 10.25000000000000178, 1.500000000000001332 ) ) ;
#308 = CARTESIAN_POINT ( 'NONE',  ( 18.63088566184743300, 9.880885661848234136, 8.255537512055465326E-09 ) ) ;
#309 = CARTESIAN_POINT ( 'NONE',  ( 0.000000000000000000, 0.000000000000000000, 10.00000000000000000 ) ) ;
#310 = ORIENTED_EDGE ( 'NONE', *, *, #109, .T. ) ;
#311 = EDGE_CURVE ( 'NONE', #1609, #841, #1183, .T. ) ;
#312 = DIRECTION ( 'NONE',  ( -1.000000000000000000, 0.000000000000000000, -0.000000000000000000 ) ) ;
#313 = PLANE ( 'NONE',  #1789 ) ;
#314 = VERTEX_POINT ( 'NONE', #941 ) ;
#315 = CYLINDRICAL_SURFACE ( 'NONE', #806, 1.600000000000001643 ) ;
#316 = CARTESIAN_POINT ( 'NONE',  ( -6.289974283542651534, -8.879178982807793830, 3.000000000000000000 ) ) ;
#317 = DIRECTION ( 'NONE',  ( -1.000000000000000000, 0.000000000000000000, 0.000000000000000000 ) ) ;
#318 = VECTOR ( 'NONE', #479, 1000.000000000000000 ) ;
#319 = PLANE ( 'NONE',  #536 ) ;
#320 = AXIS2_PLACEMENT_3D ( 'NONE', #1409, #1443, #938 ) ;
#321 = EDGE_CURVE ( 'NONE', #1999, #314, #992, .T. ) ;
#322 = APPROVAL_STATUS ( 'not_yet_approved' ) ;
#323 = CIRCLE ( 'NONE', #605, 1.599999999999998090 ) ;
#324 = CARTESIAN_POINT ( 'NONE',  ( 20.00000000000000000, -10.25000000000000178, 1.500000000000000000 ) ) ;
#325 = DIRECTION ( 'NONE',  ( 1.000000000000000000, 0.000000000000000000, 0.000000000000000000 ) ) ;
#326 = ORIENTED_EDGE ( 'NONE', *, *, #202, .F. ) ;
#327 = CIRCLE ( 'NONE', #15, 1.600000000000001643 ) ;
#328 = CARTESIAN_POINT ( 'NONE',  ( 19.00000000000000000, -11.25000000000000178, 1.500000000000000000 ) ) ;
#329 = PLANE ( 'NONE',  #287 ) ;
#330 = CC_DESIGN_DATE_AND_TIME_ASSIGNMENT ( #834, #2191, ( #2097 ) ) ;
#331 = AXIS2_PLACEMENT_3D ( 'NONE', #369, #880, #358 ) ;
#332 = CARTESIAN_POINT ( 'NONE',  ( 18.94941648749877317, 11.09824946249628574, 0.8352732431916330968 ) ) ;
#333 = DIRECTION ( 'NONE',  ( 1.000000000000000000, 0.000000000000000000, 0.000000000000000000 ) ) ;
#334 = CARTESIAN_POINT ( 'NONE',  ( 18.50000000000000000, -9.750000000000001776, 10.00000000000000000 ) ) ;
#335 = CARTESIAN_POINT ( 'NONE',  ( 6.289974283542653311, 8.879178982807790277, 3.000000000000000000 ) ) ;
#336 = ORIENTED_EDGE ( 'NONE', *, *, #321, .T. ) ;
#337 = CARTESIAN_POINT ( 'NONE',  ( 5.210025716457356459, -2.620821017192223934, 0.000000000000000000 ) ) ;
#338 = EDGE_CURVE ( 'NONE', #1425, #1440, #548, .T. ) ;
#339 = ORIENTED_EDGE ( 'NONE', *, *, #1004, .F. ) ;
#340 =( BOUNDED_SURFACE ( )  B_SPLINE_SURFACE ( 3, 2, ( 
 ( #1582, #61, #743 ),
 ( #1255, #1818, #974 ),
 ( #615, #1300, #1142 ),
 ( #1640, #1465, #795 ),
 ( #445, #2148, #1988 ),
 ( #278, #233, #407 ),
 ( #1729, #246, #1212 ),
 ( #2055, #692, #506 ),
 ( #937, #1545, #1103 ),
 ( #2112, #1881, #174 ),
 ( #2045, #859, #396 ),
 ( #528, #755, #73 ),
 ( #1204, #343, #1221 ),
 ( #1601, #580, #1266 ) ),
 .UNSPECIFIED., .F., .F., .F. ) 
 B_SPLINE_SURFACE_WITH_KNOTS ( ( 4, 2, 2, 2, 2, 2, 4 ),
 ( 3, 3 ),
 ( 1.570796326794896558, 1.963495408493620697, 2.356194490192344837, 2.552544031041707129, 2.748893571891068976, 2.945243112740430824, 3.141592653589793116 ),
 ( 0.000000000000000000, 1.000000000000000000 ),
 .UNSPECIFIED. ) 
 GEOMETRIC_REPRESENTATION_ITEM ( )  RATIONAL_B_SPLINE_SURFACE ( (
 ( 1.000000000000000000, 1.000000000000000000, 1.000000000000000000),
 ( 1.000000000000000000, 1.000158598892028960, 1.000000000000000000),
 ( 1.000000000000000000, 0.9867291651255417628, 1.000000000000000000),
 ( 1.000000000000000000, 0.9386556746367712423, 1.000000000000000000),
 ( 1.000000000000000000, 0.9038128289597148202, 1.000000000000000000),
 ( 1.000000000000000000, 0.8471316911968010954, 1.000000000000000000),
 ( 1.000000000000000000, 0.8275942267605873592, 1.000000000000000000),
 ( 1.000000000000000000, 0.7902180514827549240, 1.000000000000000000),
 ( 1.000000000000000000, 0.7723967724090320397, 1.000000000000000000),
 ( 1.000000000000000000, 0.7418334672881720104, 1.000000000000000000),
 ( 1.000000000000000000, 0.7291288573898064840, 1.000000000000000000),
 ( 1.000000000000000000, 0.7117460391535099795, 1.000000000000000000),
 ( 1.000000000000000000, 0.7070717008705421636, 1.000000000000000000),
 ( 1.000000000000000000, 0.7071067811865475727, 1.000000000000000000) ) ) 
 REPRESENTATION_ITEM ( '' )  SURFACE ( )  );
#341 = CARTESIAN_POINT ( 'NONE',  ( 18.50000000000000000, 9.750000000000001776, 0.000000000000000000 ) ) ;
#342 = CARTESIAN_POINT ( 'NONE',  ( 20.00000000000000355, 11.25000000000000355, 1.500000000000002220 ) ) ;
#343 = CARTESIAN_POINT ( 'NONE',  ( -19.99999999403525308, 11.24999999403517137, 8.663872398711866651 ) ) ;
#344 = CARTESIAN_POINT ( 'NONE',  ( 18.75180946843713770, 10.50542840531099031, 9.810679609556903102 ) ) ;
#345 = EDGE_CURVE ( 'NONE', #162, #924, #1827, .T. ) ;
#346 = CARTESIAN_POINT ( 'NONE',  ( -19.00000000000000000, 11.25000000000000355, 1.500000000000000000 ) ) ;
#347 = DIRECTION ( 'NONE',  ( -0.9384363492999829859, 0.3454521939610751269, 0.000000000000000000 ) ) ;
#348 = FACE_BOUND ( 'NONE', #88, .T. ) ;
#349 = DIRECTION ( 'NONE',  ( -0.000000000000000000, -0.000000000000000000, -1.000000000000000000 ) ) ;
#350 = CARTESIAN_POINT ( 'NONE',  ( -5.749999999999994671, -5.750000000000005329, 3.000000000000000000 ) ) ;
#351 = CARTESIAN_POINT ( 'NONE',  ( 4.150000000000002132, -5.750000000000008882, 0.000000000000000000 ) ) ;
#352 = FACE_OUTER_BOUND ( 'NONE', #32, .T. ) ;
#353 = CARTESIAN_POINT ( 'NONE',  ( -18.50000000000000000, 0.000000000000000000, 10.00000000000000000 ) ) ;
#354 = VECTOR ( 'NONE', #1277, 1000.000000000000000 ) ;
#355 = VERTEX_POINT ( 'NONE', #1064 ) ;
#356 = CARTESIAN_POINT ( 'NONE',  ( -6.289974283542640876, 8.879178982807784948, 3.000000000000000000 ) ) ;
#357 = ORIENTED_EDGE ( 'NONE', *, *, #1726, .F. ) ;
#358 = DIRECTION ( 'NONE',  ( 0.000000000000000000, 0.000000000000000000, 1.000000000000000000 ) ) ;
#359 = ADVANCED_FACE ( 'NONE', ( #1736 ), #1665, .T. ) ;
#361 = ORIENTED_EDGE ( 'NONE', *, *, #1462, .F. ) ;
#360 = AXIS2_PLACEMENT_3D ( 'NONE', #1813, #767, #970 ) ;
#362 = CARTESIAN_POINT ( 'NONE',  ( 5.750000000000003553, -5.750000000000008882, 10.00000000000000000 ) ) ;
#363 = FACE_BOUND ( 'NONE', #907, .T. ) ;
#364 = CARTESIAN_POINT ( 'NONE',  ( 19.37867965644035451, 10.04289321881345565, 10.00000000000000000 ) ) ;
#365 = LOCAL_TIME ( 13, 40, 33.00000000000000000, #1020 ) ;
#366 = DIRECTION ( 'NONE',  ( -0.000000000000000000, -0.000000000000000000, 1.000000000000000000 ) ) ;
#367 = ORIENTED_EDGE ( 'NONE', *, *, #1683, .T. ) ;
#368 = DIRECTION ( 'NONE',  ( -0.000000000000000000, -0.000000000000000000, 1.000000000000000000 ) ) ;
#369 = CARTESIAN_POINT ( 'NONE',  ( -19.00000000000000000, -9.750000000000001776, 1.500000000000000000 ) ) ;
#370 = EDGE_LOOP ( 'NONE', ( #1558, #92, #588, #1875 ) ) ;
#371 = DIRECTION ( 'NONE',  ( 0.000000000000000000, 0.000000000000000000, 1.000000000000000000 ) ) ;
#372 = ORIENTED_EDGE ( 'NONE', *, *, #43, .T. ) ;
#373 = EDGE_CURVE ( 'NONE', #1000, #2127, #760, .T. ) ;
#374 = CARTESIAN_POINT ( 'NONE',  ( -3.310038649671430910, -7.782220938342138794, 3.000000000000000000 ) ) ;
#375 = CARTESIAN_POINT ( 'NONE',  ( 2.770064366128788258, 4.653041955534337859, 0.000000000000000000 ) ) ;
#376 = ORIENTED_EDGE ( 'NONE', *, *, #823, .F. ) ;
#377 = LINE ( 'NONE', #687, #2082 ) ;
#378 = ORIENTED_EDGE ( 'NONE', *, *, #1942, .F. ) ;
#379 = CARTESIAN_POINT ( 'NONE',  ( -18.69638489313445362, -9.815461631045060642, 10.00000000000000178 ) ) ;
#380 = CARTESIAN_POINT ( 'NONE',  ( 2.770064366128790034, -4.653041955534349405, 0.000000000000000000 ) ) ;
#381 = EDGE_LOOP ( 'NONE', ( #808, #1090, #2100, #712, #1776, #1049 ) ) ;
#382 = AXIS2_PLACEMENT_3D ( 'NONE', #738, #572, #238 ) ;
#383 = CARTESIAN_POINT ( 'NONE',  ( 18.75180946843713770, -10.50542840531099031, 9.810679609556903102 ) ) ;
#384 = ADVANCED_FACE ( 'NONE', ( #1432 ), #31, .F. ) ;
#385 = ORIENTED_EDGE ( 'NONE', *, *, #434, .F. ) ;
#386 = LINE ( 'NONE', #1278, #939 ) ;
#387 = ORIENTED_EDGE ( 'NONE', *, *, #1683, .F. ) ;
#388 = VECTOR ( 'NONE', #1586, 1000.000000000000000 ) ;
#389 = DIRECTION ( 'NONE',  ( -0.6399836213479757063, -0.7683885504133510791, 0.000000000000000000 ) ) ;
#390 = LINE ( 'NONE', #1421, #936 ) ;
#391 = DIRECTION ( 'NONE',  ( -0.7683885504133519673, 0.6399836213479745961, 0.000000000000000000 ) ) ;
#392 = ORIENTED_EDGE ( 'NONE', *, *, #1241, .F. ) ;
#393 = CARTESIAN_POINT ( 'NONE',  ( 18.56546163104454195, -9.946384893134350591, 10.00000000000000178 ) ) ;
#394 = ORIENTED_EDGE ( 'NONE', *, *, #1196, .T. ) ;
#395 = ADVANCED_FACE ( 'NONE', ( #1279 ), #965, .T. ) ;
#396 = CARTESIAN_POINT ( 'NONE',  ( -19.95202498532929525, 10.23400832844308894, 8.888923790925090884 ) ) ;
#397 = CARTESIAN_POINT ( 'NONE',  ( -2.770064366128776268, -4.653041955534353846, 3.000000000000000000 ) ) ;
#398 = ORIENTED_EDGE ( 'NONE', *, *, #1269, .T. ) ;
#399 = APPROVAL_PERSON_ORGANIZATION ( #645, #1176, #1353 ) ;
#400 = CARTESIAN_POINT ( 'NONE',  ( -18.89755382205269640, -10.94266146615799862, 9.414984646248118594 ) ) ;
#401 = ORIENTED_EDGE ( 'NONE', *, *, #1916, .T. ) ;
#402 = CARTESIAN_POINT ( 'NONE',  ( 19.00000000000000000, 10.25000000000000178, 0.000000000000000000 ) ) ;
#403 = EDGE_LOOP ( 'NONE', ( #579, #1381, #2018, #409 ) ) ;
#404 = CARTESIAN_POINT ( 'NONE',  ( -19.37867965644035451, 10.04289321881345565, 3.782512688074378021E-16 ) ) ;
#405 = CARTESIAN_POINT ( 'NONE',  ( -18.79289321881344677, 10.62867965644035806, 10.00000000000000000 ) ) ;
#406 = EDGE_LOOP ( 'NONE', ( #485, #336, #2023, #376 ) ) ;
#407 = CARTESIAN_POINT ( 'NONE',  ( -19.63008018683521527, 10.12669339561171888, 9.491240156724424892 ) ) ;
#408 = DIRECTION ( 'NONE',  ( 1.000000000000000000, 0.000000000000000000, 0.000000000000000000 ) ) ;
#409 = ORIENTED_EDGE ( 'NONE', *, *, #1726, .T. ) ;
#410 = CARTESIAN_POINT ( 'NONE',  ( -18.98400832844311736, -11.20202498532929880, 8.888923790925090884 ) ) ;
#411 = EDGE_CURVE ( 'NONE', #446, #770, #799, .T. ) ;
#412 = DIRECTION ( 'NONE',  ( 0.000000000000000000, 0.000000000000000000, -1.000000000000000000 ) ) ;
#413 = ORIENTED_EDGE ( 'NONE', *, *, #273, .T. ) ;
#414 = CARTESIAN_POINT ( 'NONE',  ( 20.00000000000000355, -11.25000000000000355, 8.500000000000001776 ) ) ;
#415 = DIRECTION ( 'NONE',  ( 0.000000000000000000, -0.000000000000000000, 1.000000000000000000 ) ) ;
#416 = ORIENTED_EDGE ( 'NONE', *, *, #623, .F. ) ;
#417 = ORIENTED_EDGE ( 'NONE', *, *, #145, .F. ) ;
#418 = LINE ( 'NONE', #488, #3 ) ;
#419 = LINE ( 'NONE', #99, #423 ) ;
#420 = ORIENTED_EDGE ( 'NONE', *, *, #1847, .T. ) ;
#421 = AXIS2_PLACEMENT_3D ( 'NONE', #511, #2026, #835 ) ;
#422 = CARTESIAN_POINT ( 'NONE',  ( -19.42182014166898796, 10.05727338055639031, 0.3004997981093520121 ) ) ;
#423 = VECTOR ( 'NONE', #1289, 1000.000000000000114 ) ;
#424 = LINE ( 'NONE', #945, #723 ) ;
#425 = ADVANCED_FACE ( 'NONE', ( #1807 ), #1167, .T. ) ;
#426 = FACE_OUTER_BOUND ( 'NONE', #292, .T. ) ;
#427 = ORIENTED_EDGE ( 'NONE', *, *, #1209, .F. ) ;
#428 = LINE ( 'NONE', #1878, #886 ) ;
#429 = CARTESIAN_POINT ( 'NONE',  ( 19.69266146615801816, -10.14755382205266798, 9.414984646248081290 ) ) ;
#430 = EDGE_LOOP ( 'NONE', ( #1483, #1715, #81, #420 ) ) ;
#431 = CARTESIAN_POINT ( 'NONE',  ( 19.69266146615803592, -10.14755382205266798, 0.5850153537519463542 ) ) ;
#432 = CARTESIAN_POINT ( 'NONE',  ( 2.770064366128790034, -4.653041955534349405, 3.000000000000000000 ) ) ;
#433 = VERTEX_POINT ( 'NONE', #1697 ) ;
#434 = EDGE_CURVE ( 'NONE', #1410, #1999, #1639, .T. ) ;
#435 = CARTESIAN_POINT ( 'NONE',  ( -19.62820052744120147, -10.87820052744120325, 9.554024603710734809 ) ) ;
#436 = DIRECTION ( 'NONE',  ( -0.000000000000000000, -0.000000000000000000, 1.000000000000000000 ) ) ;
#437 = LOCAL_TIME ( 13, 40, 33.00000000000000000, #140 ) ;
#438 = ORIENTED_EDGE ( 'NONE', *, *, #1095, .F. ) ;
#439 = CARTESIAN_POINT ( 'NONE',  ( -5.749999999999994671, -5.750000000000005329, 0.000000000000000000 ) ) ;
#440 = VERTEX_POINT ( 'NONE', #341 ) ;
#441 = CARTESIAN_POINT ( 'NONE',  ( -4.149999999999993250, -5.750000000000005329, 10.00000000000000000 ) ) ;
#442 = CARTESIAN_POINT ( 'NONE',  ( 19.84824946249629463, -10.19941648749874474, 9.164726756808347474 ) ) ;
#443 = EDGE_CURVE ( 'NONE', #59, #1808, #2195, .T. ) ;
#444 = CARTESIAN_POINT ( 'NONE',  ( 18.89262189178387530, -9.880873963928108239, 0.03904101202287209998 ) ) ;
#445 = CARTESIAN_POINT ( 'NONE',  ( -18.80727338055631392, 10.67182014166916559, 9.699500201890478124 ) ) ;
#446 = VERTEX_POINT ( 'NONE', #701 ) ;
#447 = CARTESIAN_POINT ( 'NONE',  ( 19.00000000000000000, 10.25000000000000178, 1.500000000000000000 ) ) ;
#448 = FACE_OUTER_BOUND ( 'NONE', #1651, .T. ) ;
#449 = LINE ( 'NONE', #1470, #899 ) ;
#450 = ORIENTED_EDGE ( 'NONE', *, *, #1612, .F. ) ;
#451 = CARTESIAN_POINT ( 'NONE',  ( -5.210025716457341360, 2.620821017192209279, 3.000000000000000000 ) ) ;
#452 = LOCAL_TIME ( 13, 40, 33.00000000000000000, #1505 ) ;
#453 = ORIENTED_EDGE ( 'NONE', *, *, #1657, .F. ) ;
#454 = CARTESIAN_POINT ( 'NONE',  ( 18.99677695196011484, -11.24033085588038894, 1.303652824876667671 ) ) ;
#455 = ADVANCED_FACE ( 'NONE', ( #1387 ), #1377, .T. ) ;
#456 = ORIENTED_EDGE ( 'NONE', *, *, #636, .T. ) ;
#457 = EDGE_CURVE ( 'NONE', #1801, #1894, #525, .T. ) ;
#458 = CARTESIAN_POINT ( 'NONE',  ( -18.99677695196011484, 11.24033085588038894, 1.303652824876667671 ) ) ;
#459 = VECTOR ( 'NONE', #1309, 1000.000000000000000 ) ;
#460 = LINE ( 'NONE', #284, #47 ) ;
#461 = APPROVAL ( #487, 'UNSPECIFIED' ) ;
#462 = CARTESIAN_POINT ( 'NONE',  ( 20.00000000000000000, 10.25000000000000178, 8.500000000000000000 ) ) ;
#463 = CARTESIAN_POINT ( 'NONE',  ( 19.37867965644035451, -10.04289321881345565, 10.00000000000000000 ) ) ;
#464 = FACE_OUTER_BOUND ( 'NONE', #476, .T. ) ;
#465 = EDGE_CURVE ( 'NONE', #1808, #1237, #491, .T. ) ;
#466 = DIRECTION ( 'NONE',  ( -0.000000000000000000, -0.000000000000000000, -1.000000000000000000 ) ) ;
#467 = EDGE_LOOP ( 'NONE', ( #1815, #757, #1109, #1613 ) ) ;
#468 = CARTESIAN_POINT ( 'NONE',  ( 18.56546163104453484, -9.946384893134329275, 0.000000000000000000 ) ) ;
#469 = DIRECTION ( 'NONE',  ( -1.000000000000000000, 0.000000000000000000, 0.000000000000000000 ) ) ;
#470 = ORIENTED_EDGE ( 'NONE', *, *, #172, .F. ) ;
#471 = VECTOR ( 'NONE', #2194, 1000.000000000000000 ) ;
#472 = DIRECTION ( 'NONE',  ( 0.000000000000000000, 0.000000000000000000, 1.000000000000000000 ) ) ;
#473 = ADVANCED_FACE ( 'NONE', ( #1368 ), #329, .F. ) ;
#474 = DIRECTION ( 'NONE',  ( 0.9384363492999825418, -0.3454521939610761261, 0.000000000000000000 ) ) ;
#475 = DIRECTION ( 'NONE',  ( 0.000000000000000000, 0.000000000000000000, -1.000000000000000000 ) ) ;
#476 = EDGE_LOOP ( 'NONE', ( #2072, #682, #480, #935 ) ) ;
#477 = CARTESIAN_POINT ( 'NONE',  ( 19.00000000000000000, 11.25000000000000178, 1.500000000000000000 ) ) ;
#478 = APPROVAL_DATE_TIME ( #1365, #1099 ) ;
#479 = DIRECTION ( 'NONE',  ( -0.000000000000000000, 1.000000000000000000, -0.000000000000000000 ) ) ;
#480 = ORIENTED_EDGE ( 'NONE', *, *, #976, .F. ) ;
#481 = CARTESIAN_POINT ( 'NONE',  ( 19.00000000000000000, -10.25000000000000178, 8.500000000000000000 ) ) ;
#482 = CARTESIAN_POINT ( 'NONE',  ( 18.89262189178387530, 9.880873963928108239, 0.03904101202287209998 ) ) ;
#483 = CARTESIAN_POINT ( 'NONE',  ( 18.97446304501251291, 11.17338913503758313, 8.983323540286898279 ) ) ;
#484 = EDGE_CURVE ( 'NONE', #592, #1552, #291, .T. ) ;
#485 = ORIENTED_EDGE ( 'NONE', *, *, #434, .T. ) ;
#486 = CARTESIAN_POINT ( 'NONE',  ( -3.310038649671430910, -7.782220938342138794, 0.000000000000000000 ) ) ;
#487 = APPROVAL_STATUS ( 'not_yet_approved' ) ;
#488 = CARTESIAN_POINT ( 'NONE',  ( -8.189961350328561096, 3.717779061657866535, 0.000000000000000000 ) ) ;
#489 = EDGE_LOOP ( 'NONE', ( #848, #1257, #985, #85 ) ) ;
#490 = CARTESIAN_POINT ( 'NONE',  ( 6.289974283542653311, 8.879178982807790277, 3.000000000000000000 ) ) ;
#491 = LINE ( 'NONE', #688, #681 ) ;
#492 = CARTESIAN_POINT ( 'NONE',  ( 19.03730720407656207, 10.28730720407624766, 0.07125415900028610194 ) ) ;
#493 = CARTESIAN_POINT ( 'NONE',  ( 19.95202498532929525, 10.23400832844308894, 8.888923790925090884 ) ) ;
#494 = ADVANCED_FACE ( 'NONE', ( #464 ), #46, .T. ) ;
#495 = VECTOR ( 'NONE', #794, 1000.000000000000000 ) ;
#496 = LINE ( 'NONE', #486, #1499 ) ;
#497 = VECTOR ( 'NONE', #1163, 1000.000000000000000 ) ;
#498 = APPROVAL_DATE_TIME ( #520, #1176 ) ;
#499 = DIRECTION ( 'NONE',  ( 0.6399836213479742630, 0.7683885504133521893, -0.000000000000000000 ) ) ;
#500 = ORIENTED_EDGE ( 'NONE', *, *, #1508, .T. ) ;
#501 = AXIS2_PLACEMENT_3D ( 'NONE', #628, #1161, #1823 ) ;
#502 = DIRECTION ( 'NONE',  ( -0.000000000000000000, -0.000000000000000000, -1.000000000000000000 ) ) ;
#503 = CARTESIAN_POINT ( 'NONE',  ( -6.289974283542651534, -8.879178982807793830, 0.000000000000000000 ) ) ;
#504 = EDGE_CURVE ( 'NONE', #178, #446, #78, .T. ) ;
#505 = CARTESIAN_POINT ( 'NONE',  ( 19.00000000000000000, 11.25000000000000355, 1.500000000000001332 ) ) ;
#506 = CARTESIAN_POINT ( 'NONE',  ( -19.80174737074960944, 10.18391579024987870, 9.251726052810729684 ) ) ;
#507 = CARTESIAN_POINT ( 'NONE',  ( 18.89262189178385754, 9.880873963928108239, 9.960958987977136303 ) ) ;
#508 = ORIENTED_EDGE ( 'NONE', *, *, #2061, .T. ) ;
#509 = LINE ( 'NONE', #1692, #604 ) ;
#510 = PERSON_AND_ORGANIZATION ( #1656, #1201 ) ;
#511 = CARTESIAN_POINT ( 'NONE',  ( 5.750000000000005329, 5.749999999999994671, 3.000000000000000000 ) ) ;
#512 = EDGE_CURVE ( 'NONE', #924, #816, #1630, .T. ) ;
#513 = CARTESIAN_POINT ( 'NONE',  ( -18.63087396392795014, -10.14262189178431228, 0.03904101202305233775 ) ) ;
#514 = DIRECTION ( 'NONE',  ( -0.1700477988866308521, 0.9854358153090498895, 0.000000000000000000 ) ) ;
#515 = CARTESIAN_POINT ( 'NONE',  ( -8.189961350328561096, 3.717779061657866535, 3.000000000000000000 ) ) ;
#516 = DIRECTION ( 'NONE',  ( 0.000000000000000000, 0.000000000000000000, 1.000000000000000000 ) ) ;
#517 =( BOUNDED_SURFACE ( )  B_SPLINE_SURFACE ( 3, 2, ( 
 ( #28, #708, #1939 ),
 ( #393, #1383, #1734 ),
 ( #204, #546, #1091 ),
 ( #383, #2090, #231 ),
 ( #554, #971, #1474 ),
 ( #1297, #1460, #1611 ),
 ( #1482, #986, #429 ),
 ( #1649, #813, #274 ),
 ( #1128, #1308, #442 ),
 ( #1814, #1994, #1597 ),
 ( #768, #2166, #1634 ),
 ( #243, #2122, #1273 ),
 ( #117, #130, #2157 ),
 ( #951, #414, #1790 ) ),
 .UNSPECIFIED., .F., .F., .T. ) 
 B_SPLINE_SURFACE_WITH_KNOTS ( ( 4, 2, 2, 2, 2, 2, 4 ),
 ( 3, 3 ),
 ( 1.570796326794896558, 1.963495408493620697, 2.356194490192344837, 2.552544031041707129, 2.748893571891068976, 2.945243112740430824, 3.141592653589793116 ),
 ( 0.000000000000000000, 1.000000000000000000 ),
 .UNSPECIFIED. ) 
 GEOMETRIC_REPRESENTATION_ITEM ( )  RATIONAL_B_SPLINE_SURFACE ( (
 ( 1.000000000000000000, 1.000000000000000000, 1.000000000000000000),
 ( 1.000000000000000000, 1.000158598892028960, 1.000000000000000000),
 ( 1.000000000000000000, 0.9867291651255417628, 1.000000000000000000),
 ( 1.000000000000000000, 0.9386556746367712423, 1.000000000000000000),
 ( 1.000000000000000000, 0.9038128289597148202, 1.000000000000000000),
 ( 1.000000000000000000, 0.8471316911968010954, 1.000000000000000000),
 ( 1.000000000000000000, 0.8275942267605873592, 1.000000000000000000),
 ( 1.000000000000000000, 0.7902180514827549240, 1.000000000000000000),
 ( 1.000000000000000000, 0.7723967724090320397, 1.000000000000000000),
 ( 1.000000000000000000, 0.7418334672881720104, 1.000000000000000000),
 ( 1.000000000000000000, 0.7291288573898064840, 1.000000000000000000),
 ( 1.000000000000000000, 0.7117460391535099795, 1.000000000000000000),
 ( 1.000000000000000000, 0.7070717008705421636, 1.000000000000000000),
 ( 1.000000000000000000, 0.7071067811865475727, 1.000000000000000000) ) ) 
 REPRESENTATION_ITEM ( '' )  SURFACE ( )  );
#518 = ORIENTED_EDGE ( 'NONE', *, *, #154, .F. ) ;
#519 = CARTESIAN_POINT ( 'NONE',  ( -5.749999999999991118, 5.749999999999994671, 10.00000000000000000 ) ) ;
#520 = DATE_AND_TIME ( #2036, #365 ) ;
#521 = FACE_OUTER_BOUND ( 'NONE', #1098, .T. ) ;
#522 = ORIENTED_EDGE ( 'NONE', *, *, #608, .F. ) ;
#523 = ADVANCED_FACE ( 'NONE', ( #1136 ), #2151, .F. ) ;
#524 = CARTESIAN_POINT ( 'NONE',  ( -18.87669339561174908, -10.88008018683516909, 0.5087598432755247035 ) ) ;
#525 = LINE ( 'NONE', #1348, #2106 ) ;
#526 = ORIENTED_EDGE ( 'NONE', *, *, #769, .F. ) ;
#527 = EDGE_CURVE ( 'NONE', #254, #816, #972, .T. ) ;
#528 = CARTESIAN_POINT ( 'NONE',  ( -18.99677695196011484, 11.24033085588039782, 8.696347175123293027 ) ) ;
#529 = LINE ( 'NONE', #560, #158 ) ;
#530 = CC_DESIGN_DATE_AND_TIME_ASSIGNMENT ( #1, #1042, ( #1246 ) ) ;
#531 = AXIS2_PLACEMENT_3D ( 'NONE', #1313, #1301, #1832 ) ;
#532 = DIRECTION ( 'NONE',  ( 0.000000000000000000, 0.000000000000000000, -1.000000000000000000 ) ) ;
#533 = EDGE_CURVE ( 'NONE', #1240, #1666, #891, .T. ) ;
#534 = CARTESIAN_POINT ( 'NONE',  ( 19.00000000000000000, 11.25000000000000178, 1.500000000000000000 ) ) ;
#535 = AXIS2_PLACEMENT_3D ( 'NONE', #1920, #897, #1579 ) ;
#536 = AXIS2_PLACEMENT_3D ( 'NONE', #1658, #139, #1016 ) ;
#537 = ORIENTED_EDGE ( 'NONE', *, *, #1326, .F. ) ;
#538 = DIRECTION ( 'NONE',  ( -0.000000000000000000, -0.000000000000000000, -1.000000000000000000 ) ) ;
#539 = CARTESIAN_POINT ( 'NONE',  ( 20.00000000000000000, 10.25000000000000178, 0.000000000000000000 ) ) ;
#540 = VECTOR ( 'NONE', #24, 1000.000000000000000 ) ;
#541 = EDGE_CURVE ( 'NONE', #1999, #1410, #677, .T. ) ;
#542 = APPROVAL_PERSON_ORGANIZATION ( #1669, #461, #1033 ) ;
#543 = FACE_BOUND ( 'NONE', #734, .T. ) ;
#544 = EDGE_LOOP ( 'NONE', ( #2209, #1280, #1302, #35 ) ) ;
#545 = CARTESIAN_POINT ( 'NONE',  ( -6.289974283542640876, 8.879178982807784948, 0.000000000000000000 ) ) ;
#546 = CARTESIAN_POINT ( 'NONE',  ( 18.76509167814035806, -10.01509167814089274, 9.987416656928866487 ) ) ;
#547 = DIRECTION ( 'NONE',  ( -0.9384363492999827638, -0.3454521939610755710, 0.000000000000000000 ) ) ;
#548 = LINE ( 'NONE', #1913, #1934 ) ;
#549 = ORIENTED_EDGE ( 'NONE', *, *, #1430, .T. ) ;
#550 = CYLINDRICAL_SURFACE ( 'NONE', #331, 1.500000000000000000 ) ;
#551 = ADVANCED_FACE ( 'NONE', ( #1896 ), #1384, .F. ) ;
#552 = LINE ( 'NONE', #562, #1599 ) ;
#553 = ORIENTED_EDGE ( 'NONE', *, *, #2061, .F. ) ;
#554 = CARTESIAN_POINT ( 'NONE',  ( 18.80727338055631392, -10.67182014166916559, 9.699500201890478124 ) ) ;
#555 = ORIENTED_EDGE ( 'NONE', *, *, #1085, .F. ) ;
#556 = CC_DESIGN_PERSON_AND_ORGANIZATION_ASSIGNMENT ( #1705, #1850, ( #57 ) ) ;
#557 = FACE_OUTER_BOUND ( 'NONE', #1685, .T. ) ;
#558 = ORIENTED_EDGE ( 'NONE', *, *, #581, .F. ) ;
#559 = CARTESIAN_POINT ( 'NONE',  ( 19.00000000000000000, -10.25000000000000178, 1.500000000000000000 ) ) ;
#560 = CARTESIAN_POINT ( 'NONE',  ( -19.00000000000000000, 11.25000000000000355, 0.000000000000000000 ) ) ;
#561 = ORIENTED_EDGE ( 'NONE', *, *, #1350, .F. ) ;
#562 = CARTESIAN_POINT ( 'NONE',  ( 5.210025716457356459, -2.620821017192223934, 0.000000000000000000 ) ) ;
#563 = ORIENTED_EDGE ( 'NONE', *, *, #214, .F. ) ;
#564 = EDGE_CURVE ( 'NONE', #599, #1000, #209, .T. ) ;
#565 = FACE_BOUND ( 'NONE', #1842, .T. ) ;
#566 = ORIENTED_EDGE ( 'NONE', *, *, #679, .F. ) ;
#567 = VECTOR ( 'NONE', #1569, 1000.000000000000227 ) ;
#568 = CARTESIAN_POINT ( 'NONE',  ( -19.00000000000000000, 11.25000000000000178, 8.500000000000000000 ) ) ;
#569 = ORIENTED_EDGE ( 'NONE', *, *, #1363, .T. ) ;
#570 = VECTOR ( 'NONE', #317, 1000.000000000000000 ) ;
#571 = CARTESIAN_POINT ( 'NONE',  ( -20.00000000000000000, -10.24999999993457500, 8.598175837655334774 ) ) ;
#572 = DIRECTION ( 'NONE',  ( 1.000000000000000000, 0.000000000000000000, -0.000000000000000000 ) ) ;
#573 = EDGE_LOOP ( 'NONE', ( #218, #903, #1978 ) ) ;
#574 = DIRECTION ( 'NONE',  ( 0.000000000000000000, 1.000000000000000000, -0.000000000000000000 ) ) ;
#575 = EDGE_LOOP ( 'NONE', ( #367, #1154, #216, #1324 ) ) ;
#576 = CIRCLE ( 'NONE', #1401, 1.000000000000000888 ) ;
#577 = CARTESIAN_POINT ( 'NONE',  ( -19.00000000000000000, -11.25000000000000178, 9.378679656440358059 ) ) ;
#578 = EDGE_LOOP ( 'NONE', ( #269, #1566, #803, #1164 ) ) ;
#579 = ORIENTED_EDGE ( 'NONE', *, *, #1140, .T. ) ;
#580 = CARTESIAN_POINT ( 'NONE',  ( -20.00000000000000355, 11.25000000000000355, 8.500000000000001776 ) ) ;
#581 = EDGE_CURVE ( 'NONE', #1168, #306, #1684, .T. ) ;
#582 = DIRECTION ( 'NONE',  ( -0.7683885504133523003, -0.6399836213479741520, 0.000000000000000000 ) ) ;
#583 = ORIENTED_EDGE ( 'NONE', *, *, #1454, .F. ) ;
#584 = CARTESIAN_POINT ( 'NONE',  ( -19.69266146615803592, 10.14755382205266798, 0.5850153537519463542 ) ) ;
#585 = DIRECTION ( 'NONE',  ( -0.000000000000000000, -0.000000000000000000, 1.000000000000000000 ) ) ;
#586 = ORIENTED_EDGE ( 'NONE', *, *, #2138, .F. ) ;
#587 = CYLINDRICAL_SURFACE ( 'NONE', #1750, 1.599999999999998090 ) ;
#588 = ORIENTED_EDGE ( 'NONE', *, *, #1220, .F. ) ;
#589 = EDGE_LOOP ( 'NONE', ( #1728, #2041, #1518, #642 ) ) ;
#590 = DIRECTION ( 'NONE',  ( 0.000000000000000000, 0.000000000000000000, 1.000000000000000000 ) ) ;
#591 = CARTESIAN_POINT ( 'NONE',  ( -20.00000000000000355, -11.25000000000000355, 1.500000000000002220 ) ) ;
#592 = VERTEX_POINT ( 'NONE', #619 ) ;
#593 = EDGE_CURVE ( 'NONE', #1609, #1486, #2130, .T. ) ;
#594 = CARTESIAN_POINT ( 'NONE',  ( -5.210025716457341360, -2.620821017192221269, 0.000000000000000000 ) ) ;
#595 = DIRECTION ( 'NONE',  ( -1.000000000000000000, 0.000000000000000000, 0.000000000000000000 ) ) ;
#596 = CARTESIAN_POINT ( 'NONE',  ( 20.00000000000000000, 10.25000000000000178, 0.6213203435596424962 ) ) ;
#597 = DIRECTION ( 'NONE',  ( -0.6399836213479747071, 0.7683885504133518562, 0.000000000000000000 ) ) ;
#598 = FACE_OUTER_BOUND ( 'NONE', #1074, .T. ) ;
#599 = VERTEX_POINT ( 'NONE', #1879 ) ;
#600 = CARTESIAN_POINT ( 'NONE',  ( -19.00000000000000000, 11.25000000000000355, 8.500000000000000000 ) ) ;
#601 = DIRECTION ( 'NONE',  ( -0.000000000000000000, -0.000000000000000000, -1.000000000000000000 ) ) ;
#602 = ORIENTED_EDGE ( 'NONE', *, *, #581, .T. ) ;
#603 = CARTESIAN_POINT ( 'NONE',  ( -19.95202498532929525, -10.23400832844308894, 8.888923790925090884 ) ) ;
#604 = VECTOR ( 'NONE', #2189, 1000.000000000000000 ) ;
#605 = AXIS2_PLACEMENT_3D ( 'NONE', #2057, #714, #881 ) ;
#606 = DIRECTION ( 'NONE',  ( -0.000000000000000000, -0.000000000000000000, -1.000000000000000000 ) ) ;
#607 = DIRECTION ( 'NONE',  ( -0.000000000000000000, -0.000000000000000000, 1.000000000000000000 ) ) ;
#608 = EDGE_CURVE ( 'NONE', #702, #1473, #2030, .T. ) ;
#610 = EDGE_LOOP ( 'NONE', ( #1345, #920, #1188, #1342 ) ) ;
#609 = AXIS2_PLACEMENT_3D ( 'NONE', #1511, #820, #474 ) ;
#611 = CARTESIAN_POINT ( 'NONE',  ( 18.79289321881344677, -10.62867965644035806, 10.00000000000000000 ) ) ;
#612 = DIRECTION ( 'NONE',  ( 1.000000000000000000, 0.000000000000000000, 0.000000000000000000 ) ) ;
#613 = AXIS2_PLACEMENT_3D ( 'NONE', #1535, #860, #1556 ) ;
#614 = CARTESIAN_POINT ( 'NONE',  ( 18.50000000000000000, -9.750000000000001776, 0.000000000000000000 ) ) ;
#615 = CARTESIAN_POINT ( 'NONE',  ( -18.63087396392795014, 10.14262189178428208, 9.960958987976960444 ) ) ;
#616 = ORIENTED_EDGE ( 'NONE', *, *, #1983, .T. ) ;
#617 = CARTESIAN_POINT ( 'NONE',  ( -18.80727338055631392, 10.67182014166913540, 0.3004997981094900128 ) ) ;
#618 = DIRECTION ( 'NONE',  ( 0.7683885504133519673, -0.6399836213479745961, 0.000000000000000000 ) ) ;
#619 = CARTESIAN_POINT ( 'NONE',  ( -18.50000000000000000, -9.750000000000001776, 10.00000000000000000 ) ) ;
#620 = PLANE ( 'NONE',  #762 ) ;
#621 = FACE_OUTER_BOUND ( 'NONE', #406, .T. ) ;
#622 = DIRECTION ( 'NONE',  ( -0.7683885504133520783, -0.6399836213479744851, 0.000000000000000000 ) ) ;
#623 = EDGE_CURVE ( 'NONE', #123, #1954, #2052, .T. ) ;
#624 = CARTESIAN_POINT ( 'NONE',  ( -5.210025716457341360, 2.620821017192209279, 3.000000000000000000 ) ) ;
#625 = CARTESIAN_POINT ( 'NONE',  ( 18.99999999993454480, -11.25000000000000355, 1.401824162344694757 ) ) ;
#626 = EDGE_LOOP ( 'NONE', ( #159, #1791 ) ) ;
#627 = CARTESIAN_POINT ( 'NONE',  ( -20.00000000000000000, -10.25000000000000178, 1.500000000000000000 ) ) ;
#628 = CARTESIAN_POINT ( 'NONE',  ( -19.00000000000000000, 10.25000000000000178, 1.500000000000000000 ) ) ;
#629 = CARTESIAN_POINT ( 'NONE',  ( 19.03730720407672194, 10.28730720407616772, 9.928745840999699368 ) ) ;
#630 = ORIENTED_EDGE ( 'NONE', *, *, #1321, .F. ) ;
#631 = PLANE ( 'NONE',  #181 ) ;
#632 = EDGE_CURVE ( 'NONE', #1666, #660, #752, .T. ) ;
#633 = EDGE_LOOP ( 'NONE', ( #190, #1105, #1838, #1693 ) ) ;
#634 = LINE ( 'NONE', #772, #354 ) ;
#635 = CARTESIAN_POINT ( 'NONE',  ( -19.00000000000000000, 10.25000000000000178, 8.500000000000000000 ) ) ;
#636 = EDGE_CURVE ( 'NONE', #928, #123, #1056, .T. ) ;
#637 = ORIENTED_EDGE ( 'NONE', *, *, #1326, .T. ) ;
#638 = CARTESIAN_POINT ( 'NONE',  ( -19.99999999403525663, 11.24999999403516959, 1.336127601288188860 ) ) ;
#639 = VECTOR ( 'NONE', #763, 1000.000000000000114 ) ;
#640 = CARTESIAN_POINT ( 'NONE',  ( 18.87669339561174908, 10.88008018683516909, 0.5087598432755247035 ) ) ;
#641 = DIRECTION ( 'NONE',  ( 1.000000000000000000, 0.000000000000000000, 0.000000000000000000 ) ) ;
#642 = ORIENTED_EDGE ( 'NONE', *, *, #1261, .T. ) ;
#643 = VECTOR ( 'NONE', #1877, 1000.000000000000000 ) ;
#644 = PLANE ( 'NONE',  #1903 ) ;
#645 = PERSON_AND_ORGANIZATION ( #1656, #1201 ) ;
#646 = CARTESIAN_POINT ( 'NONE',  ( 6.289974283542648870, -8.879178982807793830, 3.000000000000000000 ) ) ;
#647 = ORIENTED_EDGE ( 'NONE', *, *, #1045, .T. ) ;
#648 = CIRCLE ( 'NONE', #1723, 1.599999999999998090 ) ;
#649 = ADVANCED_FACE ( 'NONE', ( #95 ), #1310, .T. ) ;
#650 = DIRECTION ( 'NONE',  ( 0.000000000000000000, -0.000000000000000000, 1.000000000000000000 ) ) ;
#651 = CARTESIAN_POINT ( 'NONE',  ( -20.00000000000000000, 10.25000000000000178, 0.000000000000000000 ) ) ;
#652 = DIRECTION ( 'NONE',  ( -0.7683885504133523003, -0.6399836213479741520, 0.000000000000000000 ) ) ;
#653 = MANIFOLD_SOLID_BREP ( 'Fillet1', #1017 ) ;
#654 = CARTESIAN_POINT ( 'NONE',  ( 19.40118312944674983, 10.65118312944664858, 9.751678550239166299 ) ) ;
#655 = ORIENTED_EDGE ( 'NONE', *, *, #1889, .F. ) ;
#656 = CARTESIAN_POINT ( 'NONE',  ( 19.00000000000000000, 11.25000000000000178, 0.6213203435596430513 ) ) ;
#657 = ORIENTED_EDGE ( 'NONE', *, *, #266, .T. ) ;
#658 =( BOUNDED_CURVE ( )  B_SPLINE_CURVE ( 3, ( #944, #1822, #1844, #2029 ),
 .UNSPECIFIED., .F., .F. ) 
 B_SPLINE_CURVE_WITH_KNOTS ( ( 4, 4 ),
 ( 3.141592653589793116, 4.712388980384689674 ),
 .UNSPECIFIED. ) 
 CURVE ( )  GEOMETRIC_REPRESENTATION_ITEM ( )  RATIONAL_B_SPLINE_CURVE ( ( 1.000000000000000000, 0.8047378541243649375, 0.8047378541243649375, 1.000000000000000000 ) ) 
 REPRESENTATION_ITEM ( '' )  );
#659 = LINE ( 'NONE', #1895, #318 ) ;
#660 = VERTEX_POINT ( 'NONE', #1475 ) ;
#661 = CARTESIAN_POINT ( 'NONE',  ( -18.94941648749877317, 11.09824946249628574, 0.8352732431916330968 ) ) ;
#662 = DIRECTION ( 'NONE',  ( -1.000000000000000000, 0.000000000000000000, 0.000000000000000000 ) ) ;
#663 = EDGE_CURVE ( 'NONE', #433, #879, #783, .T. ) ;
#664 = CARTESIAN_POINT ( 'NONE',  ( 18.50000000000000000, 9.750000000000001776, 0.000000000000000000 ) ) ;
#665 = CARTESIAN_POINT ( 'NONE',  ( 19.62820052744120147, 10.87820052744120325, 9.554024603710734809 ) ) ;
#666 = LINE ( 'NONE', #169, #1673 ) ;
#667 = PRODUCT_DEFINITION_SHAPE ( 'NONE', 'NONE',  #1246 ) ;
#668 = CALENDAR_DATE ( 2022, 14, 4 ) ;
#669 = DIRECTION ( 'NONE',  ( 0.000000000000000000, 0.000000000000000000, 1.000000000000000000 ) ) ;
#670 = ORIENTED_EDGE ( 'NONE', *, *, #1035, .T. ) ;
#671 = CARTESIAN_POINT ( 'NONE',  ( -2.770064366128776268, -4.653041955534353846, 3.000000000000000000 ) ) ;
#672 = AXIS2_PLACEMENT_3D ( 'NONE', #1662, #144, #618 ) ;
#673 = CARTESIAN_POINT ( 'NONE',  ( -18.79289321881344677, -10.62867965644035806, 3.798772575574227361E-16 ) ) ;
#674 = CARTESIAN_POINT ( 'NONE',  ( 18.98400832844311736, 11.20202498532930413, 1.111076209074945753 ) ) ;
#675 = LINE ( 'NONE', #1902, #761 ) ;
#676 = CARTESIAN_POINT ( 'NONE',  ( -7.349999999999988987, 5.749999999999994671, 3.000000000000000000 ) ) ;
#677 = CIRCLE ( 'NONE', #1708, 5.050000000000002487 ) ;
#678 = VECTOR ( 'NONE', #2125, 1000.000000000000000 ) ;
#679 = EDGE_CURVE ( 'NONE', #2027, #129, #1449, .T. ) ;
#680 = LINE ( 'NONE', #1503, #497 ) ;
#681 = VECTOR ( 'NONE', #1190, 999.9999999999998863 ) ;
#682 = ORIENTED_EDGE ( 'NONE', *, *, #1472, .F. ) ;
#683 = APPLICATION_PROTOCOL_DEFINITION ( 'international standard', 'config_control_design', 1994, #1420 ) ;
#684 = CARTESIAN_POINT ( 'NONE',  ( 5.210025716457356459, -2.620821017192223934, 3.000000000000000000 ) ) ;
#685 = VECTOR ( 'NONE', #10, 999.9999999999998863 ) ;
#686 =( GEOMETRIC_REPRESENTATION_CONTEXT ( 3 ) GLOBAL_UNCERTAINTY_ASSIGNED_CONTEXT ( ( #1082 ) ) GLOBAL_UNIT_ASSIGNED_CONTEXT ( ( #188, #1379, #1057 ) ) REPRESENTATION_CONTEXT ( 'NONE', 'WORKASPACE' ) );
#687 = CARTESIAN_POINT ( 'NONE',  ( 8.189961350328573531, 3.717779061657867423, 0.000000000000000000 ) ) ;
#688 = CARTESIAN_POINT ( 'NONE',  ( -5.210025716457341360, -2.620821017192220381, 0.000000000000000000 ) ) ;
#689 = CARTESIAN_POINT ( 'NONE',  ( -5.210025716457341360, -2.620821017192220381, 3.000000000000000000 ) ) ;
#690 = DIRECTION ( 'NONE',  ( 1.000000000000000000, 0.000000000000000000, 0.000000000000000000 ) ) ;
#691 = CARTESIAN_POINT ( 'NONE',  ( -4.149999999999992362, -5.750000000000005329, 3.000000000000000000 ) ) ;
#692 = CARTESIAN_POINT ( 'NONE',  ( -19.62820052744120147, 10.87820052744120325, 9.554024603710734809 ) ) ;
#693 = PLANE ( 'NONE',  #870 ) ;
#694 = EDGE_LOOP ( 'NONE', ( #1408, #1760, #52, #310 ) ) ;
#695 = FACE_OUTER_BOUND ( 'NONE', #1452, .T. ) ;
#696 = EDGE_CURVE ( 'NONE', #1801, #2027, #1150, .T. ) ;
#697 = PERSON_AND_ORGANIZATION_ROLE ( 'design_owner' ) ;
#698 = CARTESIAN_POINT ( 'NONE',  ( 18.50000000000000000, -9.750000000000001776, 0.000000000000000000 ) ) ;
#699 = EDGE_CURVE ( 'NONE', #753, #732, #2145, .T. ) ;
#700 = CARTESIAN_POINT ( 'NONE',  ( -18.50000000000000000, -9.750000000000001776, 0.000000000000000000 ) ) ;
#701 = CARTESIAN_POINT ( 'NONE',  ( -20.00000000000000000, 10.25000000000000178, 8.500000000000000000 ) ) ;
#702 = VERTEX_POINT ( 'NONE', #275 ) ;
#703 = CARTESIAN_POINT ( 'NONE',  ( -18.50000000000000000, 9.750000000000001776, 10.00000000000000000 ) ) ;
#704 = CC_DESIGN_SECURITY_CLASSIFICATION ( #2097, ( #57 ) ) ;
#705 = ORIENTED_EDGE ( 'NONE', *, *, #76, .T. ) ;
#706 = EDGE_CURVE ( 'NONE', #1938, #1440, #1139, .T. ) ;
#707 = DIRECTION ( 'NONE',  ( 0.000000000000000000, 0.000000000000000000, -1.000000000000000000 ) ) ;
#708 = CARTESIAN_POINT ( 'NONE',  ( 18.50000000000000000, -9.750000000000001776, 10.00000000000000178 ) ) ;
#709 = DIRECTION ( 'NONE',  ( 0.000000000000000000, 0.000000000000000000, 1.000000000000000000 ) ) ;
#710 = EDGE_CURVE ( 'NONE', #1923, #1425, #1137, .T. ) ;
#711 = DIRECTION ( 'NONE',  ( 0.1700477988866310464, -0.9854358153090500005, 0.000000000000000000 ) ) ;
#712 = ORIENTED_EDGE ( 'NONE', *, *, #699, .F. ) ;
#713 = PLANE ( 'NONE',  #1759 ) ;
#714 = DIRECTION ( 'NONE',  ( 0.000000000000000000, -0.000000000000000000, 1.000000000000000000 ) ) ;
#715 = ORIENTED_EDGE ( 'NONE', *, *, #2086, .F. ) ;
#716 = VECTOR ( 'NONE', #1138, 1000.000000000000114 ) ;
#717 = DIRECTION ( 'NONE',  ( 0.000000000000000000, -1.000000000000000000, 0.000000000000000000 ) ) ;
#718 = FACE_BOUND ( 'NONE', #381, .T. ) ;
#719 = FACE_OUTER_BOUND ( 'NONE', #1249, .T. ) ;
#720 = CARTESIAN_POINT ( 'NONE',  ( 5.050000000000002487, 6.184466335694136026E-16, 10.00000000000000000 ) ) ;
#721 = ORIENTED_EDGE ( 'NONE', *, *, #1127, .T. ) ;
#722 = EDGE_CURVE ( 'NONE', #1276, #1240, #1898, .T. ) ;
#723 = VECTOR ( 'NONE', #1607, 1000.000000000000114 ) ;
#724 = CARTESIAN_POINT ( 'NONE',  ( -2.770064366128774935, 4.653041955534337859, 3.000000000000000000 ) ) ;
#725 = AXIS2_PLACEMENT_3D ( 'NONE', #1371, #1702, #1925 ) ;
#726 = ORIENTED_EDGE ( 'NONE', *, *, #84, .T. ) ;
#727 = AXIS2_PLACEMENT_3D ( 'NONE', #124, #839, #1478 ) ;
#728 = CARTESIAN_POINT ( 'NONE',  ( 19.00000000000000000, 9.750000000000001776, 0.000000000000000000 ) ) ;
#729 = ORIENTED_EDGE ( 'NONE', *, *, #1048, .T. ) ;
#730 = CYLINDRICAL_SURFACE ( 'NONE', #187, 1.500000000000000000 ) ;
#731 = CYLINDRICAL_SURFACE ( 'NONE', #2070, 5.050000000000002487 ) ;
#732 = VERTEX_POINT ( 'NONE', #1222 ) ;
#733 = LINE ( 'NONE', #2053, #2004 ) ;
#734 = EDGE_LOOP ( 'NONE', ( #1268, #1226 ) ) ;
#735 = DIRECTION ( 'NONE',  ( 1.000000000000000000, 0.000000000000000000, 0.000000000000000000 ) ) ;
#736 = FACE_OUTER_BOUND ( 'NONE', #430, .T. ) ;
#737 = ADVANCED_FACE ( 'NONE', ( #1986 ), #1352, .F. ) ;
#738 = CARTESIAN_POINT ( 'NONE',  ( 0.000000000000000000, -9.750000000000001776, 8.500000000000000000 ) ) ;
#739 = DIRECTION ( 'NONE',  ( -0.1700477988866320178, -0.9854358153090497785, 0.000000000000000000 ) ) ;
#740 = ORIENTED_EDGE ( 'NONE', *, *, #2088, .F. ) ;
#741 = DIRECTION ( 'NONE',  ( -1.000000000000000000, 0.000000000000000000, 0.000000000000000000 ) ) ;
#742 = EDGE_LOOP ( 'NONE', ( #786, #357, #2089, #726 ) ) ;
#743 = CARTESIAN_POINT ( 'NONE',  ( -18.50000000000000000, 9.750000000000001776, 10.00000000000000178 ) ) ;
#744 = ORIENTED_EDGE ( 'NONE', *, *, #1241, .T. ) ;
#745 = CARTESIAN_POINT ( 'NONE',  ( -19.80174737074960944, -10.18391579024987870, 9.251726052810729684 ) ) ;
#746 = FACE_BOUND ( 'NONE', #2171, .T. ) ;
#747 = ORIENTED_EDGE ( 'NONE', *, *, #338, .T. ) ;
#748 = CARTESIAN_POINT ( 'NONE',  ( 19.00000000000000000, -11.25000000000000355, 8.500000000000000000 ) ) ;
#749 = EDGE_CURVE ( 'NONE', #289, #825, #390, .T. ) ;
#750 = AXIS2_PLACEMENT_3D ( 'NONE', #1218, #662, #2063 ) ;
#751 = DIRECTION ( 'NONE',  ( 0.1700477988866307411, 0.9854358153090498895, 0.000000000000000000 ) ) ;
#752 = CIRCLE ( 'NONE', #1423, 1.600000000000001643 ) ;
#753 = VERTEX_POINT ( 'NONE', #503 ) ;
#754 = VECTOR ( 'NONE', #1448, 1000.000000000000114 ) ;
#755 = CARTESIAN_POINT ( 'NONE',  ( -19.97720566989048407, 11.22720566989045743, 8.824924596068164817 ) ) ;
#756 = CARTESIAN_POINT ( 'NONE',  ( -19.95202498532930591, -10.23400832844308894, 1.111076209074957077 ) ) ;
#757 = ORIENTED_EDGE ( 'NONE', *, *, #838, .F. ) ;
#758 = VECTOR ( 'NONE', #996, 1000.000000000000000 ) ;
#759 = CARTESIAN_POINT ( 'NONE',  ( -19.83608291817064284, -11.08608291817064639, 9.247928866810784854 ) ) ;
#760 = LINE ( 'NONE', #2117, #931 ) ;
#761 = VECTOR ( 'NONE', #1360, 1000.000000000000000 ) ;
#762 = AXIS2_PLACEMENT_3D ( 'NONE', #1568, #1919, #789 ) ;
#763 = DIRECTION ( 'NONE',  ( -0.1700477988866301582, 0.9854358153090500005, 0.000000000000000000 ) ) ;
#764 = FACE_OUTER_BOUND ( 'NONE', #1544, .T. ) ;
#765 = ORIENTED_EDGE ( 'NONE', *, *, #465, .T. ) ;
#766 = AXIS2_PLACEMENT_3D ( 'NONE', #671, #1652, #1687 ) ;
#767 = DIRECTION ( 'NONE',  ( -0.9854358153090501116, -0.1700477988866301859, 0.000000000000000000 ) ) ;
#768 = CARTESIAN_POINT ( 'NONE',  ( 18.98400832844311736, -11.20202498532929880, 8.888923790925090884 ) ) ;
#769 = EDGE_CURVE ( 'NONE', #1923, #1938, #962, .T. ) ;
#770 = VERTEX_POINT ( 'NONE', #600 ) ;
#771 = ORIENTED_EDGE ( 'NONE', *, *, #1930, .T. ) ;
#772 = CARTESIAN_POINT ( 'NONE',  ( -5.050000000000002487, 0.000000000000000000, 10.00000000000000000 ) ) ;
#773 = LINE ( 'NONE', #568, #1564 ) ;
#774 = EDGE_LOOP ( 'NONE', ( #1113, #1194, #113 ) ) ;
#775 = CARTESIAN_POINT ( 'NONE',  ( -18.56546163104453484, 9.946384893134329275, 0.000000000000000000 ) ) ;
#776 = DIRECTION ( 'NONE',  ( 0.6399836213479745961, -0.7683885504133520783, 0.000000000000000000 ) ) ;
#777 = CARTESIAN_POINT ( 'NONE',  ( -18.50000000000000000, -10.25000000000000178, 1.500000000000000000 ) ) ;
#778 = EDGE_CURVE ( 'NONE', #440, #928, #1805, .T. ) ;
#779 = CARTESIAN_POINT ( 'NONE',  ( -20.00000000000000000, -10.25000000000000178, 8.500000000000000000 ) ) ;
#780 = ORIENTED_EDGE ( 'NONE', *, *, #1059, .F. ) ;
#781 = LINE ( 'NONE', #1428, #1293 ) ;
#782 = CARTESIAN_POINT ( 'NONE',  ( 5.210025716457356459, -2.620821017192223934, 3.000000000000000000 ) ) ;
#783 = LINE ( 'NONE', #815, #2104 ) ;
#784 = CARTESIAN_POINT ( 'NONE',  ( 19.47747209205835262, -10.72747209205835794, 0.3036065963183255390 ) ) ;
#785 = CARTESIAN_POINT ( 'NONE',  ( -19.69266146615803592, -10.14755382205266798, 0.5850153537519463542 ) ) ;
#786 = ORIENTED_EDGE ( 'NONE', *, *, #836, .T. ) ;
#787 = ADVANCED_FACE ( 'NONE', ( #2005 ), #890, .T. ) ;
#788 = CARTESIAN_POINT ( 'NONE',  ( -19.99999999403525308, -11.24999999403517137, 8.663872398711866651 ) ) ;
#789 = DIRECTION ( 'NONE',  ( -0.9384363492999828749, 0.3454521939610754044, 0.000000000000000000 ) ) ;
#790 = CARTESIAN_POINT ( 'NONE',  ( 6.289974283542648870, -8.879178982807793830, 0.000000000000000000 ) ) ;
#791 = CARTESIAN_POINT ( 'NONE',  ( -20.00000000000000000, 10.25000000000000178, 1.500000000000000000 ) ) ;
#792 = DIRECTION ( 'NONE',  ( -0.3454521939610751269, -0.9384363492999829859, 0.000000000000000000 ) ) ;
#793 = DIRECTION ( 'NONE',  ( 0.1700477988866297419, -0.9854358153090501116, 0.000000000000000000 ) ) ;
#794 = DIRECTION ( 'NONE',  ( -0.000000000000000000, -0.000000000000000000, -1.000000000000000000 ) ) ;
#795 = CARTESIAN_POINT ( 'NONE',  ( -19.25542840531140953, 10.00180946843698493, 9.810679609556727243 ) ) ;
#796 = ORIENTED_EDGE ( 'NONE', *, *, #1140, .F. ) ;
#797 = VECTOR ( 'NONE', #751, 1000.000000000000114 ) ;
#798 = CARTESIAN_POINT ( 'NONE',  ( -19.25542840531139532, 10.00180946843698493, 0.1893203904432680384 ) ) ;
#799 = CIRCLE ( 'NONE', #1632, 1.000000000000000888 ) ;
#800 = EDGE_CURVE ( 'NONE', #1954, #917, #1831, .T. ) ;
#801 = CIRCLE ( 'NONE', #1362, 1.600000000000001643 ) ;
#802 = DIRECTION ( 'NONE',  ( 0.000000000000000000, 0.000000000000000000, 1.000000000000000000 ) ) ;
#803 = ORIENTED_EDGE ( 'NONE', *, *, #710, .F. ) ;
#804 = CARTESIAN_POINT ( 'NONE',  ( 19.00000000000000000, -11.25000000000000178, 9.378679656440358059 ) ) ;
#805 = LINE ( 'NONE', #782, #754 ) ;
#806 = AXIS2_PLACEMENT_3D ( 'NONE', #809, #849, #1674 ) ;
#807 = CARTESIAN_POINT ( 'NONE',  ( 18.98400832844311736, -11.20202498532930413, 1.111076209074945753 ) ) ;
#808 = ORIENTED_EDGE ( 'NONE', *, *, #465, .F. ) ;
#809 = CARTESIAN_POINT ( 'NONE',  ( 5.750000000000005329, 5.749999999999994671, 0.000000000000000000 ) ) ;
#810 = CARTESIAN_POINT ( 'NONE',  ( 19.95202498532930591, 10.23400832844308894, 1.111076209074957077 ) ) ;
#811 = EDGE_CURVE ( 'NONE', #953, #1473, #290, .T. ) ;
#812 = CARTESIAN_POINT ( 'NONE',  ( 18.99677695196011484, 11.24033085588039782, 8.696347175123293027 ) ) ;
#813 = CARTESIAN_POINT ( 'NONE',  ( 19.62820052744120147, -10.87820052744120325, 9.554024603710734809 ) ) ;
#814 =( BOUNDED_SURFACE ( )  B_SPLINE_SURFACE ( 3, 2, ( 
 ( #664, #300, #852 ),
 ( #1522, #308, #2175 ),
 ( #1171, #1339, #482 ),
 ( #1663, #492, #995 ),
 ( #126, #1845, #2044 ),
 ( #640, #1329, #1180 ),
 ( #1854, #1690, #2163 ),
 ( #1645, #1192, #2197 ),
 ( #332, #2012, #1012 ),
 ( #1029, #2206, #1675 ),
 ( #674, #1359, #810 ),
 ( #1146, #147, #829 ),
 ( #1479, #1203, #1880 ),
 ( #505, #342, #1038 ) ),
 .UNSPECIFIED., .F., .F., .F. ) 
 B_SPLINE_SURFACE_WITH_KNOTS ( ( 4, 2, 2, 2, 2, 2, 4 ),
 ( 3, 3 ),
 ( 1.570796326794896558, 1.963495408493620697, 2.356194490192344837, 2.552544031041707129, 2.748893571891068976, 2.945243112740430824, 3.141592653589793116 ),
 ( 0.000000000000000000, 1.000000000000000000 ),
 .UNSPECIFIED. ) 
 GEOMETRIC_REPRESENTATION_ITEM ( )  RATIONAL_B_SPLINE_SURFACE ( (
 ( 1.000000000000000000, 1.000000000000000000, 1.000000000000000000),
 ( 1.000000000000000000, 1.000158598892032291, 1.000000000000000000),
 ( 1.000000000000000000, 0.9867291651255367668, 1.000000000000000000),
 ( 1.000000000000000000, 0.9386556746367762383, 1.000000000000000000),
 ( 1.000000000000000000, 0.9038128289597190390, 1.000000000000000000),
 ( 1.000000000000000000, 0.8471316911967986529, 1.000000000000000000),
 ( 1.000000000000000000, 0.8275942267605790326, 1.000000000000000000),
 ( 1.000000000000000000, 0.7902180514827631397, 1.000000000000000000),
 ( 1.000000000000000000, 0.7723967724090323728, 1.000000000000000000),
 ( 1.000000000000000000, 0.7418334672881723435, 1.000000000000000000),
 ( 1.000000000000000000, 0.7291288573898029313, 1.000000000000000000),
 ( 1.000000000000000000, 0.7117460391535137543, 1.000000000000000000),
 ( 1.000000000000000000, 0.7070717008705392770, 1.000000000000000000),
 ( 1.000000000000000000, 0.7071067811865475727, 1.000000000000000000) ) ) 
 REPRESENTATION_ITEM ( '' )  SURFACE ( )  );
#815 = CARTESIAN_POINT ( 'NONE',  ( 8.189961350328573531, -3.717779061657882966, 3.000000000000000000 ) ) ;
#816 = VERTEX_POINT ( 'NONE', #86 ) ;
#817 = DIRECTION ( 'NONE',  ( -0.000000000000000000, -0.000000000000000000, -1.000000000000000000 ) ) ;
#818 = VERTEX_POINT ( 'NONE', #1484 ) ;
#819 = CARTESIAN_POINT ( 'NONE',  ( 5.210025716457355571, 2.620821017192208391, 3.000000000000000000 ) ) ;
#820 = DIRECTION ( 'NONE',  ( -0.3454521939610761816, -0.9384363492999826528, 0.000000000000000000 ) ) ;
#821 = DIRECTION ( 'NONE',  ( 0.000000000000000000, 0.000000000000000000, 1.000000000000000000 ) ) ;
#822 = LINE ( 'NONE', #1678, #1328 ) ;
#823 = EDGE_CURVE ( 'NONE', #1410, #1900, #634, .T. ) ;
#824 = LINE ( 'NONE', #1021, #2139 ) ;
#825 = VERTEX_POINT ( 'NONE', #1963 ) ;
#826 = DIRECTION ( 'NONE',  ( 0.000000000000000000, 0.000000000000000000, 1.000000000000000000 ) ) ;
#827 =( BOUNDED_CURVE ( )  B_SPLINE_CURVE ( 3, ( #477, #656, #2002, #1513 ),
 .UNSPECIFIED., .F., .T. ) 
 B_SPLINE_CURVE_WITH_KNOTS ( ( 4, 4 ),
 ( 3.141592653589793116, 4.712388980384689674 ),
 .UNSPECIFIED. ) 
 CURVE ( )  GEOMETRIC_REPRESENTATION_ITEM ( )  RATIONAL_B_SPLINE_CURVE ( ( 1.000000000000000000, 0.8047378541243649375, 0.8047378541243649375, 1.000000000000000000 ) ) 
 REPRESENTATION_ITEM ( '' )  );
#828 = AXIS2_PLACEMENT_3D ( 'NONE', #1274, #1830, #415 ) ;
#829 = CARTESIAN_POINT ( 'NONE',  ( 19.99033085588038361, 10.24677695196014326, 1.303652824876658123 ) ) ;
#830 = CARTESIAN_POINT ( 'NONE',  ( -19.00000000000000000, 9.750000000000001776, 1.500000000000000000 ) ) ;
#831 = AXIS2_PLACEMENT_3D ( 'NONE', #2095, #1050, #739 ) ;
#832 = DIRECTION ( 'NONE',  ( 0.000000000000000000, 0.000000000000000000, 1.000000000000000000 ) ) ;
#833 = ORIENTED_EDGE ( 'NONE', *, *, #373, .T. ) ;
#834 = DATE_AND_TIME ( #668, #452 ) ;
#835 = DIRECTION ( 'NONE',  ( -1.000000000000000000, 0.000000000000000000, 0.000000000000000000 ) ) ;
#836 = EDGE_CURVE ( 'NONE', #869, #96, #418, .T. ) ;
#837 = ORIENTED_EDGE ( 'NONE', *, *, #1472, .T. ) ;
#838 = EDGE_CURVE ( 'NONE', #1562, #1703, #1936, .T. ) ;
#839 = DIRECTION ( 'NONE',  ( -0.000000000000000000, -0.000000000000000000, 1.000000000000000000 ) ) ;
#840 = CARTESIAN_POINT ( 'NONE',  ( 19.63008018683521527, 10.12669339561171888, 9.491240156724424892 ) ) ;
#841 = VERTEX_POINT ( 'NONE', #324 ) ;
#842 = EDGE_CURVE ( 'NONE', #1620, #1101, #824, .T. ) ;
#843 = DIRECTION ( 'NONE',  ( -0.9384363492999833190, -0.3454521939610741832, 0.000000000000000000 ) ) ;
#844 = DATE_AND_TIME ( #1343, #1573 ) ;
#845 = CARTESIAN_POINT ( 'NONE',  ( 8.189961350328573531, -3.717779061657882966, 0.000000000000000000 ) ) ;
#846 = CARTESIAN_POINT ( 'NONE',  ( 20.00000000000000000, -10.25000000000000178, 8.500000000000000000 ) ) ;
#847 = ORIENTED_EDGE ( 'NONE', *, *, #850, .T. ) ;
#848 = ORIENTED_EDGE ( 'NONE', *, *, #237, .T. ) ;
#849 = DIRECTION ( 'NONE',  ( -0.000000000000000000, -0.000000000000000000, 1.000000000000000000 ) ) ;
#850 = EDGE_CURVE ( 'NONE', #2141, #59, #1344, .T. ) ;
#851 = CARTESIAN_POINT ( 'NONE',  ( 19.00000000000000000, -11.25000000000000355, 1.500000000000000000 ) ) ;
#852 = CARTESIAN_POINT ( 'NONE',  ( 18.50000000000000000, 9.750000000000001776, 0.000000000000000000 ) ) ;
#853 = CARTESIAN_POINT ( 'NONE',  ( 19.89423066556499720, 11.14423066556502739, 9.118375044077602354 ) ) ;
#854 = CARTESIAN_POINT ( 'NONE',  ( 0.000000000000000000, 0.000000000000000000, 3.000000000000000000 ) ) ;
#855 = DIRECTION ( 'NONE',  ( -1.000000000000000000, 0.000000000000000000, 0.000000000000000000 ) ) ;
#856 = VERTEX_POINT ( 'NONE', #1187 ) ;
#857 = CARTESIAN_POINT ( 'NONE',  ( -18.75180946843713770, -10.50542840531096012, 0.1893203904430877937 ) ) ;
#858 = LINE ( 'NONE', #1533, #685 ) ;
#859 = CARTESIAN_POINT ( 'NONE',  ( -19.89423066556499720, 11.14423066556502739, 9.118375044077602354 ) ) ;
#860 = DIRECTION ( 'NONE',  ( 0.000000000000000000, 0.000000000000000000, 1.000000000000000000 ) ) ;
#861 = DIRECTION ( 'NONE',  ( 1.000000000000000000, 0.000000000000000000, 0.000000000000000000 ) ) ;
#862 = ADVANCED_FACE ( 'NONE', ( #521 ), #153, .F. ) ;
#863 = VECTOR ( 'NONE', #1695, 1000.000000000000114 ) ;
#864 = LINE ( 'NONE', #335, #42 ) ;
#865 = FACE_OUTER_BOUND ( 'NONE', #1737, .T. ) ;
#866 = VECTOR ( 'NONE', #1980, 1000.000000000000000 ) ;
#867 = EDGE_CURVE ( 'NONE', #841, #1779, #1177, .T. ) ;
#868 = CARTESIAN_POINT ( 'NONE',  ( -18.89262189178387530, -9.880873963928108239, 0.03904101202287209998 ) ) ;
#869 = VERTEX_POINT ( 'NONE', #170 ) ;
#870 = AXIS2_PLACEMENT_3D ( 'NONE', #33, #1713, #1935 ) ;
#871 =( BOUNDED_CURVE ( )  B_SPLINE_CURVE ( 3, ( #195, #1735, #1210, #1899 ),
 .UNSPECIFIED., .F., .T. ) 
 B_SPLINE_CURVE_WITH_KNOTS ( ( 4, 4 ),
 ( 1.570796326794896558, 3.141592653589793116 ),
 .UNSPECIFIED. ) 
 CURVE ( )  GEOMETRIC_REPRESENTATION_ITEM ( )  RATIONAL_B_SPLINE_CURVE ( ( 1.000000000000000000, 0.8047378541243649375, 0.8047378541243649375, 1.000000000000000000 ) ) 
 REPRESENTATION_ITEM ( '' )  );
#872 = CARTESIAN_POINT ( 'NONE',  ( -5.210025716457341360, -2.620821017192220381, 3.000000000000000000 ) ) ;
#873 = VERTEX_POINT ( 'NONE', #845 ) ;
#874 = LINE ( 'NONE', #229, #1015 ) ;
#875 = EDGE_CURVE ( 'NONE', #1856, #869, #1873, .T. ) ;
#876 = LINE ( 'NONE', #1396, #567 ) ;
#877 = ORIENTED_EDGE ( 'NONE', *, *, #811, .F. ) ;
#878 = CARTESIAN_POINT ( 'NONE',  ( -18.56546163104453484, -9.946384893134329275, 0.000000000000000000 ) ) ;
#879 = VERTEX_POINT ( 'NONE', #1494 ) ;
#880 = DIRECTION ( 'NONE',  ( -1.000000000000000000, 0.000000000000000000, 0.000000000000000000 ) ) ;
#881 = DIRECTION ( 'NONE',  ( -1.000000000000000000, 0.000000000000000000, 0.000000000000000000 ) ) ;
#882 = EDGE_LOOP ( 'NONE', ( #453, #27 ) ) ;
#883 = FACE_OUTER_BOUND ( 'NONE', #1290, .T. ) ;
#884 = CARTESIAN_POINT ( 'NONE',  ( -18.50000000000000000, 9.750000000000001776, 0.000000000000000000 ) ) ;
#885 = ADVANCED_FACE ( 'NONE', ( #1043 ), #1851, .F. ) ;
#886 = VECTOR ( 'NONE', #2075, 1000.000000000000000 ) ;
#887 = FACE_OUTER_BOUND ( 'NONE', #742, .T. ) ;
#888 = DIRECTION ( 'NONE',  ( -1.000000000000000000, 0.000000000000000000, 0.000000000000000000 ) ) ;
#889 = ORIENTED_EDGE ( 'NONE', *, *, #1868, .F. ) ;
#890 =( BOUNDED_SURFACE ( )  B_SPLINE_SURFACE ( 3, 2, ( 
 ( #267, #277, #614 ),
 ( #1794, #1165, #468 ),
 ( #444, #1841, #1624 ),
 ( #954, #999, #106 ),
 ( #1288, #1614, #1441 ),
 ( #97, #305, #1312 ),
 ( #431, #784, #259 ),
 ( #2134, #1450, #1998 ),
 ( #2170, #973, #1638 ),
 ( #1117, #1463, #2159 ),
 ( #1975, #1131, #807 ),
 ( #1476, #1299, #454 ),
 ( #2147, #1987, #625 ),
 ( #1816, #1153, #122 ) ),
 .UNSPECIFIED., .F., .F., .F. ) 
 B_SPLINE_SURFACE_WITH_KNOTS ( ( 4, 2, 2, 2, 2, 2, 4 ),
 ( 3, 3 ),
 ( 1.570796326794896558, 1.963495408493620697, 2.356194490192344837, 2.552544031041707129, 2.748893571891068976, 2.945243112740430824, 3.141592653589793116 ),
 ( 0.000000000000000000, 1.000000000000000000 ),
 .UNSPECIFIED. ) 
 GEOMETRIC_REPRESENTATION_ITEM ( )  RATIONAL_B_SPLINE_SURFACE ( (
 ( 1.000000000000000000, 1.000000000000000000, 1.000000000000000000),
 ( 1.000000000000000000, 1.000158598892032291, 1.000000000000000000),
 ( 1.000000000000000000, 0.9867291651255367668, 1.000000000000000000),
 ( 1.000000000000000000, 0.9386556746367762383, 1.000000000000000000),
 ( 1.000000000000000000, 0.9038128289597190390, 1.000000000000000000),
 ( 1.000000000000000000, 0.8471316911967986529, 1.000000000000000000),
 ( 1.000000000000000000, 0.8275942267605790326, 1.000000000000000000),
 ( 1.000000000000000000, 0.7902180514827631397, 1.000000000000000000),
 ( 1.000000000000000000, 0.7723967724090323728, 1.000000000000000000),
 ( 1.000000000000000000, 0.7418334672881723435, 1.000000000000000000),
 ( 1.000000000000000000, 0.7291288573898029313, 1.000000000000000000),
 ( 1.000000000000000000, 0.7117460391535137543, 1.000000000000000000),
 ( 1.000000000000000000, 0.7070717008705392770, 1.000000000000000000),
 ( 1.000000000000000000, 0.7071067811865475727, 1.000000000000000000) ) ) 
 REPRESENTATION_ITEM ( '' )  SURFACE ( )  );
#891 = LINE ( 'NONE', #351, #1859 ) ;
#892 = DIRECTION ( 'NONE',  ( 1.000000000000000000, 0.000000000000000000, 0.000000000000000000 ) ) ;
#893 = LINE ( 'NONE', #1824, #1120 ) ;
#894 = EDGE_LOOP ( 'NONE', ( #2203, #586, #232, #537 ) ) ;
#895 = AXIS2_PLACEMENT_3D ( 'NONE', #1670, #1208, #1374 ) ;
#896 = CARTESIAN_POINT ( 'NONE',  ( -2.770064366128774935, 4.653041955534337859, 3.000000000000000000 ) ) ;
#897 = DIRECTION ( 'NONE',  ( 0.6399836213479741520, -0.7683885504133523003, 0.000000000000000000 ) ) ;
#898 = CIRCLE ( 'NONE', #114, 5.050000000000002487 ) ;
#899 = VECTOR ( 'NONE', #1969, 1000.000000000000000 ) ;
#900 = ORIENTED_EDGE ( 'NONE', *, *, #1668, .F. ) ;
#901 = EDGE_CURVE ( 'NONE', #1240, #1276, #285, .T. ) ;
#902 = CARTESIAN_POINT ( 'NONE',  ( 5.050000000000002487, 6.184466335694136026E-16, 10.00000000000000000 ) ) ;
#903 = ORIENTED_EDGE ( 'NONE', *, *, #564, .T. ) ;
#904 = FACE_OUTER_BOUND ( 'NONE', #1230, .T. ) ;
#905 = EDGE_LOOP ( 'NONE', ( #1993, #417, #1415 ) ) ;
#906 = LINE ( 'NONE', #67, #1712 ) ;
#907 = EDGE_LOOP ( 'NONE', ( #1314, #508 ) ) ;
#908 = DIRECTION ( 'NONE',  ( 0.1700477988866308798, -0.9854358153090498895, 0.000000000000000000 ) ) ;
#909 = EDGE_CURVE ( 'NONE', #1552, #446, #659, .T. ) ;
#910 = CARTESIAN_POINT ( 'NONE',  ( 8.189961350328573531, 3.717779061657867423, 3.000000000000000000 ) ) ;
#911 = EDGE_LOOP ( 'NONE', ( #1793, #133 ) ) ;
#912 = DIRECTION ( 'NONE',  ( 1.000000000000000000, -0.000000000000000000, -0.000000000000000000 ) ) ;
#913 = VERTEX_POINT ( 'NONE', #337 ) ;
#914 = CARTESIAN_POINT ( 'NONE',  ( -19.84824946249629463, -10.19941648749874474, 9.164726756808347474 ) ) ;
#915 = ADVANCED_FACE ( 'NONE', ( #865 ), #313, .F. ) ;
#916 = DIRECTION ( 'NONE',  ( 0.9384363492999827638, -0.3454521939610757375, 0.000000000000000000 ) ) ;
#917 = VERTEX_POINT ( 'NONE', #2051 ) ;
#918 = CARTESIAN_POINT ( 'NONE',  ( -2.770064366128774935, 4.653041955534337859, 3.000000000000000000 ) ) ;
#919 = CARTESIAN_POINT ( 'NONE',  ( -19.00000000000000000, -11.25000000000000178, 8.500000000000000000 ) ) ;
#920 = ORIENTED_EDGE ( 'NONE', *, *, #84, .F. ) ;
#921 = EDGE_LOOP ( 'NONE', ( #2177, #1539, #251, #413 ) ) ;
#922 = LINE ( 'NONE', #1701, #540 ) ;
#923 = LINE ( 'NONE', #87, #980 ) ;
#924 = VERTEX_POINT ( 'NONE', #1034 ) ;
#925 = CARTESIAN_POINT ( 'NONE',  ( -19.25542840531140953, -10.00180946843698493, 9.810679609556727243 ) ) ;
#926 = EDGE_CURVE ( 'NONE', #1235, #2141, #180, .T. ) ;
#927 = CARTESIAN_POINT ( 'NONE',  ( 2.770064366128788258, 4.653041955534337859, 3.000000000000000000 ) ) ;
#928 = VERTEX_POINT ( 'NONE', #698 ) ;
#929 = CARTESIAN_POINT ( 'NONE',  ( 5.750000000000003553, -5.750000000000008882, 0.000000000000000000 ) ) ;
#930 = PLANE ( 'NONE',  #2047 ) ;
#931 = VECTOR ( 'NONE', #994, 1000.000000000000000 ) ;
#932 = EDGE_CURVE ( 'NONE', #2096, #592, #1215, .T. ) ;
#933 = LINE ( 'NONE', #1622, #716 ) ;
#934 = AXIS2_PLACEMENT_3D ( 'NONE', #1784, #368, #1761 ) ;
#935 = ORIENTED_EDGE ( 'NONE', *, *, #2182, .F. ) ;
#936 = VECTOR ( 'NONE', #908, 1000.000000000000114 ) ;
#937 = CARTESIAN_POINT ( 'NONE',  ( -18.94941648749877317, 11.09824946249628397, 9.164726756808372343 ) ) ;
#938 = DIRECTION ( 'NONE',  ( -1.000000000000000000, 0.000000000000000000, 0.000000000000000000 ) ) ;
#939 = VECTOR ( 'NONE', #1964, 1000.000000000000114 ) ;
#940 = ORIENTED_EDGE ( 'NONE', *, *, #663, .T. ) ;
#941 = CARTESIAN_POINT ( 'NONE',  ( 5.050000000000002487, 6.184466335694136026E-16, 0.000000000000000000 ) ) ;
#942 = AXIS2_PLACEMENT_3D ( 'NONE', #1393, #371, #210 ) ;
#943 = CARTESIAN_POINT ( 'NONE',  ( -18.63087396392795014, -10.14262189178428208, 9.960958987976960444 ) ) ;
#944 = CARTESIAN_POINT ( 'NONE',  ( -20.00000000000000000, -10.25000000000000178, 1.500000000000000000 ) ) ;
#945 = CARTESIAN_POINT ( 'NONE',  ( -8.729935633871214407, -6.846958044465662141, 0.000000000000000000 ) ) ;
#946 = DIRECTION ( 'NONE',  ( 0.1700477988866307411, 0.9854358153090498895, 0.000000000000000000 ) ) ;
#947 = CARTESIAN_POINT ( 'NONE',  ( -20.00000000000000000, -10.25000000000000178, 9.378679656440358059 ) ) ;
#948 = EDGE_LOOP ( 'NONE', ( #108, #1388, #1087, #230 ) ) ;
#949 = AXIS2_PLACEMENT_3D ( 'NONE', #2172, #826, #2186 ) ;
#950 = CARTESIAN_POINT ( 'NONE',  ( 18.50000000000000000, -9.750000000000001776, 10.00000000000000000 ) ) ;
#951 = CARTESIAN_POINT ( 'NONE',  ( 19.00000000000000000, -11.25000000000000355, 8.500000000000000000 ) ) ;
#952 = ADVANCED_FACE ( 'NONE', ( #141 ), #1516, .T. ) ;
#953 = VERTEX_POINT ( 'NONE', #646 ) ;
#954 = CARTESIAN_POINT ( 'NONE',  ( 19.25542840531139532, -10.00180946843698493, 0.1893203904432680384 ) ) ;
#955 = CARTESIAN_POINT ( 'NONE',  ( -19.83608291817063929, -11.08608291817061442, 0.7520711331892511176 ) ) ;
#956 = ORIENTED_EDGE ( 'NONE', *, *, #2088, .T. ) ;
#957 = CARTESIAN_POINT ( 'NONE',  ( -19.47747209205835262, 10.72747209205835794, 0.3036065963183255390 ) ) ;
#958 = DIRECTION ( 'NONE',  ( 0.7683885504133519673, 0.6399836213479744851, 0.000000000000000000 ) ) ;
#959 = DIRECTION ( 'NONE',  ( 0.000000000000000000, 0.000000000000000000, 1.000000000000000000 ) ) ;
#960 = CARTESIAN_POINT ( 'NONE',  ( -7.349999999999988987, 5.749999999999994671, 10.00000000000000000 ) ) ;
#961 = ORIENTED_EDGE ( 'NONE', *, *, #1035, .F. ) ;
#962 = LINE ( 'NONE', #1141, #495 ) ;
#963 = ADVANCED_FACE ( 'NONE', ( #1335 ), #2017, .F. ) ;
#964 = LINE ( 'NONE', #1431, #4 ) ;
#965 = CYLINDRICAL_SURFACE ( 'NONE', #1464, 1.000000000000000888 ) ;
#966 = VERTEX_POINT ( 'NONE', #534 ) ;
#967 = CARTESIAN_POINT ( 'NONE',  ( -19.40118312944674983, -10.65118312944664858, 9.751678550239166299 ) ) ;
#968 = CARTESIAN_POINT ( 'NONE',  ( 18.50000000000000000, 9.750000000000001776, 0.000000000000000000 ) ) ;
#969 = EDGE_LOOP ( 'NONE', ( #1720, #2035 ) ) ;
#970 = DIRECTION ( 'NONE',  ( 0.1700477988866301582, -0.9854358153090500005, 0.000000000000000000 ) ) ;
#971 = CARTESIAN_POINT ( 'NONE',  ( 19.18206815408043653, -10.43206815408063903, 9.880125643453036233 ) ) ;
#972 = CIRCLE ( 'NONE', #1322, 1.600000000000001643 ) ;
#973 = CARTESIAN_POINT ( 'NONE',  ( 19.70222549624765307, -10.95222549624768504, 0.5344396751803821566 ) ) ;
#974 = CARTESIAN_POINT ( 'NONE',  ( -18.69638489313445362, 9.815461631045060642, 10.00000000000000178 ) ) ;
#975 = ORIENTED_EDGE ( 'NONE', *, *, #593, .F. ) ;
#976 = EDGE_CURVE ( 'NONE', #917, #592, #66, .T. ) ;
#977 =( BOUNDED_CURVE ( )  B_SPLINE_CURVE ( 3, ( #703, #1223, #1915, #1066 ),
 .UNSPECIFIED., .F., .F. ) 
 B_SPLINE_CURVE_WITH_KNOTS ( ( 4, 4 ),
 ( 1.570796326794896558, 3.141592653589793116 ),
 .UNSPECIFIED. ) 
 CURVE ( )  GEOMETRIC_REPRESENTATION_ITEM ( )  RATIONAL_B_SPLINE_CURVE ( ( 1.000000000000000000, 0.8047378541243649375, 0.8047378541243649375, 1.000000000000000000 ) ) 
 REPRESENTATION_ITEM ( '' )  );
#978 = VECTOR ( 'NONE', #347, 1000.000000000000000 ) ;
#979 = DIRECTION ( 'NONE',  ( 0.000000000000000000, 0.000000000000000000, 1.000000000000000000 ) ) ;
#980 = VECTOR ( 'NONE', #248, 1000.000000000000000 ) ;
#981 = VECTOR ( 'NONE', #1405, 1000.000000000000000 ) ;
#982 = LINE ( 'NONE', #316, #1291 ) ;
#983 = CARTESIAN_POINT ( 'NONE',  ( 7.350000000000004974, -5.750000000000008882, 0.000000000000000000 ) ) ;
#985 = ORIENTED_EDGE ( 'NONE', *, *, #504, .F. ) ;
#984 = VECTOR ( 'NONE', #1618, 1000.000000000000000 ) ;
#986 = CARTESIAN_POINT ( 'NONE',  ( 19.47747209205835262, -10.72747209205835439, 9.696393403681703660 ) ) ;
#987 = ORIENTED_EDGE ( 'NONE', *, *, #38, .F. ) ;
#988 = EDGE_CURVE ( 'NONE', #433, #873, #1081, .T. ) ;
#989 = CARTESIAN_POINT ( 'NONE',  ( 6.289974283542648870, -8.879178982807793830, 3.000000000000000000 ) ) ;
#990 = CARTESIAN_POINT ( 'NONE',  ( 19.00000000000000000, -10.25000000000000178, 0.000000000000000000 ) ) ;
#991 = ORIENTED_EDGE ( 'NONE', *, *, #901, .F. ) ;
#992 = LINE ( 'NONE', #720, #281 ) ;
#993 = CARTESIAN_POINT ( 'NONE',  ( -19.99033085588038361, 10.24677695196014326, 1.303652824876658123 ) ) ;
#994 = DIRECTION ( 'NONE',  ( 0.000000000000000000, 1.000000000000000000, 0.000000000000000000 ) ) ;
#995 = CARTESIAN_POINT ( 'NONE',  ( 19.25542840531139532, 10.00180946843698493, 0.1893203904432680384 ) ) ;
#996 = DIRECTION ( 'NONE',  ( -0.000000000000000000, -0.000000000000000000, -1.000000000000000000 ) ) ;
#997 = ADVANCED_FACE ( 'NONE', ( #70 ), #212, .F. ) ;
#998 = CARTESIAN_POINT ( 'NONE',  ( 8.729935633871223288, 6.846958044465658588, 0.000000000000000000 ) ) ;
#999 = CARTESIAN_POINT ( 'NONE',  ( 19.03730720407656207, -10.28730720407624766, 0.07125415900028610194 ) ) ;
#1000 = VERTEX_POINT ( 'NONE', #2099 ) ;
#1001 = CARTESIAN_POINT ( 'NONE',  ( -19.00000000000000000, 11.25000000000000355, 1.500000000000001332 ) ) ;
#1002 = DIRECTION ( 'NONE',  ( -0.000000000000000000, -0.000000000000000000, -1.000000000000000000 ) ) ;
#1003 = CARTESIAN_POINT ( 'NONE',  ( 19.00000000000000000, -11.25000000000000355, 1.500000000000000000 ) ) ;
#1004 = EDGE_CURVE ( 'NONE', #1275, #245, #876, .T. ) ;
#1005 = LINE ( 'NONE', #1364, #1158 ) ;
#1006 = CARTESIAN_POINT ( 'NONE',  ( -8.729935633871214407, -6.846958044465662141, 3.000000000000000000 ) ) ;
#1007 = DIRECTION ( 'NONE',  ( 1.000000000000000000, 0.000000000000000000, 0.000000000000000000 ) ) ;
#1008 = ORIENTED_EDGE ( 'NONE', *, *, #214, .T. ) ;
#1009 = VECTOR ( 'NONE', #1461, 1000.000000000000114 ) ;
#1010 = CARTESIAN_POINT ( 'NONE',  ( -20.00000000000000355, 11.25000000000000355, 1.500000000000002220 ) ) ;
#1011 = VECTOR ( 'NONE', #1721, 1000.000000000000114 ) ;
#1012 = CARTESIAN_POINT ( 'NONE',  ( 19.84824946249628752, 10.19941648749874474, 0.8352732431916417566 ) ) ;
#1013 = VECTOR ( 'NONE', #1214, 1000.000000000000000 ) ;
#1014 = CARTESIAN_POINT ( 'NONE',  ( 18.50000000000000000, 9.750000000000001776, 10.00000000000000178 ) ) ;
#1015 = VECTOR ( 'NONE', #1239, 1000.000000000000114 ) ;
#1016 = DIRECTION ( 'NONE',  ( -0.9384363492999833190, -0.3454521939610741832, 0.000000000000000000 ) ) ;
#1017 = CLOSED_SHELL ( 'NONE', ( #1596, #737, #1874, #1905, #1550, #1860, #1495, #1148, #551, #1442, #1069, #1022, #649, #1744, #425, #952, #1714, #1585, #359, #395, #1389, #163, #120, #997, #862, #885, #2110, #2020, #65, #473, #14, #240, #1970, #1077, #1536, #1282, #1303, #1758, #915, #1886, #302, #1173, #523, #384, #1170, #963, #1231, #1766, #1628, #455, #1575, #2155, #1071, #1403, #494, #1803, #138, #56, #1627, #787, #1817, #1733, #1529, #2060 ) ) ;
#1018 = VECTOR ( 'NONE', #622, 1000.000000000000114 ) ;
#1019 = ORIENTED_EDGE ( 'NONE', *, *, #256, .T. ) ;
#1020 = COORDINATED_UNIVERSAL_TIME_OFFSET ( 6, 0, .BEHIND. ) ;
#1021 = CARTESIAN_POINT ( 'NONE',  ( -7.349999999999988987, 5.749999999999994671, 0.000000000000000000 ) ) ;
#1022 = ADVANCED_FACE ( 'NONE', ( #1756 ), #731, .F. ) ;
#1023 = EDGE_LOOP ( 'NONE', ( #1317, #1989, #1413, #553 ) ) ;
#1024 = AXIS2_PLACEMENT_3D ( 'NONE', #2043, #1073, #711 ) ;
#1025 = ORIENTED_EDGE ( 'NONE', *, *, #1961, .T. ) ;
#1026 = FACE_OUTER_BOUND ( 'NONE', #1437, .T. ) ;
#1027 = AXIS2_PLACEMENT_3D ( 'NONE', #481, #1179, #1709 ) ;
#1028 = DIRECTION ( 'NONE',  ( 0.000000000000000000, 0.000000000000000000, 1.000000000000000000 ) ) ;
#1029 = CARTESIAN_POINT ( 'NONE',  ( 18.97446304501251291, 11.17338913503757780, 1.016676459713094616 ) ) ;
#1030 = CARTESIAN_POINT ( 'NONE',  ( 18.50000000000000000, 9.750000000000001776, 10.00000000000000178 ) ) ;
#1031 = DIRECTION ( 'NONE',  ( 0.1700477988866307688, 0.9854358153090498895, 0.000000000000000000 ) ) ;
#1032 = ORIENTED_EDGE ( 'NONE', *, *, #1834, .T. ) ;
#1033 = APPROVAL_ROLE ( '' ) ;
#1034 = CARTESIAN_POINT ( 'NONE',  ( -7.349999999999996980, -5.750000000000005329, 3.000000000000000000 ) ) ;
#1035 = EDGE_CURVE ( 'NONE', #1065, #2027, #1429, .T. ) ;
#1036 = CARTESIAN_POINT ( 'NONE',  ( -18.50000000000000000, -9.750000000000001776, 0.000000000000000000 ) ) ;
#1037 = CARTESIAN_POINT ( 'NONE',  ( -8.189961350328561096, -3.717779061657874085, 0.000000000000000000 ) ) ;
#1038 = CARTESIAN_POINT ( 'NONE',  ( 20.00000000000000000, 10.25000000000000178, 1.500000000000001332 ) ) ;
#1039 = DIRECTION ( 'NONE',  ( -1.000000000000000000, -0.000000000000000000, -0.000000000000000000 ) ) ;
#1040 = DIRECTION ( 'NONE',  ( -1.000000000000000000, 0.000000000000000000, 0.000000000000000000 ) ) ;
#1041 = PLANE ( 'NONE',  #5 ) ;
#1042 = DATE_TIME_ROLE ( 'creation_date' ) ;
#1043 = FACE_OUTER_BOUND ( 'NONE', #1578, .T. ) ;
#1044 = CARTESIAN_POINT ( 'NONE',  ( 20.00000000000000000, 10.25000000000000178, 9.378679656440358059 ) ) ;
#1045 = EDGE_CURVE ( 'NONE', #49, #818, #1414, .T. ) ;
#1046 = LINE ( 'NONE', #1711, #1124 ) ;
#1047 = CYLINDRICAL_SURFACE ( 'NONE', #613, 1.000000000000000888 ) ;
#1048 = EDGE_CURVE ( 'NONE', #1197, #1871, #1129, .T. ) ;
#1049 = ORIENTED_EDGE ( 'NONE', *, *, #2167, .F. ) ;
#1050 = DIRECTION ( 'NONE',  ( -0.9854358153090497785, 0.1700477988866320178, 0.000000000000000000 ) ) ;
#1051 = MECHANICAL_CONTEXT ( 'NONE', #17, 'mechanical' ) ;
#1052 = CARTESIAN_POINT ( 'NONE',  ( -18.50000000000000000, -9.750000000000001776, 10.00000000000000000 ) ) ;
#1053 = CARTESIAN_POINT ( 'NONE',  ( 0.000000000000000000, 0.000000000000000000, 3.000000000000000000 ) ) ;
#1054 = ORIENTED_EDGE ( 'NONE', *, *, #109, .F. ) ;
#1055 = VECTOR ( 'NONE', #1546, 1000.000000000000000 ) ;
#1056 = LINE ( 'NONE', #2210, #1530 ) ;
#1057 =( NAMED_UNIT ( * ) SI_UNIT ( $, .STERADIAN. ) SOLID_ANGLE_UNIT ( ) );
#1058 = LINE ( 'NONE', #1563, #1910 ) ;
#1059 = EDGE_CURVE ( 'NONE', #306, #1812, #1588, .T. ) ;
#1060 = CARTESIAN_POINT ( 'NONE',  ( 0.000000000000000000, 9.750000000000001776, 10.00000000000000000 ) ) ;
#1061 = VERTEX_POINT ( 'NONE', #36 ) ;
#1062 = CARTESIAN_POINT ( 'NONE',  ( 2.770064366128787814, 4.653041955534337859, 0.000000000000000000 ) ) ;
#1063 = LINE ( 'NONE', #1746, #1648 ) ;
#1064 = CARTESIAN_POINT ( 'NONE',  ( -6.289974283542640876, 8.879178982807784948, 3.000000000000000000 ) ) ;
#1065 = VERTEX_POINT ( 'NONE', #1062 ) ;
#1066 = CARTESIAN_POINT ( 'NONE',  ( -20.00000000000000000, 10.25000000000000178, 8.500000000000000000 ) ) ;
#1067 = LINE ( 'NONE', #728, #981 ) ;
#1068 = ORIENTED_EDGE ( 'NONE', *, *, #1108, .T. ) ;
#1069 = ADVANCED_FACE ( 'NONE', ( #1949, #565, #51, #718, #1250, #363 ), #2068, .F. ) ;
#1070 = CARTESIAN_POINT ( 'NONE',  ( 0.000000000000000000, 0.000000000000000000, 10.00000000000000000 ) ) ;
#1071 = ADVANCED_FACE ( 'NONE', ( #1767 ), #517, .T. ) ;
#1072 = VERTEX_POINT ( 'NONE', #1802 ) ;
#1073 = DIRECTION ( 'NONE',  ( -0.9854358153090500005, -0.1700477988866310464, 0.000000000000000000 ) ) ;
#1074 = EDGE_LOOP ( 'NONE', ( #1234, #1182, #213, #1672 ) ) ;
#1075 = CARTESIAN_POINT ( 'NONE',  ( -18.63088566184753603, -9.880885661848266110, 9.999999991714393133 ) ) ;
#1076 = VECTOR ( 'NONE', #436, 1000.000000000000000 ) ;
#1077 = ADVANCED_FACE ( 'NONE', ( #94 ), #631, .F. ) ;
#1078 = LINE ( 'NONE', #2067, #388 ) ;
#1079 = ORIENTED_EDGE ( 'NONE', *, *, #1059, .T. ) ;
#1080 = AXIS2_PLACEMENT_3D ( 'NONE', #1112, #1973, #105 ) ;
#1081 = LINE ( 'NONE', #1559, #2039 ) ;
#1082 = UNCERTAINTY_MEASURE_WITH_UNIT (LENGTH_MEASURE( 1.000000000000000082E-05 ), #188, 'distance_accuracy_value', 'NONE');
#1083 = AXIS2_PLACEMENT_3D ( 'NONE', #1548, #1232, #707 ) ;
#1084 = ORIENTED_EDGE ( 'NONE', *, *, #1426, .T. ) ;
#1085 = EDGE_CURVE ( 'NONE', #1583, #433, #805, .T. ) ;
#1086 = CARTESIAN_POINT ( 'NONE',  ( -19.47747209205835262, -10.72747209205835794, 0.3036065963183263161 ) ) ;
#1087 = ORIENTED_EDGE ( 'NONE', *, *, #237, .F. ) ;
#1088 = CARTESIAN_POINT ( 'NONE',  ( -19.40118312944674983, 10.65118312944665036, 0.2483214497608535742 ) ) ;
#1089 = FACE_OUTER_BOUND ( 'NONE', #1650, .T. ) ;
#1090 = ORIENTED_EDGE ( 'NONE', *, *, #443, .F. ) ;
#1091 = CARTESIAN_POINT ( 'NONE',  ( 18.89262189178385754, -9.880873963928108239, 9.960958987977136303 ) ) ;
#1092 = EDGE_LOOP ( 'NONE', ( #2114, #2183, #1206 ) ) ;
#1093 = CARTESIAN_POINT ( 'NONE',  ( -19.84824946249628752, -10.19941648749874474, 0.8352732431916417566 ) ) ;
#1094 = ORIENTED_EDGE ( 'NONE', *, *, #875, .F. ) ;
#1095 = EDGE_CURVE ( 'NONE', #1133, #1856, #265, .T. ) ;
#1096 = CARTESIAN_POINT ( 'NONE',  ( -18.94941648749877317, -11.09824946249628397, 9.164726756808372343 ) ) ;
#1097 = DIRECTION ( 'NONE',  ( 1.000000000000000000, 0.000000000000000000, 0.000000000000000000 ) ) ;
#1098 = EDGE_LOOP ( 'NONE', ( #569, #1467, #303, #41 ) ) ;
#1099 = APPROVAL ( #322, 'UNSPECIFIED' ) ;
#1100 = CARTESIAN_POINT ( 'NONE',  ( -5.210025716457341360, 2.620821017192209279, 3.000000000000000000 ) ) ;
#1101 = VERTEX_POINT ( 'NONE', #960 ) ;
#1102 = EDGE_LOOP ( 'NONE', ( #456, #744, #549, #2124 ) ) ;
#1103 = CARTESIAN_POINT ( 'NONE',  ( -19.84824946249629463, 10.19941648749874474, 9.164726756808347474 ) ) ;
#1104 = DIRECTION ( 'NONE',  ( 1.000000000000000000, 0.000000000000000000, 0.000000000000000000 ) ) ;
#1105 = ORIENTED_EDGE ( 'NONE', *, *, #345, .F. ) ;
#1106 = CARTESIAN_POINT ( 'NONE',  ( -19.99033085588039427, -10.24677695196014326, 8.696347175123293027 ) ) ;
#1107 = DIRECTION ( 'NONE',  ( 0.000000000000000000, 0.000000000000000000, 1.000000000000000000 ) ) ;
#1108 = EDGE_CURVE ( 'NONE', #1473, #1938, #933, .T. ) ;
#1109 = ORIENTED_EDGE ( 'NONE', *, *, #202, .T. ) ;
#1110 =( BOUNDED_CURVE ( )  B_SPLINE_CURVE ( 3, ( #1285, #1948, #404, #1982 ),
 .UNSPECIFIED., .F., .T. ) 
 B_SPLINE_CURVE_WITH_KNOTS ( ( 4, 4 ),
 ( 3.141592653589793116, 4.712388980384689674 ),
 .UNSPECIFIED. ) 
 CURVE ( )  GEOMETRIC_REPRESENTATION_ITEM ( )  RATIONAL_B_SPLINE_CURVE ( ( 1.000000000000000000, 0.8047378541243649375, 0.8047378541243649375, 1.000000000000000000 ) ) 
 REPRESENTATION_ITEM ( '' )  );
#1111 = DIRECTION ( 'NONE',  ( -0.000000000000000000, -0.000000000000000000, 1.000000000000000000 ) ) ;
#1112 = CARTESIAN_POINT ( 'NONE',  ( -5.749999999999994671, -5.750000000000005329, 10.00000000000000000 ) ) ;
#1113 = ORIENTED_EDGE ( 'NONE', *, *, #29, .F. ) ;
#1114 = AXIS2_PLACEMENT_3D ( 'NONE', #1953, #1625, #408 ) ;
#1115 = ORIENTED_EDGE ( 'NONE', *, *, #1220, .T. ) ;
#1116 =( BOUNDED_CURVE ( )  B_SPLINE_CURVE ( 3, ( #1217, #1044, #364, #1398 ),
 .UNSPECIFIED., .F., .T. ) 
 B_SPLINE_CURVE_WITH_KNOTS ( ( 4, 4 ),
 ( 3.141592653589793116, 4.712388980384689674 ),
 .UNSPECIFIED. ) 
 CURVE ( )  GEOMETRIC_REPRESENTATION_ITEM ( )  RATIONAL_B_SPLINE_CURVE ( ( 1.000000000000000000, 0.8047378541243649375, 0.8047378541243649375, 1.000000000000000000 ) ) 
 REPRESENTATION_ITEM ( '' )  );
#1117 = CARTESIAN_POINT ( 'NONE',  ( 19.92338913503757425, -10.22446304501254488, 1.016676459713085734 ) ) ;
#1118 = CARTESIAN_POINT ( 'NONE',  ( -18.94941648749877317, -11.09824946249628574, 0.8352732431916330968 ) ) ;
#1119 = EDGE_LOOP ( 'NONE', ( #1647, #1757, #1115, #647, #2103, #1941 ) ) ;
#1120 = VECTOR ( 'NONE', #1800, 1000.000000000000000 ) ;
#1121 = CARTESIAN_POINT ( 'NONE',  ( -19.42182014166901993, -10.05727338055639031, 9.699500201890618456 ) ) ;
#1122 = DIRECTION ( 'NONE',  ( -0.9384363492999829859, 0.3454521939610751269, 0.000000000000000000 ) ) ;
#1123 = CARTESIAN_POINT ( 'NONE',  ( 18.50000000000000000, 0.000000000000000000, 8.500000000000000000 ) ) ;
#1124 = VECTOR ( 'NONE', #1417, 1000.000000000000000 ) ;
#1125 = ORIENTED_EDGE ( 'NONE', *, *, #1156, .T. ) ;
#1126 = CARTESIAN_POINT ( 'NONE',  ( -8.729935633871210854, 6.846958044465653259, 3.000000000000000000 ) ) ;
#1127 = EDGE_CURVE ( 'NONE', #2096, #770, #1347, .T. ) ;
#1128 = CARTESIAN_POINT ( 'NONE',  ( 18.94941648749877317, -11.09824946249628397, 9.164726756808372343 ) ) ;
#1129 =( BOUNDED_CURVE ( )  B_SPLINE_CURVE ( 3, ( #1908, #1263, #60, #884 ),
 .UNSPECIFIED., .F., .F. ) 
 B_SPLINE_CURVE_WITH_KNOTS ( ( 4, 4 ),
 ( 3.141592653589793116, 4.712388980384689674 ),
 .UNSPECIFIED. ) 
 CURVE ( )  GEOMETRIC_REPRESENTATION_ITEM ( )  RATIONAL_B_SPLINE_CURVE ( ( 1.000000000000000000, 0.8047378541243649375, 0.8047378541243649375, 1.000000000000000000 ) ) 
 REPRESENTATION_ITEM ( '' )  );
#1130 = ORIENTED_EDGE ( 'NONE', *, *, #2008, .T. ) ;
#1131 = CARTESIAN_POINT ( 'NONE',  ( 19.89423066556499364, -11.14423066556502739, 0.8816249559224715870 ) ) ;
#1132 = DIRECTION ( 'NONE',  ( -0.6399836213479741520, 0.7683885504133523003, 0.000000000000000000 ) ) ;
#1133 = VERTEX_POINT ( 'NONE', #1100 ) ;
#1134 = CARTESIAN_POINT ( 'NONE',  ( -19.00000000000000000, -11.25000000000000355, 8.500000000000000000 ) ) ;
#1135 = APPROVAL_PERSON_ORGANIZATION ( #1493, #1099, #1526 ) ;
#1136 = FACE_OUTER_BOUND ( 'NONE', #2111, .T. ) ;
#1137 = LINE ( 'NONE', #2153, #639 ) ;
#1138 = DIRECTION ( 'NONE',  ( -0.9384363492999825418, 0.3454521939610761261, 0.000000000000000000 ) ) ;
#1139 = LINE ( 'NONE', #1635, #37 ) ;
#1140 = EDGE_CURVE ( 'NONE', #96, #64, #288, .T. ) ;
#1141 = CARTESIAN_POINT ( 'NONE',  ( 3.310038649671436684, -7.782220938342135241, 3.000000000000000000 ) ) ;
#1142 = CARTESIAN_POINT ( 'NONE',  ( -18.89262189178385754, 9.880873963928108239, 9.960958987977136303 ) ) ;
#1143 = ORIENTED_EDGE ( 'NONE', *, *, #2128, .F. ) ;
#1144 = CARTESIAN_POINT ( 'NONE',  ( -5.749999999999991118, 5.749999999999994671, 3.000000000000000000 ) ) ;
#1145 = CARTESIAN_POINT ( 'NONE',  ( 19.00000000000000000, -11.25000000000000355, 0.000000000000000000 ) ) ;
#1146 = CARTESIAN_POINT ( 'NONE',  ( 18.99677695196011484, 11.24033085588038894, 1.303652824876667671 ) ) ;
#1147 = LINE ( 'NONE', #91, #7 ) ;
#1148 = ADVANCED_FACE ( 'NONE', ( #598 ), #587, .F. ) ;
#1149 = CARTESIAN_POINT ( 'NONE',  ( -19.00000000000000000, 11.25000000000000178, 9.378679656440358059 ) ) ;
#1150 = LINE ( 'NONE', #1997, #459 ) ;
#1151 = ORIENTED_EDGE ( 'NONE', *, *, #1311, .F. ) ;
#1152 = VECTOR ( 'NONE', #1229, 1000.000000000000000 ) ;
#1153 = CARTESIAN_POINT ( 'NONE',  ( 20.00000000000000355, -11.25000000000000355, 1.500000000000002220 ) ) ;
#1154 = ORIENTED_EDGE ( 'NONE', *, *, #2138, .T. ) ;
#1155 = VECTOR ( 'NONE', #2109, 1000.000000000000114 ) ;
#1156 = EDGE_CURVE ( 'NONE', #816, #254, #1191, .T. ) ;
#1157 = CYLINDRICAL_SURFACE ( 'NONE', #1333, 1.600000000000001643 ) ;
#1158 = VECTOR ( 'NONE', #2048, 1000.000000000000114 ) ;
#1159 = VECTOR ( 'NONE', #1488, 1000.000000000000000 ) ;
#1160 = CARTESIAN_POINT ( 'NONE',  ( -19.00000000000000000, -11.25000000000000178, 1.500000000000000000 ) ) ;
#1161 = DIRECTION ( 'NONE',  ( 0.000000000000000000, -0.000000000000000000, 1.000000000000000000 ) ) ;
#1162 = CARTESIAN_POINT ( 'NONE',  ( 19.00000000000000000, 11.25000000000000355, 8.500000000000000000 ) ) ;
#1163 = DIRECTION ( 'NONE',  ( -0.000000000000000000, -0.000000000000000000, -1.000000000000000000 ) ) ;
#1164 = ORIENTED_EDGE ( 'NONE', *, *, #769, .T. ) ;
#1165 = CARTESIAN_POINT ( 'NONE',  ( 18.63088566184743300, -9.880885661848234136, 8.255537512055465326E-09 ) ) ;
#1166 = AXIS2_PLACEMENT_3D ( 'NONE', #215, #1912, #39 ) ;
#1167 = CYLINDRICAL_SURFACE ( 'NONE', #1251, 1.000000000000000888 ) ;
#1168 = VERTEX_POINT ( 'NONE', #2143 ) ;
#1169 = CARTESIAN_POINT ( 'NONE',  ( -20.00000000000000000, 10.24999999993457500, 1.401824162344702085 ) ) ;
#1170 = ADVANCED_FACE ( 'NONE', ( #1984 ), #1667, .F. ) ;
#1171 = CARTESIAN_POINT ( 'NONE',  ( 18.63087396392795014, 10.14262189178431228, 0.03904101202305233775 ) ) ;
#1172 = CARTESIAN_POINT ( 'NONE',  ( 19.69266146615801816, 10.14755382205266798, 9.414984646248081290 ) ) ;
#1173 = ADVANCED_FACE ( 'NONE', ( #695, #1195 ), #1041, .T. ) ;
#1174 = ORIENTED_EDGE ( 'NONE', *, *, #1520, .T. ) ;
#1175 = LINE ( 'NONE', #2016, #1598 ) ;
#1176 = APPROVAL ( #1694, 'UNSPECIFIED' ) ;
#1177 = LINE ( 'NONE', #1506, #1901 ) ;
#1178 = EDGE_LOOP ( 'NONE', ( #1019, #1616, #244 ) ) ;
#1179 = DIRECTION ( 'NONE',  ( 0.000000000000000000, 0.000000000000000000, -1.000000000000000000 ) ) ;
#1180 = CARTESIAN_POINT ( 'NONE',  ( 19.63008018683522948, 10.12669339561171888, 0.5087598432755916500 ) ) ;
#1181 = CARTESIAN_POINT ( 'NONE',  ( 19.80174737074960944, 10.18391579024987870, 9.251726052810729684 ) ) ;
#1182 = ORIENTED_EDGE ( 'NONE', *, *, #1385, .F. ) ;
#1183 = CIRCLE ( 'NONE', #1453, 1.000000000000000888 ) ;
#1184 = EDGE_CURVE ( 'NONE', #1168, #1275, #1704, .T. ) ;
#1185 = FACE_OUTER_BOUND ( 'NONE', #1404, .T. ) ;
#1186 = COORDINATED_UNIVERSAL_TIME_OFFSET ( 6, 0, .BEHIND. ) ;
#1187 = CARTESIAN_POINT ( 'NONE',  ( -8.729935633871210854, 6.846958044465653259, 3.000000000000000000 ) ) ;
#1188 = ORIENTED_EDGE ( 'NONE', *, *, #76, .F. ) ;
#1189 = FACE_OUTER_BOUND ( 'NONE', #1406, .T. ) ;
#1190 = DIRECTION ( 'NONE',  ( 0.7683885504133509681, -0.6399836213479758174, 0.000000000000000000 ) ) ;
#1191 = CIRCLE ( 'NONE', #1080, 1.600000000000001643 ) ;
#1192 = CARTESIAN_POINT ( 'NONE',  ( 19.62820052744120147, 10.87820052744120503, 0.4459753962892323842 ) ) ;
#1193 = LINE ( 'NONE', #2013, #570 ) ;
#1194 = ORIENTED_EDGE ( 'NONE', *, *, #976, .T. ) ;
#1195 = FACE_BOUND ( 'NONE', #969, .T. ) ;
#1196 = EDGE_CURVE ( 'NONE', #2193, #856, #1005, .T. ) ;
#1197 = VERTEX_POINT ( 'NONE', #346 ) ;
#1198 = COORDINATED_UNIVERSAL_TIME_OFFSET ( 6, 0, .BEHIND. ) ;
#1199 = DIRECTION ( 'NONE',  ( -0.7683885504133521893, 0.6399836213479742630, 0.000000000000000000 ) ) ;
#1200 = ORIENTED_EDGE ( 'NONE', *, *, #1797, .F. ) ;
#1201 = ORGANIZATION ( 'UNSPECIFIED', 'UNSPECIFIED', '' ) ;
#1202 = LINE ( 'NONE', #1376, #643 ) ;
#1203 = CARTESIAN_POINT ( 'NONE',  ( 19.99999999403525663, 11.24999999403516959, 1.336127601288188860 ) ) ;
#1204 = CARTESIAN_POINT ( 'NONE',  ( -18.99999999993454480, 11.25000000000000355, 8.598175837655338327 ) ) ;
#1205 = CARTESIAN_POINT ( 'NONE',  ( 19.25542840531140953, 10.00180946843698493, 9.810679609556727243 ) ) ;
#1206 = ORIENTED_EDGE ( 'NONE', *, *, #298, .F. ) ;
#1207 = FACE_OUTER_BOUND ( 'NONE', #921, .T. ) ;
#1208 = DIRECTION ( 'NONE',  ( 0.9854358153090501116, 0.1700477988866297419, -0.000000000000000000 ) ) ;
#1209 = EDGE_CURVE ( 'NONE', #2094, #1237, #680, .T. ) ;
#1210 = CARTESIAN_POINT ( 'NONE',  ( 19.00000000000000000, 11.25000000000000178, 9.378679656440358059 ) ) ;
#1211 = CARTESIAN_POINT ( 'NONE',  ( -8.729935633871214407, -6.846958044465662141, 3.000000000000000000 ) ) ;
#1212 = CARTESIAN_POINT ( 'NONE',  ( -19.69266146615801816, 10.14755382205266798, 9.414984646248081290 ) ) ;
#1213 = LINE ( 'NONE', #2076, #1055 ) ;
#1214 = DIRECTION ( 'NONE',  ( 0.7683885504133523003, 0.6399836213479741520, 0.000000000000000000 ) ) ;
#1215 = LINE ( 'NONE', #353, #1224 ) ;
#1216 = ORIENTED_EDGE ( 'NONE', *, *, #504, .T. ) ;
#1217 = CARTESIAN_POINT ( 'NONE',  ( 20.00000000000000000, 10.25000000000000178, 8.500000000000000000 ) ) ;
#1218 = CARTESIAN_POINT ( 'NONE',  ( 0.000000000000000000, 9.750000000000001776, 8.500000000000000000 ) ) ;
#1219 = ORIENTED_EDGE ( 'NONE', *, *, #1961, .F. ) ;
#1220 = EDGE_CURVE ( 'NONE', #2094, #49, #1175, .T. ) ;
#1221 = CARTESIAN_POINT ( 'NONE',  ( -20.00000000000000000, 10.24999999993457500, 8.598175837655334774 ) ) ;
#1222 = CARTESIAN_POINT ( 'NONE',  ( -8.729935633871214407, -6.846958044465662141, 0.000000000000000000 ) ) ;
#1223 = CARTESIAN_POINT ( 'NONE',  ( -19.37867965644035451, 10.04289321881345565, 10.00000000000000000 ) ) ;
#1224 = VECTOR ( 'NONE', #2, 1000.000000000000000 ) ;
#1225 = CARTESIAN_POINT ( 'NONE',  ( 2.770064366128790034, -4.653041955534349405, 3.000000000000000000 ) ) ;
#1226 = ORIENTED_EDGE ( 'NONE', *, *, #1156, .F. ) ;
#1227 = CARTESIAN_POINT ( 'NONE',  ( -18.79289321881344677, -10.62867965644035806, 10.00000000000000000 ) ) ;
#1228 = FACE_OUTER_BOUND ( 'NONE', #1178, .T. ) ;
#1229 = DIRECTION ( 'NONE',  ( 0.9384363492999833190, 0.3454521939610741832, 0.000000000000000000 ) ) ;
#1230 = EDGE_LOOP ( 'NONE', ( #1216, #1496, #387, #1660 ) ) ;
#1231 = ADVANCED_FACE ( 'NONE', ( #2178 ), #644, .F. ) ;
#1232 = DIRECTION ( 'NONE',  ( 0.000000000000000000, -1.000000000000000000, 0.000000000000000000 ) ) ;
#1233 = EDGE_CURVE ( 'NONE', #879, #702, #509, .T. ) ;
#1234 = ORIENTED_EDGE ( 'NONE', *, *, #842, .F. ) ;
#1235 = VERTEX_POINT ( 'NONE', #1839 ) ;
#1236 = DIRECTION ( 'NONE',  ( -0.7683885504133510791, 0.6399836213479755953, 0.000000000000000000 ) ) ;
#1237 = VERTEX_POINT ( 'NONE', #1332 ) ;
#1238 = FACE_OUTER_BOUND ( 'NONE', #694, .T. ) ;
#1239 = DIRECTION ( 'NONE',  ( 0.1700477988866297419, -0.9854358153090501116, 0.000000000000000000 ) ) ;
#1240 = VERTEX_POINT ( 'NONE', #151 ) ;
#1241 = EDGE_CURVE ( 'NONE', #123, #1871, #666, .T. ) ;
#1242 = CARTESIAN_POINT ( 'NONE',  ( 2.770064366128790034, -4.653041955534349405, 3.000000000000000000 ) ) ;
#1243 = VERTEX_POINT ( 'NONE', #2024 ) ;
#1244 = CARTESIAN_POINT ( 'NONE',  ( -19.62820052744120147, -10.87820052744120503, 0.4459753962892323842 ) ) ;
#1245 = ORIENTED_EDGE ( 'NONE', *, *, #1311, .T. ) ;
#1246 = PRODUCT_DEFINITION ( 'UNKNOWN', '', #57, #1580 ) ;
#1247 = DIRECTION ( 'NONE',  ( -0.000000000000000000, -0.000000000000000000, 1.000000000000000000 ) ) ;
#1248 = CARTESIAN_POINT ( 'NONE',  ( 20.00000000000000000, -10.25000000000000178, 1.500000000000000000 ) ) ;
#1249 = EDGE_LOOP ( 'NONE', ( #1008, #705, #394, #2121, #2168, #1581 ) ) ;
#1250 = FACE_BOUND ( 'NONE', #1852, .T. ) ;
#1251 = AXIS2_PLACEMENT_3D ( 'NONE', #1603, #1514, #21 ) ;
#1252 = EDGE_CURVE ( 'NONE', #1243, #753, #496, .T. ) ;
#1253 = AXIS2_PLACEMENT_3D ( 'NONE', #1382, #532, #1937 ) ;
#1254 = ORIENTED_EDGE ( 'NONE', *, *, #226, .T. ) ;
#1255 = CARTESIAN_POINT ( 'NONE',  ( -18.56546163104454195, 9.946384893134350591, 10.00000000000000178 ) ) ;
#1256 = EDGE_CURVE ( 'NONE', #1900, #314, #79, .T. ) ;
#1257 = ORIENTED_EDGE ( 'NONE', *, *, #909, .T. ) ;
#1258 = CARTESIAN_POINT ( 'NONE',  ( -18.89755382205269640, 10.94266146615801816, 0.5850153537519103830 ) ) ;
#1259 = VECTOR ( 'NONE', #208, 1000.000000000000000 ) ;
#1260 = DIRECTION ( 'NONE',  ( 0.000000000000000000, 0.000000000000000000, 1.000000000000000000 ) ) ;
#1261 = EDGE_CURVE ( 'NONE', #1894, #129, #864, .T. ) ;
#1262 = EDGE_LOOP ( 'NONE', ( #1444, #225, #500, #1084 ) ) ;
#1263 = CARTESIAN_POINT ( 'NONE',  ( -19.00000000000000000, 11.25000000000000178, 0.6213203435596430513 ) ) ;
#1264 = EDGE_LOOP ( 'NONE', ( #1686, #729, #2202 ) ) ;
#1265 = ORIENTED_EDGE ( 'NONE', *, *, #1004, .T. ) ;
#1266 = CARTESIAN_POINT ( 'NONE',  ( -20.00000000000000000, 10.25000000000000178, 8.500000000000000000 ) ) ;
#1267 = CARTESIAN_POINT ( 'NONE',  ( -20.00000000000000000, -10.24999999993457500, 1.401824162344702085 ) ) ;
#1268 = ORIENTED_EDGE ( 'NONE', *, *, #527, .F. ) ;
#1269 = EDGE_CURVE ( 'NONE', #966, #440, #827, .T. ) ;
#1270 = CARTESIAN_POINT ( 'NONE',  ( -19.80174737074959168, 10.18391579024987870, 0.7482739471892436711 ) ) ;
#1271 = CARTESIAN_POINT ( 'NONE',  ( 19.00000000000000000, 11.25000000000000178, 0.000000000000000000 ) ) ;
#1272 = VERTEX_POINT ( 'NONE', #1849 ) ;
#1273 = CARTESIAN_POINT ( 'NONE',  ( 19.99033085588039427, -10.24677695196014326, 8.696347175123293027 ) ) ;
#1274 = CARTESIAN_POINT ( 'NONE',  ( -19.00000000000000000, 11.25000000000000178, 0.000000000000000000 ) ) ;
#1275 = VERTEX_POINT ( 'NONE', #998 ) ;
#1276 = VERTEX_POINT ( 'NONE', #2034 ) ;
#1277 = DIRECTION ( 'NONE',  ( -0.000000000000000000, -0.000000000000000000, -1.000000000000000000 ) ) ;
#1278 = CARTESIAN_POINT ( 'NONE',  ( -2.770064366128774935, 4.653041955534337859, 0.000000000000000000 ) ) ;
#1279 = FACE_OUTER_BOUND ( 'NONE', #22, .T. ) ;
#1280 = ORIENTED_EDGE ( 'NONE', *, *, #1261, .F. ) ;
#1281 = CARTESIAN_POINT ( 'NONE',  ( -18.63087396392795014, 10.14262189178431228, 0.03904101202305233775 ) ) ;
#1282 = ADVANCED_FACE ( 'NONE', ( #1185 ), #319, .F. ) ;
#1283 = CARTESIAN_POINT ( 'NONE',  ( -5.210025716457341360, 2.620821017192209279, 3.000000000000000000 ) ) ;
#1284 = DIRECTION ( 'NONE',  ( 1.000000000000000000, 0.000000000000000000, 0.000000000000000000 ) ) ;
#1285 = CARTESIAN_POINT ( 'NONE',  ( -20.00000000000000000, 10.25000000000000178, 1.500000000000000000 ) ) ;
#1286 = CARTESIAN_POINT ( 'NONE',  ( -5.749999999999991118, 5.749999999999994671, 0.000000000000000000 ) ) ;
#1287 = VECTOR ( 'NONE', #1439, 1000.000000000000114 ) ;
#1288 = CARTESIAN_POINT ( 'NONE',  ( 19.42182014166898796, -10.05727338055639031, 0.3004997981093520121 ) ) ;
#1289 = DIRECTION ( 'NONE',  ( -0.9384363492999825418, 0.3454521939610761261, 0.000000000000000000 ) ) ;
#1290 = EDGE_LOOP ( 'NONE', ( #1626, #438, #563, #2092 ) ) ;
#1291 = VECTOR ( 'NONE', #1002, 1000.000000000000000 ) ;
#1292 = CARTESIAN_POINT ( 'NONE',  ( -20.00000000000000000, -10.25000000000000178, 8.500000000000000000 ) ) ;
#1293 = VECTOR ( 'NONE', #1972, 1000.000000000000000 ) ;
#1294 = LINE ( 'NONE', #1991, #866 ) ;
#1295 = EDGE_CURVE ( 'NONE', #64, #289, #822, .T. ) ;
#1296 = LINE ( 'NONE', #927, #118 ) ;
#1297 = CARTESIAN_POINT ( 'NONE',  ( 18.87669339561174908, -10.88008018683515132, 9.491240156724492394 ) ) ;
#1298 = DIRECTION ( 'NONE',  ( -0.7683885504133510791, 0.6399836213479755953, 0.000000000000000000 ) ) ;
#1299 = CARTESIAN_POINT ( 'NONE',  ( 19.97720566989048407, -11.22720566989045743, 1.175075403931756135 ) ) ;
#1300 = CARTESIAN_POINT ( 'NONE',  ( -18.76509167814035806, 10.01509167814089274, 9.987416656928866487 ) ) ;
#1301 = DIRECTION ( 'NONE',  ( 0.3454521939610756820, -0.9384363492999828749, 0.000000000000000000 ) ) ;
#1302 = ORIENTED_EDGE ( 'NONE', *, *, #457, .F. ) ;
#1303 = ADVANCED_FACE ( 'NONE', ( #1207 ), #26, .F. ) ;
#1304 = CARTESIAN_POINT ( 'NONE',  ( -18.76509167814035806, -10.01509167814089274, 9.987416656928866487 ) ) ;
#1305 = LINE ( 'NONE', #1242, #984 ) ;
#1306 = CYLINDRICAL_SURFACE ( 'NONE', #2144, 5.050000000000002487 ) ;
#1307 = DIRECTION ( 'NONE',  ( 1.000000000000000000, 0.000000000000000000, 0.000000000000000000 ) ) ;
#1308 = CARTESIAN_POINT ( 'NONE',  ( 19.70222549624765662, -10.95222549624765662, 9.465560324819582760 ) ) ;
#1309 = DIRECTION ( 'NONE',  ( -0.000000000000000000, -0.000000000000000000, -1.000000000000000000 ) ) ;
#1310 = PLANE ( 'NONE',  #828 ) ;
#1311 = EDGE_CURVE ( 'NONE', #1272, #1065, #906, .T. ) ;
#1312 = CARTESIAN_POINT ( 'NONE',  ( 18.87669339561174908, -10.88008018683516909, 0.5087598432755247035 ) ) ;
#1313 = CARTESIAN_POINT ( 'NONE',  ( 8.189961350328573531, 3.717779061657867423, 3.000000000000000000 ) ) ;
#1314 = ORIENTED_EDGE ( 'NONE', *, *, #1256, .T. ) ;
#1315 = CARTESIAN_POINT ( 'NONE',  ( -19.97720566989048407, 11.22720566989045743, 1.175075403931756135 ) ) ;
#1316 = CARTESIAN_POINT ( 'NONE',  ( 18.99999999993454480, 11.25000000000000355, 8.598175837655338327 ) ) ;
#1317 = ORIENTED_EDGE ( 'NONE', *, *, #321, .F. ) ;
#1318 = DIRECTION ( 'NONE',  ( 0.9384363492999829859, -0.3454521939610751269, 0.000000000000000000 ) ) ;
#1319 = ORIENTED_EDGE ( 'NONE', *, *, #345, .T. ) ;
#1320 = CARTESIAN_POINT ( 'NONE',  ( 18.50000000000000000, -10.25000000000000178, 0.000000000000000000 ) ) ;
#1321 = EDGE_CURVE ( 'NONE', #1440, #913, #48, .T. ) ;
#1322 = AXIS2_PLACEMENT_3D ( 'NONE', #125, #2066, #861 ) ;
#1323 = DIRECTION ( 'NONE',  ( 0.000000000000000000, 0.000000000000000000, -1.000000000000000000 ) ) ;
#1324 = ORIENTED_EDGE ( 'NONE', *, *, #1612, .T. ) ;
#1325 = VECTOR ( 'NONE', #590, 1000.000000000000000 ) ;
#1326 = EDGE_CURVE ( 'NONE', #2127, #2096, #219, .T. ) ;
#1327 = PLANE ( 'NONE',  #766 ) ;
#1328 = VECTOR ( 'NONE', #2199, 1000.000000000000227 ) ;
#1329 = CARTESIAN_POINT ( 'NONE',  ( 19.40118312944674983, 10.65118312944665036, 0.2483214497608536853 ) ) ;
#1330 = CARTESIAN_POINT ( 'NONE',  ( 4.150000000000001243, -5.750000000000008882, 10.00000000000000000 ) ) ;
#1331 = ORIENTED_EDGE ( 'NONE', *, *, #2184, .T. ) ;
#1332 = CARTESIAN_POINT ( 'NONE',  ( -2.770064366128776268, -4.653041955534353846, 0.000000000000000000 ) ) ;
#1333 = AXIS2_PLACEMENT_3D ( 'NONE', #164, #1835, #1487 ) ;
#1334 = PERSON_AND_ORGANIZATION ( #1656, #1201 ) ;
#1335 = FACE_OUTER_BOUND ( 'NONE', #589, .T. ) ;
#1336 = ORIENTED_EDGE ( 'NONE', *, *, #749, .T. ) ;
#1337 = CARTESIAN_POINT ( 'NONE',  ( -18.98400832844311736, 11.20202498532930413, 1.111076209074945753 ) ) ;
#1338 = EDGE_CURVE ( 'NONE', #928, #841, #1434, .T. ) ;
#1339 = CARTESIAN_POINT ( 'NONE',  ( 18.76509167814051438, 10.01509167814081636, 0.01258334307114855263 ) ) ;
#1340 = CARTESIAN_POINT ( 'NONE',  ( 19.83608291817064284, 11.08608291817064639, 9.247928866810784854 ) ) ;
#1341 = CARTESIAN_POINT ( 'NONE',  ( 8.729935633871223288, 6.846958044465658588, 3.000000000000000000 ) ) ;
#1342 = ORIENTED_EDGE ( 'NONE', *, *, #1095, .T. ) ;
#1343 = CALENDAR_DATE ( 2022, 14, 4 ) ;
#1344 = LINE ( 'NONE', #2059, #1427 ) ;
#1345 = ORIENTED_EDGE ( 'NONE', *, *, #875, .T. ) ;
#1346 = CYLINDRICAL_SURFACE ( 'NONE', #727, 1.599999999999998090 ) ;
#1347 =( BOUNDED_CURVE ( )  B_SPLINE_CURVE ( 3, ( #83, #405, #1149, #1828 ),
 .UNSPECIFIED., .F., .T. ) 
 B_SPLINE_CURVE_WITH_KNOTS ( ( 4, 4 ),
 ( 1.570796326794896558, 3.141592653589793116 ),
 .UNSPECIFIED. ) 
 CURVE ( )  GEOMETRIC_REPRESENTATION_ITEM ( )  RATIONAL_B_SPLINE_CURVE ( ( 1.000000000000000000, 0.8047378541243649375, 0.8047378541243649375, 1.000000000000000000 ) ) 
 REPRESENTATION_ITEM ( '' )  );
#1348 = CARTESIAN_POINT ( 'NONE',  ( 3.310038649671438460, 7.782220938342131689, 3.000000000000000000 ) ) ;
#1349 = CARTESIAN_POINT ( 'NONE',  ( 19.42182014166901993, 10.05727338055639031, 9.699500201890618456 ) ) ;
#1350 = EDGE_CURVE ( 'NONE', #1101, #1864, #2142, .T. ) ;
#1351 = DIRECTION ( 'NONE',  ( 1.000000000000000000, 0.000000000000000000, 0.000000000000000000 ) ) ;
#1352 = CYLINDRICAL_SURFACE ( 'NONE', #150, 1.600000000000001643 ) ;
#1353 = APPROVAL_ROLE ( '' ) ;
#1354 = DIRECTION ( 'NONE',  ( -0.000000000000000000, -0.000000000000000000, 1.000000000000000000 ) ) ;
#1355 = ORIENTED_EDGE ( 'NONE', *, *, #842, .T. ) ;
#1356 = VECTOR ( 'NONE', #652, 1000.000000000000000 ) ;
#1357 = CARTESIAN_POINT ( 'NONE',  ( -19.92338913503757425, 10.22446304501254488, 1.016676459713085734 ) ) ;
#1358 = DIRECTION ( 'NONE',  ( 0.6399836213479757063, 0.7683885504133509681, -0.000000000000000000 ) ) ;
#1359 = CARTESIAN_POINT ( 'NONE',  ( 19.89423066556499364, 11.14423066556502739, 0.8816249559224715870 ) ) ;
#1360 = DIRECTION ( 'NONE',  ( -0.1700477988866326007, -0.9854358153090496675, 0.000000000000000000 ) ) ;
#1361 = CYLINDRICAL_SURFACE ( 'NONE', #2007, 1.500000000000000000 ) ;
#1362 = AXIS2_PLACEMENT_3D ( 'NONE', #362, #1752, #1372 ) ;
#1363 = EDGE_CURVE ( 'NONE', #873, #702, #874, .T. ) ;
#1364 = CARTESIAN_POINT ( 'NONE',  ( -8.189961350328561096, 3.717779061657866535, 3.000000000000000000 ) ) ;
#1365 = DATE_AND_TIME ( #18, #437 ) ;
#1366 = DIRECTION ( 'NONE',  ( -0.000000000000000000, -0.000000000000000000, 1.000000000000000000 ) ) ;
#1367 = CARTESIAN_POINT ( 'NONE',  ( 3.310038649671438460, 7.782220938342131689, 0.000000000000000000 ) ) ;
#1368 = FACE_OUTER_BOUND ( 'NONE', #1554, .T. ) ;
#1369 = DIRECTION ( 'NONE',  ( 0.000000000000000000, 0.000000000000000000, -1.000000000000000000 ) ) ;
#1370 = LINE ( 'NONE', #1555, #2080 ) ;
#1371 = CARTESIAN_POINT ( 'NONE',  ( 2.770064366128788258, 4.653041955534337859, 3.000000000000000000 ) ) ;
#1372 = DIRECTION ( 'NONE',  ( 1.000000000000000000, 0.000000000000000000, 0.000000000000000000 ) ) ;
#1373 = CARTESIAN_POINT ( 'NONE',  ( 0.000000000000000000, 0.000000000000000000, 0.000000000000000000 ) ) ;
#1374 = DIRECTION ( 'NONE',  ( -0.1700477988866297419, 0.9854358153090501116, 0.000000000000000000 ) ) ;
#1375 = EDGE_CURVE ( 'NONE', #913, #873, #552, .T. ) ;
#1376 = CARTESIAN_POINT ( 'NONE',  ( -3.310038649671430910, -7.782220938342138794, 3.000000000000000000 ) ) ;
#1377 = CYLINDRICAL_SURFACE ( 'NONE', #750, 1.499999999999999556 ) ;
#1378 = ORIENTED_EDGE ( 'NONE', *, *, #38, .T. ) ;
#1379 =( NAMED_UNIT ( * ) PLANE_ANGLE_UNIT ( ) SI_UNIT ( $, .RADIAN. ) );
#1380 = CARTESIAN_POINT ( 'NONE',  ( -6.289974283542651534, -8.879178982807793830, 3.000000000000000000 ) ) ;
#1381 = ORIENTED_EDGE ( 'NONE', *, *, #1983, .F. ) ;
#1382 = CARTESIAN_POINT ( 'NONE',  ( 0.000000000000000000, 0.000000000000000000, 3.000000000000000000 ) ) ;
#1383 = CARTESIAN_POINT ( 'NONE',  ( 18.63088566184753603, -9.880885661848266110, 9.999999991714393133 ) ) ;
#1384 = CYLINDRICAL_SURFACE ( 'NONE', #283, 1.600000000000001643 ) ;
#1385 = EDGE_CURVE ( 'NONE', #2169, #1620, #323, .T. ) ;
#1386 = CARTESIAN_POINT ( 'NONE',  ( -19.40118312944674983, -10.65118312944665036, 0.2483214497608536853 ) ) ;
#1387 = FACE_OUTER_BOUND ( 'NONE', #894, .T. ) ;
#1388 = ORIENTED_EDGE ( 'NONE', *, *, #29, .T. ) ;
#1389 = ADVANCED_FACE ( 'NONE', ( #1893, #1927 ), #1906, .T. ) ;
#1390 = DIRECTION ( 'NONE',  ( 0.7683885504133510791, -0.6399836213479757063, 0.000000000000000000 ) ) ;
#1391 = VECTOR ( 'NONE', #817, 1000.000000000000000 ) ;
#1392 = CC_DESIGN_PERSON_AND_ORGANIZATION_ASSIGNMENT ( #2050, #1861, ( #57 ) ) ;
#1393 = CARTESIAN_POINT ( 'NONE',  ( 0.000000000000000000, 0.000000000000000000, 10.00000000000000000 ) ) ;
#1394 = ORIENTED_EDGE ( 'NONE', *, *, #1048, .F. ) ;
#1395 = AXIS2_PLACEMENT_3D ( 'NONE', #402, #802, #1097 ) ;
#1396 = CARTESIAN_POINT ( 'NONE',  ( 8.729935633871223288, 6.846958044465658588, 0.000000000000000000 ) ) ;
#1397 = EDGE_LOOP ( 'NONE', ( #1265, #1782, #558, #1960 ) ) ;
#1398 = CARTESIAN_POINT ( 'NONE',  ( 18.50000000000000000, 9.750000000000001776, 10.00000000000000000 ) ) ;
#1399 = DIRECTION ( 'NONE',  ( -0.000000000000000000, -0.000000000000000000, -1.000000000000000000 ) ) ;
#1400 = ORIENTED_EDGE ( 'NONE', *, *, #932, .T. ) ;
#1401 = AXIS2_PLACEMENT_3D ( 'NONE', #447, #472, #2204 ) ;
#1402 = DIRECTION ( 'NONE',  ( -1.000000000000000000, 0.000000000000000000, 0.000000000000000000 ) ) ;
#1403 = ADVANCED_FACE ( 'NONE', ( #352 ), #1717, .T. ) ;
#1404 = EDGE_LOOP ( 'NONE', ( #1819, #211, #13, #847 ) ) ;
#1405 = DIRECTION ( 'NONE',  ( 1.000000000000000000, -0.000000000000000000, -0.000000000000000000 ) ) ;
#1406 = EDGE_LOOP ( 'NONE', ( #1623, #1595, #1125, #1680 ) ) ;
#1407 = DIRECTION ( 'NONE',  ( 0.000000000000000000, 0.000000000000000000, 1.000000000000000000 ) ) ;
#1408 = ORIENTED_EDGE ( 'NONE', *, *, #699, .T. ) ;
#1409 = CARTESIAN_POINT ( 'NONE',  ( 5.750000000000005329, 5.749999999999994671, 3.000000000000000000 ) ) ;
#1410 = VERTEX_POINT ( 'NONE', #2078 ) ;
#1411 = PLANE ( 'NONE',  #725 ) ;
#1412 = EDGE_CURVE ( 'NONE', #129, #1275, #1078, .T. ) ;
#1413 = ORIENTED_EDGE ( 'NONE', *, *, #823, .T. ) ;
#1414 = LINE ( 'NONE', #1743, #1155 ) ;
#1415 = ORIENTED_EDGE ( 'NONE', *, *, #1955, .F. ) ;
#1416 =( BOUNDED_SURFACE ( )  B_SPLINE_SURFACE ( 3, 2, ( 
 ( #25, #1749, #45 ),
 ( #379, #1075, #55 ),
 ( #217, #1304, #943 ),
 ( #925, #2137, #1455 ),
 ( #1121, #77, #2105 ),
 ( #1445, #967, #1979 ),
 ( #1945, #1798, #400 ),
 ( #745, #435, #1783 ),
 ( #914, #1584, #1096 ),
 ( #1773, #759, #2150 ),
 ( #603, #2129, #410 ),
 ( #1106, #270, #1966 ),
 ( #571, #788, #227 ),
 ( #1292, #1605, #1134 ) ),
 .UNSPECIFIED., .F., .F., .F. ) 
 B_SPLINE_SURFACE_WITH_KNOTS ( ( 4, 2, 2, 2, 2, 2, 4 ),
 ( 3, 3 ),
 ( 1.570796326794896558, 1.963495408493620697, 2.356194490192344837, 2.552544031041707129, 2.748893571891068976, 2.945243112740430824, 3.141592653589793116 ),
 ( 0.000000000000000000, 1.000000000000000000 ),
 .UNSPECIFIED. ) 
 GEOMETRIC_REPRESENTATION_ITEM ( )  RATIONAL_B_SPLINE_SURFACE ( (
 ( 1.000000000000000000, 1.000000000000000000, 1.000000000000000000),
 ( 1.000000000000000000, 1.000158598892028960, 1.000000000000000000),
 ( 1.000000000000000000, 0.9867291651255417628, 1.000000000000000000),
 ( 1.000000000000000000, 0.9386556746367712423, 1.000000000000000000),
 ( 1.000000000000000000, 0.9038128289597148202, 1.000000000000000000),
 ( 1.000000000000000000, 0.8471316911968010954, 1.000000000000000000),
 ( 1.000000000000000000, 0.8275942267605873592, 1.000000000000000000),
 ( 1.000000000000000000, 0.7902180514827549240, 1.000000000000000000),
 ( 1.000000000000000000, 0.7723967724090320397, 1.000000000000000000),
 ( 1.000000000000000000, 0.7418334672881720104, 1.000000000000000000),
 ( 1.000000000000000000, 0.7291288573898064840, 1.000000000000000000),
 ( 1.000000000000000000, 0.7117460391535099795, 1.000000000000000000),
 ( 1.000000000000000000, 0.7070717008705421636, 1.000000000000000000),
 ( 1.000000000000000000, 0.7071067811865475727, 1.000000000000000000) ) ) 
 REPRESENTATION_ITEM ( '' )  SURFACE ( )  );
#1417 = DIRECTION ( 'NONE',  ( -0.000000000000000000, -0.000000000000000000, -1.000000000000000000 ) ) ;
#1418 = CARTESIAN_POINT ( 'NONE',  ( -19.70222549624765307, -10.95222549624768504, 0.5344396751803838219 ) ) ;
#1419 = ORIENTED_EDGE ( 'NONE', *, *, #98, .T. ) ;
#1420 = APPLICATION_CONTEXT ( 'configuration controlled 3d designs of mechanical parts and assemblies' ) ;
#1421 = CARTESIAN_POINT ( 'NONE',  ( -3.310038649671424693, 7.782220938342127248, 0.000000000000000000 ) ) ;
#1422 = CARTESIAN_POINT ( 'NONE',  ( -18.75180946843713770, 10.50542840531096012, 0.1893203904430877937 ) ) ;
#1423 = AXIS2_PLACEMENT_3D ( 'NONE', #2011, #146, #690 ) ;
#1424 = CARTESIAN_POINT ( 'NONE',  ( 7.350000000000007638, 5.749999999999994671, 3.000000000000000000 ) ) ;
#1425 = VERTEX_POINT ( 'NONE', #1225 ) ;
#1426 = EDGE_CURVE ( 'NONE', #660, #1666, #801, .T. ) ;
#1427 = VECTOR ( 'NONE', #1885, 1000.000000000000000 ) ;
#1428 = CARTESIAN_POINT ( 'NONE',  ( -20.00000000000000000, -10.25000000000000178, 0.000000000000000000 ) ) ;
#1429 = LINE ( 'NONE', #375, #797 ) ;
#1430 = EDGE_CURVE ( 'NONE', #1871, #440, #1067, .T. ) ;
#1431 = CARTESIAN_POINT ( 'NONE',  ( 5.210025716457355571, 2.620821017192208391, 3.000000000000000000 ) ) ;
#1432 = FACE_OUTER_BOUND ( 'NONE', #1641, .T. ) ;
#1433 = ORIENTED_EDGE ( 'NONE', *, *, #1520, .F. ) ;
#1434 =( BOUNDED_CURVE ( )  B_SPLINE_CURVE ( 3, ( #192, #1731, #1740, #1248 ),
 .UNSPECIFIED., .F., .T. ) 
 B_SPLINE_CURVE_WITH_KNOTS ( ( 4, 4 ),
 ( 1.570796326794896558, 3.141592653589793116 ),
 .UNSPECIFIED. ) 
 CURVE ( )  GEOMETRIC_REPRESENTATION_ITEM ( )  RATIONAL_B_SPLINE_CURVE ( ( 1.000000000000000000, 0.8047378541243649375, 0.8047378541243649375, 1.000000000000000000 ) ) 
 REPRESENTATION_ITEM ( '' )  );
#1435 = FACE_OUTER_BOUND ( 'NONE', #1264, .T. ) ;
#1436 = CARTESIAN_POINT ( 'NONE',  ( 20.00000000000000000, 10.25000000000000178, 1.500000000000000000 ) ) ;
#1437 = EDGE_LOOP ( 'NONE', ( #889, #1355, #1892, #2123 ) ) ;
#1438 = DIRECTION ( 'NONE',  ( -0.7683885504133518562, -0.6399836213479747071, 0.000000000000000000 ) ) ;
#1439 = DIRECTION ( 'NONE',  ( 0.7683885504133519673, 0.6399836213479745961, 0.000000000000000000 ) ) ;
#1440 = VERTEX_POINT ( 'NONE', #2087 ) ;
#1441 = CARTESIAN_POINT ( 'NONE',  ( 18.80727338055631392, -10.67182014166913540, 0.3004997981094900128 ) ) ;
#1442 = ADVANCED_FACE ( 'NONE', ( #1089, #1763, #200, #543, #1917, #1557 ), #34, .T. ) ;
#1443 = DIRECTION ( 'NONE',  ( -0.000000000000000000, -0.000000000000000000, 1.000000000000000000 ) ) ;
#1444 = ORIENTED_EDGE ( 'NONE', *, *, #533, .F. ) ;
#1445 = CARTESIAN_POINT ( 'NONE',  ( -19.63008018683521527, -10.12669339561171888, 9.491240156724424892 ) ) ;
#1446 = CYLINDRICAL_SURFACE ( 'NONE', #1500, 1.500000000000000000 ) ;
#1447 = ORIENTED_EDGE ( 'NONE', *, *, #2208, .F. ) ;
#1448 = DIRECTION ( 'NONE',  ( 0.9384363492999827638, -0.3454521939610757375, 0.000000000000000000 ) ) ;
#1449 = LINE ( 'NONE', #2158, #1009 ) ;
#1450 = CARTESIAN_POINT ( 'NONE',  ( 19.62820052744120147, -10.87820052744120503, 0.4459753962892334944 ) ) ;
#1451 = PLANE ( 'NONE',  #1498 ) ;
#1452 = EDGE_LOOP ( 'NONE', ( #1525, #155, #2149, #1331, #602, #1079 ) ) ;
#1453 = AXIS2_PLACEMENT_3D ( 'NONE', #559, #1748, #735 ) ;
#1454 = EDGE_CURVE ( 'NONE', #178, #1897, #893, .T. ) ;
#1455 = CARTESIAN_POINT ( 'NONE',  ( -18.75180946843713770, -10.50542840531099031, 9.810679609556903102 ) ) ;
#1456 = EDGE_CURVE ( 'NONE', #966, #2006, #1981, .T. ) ;
#1457 = FACE_OUTER_BOUND ( 'NONE', #1507, .T. ) ;
#1458 = DIRECTION ( 'NONE',  ( 0.000000000000000000, 1.000000000000000000, 0.000000000000000000 ) ) ;
#1459 = DIRECTION ( 'NONE',  ( -0.000000000000000000, -0.000000000000000000, 1.000000000000000000 ) ) ;
#1460 = CARTESIAN_POINT ( 'NONE',  ( 19.40118312944674983, -10.65118312944664858, 9.751678550239166299 ) ) ;
#1461 = DIRECTION ( 'NONE',  ( 0.9384363492999826528, 0.3454521939610758485, 0.000000000000000000 ) ) ;
#1462 = EDGE_CURVE ( 'NONE', #1072, #1801, #1296, .T. ) ;
#1463 = CARTESIAN_POINT ( 'NONE',  ( 19.83608291817063929, -11.08608291817061442, 0.7520711331892532270 ) ) ;
#1464 = AXIS2_PLACEMENT_3D ( 'NONE', #990, #279, #1485 ) ;
#1465 = CARTESIAN_POINT ( 'NONE',  ( -19.03730720407672194, 10.28730720407616772, 9.928745840999699368 ) ) ;
#1466 = CARTESIAN_POINT ( 'NONE',  ( -18.50000000000000000, -9.750000000000001776, 10.00000000000000000 ) ) ;
#1467 = ORIENTED_EDGE ( 'NONE', *, *, #1233, .F. ) ;
#1468 = CIRCLE ( 'NONE', #501, 1.000000000000000888 ) ;
#1469 = CARTESIAN_POINT ( 'NONE',  ( -19.63008018683522948, 10.12669339561171888, 0.5087598432755916500 ) ) ;
#1470 = CARTESIAN_POINT ( 'NONE',  ( -8.189961350328561096, -3.717779061657874085, 3.000000000000000000 ) ) ;
#1471 = VECTOR ( 'NONE', #1247, 1000.000000000000000 ) ;
#1472 = EDGE_CURVE ( 'NONE', #592, #1000, #1619, .T. ) ;
#1473 = VERTEX_POINT ( 'NONE', #790 ) ;
#1474 = CARTESIAN_POINT ( 'NONE',  ( 19.42182014166901993, -10.05727338055639031, 9.699500201890618456 ) ) ;
#1475 = CARTESIAN_POINT ( 'NONE',  ( 7.350000000000004974, -5.750000000000008882, 10.00000000000000000 ) ) ;
#1476 = CARTESIAN_POINT ( 'NONE',  ( 19.99033085588038361, -10.24677695196014326, 1.303652824876658123 ) ) ;
#1477 = ORIENTED_EDGE ( 'NONE', *, *, #1868, .T. ) ;
#1478 = DIRECTION ( 'NONE',  ( 1.000000000000000000, 0.000000000000000000, 0.000000000000000000 ) ) ;
#1479 = CARTESIAN_POINT ( 'NONE',  ( 18.99999999993454480, 11.25000000000000355, 1.401824162344694757 ) ) ;
#1480 = CARTESIAN_POINT ( 'NONE',  ( 20.00000000000000000, 10.24999999993457500, 8.598175837655334774 ) ) ;
#1481 = EDGE_CURVE ( 'NONE', #1703, #68, #1147, .T. ) ;
#1482 = CARTESIAN_POINT ( 'NONE',  ( 18.89755382205269640, -10.94266146615799862, 9.414984646248118594 ) ) ;
#1483 = ORIENTED_EDGE ( 'NONE', *, *, #593, .T. ) ;
#1484 = CARTESIAN_POINT ( 'NONE',  ( -6.289974283542651534, -8.879178982807793830, 3.000000000000000000 ) ) ;
#1485 = DIRECTION ( 'NONE',  ( 1.000000000000000000, 0.000000000000000000, 0.000000000000000000 ) ) ;
#1486 = VERTEX_POINT ( 'NONE', #272 ) ;
#1487 = DIRECTION ( 'NONE',  ( 1.000000000000000000, 0.000000000000000000, 0.000000000000000000 ) ) ;
#1488 = DIRECTION ( 'NONE',  ( 0.000000000000000000, 0.000000000000000000, 1.000000000000000000 ) ) ;
#1489 = FACE_OUTER_BOUND ( 'NONE', #905, .T. ) ;
#1490 = CARTESIAN_POINT ( 'NONE',  ( 8.729935633871223288, 6.846958044465658588, 3.000000000000000000 ) ) ;
#1491 = ORIENTED_EDGE ( 'NONE', *, *, #867, .T. ) ;
#1492 = DIRECTION ( 'NONE',  ( -0.000000000000000000, -0.000000000000000000, -1.000000000000000000 ) ) ;
#1493 = PERSON_AND_ORGANIZATION ( #1656, #1201 ) ;
#1494 = CARTESIAN_POINT ( 'NONE',  ( 8.729935633871217959, -6.846958044465663917, 3.000000000000000000 ) ) ;
#1495 = ADVANCED_FACE ( 'NONE', ( #252 ), #286, .F. ) ;
#1496 = ORIENTED_EDGE ( 'NONE', *, *, #411, .T. ) ;
#1497 = LINE ( 'NONE', #819, #1504 ) ;
#1498 = AXIS2_PLACEMENT_3D ( 'NONE', #432, #1132, #582 ) ;
#1499 = VECTOR ( 'NONE', #843, 1000.000000000000114 ) ;
#1500 = AXIS2_PLACEMENT_3D ( 'NONE', #777, #574, #1260 ) ;
#1501 = CARTESIAN_POINT ( 'NONE',  ( 18.94941648749877317, 11.09824946249628397, 9.164726756808372343 ) ) ;
#1502 = VECTOR ( 'NONE', #1039, 1000.000000000000000 ) ;
#1503 = CARTESIAN_POINT ( 'NONE',  ( -2.770064366128776268, -4.653041955534353846, 3.000000000000000000 ) ) ;
#1504 = VECTOR ( 'NONE', #296, 1000.000000000000000 ) ;
#1505 = COORDINATED_UNIVERSAL_TIME_OFFSET ( 6, 0, .BEHIND. ) ;
#1506 = CARTESIAN_POINT ( 'NONE',  ( 20.00000000000000000, 10.25000000000000178, 1.500000000000000000 ) ) ;
#1507 = EDGE_LOOP ( 'NONE', ( #220, #1447, #470, #616 ) ) ;
#1508 = EDGE_CURVE ( 'NONE', #1276, #660, #1775, .T. ) ;
#1509 = FACE_OUTER_BOUND ( 'NONE', #370, .T. ) ;
#1510 = DIRECTION ( 'NONE',  ( 1.000000000000000000, 0.000000000000000000, 0.000000000000000000 ) ) ;
#1511 = CARTESIAN_POINT ( 'NONE',  ( 6.289974283542648870, -8.879178982807793830, 3.000000000000000000 ) ) ;
#1512 = DIRECTION ( 'NONE',  ( -0.000000000000000000, -0.000000000000000000, -1.000000000000000000 ) ) ;
#1513 = CARTESIAN_POINT ( 'NONE',  ( 18.50000000000000000, 9.750000000000001776, 0.000000000000000000 ) ) ;
#1514 = DIRECTION ( 'NONE',  ( 0.000000000000000000, 0.000000000000000000, 1.000000000000000000 ) ) ;
#1515 = PERSON_AND_ORGANIZATION_ROLE ( 'creator' ) ;
#1516 = PLANE ( 'NONE',  #250 ) ;
#1517 = DIRECTION ( 'NONE',  ( -0.000000000000000000, -0.000000000000000000, 1.000000000000000000 ) ) ;
#1518 = ORIENTED_EDGE ( 'NONE', *, *, #2184, .F. ) ;
#1519 = CARTESIAN_POINT ( 'NONE',  ( -18.50000000000000000, 9.750000000000001776, 0.000000000000000000 ) ) ;
#1520 = EDGE_CURVE ( 'NONE', #440, #1779, #1567, .T. ) ;
#1521 = PLANE ( 'NONE',  #2133 ) ;
#1522 = CARTESIAN_POINT ( 'NONE',  ( 18.56546163104453484, 9.946384893134329275, 0.000000000000000000 ) ) ;
#1523 = CARTESIAN_POINT ( 'NONE',  ( 18.50000000000000000, 9.750000000000001776, 10.00000000000000178 ) ) ;
#1524 = CARTESIAN_POINT ( 'NONE',  ( 0.000000000000000000, 0.000000000000000000, 0.000000000000000000 ) ) ;
#1525 = ORIENTED_EDGE ( 'NONE', *, *, #1857, .T. ) ;
#1526 = APPROVAL_ROLE ( '' ) ;
#1527 = DIRECTION ( 'NONE',  ( 0.3454521939610741832, -0.9384363492999833190, 0.000000000000000000 ) ) ;
#1528 = AXIS2_PLACEMENT_3D ( 'NONE', #1811, #1307, #1926 ) ;
#1529 = ADVANCED_FACE ( 'NONE', ( #239 ), #1446, .T. ) ;
#1530 = VECTOR ( 'NONE', #119, 1000.000000000000000 ) ;
#1531 = CARTESIAN_POINT ( 'NONE',  ( -19.00000000000000000, -11.25000000000000178, 1.500000000000000000 ) ) ;
#1532 = DIRECTION ( 'NONE',  ( 0.9384363492999826528, 0.3454521939610758485, 0.000000000000000000 ) ) ;
#1533 = CARTESIAN_POINT ( 'NONE',  ( -5.210025716457341360, -2.620821017192220381, 3.000000000000000000 ) ) ;
#1534 = LINE ( 'NONE', #1590, #1502 ) ;
#1535 = CARTESIAN_POINT ( 'NONE',  ( -19.00000000000000000, 10.25000000000000178, 0.000000000000000000 ) ) ;
#1536 = ADVANCED_FACE ( 'NONE', ( #1646, #746 ), #1810, .T. ) ;
#1537 = DIRECTION ( 'NONE',  ( 0.000000000000000000, 0.000000000000000000, -1.000000000000000000 ) ) ;
#1538 = VECTOR ( 'NONE', #1459, 1000.000000000000000 ) ;
#1539 = ORIENTED_EDGE ( 'NONE', *, *, #850, .F. ) ;
#1540 = APPLICATION_PROTOCOL_DEFINITION ( 'international standard', 'config_control_design', 1994, #17 ) ;
#1541 = DIRECTION ( 'NONE',  ( -0.9384363492999827638, 0.3454521939610756265, 0.000000000000000000 ) ) ;
#1542 = VECTOR ( 'NONE', #516, 1000.000000000000000 ) ;
#1543 = CARTESIAN_POINT ( 'NONE',  ( -19.25542840531139532, -10.00180946843698493, 0.1893203904432680384 ) ) ;
#1544 = EDGE_LOOP ( 'NONE', ( #1143, #54, #401, #326 ) ) ;
#1545 = CARTESIAN_POINT ( 'NONE',  ( -19.70222549624765662, 10.95222549624765662, 9.465560324819582760 ) ) ;
#1546 = DIRECTION ( 'NONE',  ( -0.000000000000000000, -0.000000000000000000, 1.000000000000000000 ) ) ;
#1547 = EDGE_LOOP ( 'NONE', ( #62, #561 ) ) ;
#1548 = CARTESIAN_POINT ( 'NONE',  ( -18.50000000000000000, 0.000000000000000000, 8.500000000000000000 ) ) ;
#1549 =( BOUNDED_SURFACE ( )  B_SPLINE_SURFACE ( 3, 2, ( 
 ( #1014, #1523, #1030 ),
 ( #1846, #1676, #2046 ),
 ( #507, #1691, #1664 ),
 ( #1205, #629, #344 ),
 ( #1349, #148, #167 ),
 ( #840, #654, #2032 ),
 ( #1172, #2022, #2198 ),
 ( #1181, #665, #2176 ),
 ( #1654, #157, #1501 ),
 ( #2187, #1340, #483 ),
 ( #493, #853, #1855 ),
 ( #2207, #127, #812 ),
 ( #1480, #2164, #1316 ),
 ( #462, #2001, #1162 ) ),
 .UNSPECIFIED., .F., .F., .F. ) 
 B_SPLINE_SURFACE_WITH_KNOTS ( ( 4, 2, 2, 2, 2, 2, 4 ),
 ( 3, 3 ),
 ( 1.570796326794896558, 1.963495408493620697, 2.356194490192344837, 2.552544031041707129, 2.748893571891068976, 2.945243112740430824, 3.141592653589793116 ),
 ( 0.000000000000000000, 1.000000000000000000 ),
 .UNSPECIFIED. ) 
 GEOMETRIC_REPRESENTATION_ITEM ( )  RATIONAL_B_SPLINE_SURFACE ( (
 ( 1.000000000000000000, 1.000000000000000000, 1.000000000000000000),
 ( 1.000000000000000000, 1.000158598892028960, 1.000000000000000000),
 ( 1.000000000000000000, 0.9867291651255417628, 1.000000000000000000),
 ( 1.000000000000000000, 0.9386556746367712423, 1.000000000000000000),
 ( 1.000000000000000000, 0.9038128289597148202, 1.000000000000000000),
 ( 1.000000000000000000, 0.8471316911968010954, 1.000000000000000000),
 ( 1.000000000000000000, 0.8275942267605873592, 1.000000000000000000),
 ( 1.000000000000000000, 0.7902180514827549240, 1.000000000000000000),
 ( 1.000000000000000000, 0.7723967724090320397, 1.000000000000000000),
 ( 1.000000000000000000, 0.7418334672881720104, 1.000000000000000000),
 ( 1.000000000000000000, 0.7291288573898064840, 1.000000000000000000),
 ( 1.000000000000000000, 0.7117460391535099795, 1.000000000000000000),
 ( 1.000000000000000000, 0.7070717008705421636, 1.000000000000000000),
 ( 1.000000000000000000, 0.7071067811865475727, 1.000000000000000000) ) ) 
 REPRESENTATION_ITEM ( '' )  SURFACE ( )  );
#1550 = ADVANCED_FACE ( 'NONE', ( #764 ), #2107, .F. ) ;
#1551 = DIRECTION ( 'NONE',  ( 1.000000000000000000, 0.000000000000000000, -0.000000000000000000 ) ) ;
#1552 = VERTEX_POINT ( 'NONE', #1946 ) ;
#1553 = CARTESIAN_POINT ( 'NONE',  ( -18.63088566184743300, -9.880885661848234136, 8.255537512055465326E-09 ) ) ;
#1554 = EDGE_LOOP ( 'NONE', ( #1336, #900, #378, #1833 ) ) ;
#1555 = CARTESIAN_POINT ( 'NONE',  ( 5.210025716457356459, -2.620821017192223934, 3.000000000000000000 ) ) ;
#1556 = DIRECTION ( 'NONE',  ( 1.000000000000000000, 0.000000000000000000, 0.000000000000000000 ) ) ;
#1557 = FACE_BOUND ( 'NONE', #1570, .T. ) ;
#1558 = ORIENTED_EDGE ( 'NONE', *, *, #2167, .T. ) ;
#1559 = CARTESIAN_POINT ( 'NONE',  ( 8.189961350328573531, -3.717779061657882966, 3.000000000000000000 ) ) ;
#1560 = EDGE_CURVE ( 'NONE', #2141, #1772, #449, .T. ) ;
#1561 = CARTESIAN_POINT ( 'NONE',  ( -5.749999999999994671, -5.750000000000005329, 3.000000000000000000 ) ) ;
#1562 = VERTEX_POINT ( 'NONE', #1424 ) ;
#1563 = CARTESIAN_POINT ( 'NONE',  ( -8.729935633871210854, 6.846958044465653259, 3.000000000000000000 ) ) ;
#1564 = VECTOR ( 'NONE', #912, 1000.000000000000000 ) ;
#1565 = DIRECTION ( 'NONE',  ( -1.000000000000000000, 0.000000000000000000, 0.000000000000000000 ) ) ;
#1566 = ORIENTED_EDGE ( 'NONE', *, *, #338, .F. ) ;
#1567 =( BOUNDED_CURVE ( )  B_SPLINE_CURVE ( 3, ( #968, #2119, #596, #1436 ),
 .UNSPECIFIED., .F., .T. ) 
 B_SPLINE_CURVE_WITH_KNOTS ( ( 4, 4 ),
 ( 1.570796326794896558, 3.141592653589793116 ),
 .UNSPECIFIED. ) 
 CURVE ( )  GEOMETRIC_REPRESENTATION_ITEM ( )  RATIONAL_B_SPLINE_CURVE ( ( 1.000000000000000000, 0.8047378541243649375, 0.8047378541243649375, 1.000000000000000000 ) ) 
 REPRESENTATION_ITEM ( '' )  );
#1568 = CARTESIAN_POINT ( 'NONE',  ( -6.289974283542640876, 8.879178982807784948, 3.000000000000000000 ) ) ;
#1569 = DIRECTION ( 'NONE',  ( -0.1700477988866307688, -0.9854358153090498895, 0.000000000000000000 ) ) ;
#1570 = EDGE_LOOP ( 'NONE', ( #385, #2040 ) ) ;
#1571 =( BOUNDED_SURFACE ( )  B_SPLINE_SURFACE ( 3, 2, ( 
 ( #700, #1036, #183 ),
 ( #878, #1553, #1696 ),
 ( #513, #171, #868 ),
 ( #857, #2071, #1543 ),
 ( #20, #30, #2062 ),
 ( #524, #1386, #2126 ),
 ( #2135, #1086, #785 ),
 ( #74, #1244, #1932 ),
 ( #1118, #1418, #1093 ),
 ( #1806, #955, #1781 ),
 ( #1770, #268, #756 ),
 ( #1976, #224, #1795 ),
 ( #1615, #260, #1267 ),
 ( #1943, #591, #1602 ) ),
 .UNSPECIFIED., .F., .F., .F. ) 
 B_SPLINE_SURFACE_WITH_KNOTS ( ( 4, 2, 2, 2, 2, 2, 4 ),
 ( 3, 3 ),
 ( 1.570796326794896558, 1.963495408493620697, 2.356194490192344837, 2.552544031041707129, 2.748893571891068976, 2.945243112740430824, 3.141592653589793116 ),
 ( 0.000000000000000000, 1.000000000000000000 ),
 .UNSPECIFIED. ) 
 GEOMETRIC_REPRESENTATION_ITEM ( )  RATIONAL_B_SPLINE_SURFACE ( (
 ( 1.000000000000000000, 1.000000000000000000, 1.000000000000000000),
 ( 1.000000000000000000, 1.000158598892032291, 1.000000000000000000),
 ( 1.000000000000000000, 0.9867291651255367668, 1.000000000000000000),
 ( 1.000000000000000000, 0.9386556746367762383, 1.000000000000000000),
 ( 1.000000000000000000, 0.9038128289597190390, 1.000000000000000000),
 ( 1.000000000000000000, 0.8471316911967986529, 1.000000000000000000),
 ( 1.000000000000000000, 0.8275942267605790326, 1.000000000000000000),
 ( 1.000000000000000000, 0.7902180514827631397, 1.000000000000000000),
 ( 1.000000000000000000, 0.7723967724090323728, 1.000000000000000000),
 ( 1.000000000000000000, 0.7418334672881723435, 1.000000000000000000),
 ( 1.000000000000000000, 0.7291288573898029313, 1.000000000000000000),
 ( 1.000000000000000000, 0.7117460391535137543, 1.000000000000000000),
 ( 1.000000000000000000, 0.7070717008705392770, 1.000000000000000000),
 ( 1.000000000000000000, 0.7071067811865475727, 1.000000000000000000) ) ) 
 REPRESENTATION_ITEM ( '' )  SURFACE ( )  );
#1572 = LINE ( 'NONE', #356, #297 ) ;
#1573 = LOCAL_TIME ( 13, 40, 33.00000000000000000, #1198 ) ;
#1574 = EDGE_LOOP ( 'NONE', ( #223, #877, #715, #1958 ) ) ;
#1575 = ADVANCED_FACE ( 'NONE', ( #426 ), #112, .T. ) ;
#1576 = FACE_OUTER_BOUND ( 'NONE', #774, .T. ) ;
#1577 = DIRECTION ( 'NONE',  ( 0.000000000000000000, 0.000000000000000000, 1.000000000000000000 ) ) ;
#1578 = EDGE_LOOP ( 'NONE', ( #228, #1933, #555, #149 ) ) ;
#1579 = DIRECTION ( 'NONE',  ( 0.7683885504133523003, 0.6399836213479741520, 0.000000000000000000 ) ) ;
#1580 = DESIGN_CONTEXT ( 'detailed design', #1420, 'design' ) ;
#1581 = ORIENTED_EDGE ( 'NONE', *, *, #1942, .T. ) ;
#1582 = CARTESIAN_POINT ( 'NONE',  ( -18.50000000000000000, 9.750000000000001776, 10.00000000000000178 ) ) ;
#1583 = VERTEX_POINT ( 'NONE', #103 ) ;
#1584 = CARTESIAN_POINT ( 'NONE',  ( -19.70222549624765662, -10.95222549624765662, 9.465560324819582760 ) ) ;
#1585 = ADVANCED_FACE ( 'NONE', ( #2140 ), #264, .T. ) ;
#1586 = DIRECTION ( 'NONE',  ( 0.7683885504133521893, -0.6399836213479743741, 0.000000000000000000 ) ) ;
#1587 = ORIENTED_EDGE ( 'NONE', *, *, #1834, .F. ) ;
#1588 = LINE ( 'NONE', #910, #1011 ) ;
#1589 = ORIENTED_EDGE ( 'NONE', *, *, #266, .F. ) ;
#1590 = CARTESIAN_POINT ( 'NONE',  ( -19.00000000000000000, -11.25000000000000178, 8.500000000000000000 ) ) ;
#1591 = FACE_OUTER_BOUND ( 'NONE', #1796, .T. ) ;
#1592 = VERTEX_POINT ( 'NONE', #2156 ) ;
#1593 = CARTESIAN_POINT ( 'NONE',  ( -19.18206815408044008, 10.43206815408064259, 0.1198743565469228417 ) ) ;
#1594 = DIRECTION ( 'NONE',  ( -1.000000000000000000, 0.000000000000000000, -0.000000000000000000 ) ) ;
#1595 = ORIENTED_EDGE ( 'NONE', *, *, #512, .T. ) ;
#1596 = ADVANCED_FACE ( 'NONE', ( #621 ), #1306, .F. ) ;
#1597 = CARTESIAN_POINT ( 'NONE',  ( 19.92338913503756714, -10.22446304501254488, 8.983323540286924924 ) ) ;
#1598 = VECTOR ( 'NONE', #1872, 1000.000000000000000 ) ;
#1599 = VECTOR ( 'NONE', #916, 1000.000000000000114 ) ;
#1600 = ORIENTED_EDGE ( 'NONE', *, *, #1412, .F. ) ;
#1601 = CARTESIAN_POINT ( 'NONE',  ( -19.00000000000000000, 11.25000000000000355, 8.500000000000000000 ) ) ;
#1602 = CARTESIAN_POINT ( 'NONE',  ( -20.00000000000000000, -10.25000000000000178, 1.500000000000001332 ) ) ;
#1603 = CARTESIAN_POINT ( 'NONE',  ( -19.00000000000000000, -10.25000000000000178, 0.000000000000000000 ) ) ;
#1604 = ORIENTED_EDGE ( 'NONE', *, *, #696, .F. ) ;
#1605 = CARTESIAN_POINT ( 'NONE',  ( -20.00000000000000355, -11.25000000000000355, 8.500000000000001776 ) ) ;
#1606 = CIRCLE ( 'NONE', #949, 1.600000000000001643 ) ;
#1607 = DIRECTION ( 'NONE',  ( 0.1700477988866320456, 0.9854358153090497785, 0.000000000000000000 ) ) ;
#1608 = CARTESIAN_POINT ( 'NONE',  ( 0.000000000000000000, -9.750000000000001776, 10.00000000000000000 ) ) ;
#1609 = VERTEX_POINT ( 'NONE', #1003 ) ;
#1610 = LINE ( 'NONE', #93, #1538 ) ;
#1611 = CARTESIAN_POINT ( 'NONE',  ( 19.63008018683521527, -10.12669339561171888, 9.491240156724424892 ) ) ;
#1612 = EDGE_CURVE ( 'NONE', #966, #1197, #1193, .T. ) ;
#1613 = ORIENTED_EDGE ( 'NONE', *, *, #1657, .T. ) ;
#1614 = CARTESIAN_POINT ( 'NONE',  ( 19.18206815408044008, -10.43206815408064259, 0.1198743565469228417 ) ) ;
#1615 = CARTESIAN_POINT ( 'NONE',  ( -18.99999999993454480, -11.25000000000000355, 1.401824162344694757 ) ) ;
#1616 = ORIENTED_EDGE ( 'NONE', *, *, #623, .T. ) ;
#1617 = CARTESIAN_POINT ( 'NONE',  ( 5.210025716457355571, 2.620821017192208391, 3.000000000000000000 ) ) ;
#1618 = DIRECTION ( 'NONE',  ( 0.7683885504133523003, 0.6399836213479741520, 0.000000000000000000 ) ) ;
#1619 = LINE ( 'NONE', #1608, #1642 ) ;
#1620 = VERTEX_POINT ( 'NONE', #676 ) ;
#1621 = FACE_OUTER_BOUND ( 'NONE', #578, .T. ) ;
#1622 = CARTESIAN_POINT ( 'NONE',  ( 6.289974283542648870, -8.879178982807793830, 0.000000000000000000 ) ) ;
#1623 = ORIENTED_EDGE ( 'NONE', *, *, #1698, .F. ) ;
#1624 = CARTESIAN_POINT ( 'NONE',  ( 18.63087396392795014, -10.14262189178431228, 0.03904101202305233775 ) ) ;
#1625 = DIRECTION ( 'NONE',  ( 0.000000000000000000, 0.000000000000000000, 1.000000000000000000 ) ) ;
#1626 = ORIENTED_EDGE ( 'NONE', *, *, #2074, .T. ) ;
#1627 = ADVANCED_FACE ( 'NONE', ( #1870 ), #1361, .T. ) ;
#1628 = ADVANCED_FACE ( 'NONE', ( #1489 ), #1549, .T. ) ;
#1629 = CARTESIAN_POINT ( 'NONE',  ( -18.50000000000000000, 9.750000000000001776, 0.000000000000000000 ) ) ;
#1630 = LINE ( 'NONE', #2173, #1076 ) ;
#1631 = DIRECTION ( 'NONE',  ( -0.000000000000000000, -0.000000000000000000, 1.000000000000000000 ) ) ;
#1632 = AXIS2_PLACEMENT_3D ( 'NONE', #635, #1323, #469 ) ;
#1633 = LINE ( 'NONE', #82, #1940 ) ;
#1634 = CARTESIAN_POINT ( 'NONE',  ( 19.95202498532929525, -10.23400832844308894, 8.888923790925090884 ) ) ;
#1635 = CARTESIAN_POINT ( 'NONE',  ( 3.310038649671436684, -7.782220938342135241, 0.000000000000000000 ) ) ;
#1636 = ORIENTED_EDGE ( 'NONE', *, *, #1045, .F. ) ;
#1637 = VECTOR ( 'NONE', #1492, 1000.000000000000000 ) ;
#1638 = CARTESIAN_POINT ( 'NONE',  ( 18.94941648749877317, -11.09824946249628574, 0.8352732431916330968 ) ) ;
#1639 = CIRCLE ( 'NONE', #1825, 5.050000000000002487 ) ;
#1640 = CARTESIAN_POINT ( 'NONE',  ( -18.75180946843713770, 10.50542840531099031, 9.810679609556903102 ) ) ;
#1641 = EDGE_LOOP ( 'NONE', ( #1025, #1965, #780, #207 ) ) ;
#1642 = VECTOR ( 'NONE', #1957, 1000.000000000000000 ) ;
#1643 = CARTESIAN_POINT ( 'NONE',  ( -18.97446304501251291, 11.17338913503757780, 1.016676459713094616 ) ) ;
#1644 = EDGE_CURVE ( 'NONE', #306, #245, #1837, .T. ) ;
#1645 = CARTESIAN_POINT ( 'NONE',  ( 18.93391579024984495, 11.05174737074961833, 0.7482739471892797534 ) ) ;
#1646 = FACE_OUTER_BOUND ( 'NONE', #1119, .T. ) ;
#1647 = ORIENTED_EDGE ( 'NONE', *, *, #1560, .T. ) ;
#1648 = VECTOR ( 'NONE', #1922, 1000.000000000000114 ) ;
#1649 = CARTESIAN_POINT ( 'NONE',  ( 18.93391579024984495, -11.05174737074963787, 9.251726052810694156 ) ) ;
#1650 = EDGE_LOOP ( 'NONE', ( #637, #1400, #837, #833 ) ) ;
#1651 = EDGE_LOOP ( 'NONE', ( #1174, #261, #1745, #2015 ) ) ;
#1652 = DIRECTION ( 'NONE',  ( 0.9854358153090496675, -0.1700477988866326007, 0.000000000000000000 ) ) ;
#1653 = CARTESIAN_POINT ( 'NONE',  ( -8.729935633871210854, 6.846958044465653259, 0.000000000000000000 ) ) ;
#1654 = CARTESIAN_POINT ( 'NONE',  ( 19.84824946249629463, 10.19941648749874474, 9.164726756808347474 ) ) ;
#1655 = ORIENTED_EDGE ( 'NONE', *, *, #1363, .F. ) ;
#1656 = PERSON ( 'UNSPECIFIED', 'UNSPECIFIED', 'UNSPECIFIED', ('UNSPECIFIED'), ('UNSPECIFIED'), ('UNSPECIFIED') ) ;
#1657 = EDGE_CURVE ( 'NONE', #2165, #68, #327, .T. ) ;
#1658 = CARTESIAN_POINT ( 'NONE',  ( -8.189961350328561096, -3.717779061657874085, 3.000000000000000000 ) ) ;
#1659 = DIRECTION ( 'NONE',  ( 0.3454521939610756820, 0.9384363492999828749, -0.000000000000000000 ) ) ;
#1660 = ORIENTED_EDGE ( 'NONE', *, *, #128, .T. ) ;
#1661 = DIRECTION ( 'NONE',  ( -1.000000000000000000, 0.000000000000000000, 0.000000000000000000 ) ) ;
#1662 = CARTESIAN_POINT ( 'NONE',  ( 5.210025716457355571, 2.620821017192208391, 3.000000000000000000 ) ) ;
#1663 = CARTESIAN_POINT ( 'NONE',  ( 18.75180946843713770, 10.50542840531096012, 0.1893203904430877937 ) ) ;
#1664 = CARTESIAN_POINT ( 'NONE',  ( 18.63087396392795014, 10.14262189178428208, 9.960958987976960444 ) ) ;
#1665 = PLANE ( 'NONE',  #1528 ) ;
#1666 = VERTEX_POINT ( 'NONE', #1330 ) ;
#1667 = PLANE ( 'NONE',  #111 ) ;
#1668 = EDGE_CURVE ( 'NONE', #185, #825, #1891, .T. ) ;
#1669 = PERSON_AND_ORGANIZATION ( #1656, #1201 ) ;
#1670 = CARTESIAN_POINT ( 'NONE',  ( 8.189961350328573531, -3.717779061657882966, 3.000000000000000000 ) ) ;
#1671 = AXIS2_PLACEMENT_3D ( 'NONE', #2081, #1407, #1551 ) ;
#1672 = ORIENTED_EDGE ( 'NONE', *, *, #2120, .T. ) ;
#1673 = VECTOR ( 'NONE', #304, 1000.000000000000000 ) ;
#1674 = DIRECTION ( 'NONE',  ( 1.000000000000000000, 0.000000000000000000, 0.000000000000000000 ) ) ;
#1675 = CARTESIAN_POINT ( 'NONE',  ( 19.92338913503757425, 10.22446304501254488, 1.016676459713085734 ) ) ;
#1676 = CARTESIAN_POINT ( 'NONE',  ( 18.63088566184753603, 9.880885661848266110, 9.999999991714393133 ) ) ;
#1677 = AXIS2_PLACEMENT_3D ( 'NONE', #90, #606, #595 ) ;
#1678 = CARTESIAN_POINT ( 'NONE',  ( -6.289974283542640876, 8.879178982807784948, 0.000000000000000000 ) ) ;
#1679 = CIRCLE ( 'NONE', #1027, 1.000000000000000888 ) ;
#1680 = ORIENTED_EDGE ( 'NONE', *, *, #1785, .F. ) ;
#1681 = DIRECTION ( 'NONE',  ( 1.000000000000000000, 0.000000000000000000, 0.000000000000000000 ) ) ;
#1682 = CARTESIAN_POINT ( 'NONE',  ( -3.310038649671430910, -7.782220938342138794, 3.000000000000000000 ) ) ;
#1683 = EDGE_CURVE ( 'NONE', #1197, #770, #529, .T. ) ;
#1684 = LINE ( 'NONE', #1490, #1967 ) ;
#1685 = EDGE_LOOP ( 'NONE', ( #721, #1929, #1200 ) ) ;
#1686 = ORIENTED_EDGE ( 'NONE', *, *, #128, .F. ) ;
#1687 = DIRECTION ( 'NONE',  ( 0.1700477988866326007, 0.9854358153090496675, 0.000000000000000000 ) ) ;
#1688 = CARTESIAN_POINT ( 'NONE',  ( -3.310038649671424693, 7.782220938342127248, 3.000000000000000000 ) ) ;
#1689 = CARTESIAN_POINT ( 'NONE',  ( 18.50000000000000000, -9.750000000000001776, 0.000000000000000000 ) ) ;
#1690 = CARTESIAN_POINT ( 'NONE',  ( 19.47747209205835262, 10.72747209205835794, 0.3036065963183263161 ) ) ;
#1691 = CARTESIAN_POINT ( 'NONE',  ( 18.76509167814035806, 10.01509167814089274, 9.987416656928866487 ) ) ;
#1692 = CARTESIAN_POINT ( 'NONE',  ( 8.729935633871217959, -6.846958044465663917, 3.000000000000000000 ) ) ;
#1693 = ORIENTED_EDGE ( 'NONE', *, *, #527, .T. ) ;
#1694 = APPROVAL_STATUS ( 'not_yet_approved' ) ;
#1695 = DIRECTION ( 'NONE',  ( 0.1700477988866320456, 0.9854358153090497785, 0.000000000000000000 ) ) ;
#1696 = CARTESIAN_POINT ( 'NONE',  ( -18.69638489313444651, -9.815461631045058866, 0.000000000000000000 ) ) ;
#1697 = CARTESIAN_POINT ( 'NONE',  ( 8.189961350328573531, -3.717779061657882966, 3.000000000000000000 ) ) ;
#1698 = EDGE_CURVE ( 'NONE', #924, #162, #221, .T. ) ;
#1699 = CARTESIAN_POINT ( 'NONE',  ( 8.729935633871217959, -6.846958044465663917, 0.000000000000000000 ) ) ;
#1700 = CARTESIAN_POINT ( 'NONE',  ( 19.00000000000000000, 10.25000000000000178, 8.500000000000000000 ) ) ;
#1701 = CARTESIAN_POINT ( 'NONE',  ( 6.289974283542653311, 8.879178982807790277, 3.000000000000000000 ) ) ;
#1702 = DIRECTION ( 'NONE',  ( -0.9854358153090500005, 0.1700477988866307688, 0.000000000000000000 ) ) ;
#1703 = VERTEX_POINT ( 'NONE', #2093 ) ;
#1704 = LINE ( 'NONE', #1858, #1637 ) ;
#1705 = PERSON_AND_ORGANIZATION ( #1656, #1201 ) ;
#1706 = DIRECTION ( 'NONE',  ( 0.9384363492999833190, 0.3454521939610741832, 0.000000000000000000 ) ) ;
#1707 = ORIENTED_EDGE ( 'NONE', *, *, #2098, .T. ) ;
#1708 = AXIS2_PLACEMENT_3D ( 'NONE', #1722, #709, #325 ) ;
#1709 = DIRECTION ( 'NONE',  ( -1.000000000000000000, 0.000000000000000000, 0.000000000000000000 ) ) ;
#1710 = AXIS2_PLACEMENT_3D ( 'NONE', #161, #499, #1199 ) ;
#1711 = CARTESIAN_POINT ( 'NONE',  ( -3.310038649671424693, 7.782220938342127248, 3.000000000000000000 ) ) ;
#1712 = VECTOR ( 'NONE', #391, 1000.000000000000000 ) ;
#1713 = DIRECTION ( 'NONE',  ( 0.000000000000000000, -1.000000000000000000, 0.000000000000000000 ) ) ;
#1714 = ADVANCED_FACE ( 'NONE', ( #904 ), #1047, .T. ) ;
#1715 = ORIENTED_EDGE ( 'NONE', *, *, #2182, .T. ) ;
#1716 = VECTOR ( 'NONE', #1107, 1000.000000000000000 ) ;
#1717 = CYLINDRICAL_SURFACE ( 'NONE', #1083, 1.499999999999999556 ) ;
#1718 = VECTOR ( 'NONE', #1780, 1000.000000000000114 ) ;
#1719 = EDGE_CURVE ( 'NONE', #2169, #1864, #1904, .T. ) ;
#1720 = ORIENTED_EDGE ( 'NONE', *, *, #838, .T. ) ;
#1721 = DIRECTION ( 'NONE',  ( -0.9384363492999827638, -0.3454521939610755710, 0.000000000000000000 ) ) ;
#1722 = CARTESIAN_POINT ( 'NONE',  ( 0.000000000000000000, 0.000000000000000000, 10.00000000000000000 ) ) ;
#1723 = AXIS2_PLACEMENT_3D ( 'NONE', #1144, #650, #1661 ) ;
#1724 = ORIENTED_EDGE ( 'NONE', *, *, #1456, .T. ) ;
#1725 = PRODUCT ( 'Y axis plate nut holder', 'Y axis plate nut holder', '', ( #1051 ) ) ;
#1726 = EDGE_CURVE ( 'NONE', #856, #96, #1058, .T. ) ;
#1727 = DIRECTION ( 'NONE',  ( 0.000000000000000000, 0.000000000000000000, -1.000000000000000000 ) ) ;
#1728 = ORIENTED_EDGE ( 'NONE', *, *, #1412, .T. ) ;
#1729 = CARTESIAN_POINT ( 'NONE',  ( -18.89755382205269640, 10.94266146615799862, 9.414984646248118594 ) ) ;
#1730 = DIRECTION ( 'NONE',  ( 0.000000000000000000, 0.000000000000000000, 1.000000000000000000 ) ) ;
#1731 = CARTESIAN_POINT ( 'NONE',  ( 19.37867965644035451, -10.04289321881345565, 1.630368230603218986E-16 ) ) ;
#1732 = ORIENTED_EDGE ( 'NONE', *, *, #1375, .F. ) ;
#1733 = ADVANCED_FACE ( 'NONE', ( #198 ), #550, .T. ) ;
#1734 = CARTESIAN_POINT ( 'NONE',  ( 18.69638489313445362, -9.815461631045060642, 10.00000000000000178 ) ) ;
#1735 = CARTESIAN_POINT ( 'NONE',  ( 18.79289321881344677, 10.62867965644035806, 10.00000000000000000 ) ) ;
#1736 = FACE_OUTER_BOUND ( 'NONE', #1747, .T. ) ;
#1737 = EDGE_LOOP ( 'NONE', ( #249, #1054, #1636, #2108 ) ) ;
#1738 = FACE_OUTER_BOUND ( 'NONE', #1918, .T. ) ;
#1739 = CARTESIAN_POINT ( 'NONE',  ( 3.310038649671438460, 7.782220938342131689, 3.000000000000000000 ) ) ;
#1740 = CARTESIAN_POINT ( 'NONE',  ( 20.00000000000000000, -10.25000000000000178, 0.6213203435596424962 ) ) ;
#1741 = ORIENTED_EDGE ( 'NONE', *, *, #564, .F. ) ;
#1742 = DIRECTION ( 'NONE',  ( 0.000000000000000000, 0.000000000000000000, -1.000000000000000000 ) ) ;
#1743 = CARTESIAN_POINT ( 'NONE',  ( -3.310038649671430910, -7.782220938342138794, 3.000000000000000000 ) ) ;
#1744 = ADVANCED_FACE ( 'NONE', ( #736 ), #693, .T. ) ;
#1745 = ORIENTED_EDGE ( 'NONE', *, *, #1338, .F. ) ;
#1746 = CARTESIAN_POINT ( 'NONE',  ( -3.310038649671424693, 7.782220938342127248, 3.000000000000000000 ) ) ;
#1747 = EDGE_LOOP ( 'NONE', ( #1848, #657, #655, #1491 ) ) ;
#1748 = DIRECTION ( 'NONE',  ( -0.000000000000000000, 0.000000000000000000, 1.000000000000000000 ) ) ;
#1749 = CARTESIAN_POINT ( 'NONE',  ( -18.50000000000000000, -9.750000000000001776, 10.00000000000000178 ) ) ;
#1750 = AXIS2_PLACEMENT_3D ( 'NONE', #1286, #1959, #612 ) ;
#1751 = EDGE_LOOP ( 'NONE', ( #1950, #1587, #1433 ) ) ;
#1752 = DIRECTION ( 'NONE',  ( 0.000000000000000000, 0.000000000000000000, 1.000000000000000000 ) ) ;
#1753 = ORIENTED_EDGE ( 'NONE', *, *, #636, .F. ) ;
#1754 = PLANE ( 'NONE',  #9 ) ;
#1755 = CIRCLE ( 'NONE', #121, 1.000000000000000888 ) ;
#1756 = FACE_OUTER_BOUND ( 'NONE', #1023, .T. ) ;
#1757 = ORIENTED_EDGE ( 'NONE', *, *, #154, .T. ) ;
#1758 = ADVANCED_FACE ( 'NONE', ( #1238 ), #713, .F. ) ;
#1759 = AXIS2_PLACEMENT_3D ( 'NONE', #1380, #389, #1390 ) ;
#1760 = ORIENTED_EDGE ( 'NONE', *, *, #273, .F. ) ;
#1761 = DIRECTION ( 'NONE',  ( -1.000000000000000000, 0.000000000000000000, 0.000000000000000000 ) ) ;
#1762 = CARTESIAN_POINT ( 'NONE',  ( -18.87669339561174908, 10.88008018683516909, 0.5087598432755247035 ) ) ;
#1763 = FACE_BOUND ( 'NONE', #911, .T. ) ;
#1764 = ORIENTED_EDGE ( 'NONE', *, *, #2086, .T. ) ;
#1765 = CARTESIAN_POINT ( 'NONE',  ( -2.770064366128774935, 4.653041955534337859, 3.000000000000000000 ) ) ;
#1766 = ADVANCED_FACE ( 'NONE', ( #189 ), #1411, .F. ) ;
#1767 = FACE_OUTER_BOUND ( 'NONE', #573, .T. ) ;
#1768 = EDGE_LOOP ( 'NONE', ( #2079, #1378, #193, #940, #1764, #956 ) ) ;
#1769 = CARTESIAN_POINT ( 'NONE',  ( 7.350000000000006750, 5.749999999999994671, 10.00000000000000000 ) ) ;
#1770 = CARTESIAN_POINT ( 'NONE',  ( -18.98400832844311736, -11.20202498532930413, 1.111076209074945753 ) ) ;
#1771 = ADVANCED_BREP_SHAPE_REPRESENTATION ( 'Y axis plate nut holder', ( #653, #295 ), #686 ) ;
#1772 = VERTEX_POINT ( 'NONE', #872 ) ;
#1773 = CARTESIAN_POINT ( 'NONE',  ( -19.92338913503756714, -10.22446304501254488, 8.983323540286924924 ) ) ;
#1774 = EDGE_CURVE ( 'NONE', #1779, #1061, #2056, .T. ) ;
#1775 = LINE ( 'NONE', #983, #44 ) ;
#1776 = ORIENTED_EDGE ( 'NONE', *, *, #1252, .F. ) ;
#1777 = LINE ( 'NONE', #1765, #1018 ) ;
#1778 = CARTESIAN_POINT ( 'NONE',  ( -8.729935633871210854, 6.846958044465653259, 0.000000000000000000 ) ) ;
#1779 = VERTEX_POINT ( 'NONE', #2065 ) ;
#1780 = DIRECTION ( 'NONE',  ( 0.7683885504133519673, 0.6399836213479745961, 0.000000000000000000 ) ) ;
#1781 = CARTESIAN_POINT ( 'NONE',  ( -19.92338913503757425, -10.22446304501254488, 1.016676459713085734 ) ) ;
#1782 = ORIENTED_EDGE ( 'NONE', *, *, #1644, .F. ) ;
#1783 = CARTESIAN_POINT ( 'NONE',  ( -18.93391579024984495, -11.05174737074963787, 9.251726052810694156 ) ) ;
#1784 = CARTESIAN_POINT ( 'NONE',  ( 5.750000000000003553, -5.750000000000008882, 3.000000000000000000 ) ) ;
#1785 = EDGE_CURVE ( 'NONE', #162, #254, #1213, .T. ) ;
#1786 = DIRECTION ( 'NONE',  ( 1.000000000000000000, 0.000000000000000000, 0.000000000000000000 ) ) ;
#1787 = ORIENTED_EDGE ( 'NONE', *, *, #145, .T. ) ;
#1788 = CIRCLE ( 'NONE', #1114, 1.599999999999998090 ) ;
#1789 = AXIS2_PLACEMENT_3D ( 'NONE', #1682, #1527, #1706 ) ;
#1790 = CARTESIAN_POINT ( 'NONE',  ( 20.00000000000000000, -10.25000000000000178, 8.500000000000000000 ) ) ;
#1791 = ORIENTED_EDGE ( 'NONE', *, *, #901, .T. ) ;
#1792 =( BOUNDED_CURVE ( )  B_SPLINE_CURVE ( 3, ( #748, #804, #611, #950 ),
 .UNSPECIFIED., .F., .T. ) 
 B_SPLINE_CURVE_WITH_KNOTS ( ( 4, 4 ),
 ( 3.141592653589793116, 4.712388980384689674 ),
 .UNSPECIFIED. ) 
 CURVE ( )  GEOMETRIC_REPRESENTATION_ITEM ( )  RATIONAL_B_SPLINE_CURVE ( ( 1.000000000000000000, 0.8047378541243649375, 0.8047378541243649375, 1.000000000000000000 ) ) 
 REPRESENTATION_ITEM ( '' )  );
#1793 = ORIENTED_EDGE ( 'NONE', *, *, #1426, .F. ) ;
#1794 = CARTESIAN_POINT ( 'NONE',  ( 18.69638489313444651, -9.815461631045058866, 0.000000000000000000 ) ) ;
#1795 = CARTESIAN_POINT ( 'NONE',  ( -19.99033085588038361, -10.24677695196014326, 1.303652824876658123 ) ) ;
#1796 = EDGE_LOOP ( 'NONE', ( #142, #75, #987, #747 ) ) ;
#1797 = EDGE_CURVE ( 'NONE', #2096, #446, #977, .T. ) ;
#1798 = CARTESIAN_POINT ( 'NONE',  ( -19.47747209205835262, -10.72747209205835439, 9.696393403681703660 ) ) ;
#1799 = LINE ( 'NONE', #102, #1974 ) ;
#1800 = DIRECTION ( 'NONE',  ( 0.000000000000000000, -1.000000000000000000, 0.000000000000000000 ) ) ;
#1801 = VERTEX_POINT ( 'NONE', #1739 ) ;
#1802 = CARTESIAN_POINT ( 'NONE',  ( 2.770064366128788258, 4.653041955534337859, 3.000000000000000000 ) ) ;
#1803 = ADVANCED_FACE ( 'NONE', ( #1576 ), #1416, .T. ) ;
#1804 = ORIENTED_EDGE ( 'NONE', *, *, #43, .F. ) ;
#1805 = LINE ( 'NONE', #1320, #678 ) ;
#1806 = CARTESIAN_POINT ( 'NONE',  ( -18.97446304501251291, -11.17338913503757780, 1.016676459713094616 ) ) ;
#1807 = FACE_OUTER_BOUND ( 'NONE', #948, .T. ) ;
#1808 = VERTEX_POINT ( 'NONE', #594 ) ;
#1809 = CARTESIAN_POINT ( 'NONE',  ( -18.89262189178387530, 9.880873963928108239, 0.03904101202287209998 ) ) ;
#1810 = PLANE ( 'NONE',  #1866 ) ;
#1811 = CARTESIAN_POINT ( 'NONE',  ( 20.00000000000000000, -10.25000000000000178, 0.000000000000000000 ) ) ;
#1812 = VERTEX_POINT ( 'NONE', #1617 ) ;
#1813 = CARTESIAN_POINT ( 'NONE',  ( 3.310038649671436684, -7.782220938342135241, 3.000000000000000000 ) ) ;
#1814 = CARTESIAN_POINT ( 'NONE',  ( 18.97446304501251291, -11.17338913503758313, 8.983323540286898279 ) ) ;
#1815 = ORIENTED_EDGE ( 'NONE', *, *, #1481, .F. ) ;
#1816 = CARTESIAN_POINT ( 'NONE',  ( 20.00000000000000000, -10.25000000000000178, 1.500000000000001332 ) ) ;
#1817 = ADVANCED_FACE ( 'NONE', ( #1435 ), #115, .T. ) ;
#1818 = CARTESIAN_POINT ( 'NONE',  ( -18.63088566184753603, 9.880885661848266110, 9.999999991714393133 ) ) ;
#1819 = ORIENTED_EDGE ( 'NONE', *, *, #443, .T. ) ;
#1820 = VECTOR ( 'NONE', #538, 1000.000000000000000 ) ;
#1821 = CARTESIAN_POINT ( 'NONE',  ( -4.149999999999993250, 5.749999999999994671, 10.00000000000000000 ) ) ;
#1822 = CARTESIAN_POINT ( 'NONE',  ( -20.00000000000000000, -10.25000000000000178, 0.6213203435596429403 ) ) ;
#1823 = DIRECTION ( 'NONE',  ( 1.000000000000000000, 0.000000000000000000, 0.000000000000000000 ) ) ;
#1824 = CARTESIAN_POINT ( 'NONE',  ( -20.00000000000000000, -10.25000000000000178, 1.500000000000000000 ) ) ;
#1825 = AXIS2_PLACEMENT_3D ( 'NONE', #196, #1867, #1510 ) ;
#1826 = ORIENTED_EDGE ( 'NONE', *, *, #1847, .F. ) ;
#1827 = CIRCLE ( 'NONE', #247, 1.600000000000001643 ) ;
#1828 = CARTESIAN_POINT ( 'NONE',  ( -19.00000000000000000, 11.25000000000000355, 8.500000000000000000 ) ) ;
#1829 = AXIS2_PLACEMENT_3D ( 'NONE', #684, #1659, #1541 ) ;
#1830 = DIRECTION ( 'NONE',  ( 0.000000000000000000, 1.000000000000000000, 0.000000000000000000 ) ) ;
#1831 = LINE ( 'NONE', #132, #1325 ) ;
#1832 = DIRECTION ( 'NONE',  ( 0.9384363492999827638, 0.3454521939610756265, 0.000000000000000000 ) ) ;
#1833 = ORIENTED_EDGE ( 'NONE', *, *, #2208, .T. ) ;
#1834 = EDGE_CURVE ( 'NONE', #1779, #966, #576, .T. ) ;
#1835 = DIRECTION ( 'NONE',  ( -0.000000000000000000, -0.000000000000000000, 1.000000000000000000 ) ) ;
#1836 = FACE_OUTER_BOUND ( 'NONE', #1751, .T. ) ;
#1837 = LINE ( 'NONE', #301, #758 ) ;
#1838 = ORIENTED_EDGE ( 'NONE', *, *, #1785, .T. ) ;
#1839 = CARTESIAN_POINT ( 'NONE',  ( -8.729935633871214407, -6.846958044465662141, 3.000000000000000000 ) ) ;
#1840 = CC_DESIGN_APPROVAL ( #1099, ( #57 ) ) ;
#1841 = CARTESIAN_POINT ( 'NONE',  ( 18.76509167814051438, -10.01509167814081636, 0.01258334307114855263 ) ) ;
#1842 = EDGE_LOOP ( 'NONE', ( #630, #1914, #1911, #522, #1655, #1732 ) ) ;
#1843 = CARTESIAN_POINT ( 'NONE',  ( -18.99999999993454480, 11.25000000000000355, 1.401824162344694757 ) ) ;
#1844 = CARTESIAN_POINT ( 'NONE',  ( -19.37867965644035451, -10.04289321881345565, 3.782512688074378021E-16 ) ) ;
#1845 = CARTESIAN_POINT ( 'NONE',  ( 19.18206815408044008, 10.43206815408064259, 0.1198743565469229666 ) ) ;
#1846 = CARTESIAN_POINT ( 'NONE',  ( 18.69638489313445362, 9.815461631045060642, 10.00000000000000178 ) ) ;
#1847 = EDGE_CURVE ( 'NONE', #1954, #1609, #282, .T. ) ;
#1848 = ORIENTED_EDGE ( 'NONE', *, *, #1774, .T. ) ;
#1849 = CARTESIAN_POINT ( 'NONE',  ( 5.210025716457355571, 2.620821017192208391, 0.000000000000000000 ) ) ;
#1850 = PERSON_AND_ORGANIZATION_ROLE ( 'design_supplier' ) ;
#1851 = PLANE ( 'NONE',  #1829 ) ;
#1852 = EDGE_LOOP ( 'NONE', ( #961, #1151, #1219, #339, #1600, #566 ) ) ;
#1853 = CARTESIAN_POINT ( 'NONE',  ( -19.83608291817063929, 11.08608291817061442, 0.7520711331892532270 ) ) ;
#1854 = CARTESIAN_POINT ( 'NONE',  ( 18.89755382205269640, 10.94266146615801816, 0.5850153537519103830 ) ) ;
#1855 = CARTESIAN_POINT ( 'NONE',  ( 18.98400832844311736, 11.20202498532929880, 8.888923790925090884 ) ) ;
#1856 = VERTEX_POINT ( 'NONE', #156 ) ;
#1857 = EDGE_CURVE ( 'NONE', #1812, #1072, #1497, .T. ) ;
#1858 = CARTESIAN_POINT ( 'NONE',  ( 8.729935633871223288, 6.846958044465658588, 3.000000000000000000 ) ) ;
#1859 = VECTOR ( 'NONE', #1517, 1000.000000000000000 ) ;
#1860 = ADVANCED_FACE ( 'NONE', ( #143 ), #315, .F. ) ;
#1861 = PERSON_AND_ORGANIZATION_ROLE ( 'creator' ) ;
#1862 = CARTESIAN_POINT ( 'NONE',  ( 5.750000000000003553, -5.750000000000008882, 3.000000000000000000 ) ) ;
#1863 = DIRECTION ( 'NONE',  ( -0.000000000000000000, -0.000000000000000000, 1.000000000000000000 ) ) ;
#1864 = VERTEX_POINT ( 'NONE', #1821 ) ;
#1865 = CARTESIAN_POINT ( 'NONE',  ( -19.89423066556499364, 11.14423066556502739, 0.8816249559224715870 ) ) ;
#1866 = AXIS2_PLACEMENT_3D ( 'NONE', #2131, #412, #1594 ) ;
#1867 = DIRECTION ( 'NONE',  ( 0.000000000000000000, 0.000000000000000000, 1.000000000000000000 ) ) ;
#1868 = EDGE_CURVE ( 'NONE', #1620, #2169, #648, .T. ) ;
#1869 = FACE_OUTER_BOUND ( 'NONE', #1921, .T. ) ;
#1870 = FACE_OUTER_BOUND ( 'NONE', #201, .T. ) ;
#1871 = VERTEX_POINT ( 'NONE', #1519 ) ;
#1872 = DIRECTION ( 'NONE',  ( -0.1700477988866326007, -0.9854358153090496675, 0.000000000000000000 ) ) ;
#1873 = LINE ( 'NONE', #2037, #978 ) ;
#1874 = ADVANCED_FACE ( 'NONE', ( #1026 ), #1346, .F. ) ;
#1875 = ORIENTED_EDGE ( 'NONE', *, *, #1209, .T. ) ;
#1876 = ORIENTED_EDGE ( 'NONE', *, *, #932, .F. ) ;
#1877 = DIRECTION ( 'NONE',  ( -0.000000000000000000, -0.000000000000000000, -1.000000000000000000 ) ) ;
#1878 = CARTESIAN_POINT ( 'NONE',  ( 20.00000000000000000, -10.25000000000000178, 8.500000000000000000 ) ) ;
#1879 = CARTESIAN_POINT ( 'NONE',  ( 20.00000000000000000, -10.25000000000000178, 8.500000000000000000 ) ) ;
#1880 = CARTESIAN_POINT ( 'NONE',  ( 20.00000000000000000, 10.24999999993457500, 1.401824162344702085 ) ) ;
#1881 = CARTESIAN_POINT ( 'NONE',  ( -19.83608291817064284, 11.08608291817064639, 9.247928866810784854 ) ) ;
#1882 = ORIENTED_EDGE ( 'NONE', *, *, #1889, .T. ) ;
#1883 = DIRECTION ( 'NONE',  ( -0.3454521939610758485, 0.9384363492999827638, 0.000000000000000000 ) ) ;
#1884 = DIRECTION ( 'NONE',  ( 0.000000000000000000, 0.000000000000000000, 1.000000000000000000 ) ) ;
#1885 = DIRECTION ( 'NONE',  ( -0.000000000000000000, -0.000000000000000000, -1.000000000000000000 ) ) ;
#1886 = ADVANCED_FACE ( 'NONE', ( #1509 ), #1327, .F. ) ;
#1887 = CARTESIAN_POINT ( 'NONE',  ( 3.310038649671436684, -7.782220938342135241, 0.000000000000000000 ) ) ;
#1888 = CARTESIAN_POINT ( 'NONE',  ( 8.189961350328573531, 3.717779061657867423, 3.000000000000000000 ) ) ;
#1889 = EDGE_CURVE ( 'NONE', #841, #599, #2028, .T. ) ;
#1890 = CARTESIAN_POINT ( 'NONE',  ( -4.149999999999993250, 5.749999999999994671, 3.000000000000000000 ) ) ;
#1891 = LINE ( 'NONE', #724, #1259 ) ;
#1892 = ORIENTED_EDGE ( 'NONE', *, *, #1350, .T. ) ;
#1893 = FACE_OUTER_BOUND ( 'NONE', #1768, .T. ) ;
#1894 = VERTEX_POINT ( 'NONE', #490 ) ;
#1895 = CARTESIAN_POINT ( 'NONE',  ( -20.00000000000000000, -10.25000000000000178, 8.500000000000000000 ) ) ;
#1896 = FACE_OUTER_BOUND ( 'NONE', #1262, .T. ) ;
#1897 = VERTEX_POINT ( 'NONE', #627 ) ;
#1898 = CIRCLE ( 'NONE', #934, 1.600000000000001643 ) ;
#1899 = CARTESIAN_POINT ( 'NONE',  ( 19.00000000000000000, 11.25000000000000178, 8.500000000000000000 ) ) ;
#1900 = VERTEX_POINT ( 'NONE', #2000 ) ;
#1901 = VECTOR ( 'NONE', #2192, 1000.000000000000000 ) ;
#1902 = CARTESIAN_POINT ( 'NONE',  ( -2.770064366128776268, -4.653041955534353846, 0.000000000000000000 ) ) ;
#1903 = AXIS2_PLACEMENT_3D ( 'NONE', #16, #1883, #176 ) ;
#1904 = LINE ( 'NONE', #12, #1471 ) ;
#1905 = ADVANCED_FACE ( 'NONE', ( #1189 ), #1157, .F. ) ;
#1906 = PLANE ( 'NONE',  #1253 ) ;
#1907 = ORIENTED_EDGE ( 'NONE', *, *, #484, .F. ) ;
#1908 = CARTESIAN_POINT ( 'NONE',  ( -19.00000000000000000, 11.25000000000000355, 1.500000000000000000 ) ) ;
#1909 = CARTESIAN_POINT ( 'NONE',  ( 5.750000000000003553, -5.750000000000008882, 0.000000000000000000 ) ) ;
#1910 = VECTOR ( 'NONE', #2085, 1000.000000000000000 ) ;
#1911 = ORIENTED_EDGE ( 'NONE', *, *, #1108, .F. ) ;
#1912 = DIRECTION ( 'NONE',  ( 0.000000000000000000, 0.000000000000000000, 1.000000000000000000 ) ) ;
#1913 = CARTESIAN_POINT ( 'NONE',  ( 2.770064366128790034, -4.653041955534349405, 3.000000000000000000 ) ) ;
#1914 = ORIENTED_EDGE ( 'NONE', *, *, #706, .F. ) ;
#1915 = CARTESIAN_POINT ( 'NONE',  ( -20.00000000000000000, 10.25000000000000178, 9.378679656440358059 ) ) ;
#1916 = EDGE_CURVE ( 'NONE', #68, #2165, #1606, .T. ) ;
#1917 = FACE_BOUND ( 'NONE', #882, .T. ) ;
#1918 = EDGE_LOOP ( 'NONE', ( #765, #427, #518, #1419 ) ) ;
#1919 = DIRECTION ( 'NONE',  ( 0.3454521939610754599, 0.9384363492999829859, -0.000000000000000000 ) ) ;
#1920 = CARTESIAN_POINT ( 'NONE',  ( 8.729935633871217959, -6.846958044465663917, 3.000000000000000000 ) ) ;
#1921 = EDGE_LOOP ( 'NONE', ( #1068, #526, #740, #194 ) ) ;
#1922 = DIRECTION ( 'NONE',  ( 0.1700477988866308798, -0.9854358153090498895, 0.000000000000000000 ) ) ;
#1923 = VERTEX_POINT ( 'NONE', #2019 ) ;
#1924 = LINE ( 'NONE', #1211, #1820 ) ;
#1925 = DIRECTION ( 'NONE',  ( -0.1700477988866307411, -0.9854358153090498895, 0.000000000000000000 ) ) ;
#1926 = DIRECTION ( 'NONE',  ( 0.000000000000000000, 0.000000000000000000, -1.000000000000000000 ) ) ;
#1927 = FACE_BOUND ( 'NONE', #626, .T. ) ;
#1928 = CARTESIAN_POINT ( 'NONE',  ( -19.37867965644035451, -10.04289321881345565, 10.00000000000000000 ) ) ;
#1929 = ORIENTED_EDGE ( 'NONE', *, *, #411, .F. ) ;
#1930 = EDGE_CURVE ( 'NONE', #599, #1486, #1679, .T. ) ;
#1931 = DIRECTION ( 'NONE',  ( -0.000000000000000000, -0.000000000000000000, -1.000000000000000000 ) ) ;
#1932 = CARTESIAN_POINT ( 'NONE',  ( -19.80174737074959168, -10.18391579024987870, 0.7482739471892436711 ) ) ;
#1933 = ORIENTED_EDGE ( 'NONE', *, *, #988, .F. ) ;
#1934 = VECTOR ( 'NONE', #206, 1000.000000000000000 ) ;
#1935 = DIRECTION ( 'NONE',  ( 0.000000000000000000, -0.000000000000000000, -1.000000000000000000 ) ) ;
#1936 = CIRCLE ( 'NONE', #421, 1.600000000000001643 ) ;
#1937 = DIRECTION ( 'NONE',  ( -1.000000000000000000, 0.000000000000000000, -0.000000000000000000 ) ) ;
#1938 = VERTEX_POINT ( 'NONE', #1887 ) ;
#1939 = CARTESIAN_POINT ( 'NONE',  ( 18.50000000000000000, -9.750000000000001776, 10.00000000000000178 ) ) ;
#1940 = VECTOR ( 'NONE', #104, 1000.000000000000227 ) ;
#1941 = ORIENTED_EDGE ( 'NONE', *, *, #926, .T. ) ;
#1942 = EDGE_CURVE ( 'NONE', #1592, #185, #1063, .T. ) ;
#1943 = CARTESIAN_POINT ( 'NONE',  ( -19.00000000000000000, -11.25000000000000355, 1.500000000000001332 ) ) ;
#1944 = ORIENTED_EDGE ( 'NONE', *, *, #373, .F. ) ;
#1945 = CARTESIAN_POINT ( 'NONE',  ( -19.69266146615801816, -10.14755382205266798, 9.414984646248081290 ) ) ;
#1946 = CARTESIAN_POINT ( 'NONE',  ( -20.00000000000000000, -10.25000000000000178, 8.500000000000000000 ) ) ;
#1947 = ORIENTED_EDGE ( 'NONE', *, *, #1698, .T. ) ;
#1948 = CARTESIAN_POINT ( 'NONE',  ( -20.00000000000000000, 10.25000000000000178, 0.6213203435596429403 ) ) ;
#1949 = FACE_OUTER_BOUND ( 'NONE', #1102, .T. ) ;
#1950 = ORIENTED_EDGE ( 'NONE', *, *, #1269, .F. ) ;
#1951 = EDGE_LOOP ( 'NONE', ( #2064, #1826, #416, #1753 ) ) ;
#1952 = CARTESIAN_POINT ( 'NONE',  ( -8.729935633871210854, 6.846958044465653259, 3.000000000000000000 ) ) ;
#1953 = CARTESIAN_POINT ( 'NONE',  ( -5.749999999999991118, 5.749999999999994671, 10.00000000000000000 ) ) ;
#1954 = VERTEX_POINT ( 'NONE', #1531 ) ;
#1955 = EDGE_CURVE ( 'NONE', #2127, #2006, #871, .T. ) ;
#1956 = CARTESIAN_POINT ( 'NONE',  ( -18.93391579024984495, 11.05174737074961833, 0.7482739471892797534 ) ) ;
#1957 = DIRECTION ( 'NONE',  ( 1.000000000000000000, 0.000000000000000000, -0.000000000000000000 ) ) ;
#1958 = ORIENTED_EDGE ( 'NONE', *, *, #1233, .T. ) ;
#1959 = DIRECTION ( 'NONE',  ( -0.000000000000000000, -0.000000000000000000, 1.000000000000000000 ) ) ;
#1960 = ORIENTED_EDGE ( 'NONE', *, *, #1184, .T. ) ;
#1961 = EDGE_CURVE ( 'NONE', #245, #1272, #377, .T. ) ;
#1962 = ORIENTED_EDGE ( 'NONE', *, *, #1857, .F. ) ;
#1963 = CARTESIAN_POINT ( 'NONE',  ( -2.770064366128774935, 4.653041955534337859, 0.000000000000000000 ) ) ;
#1964 = DIRECTION ( 'NONE',  ( -0.7683885504133520783, -0.6399836213479744851, 0.000000000000000000 ) ) ;
#1965 = ORIENTED_EDGE ( 'NONE', *, *, #2098, .F. ) ;
#1966 = CARTESIAN_POINT ( 'NONE',  ( -18.99677695196011484, -11.24033085588039782, 8.696347175123293027 ) ) ;
#1967 = VECTOR ( 'NONE', #2152, 1000.000000000000227 ) ;
#1968 = LINE ( 'NONE', #1283, #1977 ) ;
#1969 = DIRECTION ( 'NONE',  ( 0.9384363492999833190, 0.3454521939610741832, 0.000000000000000000 ) ) ;
#1970 = ADVANCED_FACE ( 'NONE', ( #887 ), #205, .F. ) ;
#1971 = AXIS2_PLACEMENT_3D ( 'NONE', #1524, #832, #1351 ) ;
#1972 = DIRECTION ( 'NONE',  ( 0.000000000000000000, 0.000000000000000000, 1.000000000000000000 ) ) ;
#1973 = DIRECTION ( 'NONE',  ( 0.000000000000000000, 0.000000000000000000, 1.000000000000000000 ) ) ;
#1974 = VECTOR ( 'NONE', #263, 1000.000000000000000 ) ;
#1975 = CARTESIAN_POINT ( 'NONE',  ( 19.95202498532930591, -10.23400832844308894, 1.111076209074957077 ) ) ;
#1976 = CARTESIAN_POINT ( 'NONE',  ( -18.99677695196011484, -11.24033085588038894, 1.303652824876667671 ) ) ;
#1977 = VECTOR ( 'NONE', #1122, 1000.000000000000000 ) ;
#1978 = ORIENTED_EDGE ( 'NONE', *, *, #191, .F. ) ;
#1979 = CARTESIAN_POINT ( 'NONE',  ( -18.87669339561174908, -10.88008018683515132, 9.491240156724492394 ) ) ;
#1980 = DIRECTION ( 'NONE',  ( -0.000000000000000000, -0.000000000000000000, -1.000000000000000000 ) ) ;
#1981 = LINE ( 'NONE', #1271, #1716 ) ;
#1982 = CARTESIAN_POINT ( 'NONE',  ( -18.50000000000000000, 9.750000000000001776, 0.000000000000000000 ) ) ;
#1983 = EDGE_CURVE ( 'NONE', #355, #64, #1572, .T. ) ;
#1984 = FACE_OUTER_BOUND ( 'NONE', #1397, .T. ) ;
#1985 = CARTESIAN_POINT ( 'NONE',  ( -6.289974283542651534, -8.879178982807793830, 0.000000000000000000 ) ) ;
#1986 = FACE_OUTER_BOUND ( 'NONE', #71, .T. ) ;
#1987 = CARTESIAN_POINT ( 'NONE',  ( 19.99999999403525663, -11.24999999403516959, 1.336127601288188860 ) ) ;
#1988 = CARTESIAN_POINT ( 'NONE',  ( -19.42182014166901993, 10.05727338055639031, 9.699500201890618456 ) ) ;
#1989 = ORIENTED_EDGE ( 'NONE', *, *, #541, .T. ) ;
#1990 = CARTESIAN_POINT ( 'NONE',  ( -18.69638489313444651, 9.815461631045058866, 0.000000000000000000 ) ) ;
#1991 = CARTESIAN_POINT ( 'NONE',  ( 2.770064366128788258, 4.653041955534337859, 3.000000000000000000 ) ) ;
#1992 = DIRECTION ( 'NONE',  ( -0.000000000000000000, -0.000000000000000000, 1.000000000000000000 ) ) ;
#1993 = ORIENTED_EDGE ( 'NONE', *, *, #2008, .F. ) ;
#1994 = CARTESIAN_POINT ( 'NONE',  ( 19.83608291817064284, -11.08608291817064639, 9.247928866810784854 ) ) ;
#1995 = DIRECTION ( 'NONE',  ( -0.1700477988866301582, 0.9854358153090500005, 0.000000000000000000 ) ) ;
#1996 = EDGE_CURVE ( 'NONE', #1897, #1954, #2115, .T. ) ;
#1997 = CARTESIAN_POINT ( 'NONE',  ( 3.310038649671438460, 7.782220938342131689, 3.000000000000000000 ) ) ;
#1998 = CARTESIAN_POINT ( 'NONE',  ( 18.93391579024984495, -11.05174737074961833, 0.7482739471892797534 ) ) ;
#1999 = VERTEX_POINT ( 'NONE', #902 ) ;
#2000 = CARTESIAN_POINT ( 'NONE',  ( -5.050000000000002487, 0.000000000000000000, 0.000000000000000000 ) ) ;
#2001 = CARTESIAN_POINT ( 'NONE',  ( 20.00000000000000355, 11.25000000000000355, 8.500000000000001776 ) ) ;
#2002 = CARTESIAN_POINT ( 'NONE',  ( 18.79289321881344677, 10.62867965644035806, 5.950917033045384917E-16 ) ) ;
#2003 = ORIENTED_EDGE ( 'NONE', *, *, #533, .T. ) ;
#2004 = VECTOR ( 'NONE', #1236, 1000.000000000000114 ) ;
#2005 = FACE_OUTER_BOUND ( 'NONE', #1092, .T. ) ;
#2006 = VERTEX_POINT ( 'NONE', #6 ) ;
#2007 = AXIS2_PLACEMENT_3D ( 'NONE', #830, #333, #475 ) ;
#2008 = EDGE_CURVE ( 'NONE', #1061, #2127, #1116, .T. ) ;
#2009 = CARTESIAN_POINT ( 'NONE',  ( -19.95202498532930591, 10.23400832844308894, 1.111076209074957077 ) ) ;
#2010 = LOCAL_TIME ( 13, 40, 33.00000000000000000, #1186 ) ;
#2011 = CARTESIAN_POINT ( 'NONE',  ( 5.750000000000003553, -5.750000000000008882, 10.00000000000000000 ) ) ;
#2012 = CARTESIAN_POINT ( 'NONE',  ( 19.70222549624765307, 10.95222549624768504, 0.5344396751803838219 ) ) ;
#2013 = CARTESIAN_POINT ( 'NONE',  ( -19.00000000000000000, 11.25000000000000178, 1.500000000000000000 ) ) ;
#2014 = VECTOR ( 'NONE', #979, 1000.000000000000000 ) ;
#2015 = ORIENTED_EDGE ( 'NONE', *, *, #778, .F. ) ;
#2016 = CARTESIAN_POINT ( 'NONE',  ( -2.770064366128776268, -4.653041955534353846, 3.000000000000000000 ) ) ;
#2017 = PLANE ( 'NONE',  #1710 ) ;
#2018 = ORIENTED_EDGE ( 'NONE', *, *, #2161, .F. ) ;
#2019 = CARTESIAN_POINT ( 'NONE',  ( 3.310038649671436684, -7.782220938342135241, 3.000000000000000000 ) ) ;
#2020 = ADVANCED_FACE ( 'NONE', ( #719, #348 ), #2083, .T. ) ;
#2021 = PLANE ( 'NONE',  #609 ) ;
#2022 = CARTESIAN_POINT ( 'NONE',  ( 19.47747209205835262, 10.72747209205835439, 9.696393403681703660 ) ) ;
#2023 = ORIENTED_EDGE ( 'NONE', *, *, #1256, .F. ) ;
#2024 = CARTESIAN_POINT ( 'NONE',  ( -3.310038649671430910, -7.782220938342138794, 0.000000000000000000 ) ) ;
#2025 = APPROVAL_DATE_TIME ( #844, #461 ) ;
#2026 = DIRECTION ( 'NONE',  ( -0.000000000000000000, -0.000000000000000000, 1.000000000000000000 ) ) ;
#2027 = VERTEX_POINT ( 'NONE', #1367 ) ;
#2028 = LINE ( 'NONE', #134, #2014 ) ;
#2029 = CARTESIAN_POINT ( 'NONE',  ( -18.50000000000000000, -9.750000000000001776, 0.000000000000000000 ) ) ;
#2030 = LINE ( 'NONE', #1699, #1356 ) ;
#2031 = CARTESIAN_POINT ( 'NONE',  ( -18.50000000000000000, -9.750000000000001776, 0.000000000000000000 ) ) ;
#2032 = CARTESIAN_POINT ( 'NONE',  ( 18.87669339561174908, 10.88008018683515132, 9.491240156724492394 ) ) ;
#2033 = EDGE_CURVE ( 'NONE', #818, #1235, #733, .T. ) ;
#2034 = CARTESIAN_POINT ( 'NONE',  ( 7.350000000000005862, -5.750000000000008882, 3.000000000000000000 ) ) ;
#2035 = ORIENTED_EDGE ( 'NONE', *, *, #2128, .T. ) ;
#2036 = CALENDAR_DATE ( 2022, 14, 4 ) ;
#2037 = CARTESIAN_POINT ( 'NONE',  ( -5.210025716457341360, 2.620821017192209279, 0.000000000000000000 ) ) ;
#2038 = CARTESIAN_POINT ( 'NONE',  ( 20.00000000000000000, -10.25000000000000178, 9.378679656440358059 ) ) ;
#2039 = VECTOR ( 'NONE', #222, 1000.000000000000000 ) ;
#2040 = ORIENTED_EDGE ( 'NONE', *, *, #541, .F. ) ;
#2041 = ORIENTED_EDGE ( 'NONE', *, *, #1184, .F. ) ;
#2042 = CC_DESIGN_PERSON_AND_ORGANIZATION_ASSIGNMENT ( #1334, #697, ( #1725 ) ) ;
#2043 = CARTESIAN_POINT ( 'NONE',  ( -8.189961350328561096, 3.717779061657866535, 3.000000000000000000 ) ) ;
#2044 = CARTESIAN_POINT ( 'NONE',  ( 19.42182014166898796, 10.05727338055639031, 0.3004997981093520121 ) ) ;
#2045 = CARTESIAN_POINT ( 'NONE',  ( -18.98400832844311736, 11.20202498532929880, 8.888923790925090884 ) ) ;
#2046 = CARTESIAN_POINT ( 'NONE',  ( 18.56546163104454195, 9.946384893134350591, 10.00000000000000178 ) ) ;
#2047 = AXIS2_PLACEMENT_3D ( 'NONE', #1126, #597, #1438 ) ;
#2048 = DIRECTION ( 'NONE',  ( -0.1700477988866310186, 0.9854358153090498895, 0.000000000000000000 ) ) ;
#2049 = EDGE_CURVE ( 'NONE', #49, #1243, #1202, .T. ) ;
#2050 = PERSON_AND_ORGANIZATION ( #1656, #1201 ) ;
#2051 = CARTESIAN_POINT ( 'NONE',  ( -19.00000000000000000, -11.25000000000000178, 8.500000000000000000 ) ) ;
#2052 =( BOUNDED_CURVE ( )  B_SPLINE_CURVE ( 3, ( #2174, #673, #299, #1160 ),
 .UNSPECIFIED., .F., .T. ) 
 B_SPLINE_CURVE_WITH_KNOTS ( ( 4, 4 ),
 ( 1.570796326794896558, 3.141592653589793116 ),
 .UNSPECIFIED. ) 
 CURVE ( )  GEOMETRIC_REPRESENTATION_ITEM ( )  RATIONAL_B_SPLINE_CURVE ( ( 1.000000000000000000, 0.8047378541243649375, 0.8047378541243649375, 1.000000000000000000 ) ) 
 REPRESENTATION_ITEM ( '' )  );
#2053 = CARTESIAN_POINT ( 'NONE',  ( -6.289974283542651534, -8.879178982807793830, 3.000000000000000000 ) ) ;
#2054 = CC_DESIGN_PERSON_AND_ORGANIZATION_ASSIGNMENT ( #510, #2180, ( #2097 ) ) ;
#2055 = CARTESIAN_POINT ( 'NONE',  ( -18.93391579024984495, 11.05174737074963787, 9.251726052810694156 ) ) ;
#2056 = LINE ( 'NONE', #539, #1542 ) ;
#2057 = CARTESIAN_POINT ( 'NONE',  ( -5.749999999999991118, 5.749999999999994671, 3.000000000000000000 ) ) ;
#2058 = SECURITY_CLASSIFICATION_LEVEL ( 'unclassified' ) ;
#2059 = CARTESIAN_POINT ( 'NONE',  ( -8.189961350328561096, -3.717779061657874085, 3.000000000000000000 ) ) ;
#2060 = ADVANCED_FACE ( 'NONE', ( #1228 ), #1571, .T. ) ;
#2061 = EDGE_CURVE ( 'NONE', #314, #1900, #898, .T. ) ;
#2062 = CARTESIAN_POINT ( 'NONE',  ( -19.42182014166898796, -10.05727338055639031, 0.3004997981093520121 ) ) ;
#2063 = DIRECTION ( 'NONE',  ( 0.000000000000000000, 0.000000000000000000, 1.000000000000000000 ) ) ;
#2064 = ORIENTED_EDGE ( 'NONE', *, *, #298, .T. ) ;
#2065 = CARTESIAN_POINT ( 'NONE',  ( 20.00000000000000000, 10.25000000000000178, 1.500000000000000000 ) ) ;
#2066 = DIRECTION ( 'NONE',  ( 0.000000000000000000, 0.000000000000000000, 1.000000000000000000 ) ) ;
#2067 = CARTESIAN_POINT ( 'NONE',  ( 6.289974283542653311, 8.879178982807790277, 0.000000000000000000 ) ) ;
#2068 = PLANE ( 'NONE',  #1671 ) ;
#2069 = VECTOR ( 'NONE', #1298, 1000.000000000000114 ) ;
#2070 = AXIS2_PLACEMENT_3D ( 'NONE', #1070, #1931, #741 ) ;
#2071 = CARTESIAN_POINT ( 'NONE',  ( -19.03730720407656207, -10.28730720407624766, 0.07125415900028610194 ) ) ;
#2072 = ORIENTED_EDGE ( 'NONE', *, *, #191, .T. ) ;
#2073 = VECTOR ( 'NONE', #257, 1000.000000000000000 ) ;
#2074 = EDGE_CURVE ( 'NONE', #825, #1856, #386, .T. ) ;
#2075 = DIRECTION ( 'NONE',  ( 0.000000000000000000, -1.000000000000000000, -0.000000000000000000 ) ) ;
#2076 = CARTESIAN_POINT ( 'NONE',  ( -4.149999999999993250, -5.750000000000005329, 0.000000000000000000 ) ) ;
#2077 = AXIS2_PLACEMENT_3D ( 'NONE', #1123, #1458, #959 ) ;
#2078 = CARTESIAN_POINT ( 'NONE',  ( -5.050000000000002487, 0.000000000000000000, 10.00000000000000000 ) ) ;
#2079 = ORIENTED_EDGE ( 'NONE', *, *, #710, .T. ) ;
#2080 = VECTOR ( 'NONE', #349, 1000.000000000000000 ) ;
#2081 = CARTESIAN_POINT ( 'NONE',  ( 0.000000000000000000, 0.000000000000000000, 0.000000000000000000 ) ) ;
#2082 = VECTOR ( 'NONE', #547, 1000.000000000000114 ) ;
#2083 = PLANE ( 'NONE',  #152 ) ;
#2084 = ORIENTED_EDGE ( 'NONE', *, *, #1774, .F. ) ;
#2085 = DIRECTION ( 'NONE',  ( -0.000000000000000000, -0.000000000000000000, -1.000000000000000000 ) ) ;
#2086 = EDGE_CURVE ( 'NONE', #879, #953, #923, .T. ) ;
#2087 = CARTESIAN_POINT ( 'NONE',  ( 2.770064366128790034, -4.653041955534351182, 0.000000000000000000 ) ) ;
#2088 = EDGE_CURVE ( 'NONE', #953, #1923, #419, .T. ) ;
#2089 = ORIENTED_EDGE ( 'NONE', *, *, #1196, .F. ) ;
#2090 = CARTESIAN_POINT ( 'NONE',  ( 19.03730720407672194, -10.28730720407616772, 9.928745840999699368 ) ) ;
#2091 = CARTESIAN_POINT ( 'NONE',  ( -8.189961350328561096, -3.717779061657874085, 3.000000000000000000 ) ) ;
#2092 = ORIENTED_EDGE ( 'NONE', *, *, #1668, .T. ) ;
#2093 = CARTESIAN_POINT ( 'NONE',  ( 4.150000000000003020, 5.749999999999994671, 3.000000000000000000 ) ) ;
#2094 = VERTEX_POINT ( 'NONE', #397 ) ;
#2095 = CARTESIAN_POINT ( 'NONE',  ( -8.729935633871214407, -6.846958044465662141, 3.000000000000000000 ) ) ;
#2096 = VERTEX_POINT ( 'NONE', #2101 ) ;
#2097 = SECURITY_CLASSIFICATION ( '', '', #2058 ) ;
#2098 = EDGE_CURVE ( 'NONE', #1812, #1272, #964, .T. ) ;
#2099 = CARTESIAN_POINT ( 'NONE',  ( 18.50000000000000000, -9.750000000000001776, 10.00000000000000000 ) ) ;
#2100 = ORIENTED_EDGE ( 'NONE', *, *, #69, .F. ) ;
#2101 = CARTESIAN_POINT ( 'NONE',  ( -18.50000000000000000, 9.750000000000001776, 10.00000000000000000 ) ) ;
#2102 = CC_DESIGN_APPROVAL ( #1176, ( #2097 ) ) ;
#2103 = ORIENTED_EDGE ( 'NONE', *, *, #2033, .T. ) ;
#2104 = VECTOR ( 'NONE', #793, 1000.000000000000114 ) ;
#2105 = CARTESIAN_POINT ( 'NONE',  ( -18.80727338055631392, -10.67182014166916559, 9.699500201890478124 ) ) ;
#2106 = VECTOR ( 'NONE', #1532, 1000.000000000000114 ) ;
#2107 = CYLINDRICAL_SURFACE ( 'NONE', #184, 1.600000000000001643 ) ;
#2108 = ORIENTED_EDGE ( 'NONE', *, *, #2049, .T. ) ;
#2109 = DIRECTION ( 'NONE',  ( -0.9384363492999833190, -0.3454521939610741832, 0.000000000000000000 ) ) ;
#2110 = ADVANCED_FACE ( 'NONE', ( #1591 ), #1451, .F. ) ;
#2111 = EDGE_LOOP ( 'NONE', ( #1245, #1804, #1962, #1707 ) ) ;
#2112 = CARTESIAN_POINT ( 'NONE',  ( -18.97446304501251291, 11.17338913503758313, 8.983323540286898279 ) ) ;
#2113 = CARTESIAN_POINT ( 'NONE',  ( 0.000000000000000000, 0.000000000000000000, 0.000000000000000000 ) ) ;
#2114 = ORIENTED_EDGE ( 'NONE', *, *, #1338, .T. ) ;
#2115 = CIRCLE ( 'NONE', #1166, 1.000000000000000888 ) ;
#2116 = CARTESIAN_POINT ( 'NONE',  ( -18.50000000000000000, 9.750000000000001776, 0.000000000000000000 ) ) ;
#2117 = CARTESIAN_POINT ( 'NONE',  ( 18.50000000000000000, 0.000000000000000000, 10.00000000000000000 ) ) ;
#2118 =( BOUNDED_CURVE ( )  B_SPLINE_CURVE ( 3, ( #1689, #23, #165, #851 ),
 .UNSPECIFIED., .F., .F. ) 
 B_SPLINE_CURVE_WITH_KNOTS ( ( 4, 4 ),
 ( 1.570796326794896558, 3.141592653589793116 ),
 .UNSPECIFIED. ) 
 CURVE ( )  GEOMETRIC_REPRESENTATION_ITEM ( )  RATIONAL_B_SPLINE_CURVE ( ( 1.000000000000000000, 0.8047378541243649375, 0.8047378541243649375, 1.000000000000000000 ) ) 
 REPRESENTATION_ITEM ( '' )  );
#2119 = CARTESIAN_POINT ( 'NONE',  ( 19.37867965644035451, 10.04289321881345565, 1.630368230603218986E-16 ) ) ;
#2120 = EDGE_CURVE ( 'NONE', #1864, #1101, #1788, .T. ) ;
#2121 = ORIENTED_EDGE ( 'NONE', *, *, #2161, .T. ) ;
#2122 = CARTESIAN_POINT ( 'NONE',  ( 19.97720566989048407, -11.22720566989045743, 8.824924596068164817 ) ) ;
#2123 = ORIENTED_EDGE ( 'NONE', *, *, #1719, .F. ) ;
#2124 = ORIENTED_EDGE ( 'NONE', *, *, #778, .T. ) ;
#2125 = DIRECTION ( 'NONE',  ( -0.000000000000000000, -1.000000000000000000, 0.000000000000000000 ) ) ;
#2126 = CARTESIAN_POINT ( 'NONE',  ( -19.63008018683522948, -10.12669339561171888, 0.5087598432755916500 ) ) ;
#2127 = VERTEX_POINT ( 'NONE', #107 ) ;
#2128 = EDGE_CURVE ( 'NONE', #1703, #1562, #40, .T. ) ;
#2129 = CARTESIAN_POINT ( 'NONE',  ( -19.89423066556499720, -11.14423066556502739, 9.118375044077602354 ) ) ;
#2130 = LINE ( 'NONE', #1145, #177 ) ;
#2131 = CARTESIAN_POINT ( 'NONE',  ( 0.000000000000000000, 0.000000000000000000, 3.000000000000000000 ) ) ;
#2132 = CARTESIAN_POINT ( 'NONE',  ( 8.189961350328573531, 3.717779061657867423, 0.000000000000000000 ) ) ;
#2133 = AXIS2_PLACEMENT_3D ( 'NONE', #689, #1358, #8 ) ;
#2134 = CARTESIAN_POINT ( 'NONE',  ( 19.80174737074959168, -10.18391579024987870, 0.7482739471892436711 ) ) ;
#2135 = CARTESIAN_POINT ( 'NONE',  ( -18.89755382205269640, -10.94266146615801816, 0.5850153537519103830 ) ) ;
#2136 = EDGE_LOOP ( 'NONE', ( #1724, #1787, #2084, #1032 ) ) ;
#2137 = CARTESIAN_POINT ( 'NONE',  ( -19.03730720407672194, -10.28730720407616772, 9.928745840999699368 ) ) ;
#2138 = EDGE_CURVE ( 'NONE', #770, #2006, #773, .T. ) ;
#2139 = VECTOR ( 'NONE', #1366, 1000.000000000000000 ) ;
#2140 = FACE_OUTER_BOUND ( 'NONE', #2136, .T. ) ;
#2141 = VERTEX_POINT ( 'NONE', #2091 ) ;
#2142 = CIRCLE ( 'NONE', #116, 1.599999999999998090 ) ;
#2143 = CARTESIAN_POINT ( 'NONE',  ( 8.729935633871223288, 6.846958044465658588, 3.000000000000000000 ) ) ;
#2144 = AXIS2_PLACEMENT_3D ( 'NONE', #309, #1512, #1040 ) ;
#2145 = LINE ( 'NONE', #1985, #2069 ) ;
#2146 = PRODUCT_RELATED_PRODUCT_CATEGORY ( 'detail', '', ( #1725 ) ) ;
#2147 = CARTESIAN_POINT ( 'NONE',  ( 20.00000000000000000, -10.24999999993457500, 1.401824162344702085 ) ) ;
#2148 = CARTESIAN_POINT ( 'NONE',  ( -19.18206815408043653, 10.43206815408063903, 9.880125643453036233 ) ) ;
#2149 = ORIENTED_EDGE ( 'NONE', *, *, #457, .T. ) ;
#2150 = CARTESIAN_POINT ( 'NONE',  ( -18.97446304501251291, -11.17338913503758313, 8.983323540286898279 ) ) ;
#2151 = PLANE ( 'NONE',  #672 ) ;
#2152 = DIRECTION ( 'NONE',  ( -0.1700477988866307688, -0.9854358153090498895, 0.000000000000000000 ) ) ;
#2153 = CARTESIAN_POINT ( 'NONE',  ( 3.310038649671436684, -7.782220938342135241, 3.000000000000000000 ) ) ;
#2154 = EDGE_LOOP ( 'NONE', ( #1254, #392, #2188, #583 ) ) ;
#2155 = ADVANCED_FACE ( 'NONE', ( #557 ), #340, .T. ) ;
#2156 = CARTESIAN_POINT ( 'NONE',  ( -3.310038649671424693, 7.782220938342127248, 3.000000000000000000 ) ) ;
#2157 = CARTESIAN_POINT ( 'NONE',  ( 20.00000000000000000, -10.24999999993457500, 8.598175837655334774 ) ) ;
#2158 = CARTESIAN_POINT ( 'NONE',  ( 3.310038649671438460, 7.782220938342131689, 0.000000000000000000 ) ) ;
#2159 = CARTESIAN_POINT ( 'NONE',  ( 18.97446304501251291, -11.17338913503757780, 1.016676459713094616 ) ) ;
#2160 = EDGE_LOOP ( 'NONE', ( #670, #1604, #361, #372 ) ) ;
#2161 = EDGE_CURVE ( 'NONE', #856, #355, #11, .T. ) ;
#2162 = CARTESIAN_POINT ( 'NONE',  ( -19.70222549624765307, 10.95222549624768504, 0.5344396751803821566 ) ) ;
#2163 = CARTESIAN_POINT ( 'NONE',  ( 19.69266146615803592, 10.14755382205266798, 0.5850153537519463542 ) ) ;
#2164 = CARTESIAN_POINT ( 'NONE',  ( 19.99999999403525308, 11.24999999403517137, 8.663872398711866651 ) ) ;
#2165 = VERTEX_POINT ( 'NONE', #1769 ) ;
#2166 = CARTESIAN_POINT ( 'NONE',  ( 19.89423066556499720, -11.14423066556502739, 9.118375044077602354 ) ) ;
#2167 = EDGE_CURVE ( 'NONE', #1237, #1243, #675, .T. ) ;
#2168 = ORIENTED_EDGE ( 'NONE', *, *, #172, .T. ) ;
#2169 = VERTEX_POINT ( 'NONE', #1890 ) ;
#2170 = CARTESIAN_POINT ( 'NONE',  ( 19.84824946249628752, -10.19941648749874474, 0.8352732431916417566 ) ) ;
#2171 = EDGE_LOOP ( 'NONE', ( #1319, #1947 ) ) ;
#2172 = CARTESIAN_POINT ( 'NONE',  ( 5.750000000000005329, 5.749999999999994671, 10.00000000000000000 ) ) ;
#2173 = CARTESIAN_POINT ( 'NONE',  ( -7.349999999999996092, -5.750000000000005329, 0.000000000000000000 ) ) ;
#2174 = CARTESIAN_POINT ( 'NONE',  ( -18.50000000000000000, -9.750000000000001776, 0.000000000000000000 ) ) ;
#2175 = CARTESIAN_POINT ( 'NONE',  ( 18.69638489313444651, 9.815461631045058866, 0.000000000000000000 ) ) ;
#2176 = CARTESIAN_POINT ( 'NONE',  ( 18.93391579024984495, 11.05174737074963787, 9.251726052810694156 ) ) ;
#2177 = ORIENTED_EDGE ( 'NONE', *, *, #69, .T. ) ;
#2178 = FACE_OUTER_BOUND ( 'NONE', #544, .T. ) ;
#2179 = AXIS2_PLACEMENT_3D ( 'NONE', #1862, #1354, #855 ) ;
#2180 = PERSON_AND_ORGANIZATION_ROLE ( 'classification_officer' ) ;
#2181 = CARTESIAN_POINT ( 'NONE',  ( -20.00000000000000000, -10.25000000000000178, 0.000000000000000000 ) ) ;
#2182 = EDGE_CURVE ( 'NONE', #1486, #917, #1534, .T. ) ;
#2183 = ORIENTED_EDGE ( 'NONE', *, *, #311, .F. ) ;
#2184 = EDGE_CURVE ( 'NONE', #1894, #1168, #922, .T. ) ;
#2185 = CIRCLE ( 'NONE', #1677, 1.000000000000000888 ) ;
#2186 = DIRECTION ( 'NONE',  ( 1.000000000000000000, 0.000000000000000000, 0.000000000000000000 ) ) ;
#2187 = CARTESIAN_POINT ( 'NONE',  ( 19.92338913503756714, 10.22446304501254488, 8.983323540286924924 ) ) ;
#2188 = ORIENTED_EDGE ( 'NONE', *, *, #256, .F. ) ;
#2189 = DIRECTION ( 'NONE',  ( -0.000000000000000000, -0.000000000000000000, -1.000000000000000000 ) ) ;
#2190 = ORIENTED_EDGE ( 'NONE', *, *, #1797, .T. ) ;
#2191 = DATE_TIME_ROLE ( 'classification_date' ) ;
#2192 = DIRECTION ( 'NONE',  ( 0.000000000000000000, 1.000000000000000000, -0.000000000000000000 ) ) ;
#2193 = VERTEX_POINT ( 'NONE', #515 ) ;
#2194 = DIRECTION ( 'NONE',  ( 1.000000000000000000, 0.000000000000000000, -0.000000000000000000 ) ) ;
#2195 = LINE ( 'NONE', #1037, #1152 ) ;
#2196 = EDGE_CURVE ( 'NONE', #1583, #913, #1370, .T. ) ;
#2197 = CARTESIAN_POINT ( 'NONE',  ( 19.80174737074959168, 10.18391579024987870, 0.7482739471892436711 ) ) ;
#2198 = CARTESIAN_POINT ( 'NONE',  ( 18.89755382205269640, 10.94266146615799862, 9.414984646248118594 ) ) ;
#2199 = DIRECTION ( 'NONE',  ( 0.9384363492999828749, -0.3454521939610754044, 0.000000000000000000 ) ) ;
#2200 = CALENDAR_DATE ( 2022, 14, 4 ) ;
#2201 = DIRECTION ( 'NONE',  ( -1.000000000000000000, 0.000000000000000000, 0.000000000000000000 ) ) ;
#2202 = ORIENTED_EDGE ( 'NONE', *, *, #226, .F. ) ;
#2203 = ORIENTED_EDGE ( 'NONE', *, *, #1955, .T. ) ;
#2204 = DIRECTION ( 'NONE',  ( 1.000000000000000000, 0.000000000000000000, 0.000000000000000000 ) ) ;
#2205 = DIRECTION ( 'NONE',  ( 0.9854358153090500005, 0.1700477988866308798, -0.000000000000000000 ) ) ;
#2206 = CARTESIAN_POINT ( 'NONE',  ( 19.83608291817063929, 11.08608291817061442, 0.7520711331892511176 ) ) ;
#2207 = CARTESIAN_POINT ( 'NONE',  ( 19.99033085588039427, 10.24677695196014326, 8.696347175123293027 ) ) ;
#2208 = EDGE_CURVE ( 'NONE', #1592, #289, #1046, .T. ) ;
#2209 = ORIENTED_EDGE ( 'NONE', *, *, #679, .T. ) ;
#2210 = CARTESIAN_POINT ( 'NONE',  ( -19.00000000000000000, -9.750000000000001776, 0.000000000000000000 ) ) ;
#2211 = DIRECTION ( 'NONE',  ( 0.9854358153090500005, -0.1700477988866307966, 0.000000000000000000 ) ) ;
ENDSEC;
END-ISO-10303-21;
