ISO-10303-21;
HEADER;
FILE_DESCRIPTION (( 'STEP AP214' ),
    '1' );
FILE_NAME ('Bowden Inlet with switchfor 2020.STEP',
    '2020-10-14T15:30:30',
    ( '' ),
    ( '' ),
    'SwSTEP 2.0',
    'SolidWorks 2020',
    '' );
FILE_SCHEMA (( 'AUTOMOTIVE_DESIGN' ));
ENDSEC;

DATA;
#1 = LINE ( 'NONE', #2374, #1182 ) ;
#2 = DIRECTION ( 'NONE',  ( -1.000000000000000000, 0.000000000000000000, 1.734723475976808820E-16 ) ) ;
#3 = EDGE_CURVE ( 'NONE', #595, #1376, #2852, .T. ) ;
#4 = ORIENTED_EDGE ( 'NONE', *, *, #526, .T. ) ;
#5 = VECTOR ( 'NONE', #1051, 1000.000000000000000 ) ;
#6 = EDGE_CURVE ( 'NONE', #3147, #4172, #371, .T. ) ;
#7 = LINE ( 'NONE', #4079, #3357 ) ;
#8 = CARTESIAN_POINT ( 'NONE',  ( 15.00000000000000000, 7.968626966596882077, -8.999999999999994671 ) ) ;
#9 = EDGE_CURVE ( 'NONE', #1120, #663, #4265, .T. ) ;
#10 = CARTESIAN_POINT ( 'NONE',  ( 15.99999999999999289, 27.99999999999999645, -20.49999999999999645 ) ) ;
#11 = VECTOR ( 'NONE', #4324, 1000.000000000000000 ) ;
#12 = ORIENTED_EDGE ( 'NONE', *, *, #939, .T. ) ;
#13 = CARTESIAN_POINT ( 'NONE',  ( -0.3184413723156394593, 19.01581370790608716, -3.257777917221454267 ) ) ;
#14 = ORIENTED_EDGE ( 'NONE', *, *, #1631, .F. ) ;
#15 = DIRECTION ( 'NONE',  ( 1.000000000000000000, 0.000000000000000000, 0.000000000000000000 ) ) ;
#16 = ADVANCED_FACE ( 'NONE', ( #573 ), #3930, .F. ) ;
#17 = UNCERTAINTY_MEASURE_WITH_UNIT (LENGTH_MEASURE( 1.000000000000000082E-05 ), #487, 'distance_accuracy_value', 'NONE');
#18 = DIRECTION ( 'NONE',  ( -1.734723475976807587E-16, -0.000000000000000000, -1.000000000000000000 ) ) ;
#19 = CARTESIAN_POINT ( 'NONE',  ( 24.98099919820321446, 18.19999999999999929, -5.500000000000001776 ) ) ;
#20 = EDGE_LOOP ( 'NONE', ( #2487, #2733, #891 ) ) ;
#21 = FACE_BOUND ( 'NONE', #3219, .T. ) ;
#22 = DIRECTION ( 'NONE',  ( -4.261423326039852365E-49, 8.597901537443017788E-33, -1.000000000000000000 ) ) ;
#23 = ORIENTED_EDGE ( 'NONE', *, *, #860, .F. ) ;
#24 = ORIENTED_EDGE ( 'NONE', *, *, #1824, .T. ) ;
#25 = DIRECTION ( 'NONE',  ( 0.000000000000000000, 0.000000000000000000, -1.000000000000000000 ) ) ;
#26 = DIRECTION ( 'NONE',  ( -6.938893903907229364E-16, 1.000000000000000000, 1.203706215242022846E-31 ) ) ;
#27 = CARTESIAN_POINT ( 'NONE',  ( 30.58137407206362468, 13.13012705705962802, -5.500000000000002665 ) ) ;
#28 = DIRECTION ( 'NONE',  ( -0.000000000000000000, -1.000000000000000000, -0.000000000000000000 ) ) ;
#29 = ADVANCED_FACE ( 'NONE', ( #238 ), #2939, .T. ) ;
#30 = VERTEX_POINT ( 'NONE', #1944 ) ;
#31 = CARTESIAN_POINT ( 'NONE',  ( 22.98099919820321446, 39.19999999999999574, -5.500000000000001776 ) ) ;
#32 = EDGE_CURVE ( 'NONE', #324, #2150, #2614, .T. ) ;
#33 = ORIENTED_EDGE ( 'NONE', *, *, #3810, .F. ) ;
#34 = CARTESIAN_POINT ( 'NONE',  ( 17.49999999999999645, 54.00000000000000000, -5.999999999999999112 ) ) ;
#35 = CARTESIAN_POINT ( 'NONE',  ( 15.00000000000000000, 14.18600732609549198, -9.999999999999996447 ) ) ;
#36 = CARTESIAN_POINT ( 'NONE',  ( 19.99999999999999645, 61.00000000000000000, -7.999999999999998224 ) ) ;
#37 = AXIS2_PLACEMENT_3D ( 'NONE', #664, #686, #2699 ) ;
#38 = EDGE_LOOP ( 'NONE', ( #883, #1685, #651, #493 ) ) ;
#39 = CIRCLE ( 'NONE', #1455, 0.5000000000000004441 ) ;
#40 = CARTESIAN_POINT ( 'NONE',  ( -0.000000000000000000, 0.5000000000000000000, -3.000000000000000000 ) ) ;
#41 = CARTESIAN_POINT ( 'NONE',  ( 10.00000000000000000, 54.00000000000000000, -17.49999999999999645 ) ) ;
#42 = ORIENTED_EDGE ( 'NONE', *, *, #4362, .F. ) ;
#43 = ORIENTED_EDGE ( 'NONE', *, *, #975, .T. ) ;
#44 = CARTESIAN_POINT ( 'NONE',  ( 15.00000000000000000, 4.000000000000000000, -9.999999999999996447 ) ) ;
#45 = CIRCLE ( 'NONE', #1328, 1.000000000000000888 ) ;
#46 = CARTESIAN_POINT ( 'NONE',  ( 30.00000000000000000, 54.00000000000000000, -5.510910596163088767E-15 ) ) ;
#47 = ADVANCED_FACE ( 'NONE', ( #910 ), #1234, .F. ) ;
#48 = DIRECTION ( 'NONE',  ( 0.000000000000000000, -1.000000000000000000, 0.000000000000000000 ) ) ;
#49 = CIRCLE ( 'NONE', #2885, 1.008668466919984352 ) ;
#50 = CARTESIAN_POINT ( 'NONE',  ( 0.5000000000000000000, 0.5000000000000000000, -7.999999999999928946 ) ) ;
#51 = VECTOR ( 'NONE', #2831, 1000.000000000000000 ) ;
#52 = CIRCLE ( 'NONE', #3097, 2.499999999999998668 ) ;
#53 = ORIENTED_EDGE ( 'NONE', *, *, #3391, .F. ) ;
#54 = CARTESIAN_POINT ( 'NONE',  ( 30.00000000000000000, 13.49999999999999822, -5.500000000000002665 ) ) ;
#55 = CIRCLE ( 'NONE', #1192, 0.5000000000000000000 ) ;
#56 = AXIS2_PLACEMENT_3D ( 'NONE', #1630, #2981, #2340 ) ;
#57 = ORIENTED_EDGE ( 'NONE', *, *, #3345, .T. ) ;
#58 = CARTESIAN_POINT ( 'NONE',  ( 10.00000000000000000, 61.00000000000000000, -7.999999999999998224 ) ) ;
#59 = VECTOR ( 'NONE', #3018, 1000.000000000000114 ) ;
#60 = EDGE_CURVE ( 'NONE', #96, #1593, #1257, .T. ) ;
#61 = DIRECTION ( 'NONE',  ( -0.000000000000000000, -1.000000000000000000, -0.000000000000000000 ) ) ;
#62 =( NAMED_UNIT ( * ) SI_UNIT ( $, .STERADIAN. ) SOLID_ANGLE_UNIT ( ) );
#63 = ADVANCED_FACE ( 'NONE', ( #2968 ), #4003, .T. ) ;
#64 = AXIS2_PLACEMENT_3D ( 'NONE', #3413, #2719, #2077 ) ;
#65 = ORIENTED_EDGE ( 'NONE', *, *, #1495, .T. ) ;
#66 = EDGE_CURVE ( 'NONE', #1084, #824, #2731, .T. ) ;
#67 = CARTESIAN_POINT ( 'NONE',  ( 9.999999999999998224, 0.000000000000000000, -7.999999999999998224 ) ) ;
#68 = CARTESIAN_POINT ( 'NONE',  ( 31.00000000000000000, 18.20018053153027893, -5.000000000000002665 ) ) ;
#69 = ORIENTED_EDGE ( 'NONE', *, *, #3077, .F. ) ;
#70 = ORIENTED_EDGE ( 'NONE', *, *, #798, .T. ) ;
#71 = CARTESIAN_POINT ( 'NONE',  ( 30.98099919820321446, 19.20000000000000284, -4.000000000000001776 ) ) ;
#72 = CARTESIAN_POINT ( 'NONE',  ( -8.599999999999997868, 7.000000000000000000, 0.000000000000000000 ) ) ;
#73 = CARTESIAN_POINT ( 'NONE',  ( 15.00000000000000000, 55.00000000000000000, -7.499999999999998224 ) ) ;
#74 = CARTESIAN_POINT ( 'NONE',  ( 31.00000000000000000, 18.70036116090611955, -3.500000000000002220 ) ) ;
#75 = FACE_OUTER_BOUND ( 'NONE', #902, .T. ) ;
#76 = VERTEX_POINT ( 'NONE', #286 ) ;
#77 = DIRECTION ( 'NONE',  ( 0.000000000000000000, 0.000000000000000000, 1.000000000000000000 ) ) ;
#78 = ORIENTED_EDGE ( 'NONE', *, *, #3535, .F. ) ;
#79 = DIRECTION ( 'NONE',  ( 0.000000000000000000, 1.000000000000000000, 0.000000000000000000 ) ) ;
#80 = CARTESIAN_POINT ( 'NONE',  ( 27.82686506038971430, 61.00000000000000000, -13.65812608259567540 ) ) ;
#81 = EDGE_LOOP ( 'NONE', ( #2365, #3040, #2302, #936 ) ) ;
#82 = ADVANCED_FACE ( 'NONE', ( #2345 ), #2237, .T. ) ;
#83 = VECTOR ( 'NONE', #1071, 1000.000000000000000 ) ;
#84 = CARTESIAN_POINT ( 'NONE',  ( 30.95572394844954189, 54.08096805861872269, -5.211826258569309367 ) ) ;
#85 = CARTESIAN_POINT ( 'NONE',  ( -8.000000000000000000, 21.85640646055101755, -2.500000000000000444 ) ) ;
#86 = VERTEX_POINT ( 'NONE', #4046 ) ;
#87 = ORIENTED_EDGE ( 'NONE', *, *, #3350, .F. ) ;
#88 = DIRECTION ( 'NONE',  ( -0.000000000000000000, -1.000000000000000000, -0.000000000000000000 ) ) ;
#89 = CYLINDRICAL_SURFACE ( 'NONE', #1499, 0.5000000000000004441 ) ;
#90 = DIRECTION ( 'NONE',  ( 1.734723475976807341E-16, -0.000000000000000000, 1.000000000000000000 ) ) ;
#91 = CARTESIAN_POINT ( 'NONE',  ( 15.00000000000000000, 0.000000000000000000, -9.999999999999996447 ) ) ;
#92 = DIRECTION ( 'NONE',  ( 1.000000000000000000, 0.000000000000000000, 0.000000000000000000 ) ) ;
#93 = CARTESIAN_POINT ( 'NONE',  ( 36.00000000000000000, 6.999999999999992895, 0.000000000000000000 ) ) ;
#94 = ORIENTED_EDGE ( 'NONE', *, *, #4137, .F. ) ;
#95 = DIRECTION ( 'NONE',  ( -1.000000000000000000, 0.000000000000000000, 0.000000000000000000 ) ) ;
#96 = VERTEX_POINT ( 'NONE', #2362 ) ;
#97 = DIRECTION ( 'NONE',  ( -1.239088197126290817E-16, 1.000000000000000000, -0.000000000000000000 ) ) ;
#98 = EDGE_CURVE ( 'NONE', #1894, #965, #565, .T. ) ;
#99 = DIRECTION ( 'NONE',  ( 4.956352788505162775E-17, -1.000000000000000000, -8.597901537443017788E-33 ) ) ;
#100 = EDGE_CURVE ( 'NONE', #1248, #4191, #2406, .T. ) ;
#101 = ORIENTED_EDGE ( 'NONE', *, *, #2747, .F. ) ;
#102 = CIRCLE ( 'NONE', #4007, 2.599999999999998312 ) ;
#103 = CARTESIAN_POINT ( 'NONE',  ( 15.41912486123970361, 14.18600732609549198, -10.90792860440168788 ) ) ;
#104 = DIRECTION ( 'NONE',  ( 0.000000000000000000, 0.000000000000000000, -1.000000000000000000 ) ) ;
#105 = CIRCLE ( 'NONE', #2444, 1.000000000000000888 ) ;
#106 = ORIENTED_EDGE ( 'NONE', *, *, #3208, .F. ) ;
#107 = ORIENTED_EDGE ( 'NONE', *, *, #2264, .T. ) ;
#108 = DIRECTION ( 'NONE',  ( 1.000000000000000000, -0.000000000000000000, -1.734723475976807341E-16 ) ) ;
#109 = VECTOR ( 'NONE', #3467, 1000.000000000000000 ) ;
#110 = DIRECTION ( 'NONE',  ( -1.734723475976807341E-16, 0.000000000000000000, -1.000000000000000000 ) ) ;
#111 = CARTESIAN_POINT ( 'NONE',  ( 37.99999999999999289, 10.12701665379256788, -5.500000000000005329 ) ) ;
#112 = CARTESIAN_POINT ( 'NONE',  ( 0.000000000000000000, 61.00000000000000000, 0.000000000000000000 ) ) ;
#113 = AXIS2_PLACEMENT_3D ( 'NONE', #899, #2647, #3973 ) ;
#114 = ADVANCED_FACE ( 'NONE', ( #1965 ), #1987, .F. ) ;
#115 = CARTESIAN_POINT ( 'NONE',  ( 15.00000000000000000, 63.82842712474619162, -8.999999999999994671 ) ) ;
#116 = AXIS2_PLACEMENT_3D ( 'NONE', #627, #1041, #2393 ) ;
#117 = DIRECTION ( 'NONE',  ( 0.000000000000000000, 1.000000000000000000, 0.000000000000000000 ) ) ;
#118 = ORIENTED_EDGE ( 'NONE', *, *, #4057, .T. ) ;
#119 = DIRECTION ( 'NONE',  ( -0.2142857142857083341, -0.9767710236555258163, 0.000000000000000000 ) ) ;
#120 = ADVANCED_FACE ( 'NONE', ( #1637 ), #2590, .T. ) ;
#121 = AXIS2_PLACEMENT_3D ( 'NONE', #1426, #2775, #4148 ) ;
#122 = VERTEX_POINT ( 'NONE', #1699 ) ;
#123 = DIRECTION ( 'NONE',  ( 0.6252660841407796655, 0.000000000000000000, 0.7804116375498608704 ) ) ;
#124 = CYLINDRICAL_SURFACE ( 'NONE', #1301, 0.5000000000000004441 ) ;
#125 = AXIS2_PLACEMENT_3D ( 'NONE', #3584, #1873, #3220 ) ;
#126 = CIRCLE ( 'NONE', #3975, 1.000000000000000888 ) ;
#127 = DIRECTION ( 'NONE',  ( -0.8259090073320785041, 0.000000000000000000, -0.5638034334834621797 ) ) ;
#128 = CIRCLE ( 'NONE', #2970, 1.000000000000000888 ) ;
#129 = ORIENTED_EDGE ( 'NONE', *, *, #307, .F. ) ;
#130 = CARTESIAN_POINT ( 'NONE',  ( 0.000000000000000000, 54.00000000000000000, -5.499999999999997335 ) ) ;
#131 = CARTESIAN_POINT ( 'NONE',  ( 36.00000000000000000, 6.000000000000000000, -3.000000000000000000 ) ) ;
#132 = VECTOR ( 'NONE', #577, 1000.000000000000000 ) ;
#133 = ORIENTED_EDGE ( 'NONE', *, *, #2877, .F. ) ;
#134 = VERTEX_POINT ( 'NONE', #4373 ) ;
#135 = ORIENTED_EDGE ( 'NONE', *, *, #390, .F. ) ;
#136 = LINE ( 'NONE', #4124, #1579 ) ;
#137 = EDGE_CURVE ( 'NONE', #2903, #1821, #976, .T. ) ;
#138 = CARTESIAN_POINT ( 'NONE',  ( 36.00000000000000000, 6.000000000000000000, 0.000000000000000000 ) ) ;
#139 = DIRECTION ( 'NONE',  ( 1.000000000000000000, 0.000000000000000000, 0.000000000000000000 ) ) ;
#140 = CARTESIAN_POINT ( 'NONE',  ( 31.00000000000000000, 10.12701665379256788, -4.000000000000000000 ) ) ;
#141 = ADVANCED_FACE ( 'NONE', ( #3048 ), #3363, .T. ) ;
#142 = ADVANCED_FACE ( 'NONE', ( #4356 ), #2322, .F. ) ;
#143 = FACE_OUTER_BOUND ( 'NONE', #892, .T. ) ;
#144 = ORIENTED_EDGE ( 'NONE', *, *, #1717, .F. ) ;
#145 = DIRECTION ( 'NONE',  ( 0.000000000000000000, -0.000000000000000000, 1.000000000000000000 ) ) ;
#146 = EDGE_CURVE ( 'NONE', #705, #2913, #1363, .T. ) ;
#147 = VERTEX_POINT ( 'NONE', #2673 ) ;
#148 = CARTESIAN_POINT ( 'NONE',  ( 41.49999999999999289, 6.000000000000000000, -3.000000000000000000 ) ) ;
#149 = CIRCLE ( 'NONE', #3049, 9.999999999999998224 ) ;
#150 = DIRECTION ( 'NONE',  ( -0.000000000000000000, -1.000000000000000000, 0.000000000000000000 ) ) ;
#151 = PRODUCT_CONTEXT ( 'NONE', #670, 'mechanical' ) ;
#152 = EDGE_LOOP ( 'NONE', ( #3980, #3355, #4365, #1888 ) ) ;
#153 = AXIS2_PLACEMENT_3D ( 'NONE', #3830, #782, #1462 ) ;
#154 = DIRECTION ( 'NONE',  ( -0.5638034334834641781, 0.000000000000000000, 0.8259090073320770609 ) ) ;
#155 = CARTESIAN_POINT ( 'NONE',  ( 15.99999999999999289, 28.99999999999999645, -18.00000000000000000 ) ) ;
#156 = ORIENTED_EDGE ( 'NONE', *, *, #1500, .T. ) ;
#157 = ORIENTED_EDGE ( 'NONE', *, *, #1676, .F. ) ;
#158 = EDGE_LOOP ( 'NONE', ( #2149, #468, #1401, #3451, #854, #2304, #4374, #379, #3366, #669, #1525, #4138 ) ) ;
#159 = DIRECTION ( 'NONE',  ( -0.000000000000000000, 1.000000000000000000, -0.000000000000000000 ) ) ;
#160 = DIRECTION ( 'NONE',  ( -0.000000000000000000, -1.000000000000000000, -0.000000000000000000 ) ) ;
#161 = CARTESIAN_POINT ( 'NONE',  ( 15.00000000000000000, 0.000000000000000000, -3.499999999999997780 ) ) ;
#162 = CARTESIAN_POINT ( 'NONE',  ( 0.5000000000000004441, 61.00000000000000000, -9.184850993605155833E-17 ) ) ;
#163 = VECTOR ( 'NONE', #1669, 1000.000000000000000 ) ;
#164 = DIRECTION ( 'NONE',  ( 0.000000000000000000, 1.000000000000000000, -0.000000000000000000 ) ) ;
#165 = ORIENTED_EDGE ( 'NONE', *, *, #2037, .T. ) ;
#166 = CARTESIAN_POINT ( 'NONE',  ( 29.20371738571233777, 61.00000000000000000, -10.35405740880216818 ) ) ;
#167 = CARTESIAN_POINT ( 'NONE',  ( 31.00000000000000000, 54.00000000000000000, -5.000000000000002665 ) ) ;
#168 = DIRECTION ( 'NONE',  ( 1.000000000000000000, 0.000000000000000000, 0.000000000000000000 ) ) ;
#169 = CARTESIAN_POINT ( 'NONE',  ( 26.51348391760233270, 60.50000000000000000, -7.300000000000004263 ) ) ;
#170 = EDGE_CURVE ( 'NONE', #1340, #980, #2378, .T. ) ;
#171 = CARTESIAN_POINT ( 'NONE',  ( -0.6813684821971555117, 17.79146106162805197, -3.041643988773133689 ) ) ;
#172 = VERTEX_POINT ( 'NONE', #703 ) ;
#173 = CARTESIAN_POINT ( 'NONE',  ( 31.00000000000000000, 0.000000000000000000, -4.000000000000000000 ) ) ;
#174 = FACE_OUTER_BOUND ( 'NONE', #3829, .T. ) ;
#175 = ORIENTED_EDGE ( 'NONE', *, *, #2205, .T. ) ;
#176 = EDGE_CURVE ( 'NONE', #4001, #1881, #3283, .T. ) ;
#177 = EDGE_LOOP ( 'NONE', ( #3597, #1282, #3938, #1435 ) ) ;
#178 = CARTESIAN_POINT ( 'NONE',  ( 41.99999999999999289, 6.000000000000000000, -3.000000000000000000 ) ) ;
#179 = DIRECTION ( 'NONE',  ( -1.734723475976807341E-16, 0.000000000000000000, -1.000000000000000000 ) ) ;
#180 = AXIS2_PLACEMENT_3D ( 'NONE', #504, #1926, #3613 ) ;
#181 = DIRECTION ( 'NONE',  ( 1.000000000000000000, 0.000000000000000000, -1.734723475976807341E-16 ) ) ;
#182 = AXIS2_PLACEMENT_3D ( 'NONE', #1062, #3773, #729 ) ;
#183 = LINE ( 'NONE', #3274, #197 ) ;
#184 = VECTOR ( 'NONE', #1602, 1000.000000000000000 ) ;
#185 = ORIENTED_EDGE ( 'NONE', *, *, #251, .T. ) ;
#186 = DIRECTION ( 'NONE',  ( -1.000000000000000000, 0.000000000000000000, 0.000000000000000000 ) ) ;
#187 = FILL_AREA_STYLE_COLOUR ( '', #3450 ) ;
#188 = VERTEX_POINT ( 'NONE', #2049 ) ;
#189 = DIRECTION ( 'NONE',  ( -1.000000000000000000, 0.000000000000000000, 0.000000000000000000 ) ) ;
#190 = AXIS2_PLACEMENT_3D ( 'NONE', #1482, #1843, #3869 ) ;
#191 = EDGE_CURVE ( 'NONE', #172, #492, #3368, .T. ) ;
#192 = CYLINDRICAL_SURFACE ( 'NONE', #1408, 1.000000000000000888 ) ;
#193 = VECTOR ( 'NONE', #1645, 1000.000000000000000 ) ;
#194 = ORIENTED_EDGE ( 'NONE', *, *, #1643, .F. ) ;
#195 = EDGE_CURVE ( 'NONE', #1061, #3739, #102, .T. ) ;
#196 = AXIS2_PLACEMENT_3D ( 'NONE', #3159, #4215, #1900 ) ;
#197 = VECTOR ( 'NONE', #2936, 1000.000000000000000 ) ;
#198 = CARTESIAN_POINT ( 'NONE',  ( 20.48099919820321446, 45.20000000000000284, -4.000000000000000000 ) ) ;
#199 = DIRECTION ( 'NONE',  ( -0.000000000000000000, -1.000000000000000000, -0.000000000000000000 ) ) ;
#200 = ORIENTED_EDGE ( 'NONE', *, *, #2033, .F. ) ;
#201 = ORIENTED_EDGE ( 'NONE', *, *, #1064, .T. ) ;
#202 = AXIS2_PLACEMENT_3D ( 'NONE', #588, #3314, #1247 ) ;
#203 = FACE_OUTER_BOUND ( 'NONE', #158, .T. ) ;
#204 = EDGE_CURVE ( 'NONE', #3126, #2473, #1917, .T. ) ;
#205 = CIRCLE ( 'NONE', #3977, 8.500000000000000000 ) ;
#206 = FACE_OUTER_BOUND ( 'NONE', #2509, .T. ) ;
#207 = LINE ( 'NONE', #2954, #2952 ) ;
#208 = CARTESIAN_POINT ( 'NONE',  ( 15.23859119658968808, 28.65394695887756882, -10.97325002704102737 ) ) ;
#209 = ORIENTED_EDGE ( 'NONE', *, *, #4016, .F. ) ;
#210 = CARTESIAN_POINT ( 'NONE',  ( 29.50000000000000000, 60.50000000000000000, -7.999999999999998224 ) ) ;
#211 = EDGE_CURVE ( 'NONE', #257, #224, #422, .T. ) ;
#212 = CARTESIAN_POINT ( 'NONE',  ( 15.90649561494135789, 28.99663713396985543, -9.568718024307633740 ) ) ;
#213 = CIRCLE ( 'NONE', #999, 0.5000000000000004441 ) ;
#214 = CARTESIAN_POINT ( 'NONE',  ( 31.00000000000001421, 12.96250944577752406, -3.162283084902657304 ) ) ;
#215 = ORIENTED_EDGE ( 'NONE', *, *, #2783, .F. ) ;
#216 = CARTESIAN_POINT ( 'NONE',  ( 30.98099919820321446, 45.70000000000000995, -4.000000000000001776 ) ) ;
#217 = VERTEX_POINT ( 'NONE', #4126 ) ;
#218 = DIRECTION ( 'NONE',  ( -0.000000000000000000, -0.000000000000000000, -1.000000000000000000 ) ) ;
#219 = CARTESIAN_POINT ( 'NONE',  ( 19.99999999999999645, 60.50000000000000000, -18.00000000000000000 ) ) ;
#220 = CARTESIAN_POINT ( 'NONE',  ( -0.6123959674542032161, 18.78000047749548429, -2.759682232743247088 ) ) ;
#221 = ORIENTED_EDGE ( 'NONE', *, *, #3424, .T. ) ;
#222 = DIRECTION ( 'NONE',  ( 0.000000000000000000, 0.000000000000000000, 1.000000000000000000 ) ) ;
#223 = DIRECTION ( 'NONE',  ( -1.734723475976807587E-16, 0.000000000000000000, -1.000000000000000000 ) ) ;
#224 = VERTEX_POINT ( 'NONE', #4167 ) ;
#225 = ORIENTED_EDGE ( 'NONE', *, *, #3868, .T. ) ;
#226 = FACE_OUTER_BOUND ( 'NONE', #1400, .T. ) ;
#227 = AXIS2_PLACEMENT_3D ( 'NONE', #4184, #2421, #698 ) ;
#228 = ADVANCED_FACE ( 'NONE', ( #3180 ), #2902, .T. ) ;
#229 = VECTOR ( 'NONE', #514, 1000.000000000000000 ) ;
#230 = CARTESIAN_POINT ( 'NONE',  ( 36.00000000000000000, 8.000000000000000000, -2.500000000000000000 ) ) ;
#231 = DIRECTION ( 'NONE',  ( 1.000000000000000000, 0.000000000000000000, 0.000000000000000000 ) ) ;
#232 = LINE ( 'NONE', #1583, #771 ) ;
#233 = VERTEX_POINT ( 'NONE', #3154 ) ;
#234 = FACE_OUTER_BOUND ( 'NONE', #3505, .T. ) ;
#235 = AXIS2_PLACEMENT_3D ( 'NONE', #2771, #4186, #784 ) ;
#236 = DIRECTION ( 'NONE',  ( 1.000000000000000000, 0.000000000000000000, 0.000000000000000000 ) ) ;
#237 = ORIENTED_EDGE ( 'NONE', *, *, #287, .T. ) ;
#238 = FACE_OUTER_BOUND ( 'NONE', #297, .T. ) ;
#239 = CARTESIAN_POINT ( 'NONE',  ( 15.00000000000000000, 4.000000000000000000, -9.999999999999996447 ) ) ;
#240 = CARTESIAN_POINT ( 'NONE',  ( 30.00000000000000000, 13.50000000000000000, -7.999999999999927169 ) ) ;
#241 = ORIENTED_EDGE ( 'NONE', *, *, #285, .F. ) ;
#242 = CARTESIAN_POINT ( 'NONE',  ( 0.000000000000000000, 21.85640646055101755, -4.000000000000000000 ) ) ;
#243 = EDGE_CURVE ( 'NONE', #4397, #2632, #2477, .T. ) ;
#244 = EDGE_LOOP ( 'NONE', ( #908, #4002, #1789, #2523 ) ) ;
#245 = FACE_OUTER_BOUND ( 'NONE', #1023, .T. ) ;
#246 = B_SPLINE_CURVE_WITH_KNOTS ( 'NONE', 3,
 ( #431, #1114, #1090, #476, #1828, #3113, #452, #3444, #1425, #2115 ),
 .UNSPECIFIED., .F., .F.,
 ( 4, 2, 2, 2, 4 ),
 ( 0.000000000000000000, 0.0002392756018628361284, 0.0004785512037256722567, 0.0007178268055885084122, 0.0009571024074513445135 ),
 .UNSPECIFIED. ) ;
#247 = DIRECTION ( 'NONE',  ( -0.000000000000000000, -1.000000000000000000, -0.000000000000000000 ) ) ;
#248 = CARTESIAN_POINT ( 'NONE',  ( 30.00000000000000000, 60.50000000000000000, -5.204170427930421283E-15 ) ) ;
#249 = FACE_OUTER_BOUND ( 'NONE', #2847, .T. ) ;
#250 = ORIENTED_EDGE ( 'NONE', *, *, #1352, .T. ) ;
#251 = EDGE_CURVE ( 'NONE', #3485, #927, #2899, .T. ) ;
#252 = VECTOR ( 'NONE', #4238, 1000.000000000000000 ) ;
#253 = CYLINDRICAL_SURFACE ( 'NONE', #2836, 0.5000000000000004441 ) ;
#254 = CARTESIAN_POINT ( 'NONE',  ( 31.00000000000000355, 13.97381281927909491, -3.821450847706928222 ) ) ;
#255 = ORIENTED_EDGE ( 'NONE', *, *, #3519, .F. ) ;
#256 = EDGE_CURVE ( 'NONE', #2916, #1604, #4147, .T. ) ;
#257 = VERTEX_POINT ( 'NONE', #1073 ) ;
#258 = CARTESIAN_POINT ( 'NONE',  ( 27.80411637549860870, 61.00000000000000000, -14.25266084140779377 ) ) ;
#259 = DIRECTION ( 'NONE',  ( -1.000000000000000000, 0.000000000000000000, 1.734723475976808820E-16 ) ) ;
#260 = AXIS2_PLACEMENT_3D ( 'NONE', #1166, #841, #911 ) ;
#261 = EDGE_CURVE ( 'NONE', #2715, #4303, #213, .T. ) ;
#262 = DIRECTION ( 'NONE',  ( -1.000000000000000000, 0.000000000000000000, 0.000000000000000000 ) ) ;
#263 = AXIS2_PLACEMENT_3D ( 'NONE', #4367, #2997, #2721 ) ;
#264 = VERTEX_POINT ( 'NONE', #74 ) ;
#265 = CARTESIAN_POINT ( 'NONE',  ( 0.000000000000000000, 21.44240742371322384, -3.884057349320900521 ) ) ;
#266 = EDGE_CURVE ( 'NONE', #2906, #2632, #3257, .T. ) ;
#267 = VECTOR ( 'NONE', #1350, 1000.000000000000000 ) ;
#268 = CYLINDRICAL_SURFACE ( 'NONE', #485, 0.5000000000000007772 ) ;
#269 = CARTESIAN_POINT ( 'NONE',  ( 31.00000000000000000, 0.000000000000000000, -4.000000000000000000 ) ) ;
#270 = ORIENTED_EDGE ( 'NONE', *, *, #1364, .T. ) ;
#271 = CARTESIAN_POINT ( 'NONE',  ( 15.99999999999999289, 29.50000000000000000, -18.00000000000000000 ) ) ;
#272 = AXIS2_PLACEMENT_3D ( 'NONE', #4080, #1030, #3362 ) ;
#273 = VERTEX_POINT ( 'NONE', #2090 ) ;
#274 = AXIS2_PLACEMENT_3D ( 'NONE', #3936, #3867, #2594 ) ;
#275 = LINE ( 'NONE', #4017, #3443 ) ;
#276 = CARTESIAN_POINT ( 'NONE',  ( 12.00000000000000000, 14.18600732609548487, -9.999999999999996447 ) ) ;
#277 = AXIS2_PLACEMENT_3D ( 'NONE', #2707, #4096, #2039 ) ;
#278 = ORIENTED_EDGE ( 'NONE', *, *, #523, .T. ) ;
#279 = AXIS2_PLACEMENT_3D ( 'NONE', #3796, #3125, #2458 ) ;
#280 = DIRECTION ( 'NONE',  ( 0.000000000000000000, 0.000000000000000000, -1.000000000000000000 ) ) ;
#281 = CARTESIAN_POINT ( 'NONE',  ( 30.98099919820321446, 18.70000000000000284, -4.000000000000001776 ) ) ;
#282 = ORIENTED_EDGE ( 'NONE', *, *, #1216, .F. ) ;
#283 = CIRCLE ( 'NONE', #1616, 0.5000000000000004441 ) ;
#284 = EDGE_LOOP ( 'NONE', ( #3599, #2226, #1215, #755, #3438, #1765, #3121, #2691, #133, #2541, #2624, #3389, #1632, #3706 ) ) ;
#285 = EDGE_CURVE ( 'NONE', #2916, #4172, #246, .T. ) ;
#286 = CARTESIAN_POINT ( 'NONE',  ( 41.99999999999999289, 6.000000000000000000, -2.500000000000000444 ) ) ;
#287 = EDGE_CURVE ( 'NONE', #3078, #300, #3616, .T. ) ;
#288 = ORIENTED_EDGE ( 'NONE', *, *, #3295, .F. ) ;
#289 = DIRECTION ( 'NONE',  ( -2.001604010742470009E-16, 0.000000000000000000, -1.000000000000000000 ) ) ;
#290 = ORIENTED_EDGE ( 'NONE', *, *, #1811, .T. ) ;
#291 = CARTESIAN_POINT ( 'NONE',  ( 30.00000000000000000, 57.87298334620742679, -5.510910596163088767E-15 ) ) ;
#292 = DIRECTION ( 'NONE',  ( 1.734723475976807587E-16, 0.000000000000000000, 1.000000000000000000 ) ) ;
#293 = CARTESIAN_POINT ( 'NONE',  ( 15.00000000000000178, 14.00000000000000000, -9.999999999999996447 ) ) ;
#294 = ORIENTED_EDGE ( 'NONE', *, *, #3290, .T. ) ;
#295 = CYLINDRICAL_SURFACE ( 'NONE', #1609, 10.00000000000000000 ) ;
#296 = DIRECTION ( 'NONE',  ( 0.000000000000000000, 0.000000000000000000, 1.000000000000000000 ) ) ;
#297 = EDGE_LOOP ( 'NONE', ( #4383, #812, #1074, #2274 ) ) ;
#298 = DIRECTION ( 'NONE',  ( -0.000000000000000000, -1.000000000000000000, -0.000000000000000000 ) ) ;
#299 = DIRECTION ( 'NONE',  ( 0.000000000000000000, 1.000000000000000000, 0.000000000000000000 ) ) ;
#300 = VERTEX_POINT ( 'NONE', #3087 ) ;
#301 = DIRECTION ( 'NONE',  ( 0.000000000000000000, 0.000000000000000000, -1.000000000000000000 ) ) ;
#302 = ORIENTED_EDGE ( 'NONE', *, *, #3630, .F. ) ;
#303 = CARTESIAN_POINT ( 'NONE',  ( 21.50000000000000000, 17.69999999999999929, -5.500000000000000888 ) ) ;
#304 = AXIS2_PLACEMENT_3D ( 'NONE', #4061, #700, #2001 ) ;
#305 = ORIENTED_EDGE ( 'NONE', *, *, #4123, .T. ) ;
#306 = DIRECTION ( 'NONE',  ( 1.734723475976807341E-16, -0.000000000000000000, 1.000000000000000000 ) ) ;
#307 = EDGE_CURVE ( 'NONE', #3949, #3779, #4052, .T. ) ;
#308 = DIRECTION ( 'NONE',  ( -0.000000000000000000, 0.000000000000000000, -1.000000000000000000 ) ) ;
#309 = DIRECTION ( 'NONE',  ( -1.000000000000000000, 0.000000000000000000, 0.000000000000000000 ) ) ;
#310 = B_SPLINE_CURVE_WITH_KNOTS ( 'NONE', 3,
 ( #1810, #1959, #796, #2142, #212, #3863, #3163, #2581, #1147, #3998, #2275, #3632, #928, #4333 ),
 .UNSPECIFIED., .F., .F.,
 ( 4, 2, 2, 2, 2, 2, 4 ),
 ( 0.002119344972511111574, 0.002383955127626393063, 0.002648565282741674118, 0.002913175437856955607, 0.003177785592972237096, 0.003707005903202805278, 0.004236226213433373460 ),
 .UNSPECIFIED. ) ;
#311 = ORIENTED_EDGE ( 'NONE', *, *, #975, .F. ) ;
#312 = ORIENTED_EDGE ( 'NONE', *, *, #1834, .T. ) ;
#313 = EDGE_CURVE ( 'NONE', #1340, #768, #1204, .T. ) ;
#314 = DIRECTION ( 'NONE',  ( 0.000000000000000000, 0.000000000000000000, -1.000000000000000000 ) ) ;
#315 = CARTESIAN_POINT ( 'NONE',  ( 23.48651608239767086, 60.50000000000000000, -7.300000000000002487 ) ) ;
#316 = ORIENTED_EDGE ( 'NONE', *, *, #32, .F. ) ;
#317 = DIRECTION ( 'NONE',  ( 0.000000000000000000, 0.000000000000000000, 1.000000000000000000 ) ) ;
#318 = FACE_OUTER_BOUND ( 'NONE', #2923, .T. ) ;
#319 = DIRECTION ( 'NONE',  ( 1.000000000000000000, 0.000000000000000000, 0.000000000000000000 ) ) ;
#320 = AXIS2_PLACEMENT_3D ( 'NONE', #957, #1190, #1381 ) ;
#321 = VECTOR ( 'NONE', #2567, 1000.000000000000000 ) ;
#322 = EDGE_LOOP ( 'NONE', ( #3572, #2436, #3828, #282 ) ) ;
#323 = CARTESIAN_POINT ( 'NONE',  ( 9.999999999999998224, 0.5000000000000004441, -7.999999999999998224 ) ) ;
#324 = VERTEX_POINT ( 'NONE', #764 ) ;
#325 = FACE_OUTER_BOUND ( 'NONE', #2428, .T. ) ;
#326 = AXIS2_PLACEMENT_3D ( 'NONE', #1889, #2930, #3624 ) ;
#327 = EDGE_CURVE ( 'NONE', #3839, #4207, #1770, .T. ) ;
#328 = CARTESIAN_POINT ( 'NONE',  ( 19.11249979690783718, 54.50000000000000000, -1.779388979289475703 ) ) ;
#329 = DIRECTION ( 'NONE',  ( -1.000000000000000000, -0.000000000000000000, 1.445602896647339656E-16 ) ) ;
#330 = AXIS2_PLACEMENT_3D ( 'NONE', #67, #1173, #1458 ) ;
#331 = VERTEX_POINT ( 'NONE', #2471 ) ;
#332 = EDGE_CURVE ( 'NONE', #3689, #96, #2342, .T. ) ;
#333 = ORIENTED_EDGE ( 'NONE', *, *, #2965, .F. ) ;
#334 = ADVANCED_FACE ( 'NONE', ( #3856 ), #810, .F. ) ;
#335 = DIRECTION ( 'NONE',  ( 0.000000000000000000, -1.000000000000000000, 0.000000000000000000 ) ) ;
#336 = DIRECTION ( 'NONE',  ( -1.734723475976807341E-16, -0.000000000000000000, -1.000000000000000000 ) ) ;
#337 = LINE ( 'NONE', #4059, #413 ) ;
#338 = ORIENTED_EDGE ( 'NONE', *, *, #4082, .T. ) ;
#339 = AXIS2_PLACEMENT_3D ( 'NONE', #93, #4168, #1119 ) ;
#340 = VECTOR ( 'NONE', #1573, 1000.000000000000000 ) ;
#341 = AXIS2_PLACEMENT_3D ( 'NONE', #676, #2017, #296 ) ;
#342 = DIRECTION ( 'NONE',  ( -1.734723475976807587E-16, -0.000000000000000000, -1.000000000000000000 ) ) ;
#343 = CARTESIAN_POINT ( 'NONE',  ( 31.00000000000001066, 54.00000000000000000, 43.08131845707602281 ) ) ;
#344 = EDGE_CURVE ( 'NONE', #2173, #1221, #2184, .T. ) ;
#345 = AXIS2_PLACEMENT_3D ( 'NONE', #2992, #4363, #1310 ) ;
#346 = DIRECTION ( 'NONE',  ( 0.000000000000000000, 0.000000000000000000, 1.000000000000000000 ) ) ;
#347 = AXIS2_PLACEMENT_3D ( 'NONE', #1746, #61, #3055 ) ;
#348 = ORIENTED_EDGE ( 'NONE', *, *, #3143, .F. ) ;
#349 = CARTESIAN_POINT ( 'NONE',  ( 2.091776666297897515E-15, 60.50000000000000000, -7.300000000000009592 ) ) ;
#350 = ORIENTED_EDGE ( 'NONE', *, *, #1439, .T. ) ;
#351 = CARTESIAN_POINT ( 'NONE',  ( 15.00000000000000000, 4.000000000000000000, -8.999999999999994671 ) ) ;
#352 = LINE ( 'NONE', #2682, #702 ) ;
#353 = CARTESIAN_POINT ( 'NONE',  ( 24.48099919820321446, 19.20000000000000284, -3.500000000000000888 ) ) ;
#354 = ORIENTED_EDGE ( 'NONE', *, *, #1285, .T. ) ;
#355 = FACE_OUTER_BOUND ( 'NONE', #2813, .T. ) ;
#356 = LINE ( 'NONE', #2665, #843 ) ;
#357 = ORIENTED_EDGE ( 'NONE', *, *, #170, .F. ) ;
#358 = ORIENTED_EDGE ( 'NONE', *, *, #2502, .F. ) ;
#359 = ADVANCED_FACE ( 'NONE', ( #3878 ), #834, .F. ) ;
#360 = CARTESIAN_POINT ( 'NONE',  ( 10.00000000000006573, 0.5000000000000000000, -17.49999999999999645 ) ) ;
#361 = VECTOR ( 'NONE', #3843, 1000.000000000000114 ) ;
#362 = DIRECTION ( 'NONE',  ( -1.734723475976807341E-16, -0.000000000000000000, -1.000000000000000000 ) ) ;
#363 = DIRECTION ( 'NONE',  ( 0.000000000000000000, 0.000000000000000000, 1.000000000000000000 ) ) ;
#364 = CARTESIAN_POINT ( 'NONE',  ( 23.48651608239766730, 54.20710678118654613, -7.300000000000003375 ) ) ;
#365 = VECTOR ( 'NONE', #108, 1000.000000000000000 ) ;
#366 = AXIS2_PLACEMENT_3D ( 'NONE', #1868, #247, #3289 ) ;
#367 = ORIENTED_EDGE ( 'NONE', *, *, #4339, .F. ) ;
#368 = CARTESIAN_POINT ( 'NONE',  ( 30.98099919820321446, 19.20000000000000284, -4.000000000000001776 ) ) ;
#369 = EDGE_LOOP ( 'NONE', ( #3717, #3263, #1910, #69 ) ) ;
#370 = DIRECTION ( 'NONE',  ( -1.000000000000000000, 0.000000000000000000, 4.336808689942021187E-16 ) ) ;
#371 = B_SPLINE_CURVE_WITH_KNOTS ( 'NONE', 3,
 ( #3612, #2260, #1875, #1283, #2919, #618, #3637, #3954, #2566, #3223 ),
 .UNSPECIFIED., .F., .F.,
 ( 4, 2, 2, 2, 4 ),
 ( 9.341771812940338307E-18, 0.0002601481460783371200, 0.0005202962921566649159, 0.0007804444382349928202, 0.001040592584313316605 ),
 .UNSPECIFIED. ) ;
#372 = AXIS2_PLACEMENT_3D ( 'NONE', #2233, #1545, #2635 ) ;
#373 = CARTESIAN_POINT ( 'NONE',  ( 33.39999999999999858, 6.999999999999992895, 0.000000000000000000 ) ) ;
#374 = CARTESIAN_POINT ( 'NONE',  ( 0.5000000000000004441, 60.50000000000000000, -7.999999999999998224 ) ) ;
#375 = EDGE_CURVE ( 'NONE', #4001, #3006, #758, .T. ) ;
#376 = ORIENTED_EDGE ( 'NONE', *, *, #2538, .T. ) ;
#377 = DIRECTION ( 'NONE',  ( 0.5638034334834640671, 0.000000000000000000, -0.8259090073320771719 ) ) ;
#378 = DIRECTION ( 'NONE',  ( 1.000000000000000000, 0.000000000000000000, 0.000000000000000000 ) ) ;
#379 = ORIENTED_EDGE ( 'NONE', *, *, #1295, .T. ) ;
#380 = EDGE_LOOP ( 'NONE', ( #1240, #1070 ) ) ;
#381 = DIRECTION ( 'NONE',  ( 6.938893903907222067E-15, 0.000000000000000000, -1.000000000000000000 ) ) ;
#382 = PLANE ( 'NONE',  #2259 ) ;
#383 = CARTESIAN_POINT ( 'NONE',  ( -11.49999999999999822, 5.999999999999999112, -2.500000000000000000 ) ) ;
#384 = EDGE_CURVE ( 'NONE', #3043, #1724, #3846, .T. ) ;
#385 = ADVANCED_FACE ( 'NONE', ( #4161 ), #427, .T. ) ;
#386 = ORIENTED_EDGE ( 'NONE', *, *, #2864, .T. ) ;
#387 = CARTESIAN_POINT ( 'NONE',  ( 30.98099919820321446, 45.20000000000000284, -3.500000000000002220 ) ) ;
#388 = ORIENTED_EDGE ( 'NONE', *, *, #3123, .F. ) ;
#389 = DIRECTION ( 'NONE',  ( 0.000000000000000000, 0.000000000000000000, -1.000000000000000000 ) ) ;
#390 = EDGE_CURVE ( 'NONE', #736, #1702, #1781, .T. ) ;
#391 = AXIS2_PLACEMENT_3D ( 'NONE', #3726, #4378, #2350 ) ;
#392 = DIRECTION ( 'NONE',  ( 0.000000000000000000, 0.000000000000000000, -1.000000000000000000 ) ) ;
#393 = DIRECTION ( 'NONE',  ( 0.000000000000000000, 0.000000000000000000, -1.000000000000000000 ) ) ;
#394 = ORIENTED_EDGE ( 'NONE', *, *, #2069, .F. ) ;
#395 = AXIS2_PLACEMENT_3D ( 'NONE', #3253, #1258, #3984 ) ;
#396 = LINE ( 'NONE', #1416, #2248 ) ;
#397 = DIRECTION ( 'NONE',  ( -1.734723475976807587E-16, 0.000000000000000000, -1.000000000000000000 ) ) ;
#398 = ORIENTED_EDGE ( 'NONE', *, *, #1216, .T. ) ;
#399 = ORIENTED_EDGE ( 'NONE', *, *, #1031, .T. ) ;
#400 = B_SPLINE_CURVE_WITH_KNOTS ( 'NONE', 3,
 ( #2950, #4321, #943, #1771, #2780, #1537, #2803, #3397, #3122, #2308, #1681, #540 ),
 .UNSPECIFIED., .F., .F.,
 ( 4, 2, 2, 2, 2, 4 ),
 ( -1.788966696885618644E-05, 0.001257260114908544547, 0.002532409896785945205, 0.003169984787724645751, 0.003807559678663346298, 0.005082709460540737849 ),
 .UNSPECIFIED. ) ;
#401 = DIRECTION ( 'NONE',  ( -0.9688123563907744540, 0.000000000000000000, 0.2477955167160115213 ) ) ;
#402 = AXIS2_PLACEMENT_3D ( 'NONE', #2434, #800, #2081 ) ;
#403 = DIRECTION ( 'NONE',  ( 0.000000000000000000, 1.000000000000000000, 0.000000000000000000 ) ) ;
#404 = DIRECTION ( 'NONE',  ( 0.000000000000000000, 0.000000000000000000, 1.000000000000000000 ) ) ;
#405 = AXIS2_PLACEMENT_3D ( 'NONE', #1729, #4032, #3037 ) ;
#406 = DIRECTION ( 'NONE',  ( 1.000000000000000000, 0.000000000000000000, 0.000000000000000000 ) ) ;
#407 = CIRCLE ( 'NONE', #3030, 0.5000000000000004441 ) ;
#408 = AXIS2_PLACEMENT_3D ( 'NONE', #1854, #836, #787 ) ;
#409 = CARTESIAN_POINT ( 'NONE',  ( -1.000000000000000000, 17.03458108005454008, -3.000000000000000000 ) ) ;
#410 = ORIENTED_EDGE ( 'NONE', *, *, #2557, .T. ) ;
#411 = CARTESIAN_POINT ( 'NONE',  ( 15.00000000000000000, 61.00000000000000000, -9.999999999999996447 ) ) ;
#412 = AXIS2_PLACEMENT_3D ( 'NONE', #838, #1517, #145 ) ;
#413 = VECTOR ( 'NONE', #1317, 1000.000000000000000 ) ;
#414 = ORIENTED_EDGE ( 'NONE', *, *, #2182, .F. ) ;
#415 = DIRECTION ( 'NONE',  ( 0.000000000000000000, 1.000000000000000000, 0.000000000000000000 ) ) ;
#416 = EDGE_CURVE ( 'NONE', #1286, #2158, #4202, .T. ) ;
#417 = TOROIDAL_SURFACE ( 'NONE', #4332, 8.500000000000000000, 0.5000000000000000000 ) ;
#418 = DIRECTION ( 'NONE',  ( -1.000000000000000000, 0.000000000000000000, 0.000000000000000000 ) ) ;
#419 = CARTESIAN_POINT ( 'NONE',  ( 30.98099919820321446, 46.20000000000000995, -5.136527547871725830 ) ) ;
#420 = VECTOR ( 'NONE', #1040, 1000.000000000000000 ) ;
#421 = ORIENTED_EDGE ( 'NONE', *, *, #865, .F. ) ;
#422 = CIRCLE ( 'NONE', #3834, 0.5000000000000000000 ) ;
#423 = DIRECTION ( 'NONE',  ( -1.000000000000000000, 0.000000000000000000, 0.000000000000000000 ) ) ;
#424 = CARTESIAN_POINT ( 'NONE',  ( 36.00000000000000000, 0.000000000000000000, 0.000000000000000000 ) ) ;
#425 = ORIENTED_EDGE ( 'NONE', *, *, #775, .F. ) ;
#426 = ORIENTED_EDGE ( 'NONE', *, *, #1364, .F. ) ;
#427 = CYLINDRICAL_SURFACE ( 'NONE', #2841, 9.999999999999996447 ) ;
#428 = CARTESIAN_POINT ( 'NONE',  ( 23.48651608239766730, 60.79289321881343966, -7.300000000000003375 ) ) ;
#429 = DIRECTION ( 'NONE',  ( -1.734723475976807341E-16, 0.000000000000000000, -1.000000000000000000 ) ) ;
#430 = CARTESIAN_POINT ( 'NONE',  ( 26.77755451293677424, 54.00000000000000000, -6.800000000000002487 ) ) ;
#431 = CARTESIAN_POINT ( 'NONE',  ( 14.99999999999999645, 15.00000000000000000, -8.999999999999996447 ) ) ;
#432 = EDGE_CURVE ( 'NONE', #1821, #1069, #1928, .T. ) ;
#433 = CARTESIAN_POINT ( 'NONE',  ( -1.000000000000000000, 0.5000000000000000000, -2.500000000000000444 ) ) ;
#434 = ORIENTED_EDGE ( 'NONE', *, *, #3785, .T. ) ;
#435 = CARTESIAN_POINT ( 'NONE',  ( 31.00000000000001066, 13.99999999999999822, 43.08131845707602281 ) ) ;
#436 = ORIENTED_EDGE ( 'NONE', *, *, #1390, .F. ) ;
#437 = DIRECTION ( 'NONE',  ( 0.000000000000000000, 0.000000000000000000, 1.000000000000000000 ) ) ;
#438 = LINE ( 'NONE', #3075, #420 ) ;
#439 = DIRECTION ( 'NONE',  ( -0.000000000000000000, -1.000000000000000000, -0.000000000000000000 ) ) ;
#440 = VERTEX_POINT ( 'NONE', #1757 ) ;
#441 = TOROIDAL_SURFACE ( 'NONE', #235, 1.500000000000000000, 0.5000000000000000000 ) ;
#442 = ADVANCED_FACE ( 'NONE', ( #3128 ), #2770, .F. ) ;
#443 = CARTESIAN_POINT ( 'NONE',  ( 31.00000000000000000, 54.00000000000000000, -5.000000000000004441 ) ) ;
#444 = DIRECTION ( 'NONE',  ( 8.260587980841938780E-17, 1.000000000000000000, 0.000000000000000000 ) ) ;
#445 = ORIENTED_EDGE ( 'NONE', *, *, #1659, .T. ) ;
#446 = ORIENTED_EDGE ( 'NONE', *, *, #3089, .F. ) ;
#447 = CARTESIAN_POINT ( 'NONE',  ( -6.000000000000001776, 8.000000000000000000, -7.999999999999998224 ) ) ;
#448 = ADVANCED_FACE ( 'NONE', ( #3108 ), #2489, .F. ) ;
#449 = DIRECTION ( 'NONE',  ( 1.000000000000000000, 0.000000000000000000, -1.734723475976807341E-16 ) ) ;
#450 = FACE_OUTER_BOUND ( 'NONE', #3171, .T. ) ;
#451 = DIRECTION ( 'NONE',  ( -1.734723475976807341E-16, 0.000000000000000000, -1.000000000000000000 ) ) ;
#452 = CARTESIAN_POINT ( 'NONE',  ( 15.19593040736646294, 14.40022728732352952, -9.017906285578032310 ) ) ;
#453 = DIRECTION ( 'NONE',  ( 0.000000000000000000, 1.000000000000000000, 0.000000000000000000 ) ) ;
#454 = ORIENTED_EDGE ( 'NONE', *, *, #3457, .T. ) ;
#455 = DIRECTION ( 'NONE',  ( 1.734723475976807341E-16, -0.000000000000000000, 1.000000000000000000 ) ) ;
#456 = ORIENTED_EDGE ( 'NONE', *, *, #2880, .F. ) ;
#457 = DIRECTION ( 'NONE',  ( 1.000000000000000000, 0.000000000000000000, 0.000000000000000000 ) ) ;
#458 = CARTESIAN_POINT ( 'NONE',  ( 15.00000000000000000, 55.00000000000000000, -9.999999999999996447 ) ) ;
#459 = DIRECTION ( 'NONE',  ( 0.000000000000000000, 0.000000000000000000, -1.000000000000000000 ) ) ;
#460 = ORIENTED_EDGE ( 'NONE', *, *, #3482, .F. ) ;
#461 = ADVANCED_FACE ( 'NONE', ( #3740 ), #3487, .T. ) ;
#462 = AXIS2_PLACEMENT_3D ( 'NONE', #2587, #1903, #1569 ) ;
#463 = DIRECTION ( 'NONE',  ( -1.734723475976807341E-16, 0.000000000000000000, -1.000000000000000000 ) ) ;
#464 = DIRECTION ( 'NONE',  ( -0.000000000000000000, 1.000000000000000000, 0.000000000000000000 ) ) ;
#465 = CIRCLE ( 'NONE', #898, 9.999999999999998224 ) ;
#466 = EDGE_CURVE ( 'NONE', #1947, #3652, #2061, .T. ) ;
#467 = ORIENTED_EDGE ( 'NONE', *, *, #3901, .F. ) ;
#468 = ORIENTED_EDGE ( 'NONE', *, *, #585, .T. ) ;
#469 = EDGE_LOOP ( 'NONE', ( #2978, #872, #12, #3117 ) ) ;
#470 = ADVANCED_FACE ( 'NONE', ( #2043 ), #2701, .T. ) ;
#471 = AXIS2_PLACEMENT_3D ( 'NONE', #1627, #4322, #3992 ) ;
#472 = LINE ( 'NONE', #3832, #109 ) ;
#473 = DIRECTION ( 'NONE',  ( 0.8259090073320777270, 0.000000000000000000, 0.5638034334834632899 ) ) ;
#474 = EDGE_CURVE ( 'NONE', #2985, #2354, #3054, .T. ) ;
#475 = VECTOR ( 'NONE', #2558, 1000.000000000000000 ) ;
#476 = CARTESIAN_POINT ( 'NONE',  ( 15.04770835436679199, 14.68450712529406665, -9.000957507475138897 ) ) ;
#477 = AXIS2_PLACEMENT_3D ( 'NONE', #2032, #3667, #667 ) ;
#478 = DIRECTION ( 'NONE',  ( 0.000000000000000000, 0.000000000000000000, 1.000000000000000000 ) ) ;
#479 = ORIENTED_EDGE ( 'NONE', *, *, #2227, .F. ) ;
#480 = DIRECTION ( 'NONE',  ( -1.000000000000000000, 0.000000000000000000, 0.000000000000000000 ) ) ;
#481 = ORIENTED_EDGE ( 'NONE', *, *, #3227, .T. ) ;
#482 = CARTESIAN_POINT ( 'NONE',  ( 28.79076288204630174, 60.50000000000000000, -10.63595912554389677 ) ) ;
#483 = AXIS2_PLACEMENT_3D ( 'NONE', #785, #2469, #831 ) ;
#484 = DIRECTION ( 'NONE',  ( 1.000000000000000000, -0.000000000000000000, 0.000000000000000000 ) ) ;
#485 = AXIS2_PLACEMENT_3D ( 'NONE', #328, #1660, #1622 ) ;
#486 = ORIENTED_EDGE ( 'NONE', *, *, #1578, .F. ) ;
#487 =( LENGTH_UNIT ( ) NAMED_UNIT ( * ) SI_UNIT ( .MILLI., .METRE. ) );
#488 = CARTESIAN_POINT ( 'NONE',  ( 30.99999999999999645, 54.00000000000001421, -5.059639607911712744 ) ) ;
#489 = LINE ( 'NONE', #155, #1761 ) ;
#490 = CIRCLE ( 'NONE', #2532, 2.499999999999998668 ) ;
#491 = ORIENTED_EDGE ( 'NONE', *, *, #4288, .F. ) ;
#492 = VERTEX_POINT ( 'NONE', #3422 ) ;
#493 = ORIENTED_EDGE ( 'NONE', *, *, #137, .F. ) ;
#494 = DIRECTION ( 'NONE',  ( -0.8259090073320777270, 0.000000000000000000, -0.5638034334834634009 ) ) ;
#495 = DIRECTION ( 'NONE',  ( -0.000000000000000000, -0.000000000000000000, -1.000000000000000000 ) ) ;
#496 = DIRECTION ( 'NONE',  ( 0.000000000000000000, 1.000000000000000000, 0.000000000000000000 ) ) ;
#497 = EDGE_CURVE ( 'NONE', #172, #3078, #1288, .T. ) ;
#498 = DIRECTION ( 'NONE',  ( 0.000000000000000000, 0.000000000000000000, 1.000000000000000000 ) ) ;
#499 = EDGE_CURVE ( 'NONE', #1076, #792, #4140, .T. ) ;
#500 = CARTESIAN_POINT ( 'NONE',  ( 24.48099919820321446, 19.20000000000000284, -4.000000000000000888 ) ) ;
#501 = ORIENTED_EDGE ( 'NONE', *, *, #3319, .T. ) ;
#502 = CARTESIAN_POINT ( 'NONE',  ( 29.50000000000000000, 0.5000000000000004441, 0.000000000000000000 ) ) ;
#503 = EDGE_LOOP ( 'NONE', ( #3072, #2385, #2508, #1127 ) ) ;
#504 = CARTESIAN_POINT ( 'NONE',  ( 31.00000000000000000, 0.5000000000000000000, -2.500000000000000000 ) ) ;
#505 = EDGE_CURVE ( 'NONE', #224, #2839, #2725, .T. ) ;
#506 = CARTESIAN_POINT ( 'NONE',  ( 29.20371738571234133, 60.50000000000000000, -10.35405740880216641 ) ) ;
#507 = DIRECTION ( 'NONE',  ( 0.000000000000000000, 0.000000000000000000, -1.000000000000000000 ) ) ;
#508 = ORIENTED_EDGE ( 'NONE', *, *, #3945, .T. ) ;
#509 =( NAMED_UNIT ( * ) SI_UNIT ( $, .STERADIAN. ) SOLID_ANGLE_UNIT ( ) );
#510 = DIRECTION ( 'NONE',  ( 1.000000000000000000, 0.000000000000000000, 0.000000000000000000 ) ) ;
#511 = VERTEX_POINT ( 'NONE', #1442 ) ;
#512 = ORIENTED_EDGE ( 'NONE', *, *, #3758, .F. ) ;
#513 = FACE_OUTER_BOUND ( 'NONE', #244, .T. ) ;
#514 = DIRECTION ( 'NONE',  ( -0.000000000000000000, -1.000000000000000000, -0.000000000000000000 ) ) ;
#515 = FACE_OUTER_BOUND ( 'NONE', #1365, .T. ) ;
#516 = CARTESIAN_POINT ( 'NONE',  ( 15.00000000000000000, 14.00000000000000000, -8.999999999999994671 ) ) ;
#517 = AXIS2_PLACEMENT_3D ( 'NONE', #3743, #26, #3701 ) ;
#518 = EDGE_CURVE ( 'NONE', #1106, #3851, #3626, .T. ) ;
#519 = CARTESIAN_POINT ( 'NONE',  ( 29.50000000000000000, 61.00000000000000000, -7.999999999999998224 ) ) ;
#520 = ORIENTED_EDGE ( 'NONE', *, *, #1179, .F. ) ;
#521 = DIRECTION ( 'NONE',  ( 0.000000000000000000, 0.000000000000000000, -1.000000000000000000 ) ) ;
#522 = CARTESIAN_POINT ( 'NONE',  ( 9.999999999999998224, 61.00000000000000000, -17.49999999999999645 ) ) ;
#523 = EDGE_CURVE ( 'NONE', #1508, #1065, #149, .T. ) ;
#524 = ORIENTED_EDGE ( 'NONE', *, *, #2969, .F. ) ;
#525 = CARTESIAN_POINT ( 'NONE',  ( 41.99999999999999289, 8.000000000000000000, -3.000000000000000000 ) ) ;
#526 = EDGE_CURVE ( 'NONE', #2895, #2025, #720, .T. ) ;
#527 = CYLINDRICAL_SURFACE ( 'NONE', #1478, 1.000000000000000888 ) ;
#528 = EDGE_CURVE ( 'NONE', #1881, #300, #3499, .T. ) ;
#529 = ORIENTED_EDGE ( 'NONE', *, *, #2317, .T. ) ;
#530 = DIRECTION ( 'NONE',  ( 0.000000000000000000, 1.000000000000000000, 0.000000000000000000 ) ) ;
#531 = ORIENTED_EDGE ( 'NONE', *, *, #865, .T. ) ;
#532 = VERTEX_POINT ( 'NONE', #3273 ) ;
#533 = AXIS2_PLACEMENT_3D ( 'NONE', #2009, #1037, #2389 ) ;
#534 = CARTESIAN_POINT ( 'NONE',  ( 30.99999999999999645, 20.72979873059941269, -2.736768088452597780 ) ) ;
#535 = DIRECTION ( 'NONE',  ( -1.734723475976807341E-16, -0.000000000000000000, -1.000000000000000000 ) ) ;
#536 = AXIS2_PLACEMENT_3D ( 'NONE', #2120, #3476, #437 ) ;
#537 = CARTESIAN_POINT ( 'NONE',  ( 17.50000000000000000, 55.00000000000000000, -5.500000000000000888 ) ) ;
#538 = CARTESIAN_POINT ( 'NONE',  ( 17.70710678118654968, 53.99999999999999289, -5.707106781186546129 ) ) ;
#539 = ORIENTED_EDGE ( 'NONE', *, *, #2800, .T. ) ;
#540 = CARTESIAN_POINT ( 'NONE',  ( -1.411764705882354809, 17.31821786714256817, -2.500000000000000444 ) ) ;
#541 = CIRCLE ( 'NONE', #2948, 1.000000000000002665 ) ;
#542 = CARTESIAN_POINT ( 'NONE',  ( 24.98099919820321446, 18.70000000000000284, -3.500000000000001332 ) ) ;
#543 = AXIS2_PLACEMENT_3D ( 'NONE', #2224, #1246, #2602 ) ;
#544 = ORIENTED_EDGE ( 'NONE', *, *, #375, .T. ) ;
#545 = DIRECTION ( 'NONE',  ( 0.000000000000000000, 0.000000000000000000, -1.000000000000000000 ) ) ;
#546 = DIRECTION ( 'NONE',  ( -1.734723475976807341E-16, -0.000000000000000000, -1.000000000000000000 ) ) ;
#547 = CARTESIAN_POINT ( 'NONE',  ( 15.00000000000000000, 4.000000000000000000, -9.999999999999996447 ) ) ;
#548 = DIRECTION ( 'NONE',  ( -0.000000000000000000, 1.000000000000000000, -0.000000000000000000 ) ) ;
#549 = CIRCLE ( 'NONE', #2735, 8.500000000000000000 ) ;
#550 = VECTOR ( 'NONE', #2047, 1000.000000000000000 ) ;
#551 = EDGE_CURVE ( 'NONE', #2552, #1120, #3191, .T. ) ;
#552 = CARTESIAN_POINT ( 'NONE',  ( -0.4662785586519268000, 19.15751625188392282, -2.881711408446391953 ) ) ;
#553 = EDGE_LOOP ( 'NONE', ( #3209, #2598, #2285, #4347 ) ) ;
#554 = VECTOR ( 'NONE', #2230, 1000.000000000000000 ) ;
#555 = AXIS2_PLACEMENT_3D ( 'NONE', #2712, #1697, #363 ) ;
#556 = LINE ( 'NONE', #2879, #3972 ) ;
#557 = CARTESIAN_POINT ( 'NONE',  ( 30.50000000000000000, 55.08910116479239605, -5.500000000000004441 ) ) ;
#558 = AXIS2_PLACEMENT_3D ( 'NONE', #3256, #4242, #2548 ) ;
#559 = ORIENTED_EDGE ( 'NONE', *, *, #2794, .F. ) ;
#560 = ORIENTED_EDGE ( 'NONE', *, *, #590, .F. ) ;
#561 = CIRCLE ( 'NONE', #1830, 1.424999999999999156 ) ;
#562 = CARTESIAN_POINT ( 'NONE',  ( 15.00000000000000000, 14.00000000000000000, -11.00000000000000000 ) ) ;
#563 = AXIS2_PLACEMENT_3D ( 'NONE', #3370, #4344, #1332 ) ;
#564 = CARTESIAN_POINT ( 'NONE',  ( 31.00000000000000000, 18.80251300790832758, -3.000000000000002665 ) ) ;
#565 =( BOUNDED_CURVE ( )  B_SPLINE_CURVE ( 3, ( #4081, #1672, #3722, #1324 ),
 .UNSPECIFIED., .F., .F. ) 
 B_SPLINE_CURVE_WITH_KNOTS ( ( 4, 4 ),
 ( -2.664535259100375697E-15, 0.5989837485881144286 ),
 .UNSPECIFIED. ) 
 CURVE ( )  GEOMETRIC_REPRESENTATION_ITEM ( )  RATIONAL_B_SPLINE_CURVE ( ( 1.000000000000000000, 0.9703243514685231386, 0.9703243514685231386, 1.000000000000000000 ) ) 
 REPRESENTATION_ITEM ( '' )  );
#566 = CYLINDRICAL_SURFACE ( 'NONE', #113, 10.00000000000000000 ) ;
#567 = CARTESIAN_POINT ( 'NONE',  ( 18.00000000000000355, 54.00000000000000000, -5.999999999999999112 ) ) ;
#568 = VERTEX_POINT ( 'NONE', #1921 ) ;
#569 = CARTESIAN_POINT ( 'NONE',  ( 30.00000000000000000, 60.50000000000000000, -5.510910596163088767E-15 ) ) ;
#570 = AXIS2_PLACEMENT_3D ( 'NONE', #140, #3786, #786 ) ;
#571 = DIRECTION ( 'NONE',  ( 0.000000000000000000, -1.000000000000000000, 0.000000000000000000 ) ) ;
#572 = ORIENTED_EDGE ( 'NONE', *, *, #2877, .T. ) ;
#573 = FACE_OUTER_BOUND ( 'NONE', #322, .T. ) ;
#574 = EDGE_CURVE ( 'NONE', #3126, #331, #1138, .T. ) ;
#575 = DIRECTION ( 'NONE',  ( 0.000000000000000000, 1.000000000000000000, 0.000000000000000000 ) ) ;
#576 = EDGE_CURVE ( 'NONE', #2400, #1165, #310, .T. ) ;
#577 = DIRECTION ( 'NONE',  ( 1.734723475976807587E-16, 0.000000000000000000, 1.000000000000000000 ) ) ;
#578 = ORIENTED_EDGE ( 'NONE', *, *, #1352, .F. ) ;
#579 = CARTESIAN_POINT ( 'NONE',  ( 20.07499999999999929, 36.69999999999999574, -5.500000000000000888 ) ) ;
#580 = DIRECTION ( 'NONE',  ( 0.000000000000000000, 0.000000000000000000, -1.000000000000000000 ) ) ;
#581 = ORIENTED_EDGE ( 'NONE', *, *, #3388, .T. ) ;
#582 = FACE_BOUND ( 'NONE', #1836, .T. ) ;
#583 = AXIS2_PLACEMENT_3D ( 'NONE', #447, #2815, #3781 ) ;
#584 = TOROIDAL_SURFACE ( 'NONE', #2704, 3.000000000000000888, 2.000000000000000000 ) ;
#585 = EDGE_CURVE ( 'NONE', #264, #837, #3842, .T. ) ;
#586 = LINE ( 'NONE', #2911, #229 ) ;
#587 = DIRECTION ( 'NONE',  ( -0.000000000000000000, -1.000000000000000000, -0.000000000000000000 ) ) ;
#588 = CARTESIAN_POINT ( 'NONE',  ( 36.00000000000000000, 8.000000000000000000, -2.500000000000000000 ) ) ;
#589 = ORIENTED_EDGE ( 'NONE', *, *, #100, .F. ) ;
#590 = EDGE_CURVE ( 'NONE', #3865, #2916, #952, .T. ) ;
#591 = ADVANCED_FACE ( 'NONE', ( #2914 ), #592, .F. ) ;
#592 = CYLINDRICAL_SURFACE ( 'NONE', #1707, 0.5000000000000004441 ) ;
#593 = CARTESIAN_POINT ( 'NONE',  ( 31.00000000000000000, 13.62682774105110184, -3.419714710818033243 ) ) ;
#594 = ORIENTED_EDGE ( 'NONE', *, *, #4183, .F. ) ;
#595 = VERTEX_POINT ( 'NONE', #569 ) ;
#596 = DIRECTION ( 'NONE',  ( 0.000000000000000000, -1.000000000000000000, 0.000000000000000000 ) ) ;
#597 = CARTESIAN_POINT ( 'NONE',  ( 21.50000000000000000, 36.69999999999999574, 3.469446951953614189E-15 ) ) ;
#598 = DIRECTION ( 'NONE',  ( -0.000000000000000000, -0.000000000000000000, -1.000000000000000000 ) ) ;
#599 = ORIENTED_EDGE ( 'NONE', *, *, #3808, .F. ) ;
#600 = CARTESIAN_POINT ( 'NONE',  ( -0.1430804525209455058, 20.29984302957756270, -3.318498493760189127 ) ) ;
#601 = DIRECTION ( 'NONE',  ( 0.000000000000000000, 0.000000000000000000, -1.000000000000000000 ) ) ;
#602 = DIRECTION ( 'NONE',  ( -1.000000000000000000, 0.000000000000000000, 0.000000000000000000 ) ) ;
#603 = VERTEX_POINT ( 'NONE', #2479 ) ;
#604 = DIRECTION ( 'NONE',  ( 0.000000000000000000, 0.000000000000000000, -1.000000000000000000 ) ) ;
#605 = EDGE_CURVE ( 'NONE', #1353, #2199, #614, .T. ) ;
#606 = CARTESIAN_POINT ( 'NONE',  ( 22.98099919820321446, 40.20000000000000284, -3.500000000000001332 ) ) ;
#607 = ADVANCED_FACE ( 'NONE', ( #234 ), #253, .T. ) ;
#608 = CYLINDRICAL_SURFACE ( 'NONE', #4382, 1.424999999999999156 ) ;
#609 = DIRECTION ( 'NONE',  ( -1.000000000000000000, 0.000000000000000000, 6.938893903907221278E-15 ) ) ;
#610 = ORIENTED_EDGE ( 'NONE', *, *, #1385, .F. ) ;
#611 = ADVANCED_FACE ( 'NONE', ( #1633 ), #4196, .F. ) ;
#612 = CIRCLE ( 'NONE', #3794, 1.000000000000000888 ) ;
#613 = B_SPLINE_CURVE_WITH_KNOTS ( 'NONE', 3,
 ( #2579, #3996, #1181, #2534, #2296, #4257, #208, #3651, #3292, #4231, #2603, #1603, #1513, #2203, #2955, #1206 ),
 .UNSPECIFIED., .F., .F.,
 ( 4, 2, 2, 2, 2, 2, 2, 4 ),
 ( 0.000000000000000000, 0.0002649181215638909525, 0.0005298362431277819050, 0.0007947543646916728575, 0.001059672486255563810, 0.001324590607819450643, 0.001589508729383337692, 0.002119344972511111574 ),
 .UNSPECIFIED. ) ;
#614 = LINE ( 'NONE', #3296, #1491 ) ;
#615 = DIRECTION ( 'NONE',  ( -1.734723475976807341E-16, -0.000000000000000000, -1.000000000000000000 ) ) ;
#616 = ORIENTED_EDGE ( 'NONE', *, *, #725, .F. ) ;
#617 = ORIENTED_EDGE ( 'NONE', *, *, #795, .T. ) ;
#618 = CARTESIAN_POINT ( 'NONE',  ( 15.74995463656737194, 14.03028136942634418, -9.323930977550109134 ) ) ;
#619 = AXIS2_PLACEMENT_3D ( 'NONE', #3912, #2615, #168 ) ;
#620 = ORIENTED_EDGE ( 'NONE', *, *, #3721, .T. ) ;
#621 = LINE ( 'NONE', #2007, #1274 ) ;
#622 = VECTOR ( 'NONE', #336, 1000.000000000000000 ) ;
#623 = ORIENTED_EDGE ( 'NONE', *, *, #3333, .T. ) ;
#624 = CARTESIAN_POINT ( 'NONE',  ( 14.99999999999999645, 15.00000000000000000, -18.00000000000000000 ) ) ;
#625 = VECTOR ( 'NONE', #1542, 1000.000000000000000 ) ;
#626 = CARTESIAN_POINT ( 'NONE',  ( -3.399999999999999023, 7.000000000000000000, -3.000000000000000000 ) ) ;
#627 = CARTESIAN_POINT ( 'NONE',  ( 15.00000000000000000, 60.00000000000000000, -9.999999999999996447 ) ) ;
#628 = ORIENTED_EDGE ( 'NONE', *, *, #2030, .T. ) ;
#629 = CIRCLE ( 'NONE', #1399, 2.600000000000000089 ) ;
#630 = AXIS2_PLACEMENT_3D ( 'NONE', #500, #164, #4190 ) ;
#631 = VECTOR ( 'NONE', #1856, 1000.000000000000000 ) ;
#632 = DIRECTION ( 'NONE',  ( 0.000000000000000000, -1.000000000000000000, 0.000000000000000000 ) ) ;
#633 = DIRECTION ( 'NONE',  ( -1.000000000000000000, -0.000000000000000000, -0.000000000000000000 ) ) ;
#634 = VERTEX_POINT ( 'NONE', #1606 ) ;
#635 = AXIS2_PLACEMENT_3D ( 'NONE', #1818, #3437, #2147 ) ;
#636 = DIRECTION ( 'NONE',  ( -1.734723475976807341E-16, -0.000000000000000000, -1.000000000000000000 ) ) ;
#637 = CARTESIAN_POINT ( 'NONE',  ( 30.98880516900170079, 13.97985352214304555, -5.116685906967603614 ) ) ;
#638 = ORIENTED_EDGE ( 'NONE', *, *, #2640, .F. ) ;
#639 = VECTOR ( 'NONE', #2143, 1000.000000000000000 ) ;
#640 = CARTESIAN_POINT ( 'NONE',  ( 20.00000000000000000, 0.000000000000000000, -8.000000000000000000 ) ) ;
#641 = ADVANCED_FACE ( 'NONE', ( #4352 ), #124, .T. ) ;
#642 = ORIENTED_EDGE ( 'NONE', *, *, #1948, .T. ) ;
#643 = DIRECTION ( 'NONE',  ( 0.000000000000000000, 0.000000000000000000, -1.000000000000000000 ) ) ;
#644 = ORIENTED_EDGE ( 'NONE', *, *, #3754, .T. ) ;
#645 = CARTESIAN_POINT ( 'NONE',  ( 24.98099919820321446, 19.20000000000000284, -4.000000000000000888 ) ) ;
#646 = EDGE_CURVE ( 'NONE', #2419, #2759, #2164, .T. ) ;
#647 = LINE ( 'NONE', #1644, #1692 ) ;
#648 = CARTESIAN_POINT ( 'NONE',  ( 29.20371738571233777, 54.08704549633395686, -10.85405740880216996 ) ) ;
#649 = ORIENTED_EDGE ( 'NONE', *, *, #2235, .T. ) ;
#650 = CARTESIAN_POINT ( 'NONE',  ( 27.80411637549860870, 54.50000000000000000, -14.25266084140779554 ) ) ;
#651 = ORIENTED_EDGE ( 'NONE', *, *, #2351, .F. ) ;
#652 = LINE ( 'NONE', #40, #4100 ) ;
#653 = DIRECTION ( 'NONE',  ( 1.000000000000000000, 0.000000000000000000, 0.000000000000000000 ) ) ;
#654 = ORIENTED_EDGE ( 'NONE', *, *, #1748, .F. ) ;
#655 = CARTESIAN_POINT ( 'NONE',  ( 20.98099919820321446, 40.20000000000000284, -3.500000000000000444 ) ) ;
#656 = CARTESIAN_POINT ( 'NONE',  ( 21.50000000000000000, 36.69999999999999574, 3.469446951953614189E-15 ) ) ;
#657 = CARTESIAN_POINT ( 'NONE',  ( 14.99999999999999467, 27.99999999999999645, -17.49999999999999645 ) ) ;
#658 = EDGE_CURVE ( 'NONE', #2913, #768, #1652, .T. ) ;
#659 = AXIS2_PLACEMENT_3D ( 'NONE', #2404, #721, #1736 ) ;
#660 = ADVANCED_FACE ( 'NONE', ( #2727 ), #4021, .F. ) ;
#661 = ORIENTED_EDGE ( 'NONE', *, *, #3, .T. ) ;
#662 = CARTESIAN_POINT ( 'NONE',  ( 15.00000000000000000, 4.000000000000000000, -7.499999999999998224 ) ) ;
#663 = VERTEX_POINT ( 'NONE', #2343 ) ;
#664 = CARTESIAN_POINT ( 'NONE',  ( 36.00000000000000000, 6.000000000000000000, -2.500000000000000444 ) ) ;
#665 = EDGE_CURVE ( 'NONE', #3486, #2715, #2646, .T. ) ;
#666 = DIRECTION ( 'NONE',  ( 1.000000000000000000, -0.000000000000000000, -0.000000000000000000 ) ) ;
#667 = DIRECTION ( 'NONE',  ( 0.000000000000000000, 0.000000000000000000, -1.000000000000000000 ) ) ;
#668 = ADVANCED_FACE ( 'NONE', ( #1650 ), #1342, .T. ) ;
#669 = ORIENTED_EDGE ( 'NONE', *, *, #2092, .T. ) ;
#670 = APPLICATION_CONTEXT ( 'automotive_design' ) ;
#671 = ORIENTED_EDGE ( 'NONE', *, *, #1443, .T. ) ;
#672 = FACE_OUTER_BOUND ( 'NONE', #2855, .T. ) ;
#673 = ADVANCED_FACE ( 'NONE', ( #2067 ), #3084, .F. ) ;
#674 = PRODUCT ( 'Bowden Inlet with switchfor 2020', 'Bowden Inlet with switchfor 2020', '', ( #151 ) ) ;
#675 = DIRECTION ( 'NONE',  ( 0.000000000000000000, -0.000000000000000000, -1.000000000000000000 ) ) ;
#676 = CARTESIAN_POINT ( 'NONE',  ( 19.99999999999999645, 60.50000000000000000, -7.999999999999998224 ) ) ;
#677 = EDGE_LOOP ( 'NONE', ( #456, #1208, #1440, #2764 ) ) ;
#678 = DIRECTION ( 'NONE',  ( 0.000000000000000000, 0.000000000000000000, 1.000000000000000000 ) ) ;
#679 = CARTESIAN_POINT ( 'NONE',  ( 31.00000000000003908, 14.00000000000028955, -5.059697071961709369 ) ) ;
#680 = CARTESIAN_POINT ( 'NONE',  ( 15.00000000000000000, 7.968626966596882077, -9.999999999999996447 ) ) ;
#681 = AXIS2_PLACEMENT_3D ( 'NONE', #2695, #346, #3703 ) ;
#682 = TOROIDAL_SURFACE ( 'NONE', #3373, 1.500000000000000000, 0.5000000000000000000 ) ;
#683 = ORIENTED_EDGE ( 'NONE', *, *, #256, .T. ) ;
#684 = CARTESIAN_POINT ( 'NONE',  ( 20.00000000000000000, 0.5000000000000004441, -8.000000000000000000 ) ) ;
#685 = ORIENTED_EDGE ( 'NONE', *, *, #938, .T. ) ;
#686 = DIRECTION ( 'NONE',  ( -0.000000000000000000, 0.000000000000000000, 1.000000000000000000 ) ) ;
#687 = AXIS2_PLACEMENT_3D ( 'NONE', #1869, #2132, #1783 ) ;
#688 = EDGE_CURVE ( 'NONE', #2715, #3885, #1299, .T. ) ;
#689 = DIRECTION ( 'NONE',  ( 0.000000000000000000, -1.000000000000000000, 0.000000000000000000 ) ) ;
#690 = CARTESIAN_POINT ( 'NONE',  ( 41.99999999999999289, 14.00000000000001066, 0.000000000000000000 ) ) ;
#691 = CIRCLE ( 'NONE', #4166, 0.5000000000000000000 ) ;
#692 = ORIENTED_EDGE ( 'NONE', *, *, #1370, .F. ) ;
#693 = DIRECTION ( 'NONE',  ( 1.000000000000000000, 0.000000000000000000, -0.000000000000000000 ) ) ;
#694 = CARTESIAN_POINT ( 'NONE',  ( 14.99999999999999822, 27.99999999999999289, -5.500000000000000000 ) ) ;
#695 = VERTEX_POINT ( 'NONE', #2711 ) ;
#696 = ORIENTED_EDGE ( 'NONE', *, *, #2074, .F. ) ;
#697 = VECTOR ( 'NONE', #3821, 1000.000000000000000 ) ;
#698 = DIRECTION ( 'NONE',  ( 1.000000000000000000, 0.000000000000000000, 0.000000000000000000 ) ) ;
#699 = VECTOR ( 'NONE', #1691, 1000.000000000000000 ) ;
#700 = DIRECTION ( 'NONE',  ( 1.000000000000000000, 0.000000000000000000, 0.000000000000000000 ) ) ;
#701 = LINE ( 'NONE', #343, #550 ) ;
#702 = VECTOR ( 'NONE', #666, 1000.000000000000000 ) ;
#703 = CARTESIAN_POINT ( 'NONE',  ( 19.99999999999999645, 54.00000000000000000, -17.49999999999999645 ) ) ;
#704 = CIRCLE ( 'NONE', #1058, 0.5000000000000000000 ) ;
#705 = VERTEX_POINT ( 'NONE', #3046 ) ;
#706 =( BOUNDED_CURVE ( )  B_SPLINE_CURVE ( 3, ( #1293, #4298, #1313, #3696 ),
 .UNSPECIFIED., .F., .F. ) 
 B_SPLINE_CURVE_WITH_KNOTS ( ( 4, 4 ),
 ( 4.712388980384692339, 6.283185307179586232 ),
 .UNSPECIFIED. ) 
 CURVE ( )  GEOMETRIC_REPRESENTATION_ITEM ( )  RATIONAL_B_SPLINE_CURVE ( ( 1.000000000000000000, 0.8047378541243654926, 0.8047378541243654926, 1.000000000000000000 ) ) 
 REPRESENTATION_ITEM ( '' )  );
#707 = FACE_OUTER_BOUND ( 'NONE', #284, .T. ) ;
#708 = EDGE_CURVE ( 'NONE', #960, #4397, #2669, .T. ) ;
#709 = ORIENTED_EDGE ( 'NONE', *, *, #1315, .T. ) ;
#710 = CARTESIAN_POINT ( 'NONE',  ( 22.98099919820321446, 40.20000000000000284, -5.500000000000001776 ) ) ;
#711 = LINE ( 'NONE', #80, #3521 ) ;
#712 = VERTEX_POINT ( 'NONE', #3361 ) ;
#713 = DIRECTION ( 'NONE',  ( -0.8259090073320730641, 0.000000000000000000, -0.5638034334834701733 ) ) ;
#714 = CARTESIAN_POINT ( 'NONE',  ( 30.00000000000000000, 14.00000000000000000, -7.999999999999927169 ) ) ;
#715 = ADVANCED_FACE ( 'NONE', ( #4042 ), #2427, .T. ) ;
#716 = EDGE_LOOP ( 'NONE', ( #333, #1481, #3935, #3360, #3991, #4044, #70, #1175, #3303, #4335, #2666, #2999, #3481, #2826, #425, #661 ) ) ;
#717 = ORIENTED_EDGE ( 'NONE', *, *, #741, .F. ) ;
#718 = DIRECTION ( 'NONE',  ( 1.000000000000000000, 0.000000000000000000, 0.000000000000000000 ) ) ;
#719 = ADVANCED_FACE ( 'NONE', ( #3679 ), #3767, .F. ) ;
#720 = CIRCLE ( 'NONE', #3769, 1.000000000000000888 ) ;
#721 = DIRECTION ( 'NONE',  ( -0.000000000000000000, 0.000000000000000000, 1.000000000000000000 ) ) ;
#722 = CARTESIAN_POINT ( 'NONE',  ( 14.99999999999999645, 15.00000000000000000, -17.49999999999999645 ) ) ;
#723 = EDGE_CURVE ( 'NONE', #985, #2117, #1012, .T. ) ;
#724 = DIRECTION ( 'NONE',  ( -0.000000000000000000, -0.000000000000000000, -1.000000000000000000 ) ) ;
#725 = EDGE_CURVE ( 'NONE', #1530, #1084, #3563, .T. ) ;
#726 = ORIENTED_EDGE ( 'NONE', *, *, #4142, .T. ) ;
#727 = CYLINDRICAL_SURFACE ( 'NONE', #1973, 1.000000000000004441 ) ;
#728 = ORIENTED_EDGE ( 'NONE', *, *, #466, .F. ) ;
#729 = DIRECTION ( 'NONE',  ( 0.000000000000000000, 0.000000000000000000, 1.000000000000000000 ) ) ;
#730 = DIRECTION ( 'NONE',  ( 0.000000000000000000, 0.000000000000000000, 1.000000000000000000 ) ) ;
#731 = AXIS2_PLACEMENT_3D ( 'NONE', #3403, #996, #678 ) ;
#732 = ORIENTED_EDGE ( 'NONE', *, *, #3817, .T. ) ;
#733 = DIRECTION ( 'NONE',  ( -1.000000000000000000, 0.000000000000000000, 0.000000000000000000 ) ) ;
#734 = LINE ( 'NONE', #1778, #2749 ) ;
#735 = ORIENTED_EDGE ( 'NONE', *, *, #1179, .T. ) ;
#736 = VERTEX_POINT ( 'NONE', #3379 ) ;
#737 = DIRECTION ( 'NONE',  ( 1.734723475976807341E-16, -0.000000000000000000, 1.000000000000000000 ) ) ;
#738 = ADVANCED_FACE ( 'NONE', ( #1718 ), #3065, .F. ) ;
#739 = CARTESIAN_POINT ( 'NONE',  ( 30.98099919820321446, 18.70000000000000284, -3.500000000000002220 ) ) ;
#740 = CARTESIAN_POINT ( 'NONE',  ( 30.00000000000000000, 14.00000000000000000, 0.000000000000000000 ) ) ;
#741 = EDGE_CURVE ( 'NONE', #634, #4404, #7, .T. ) ;
#742 = CARTESIAN_POINT ( 'NONE',  ( 37.99999999999999289, 10.12701665379256788, -3.999999999999996447 ) ) ;
#743 = ORIENTED_EDGE ( 'NONE', *, *, #1110, .F. ) ;
#744 = CARTESIAN_POINT ( 'NONE',  ( -0.8224142322378230618, 17.42129159202062283, -3.000000000000000000 ) ) ;
#745 = ORIENTED_EDGE ( 'NONE', *, *, #605, .F. ) ;
#746 = LINE ( 'NONE', #1412, #1739 ) ;
#747 = CIRCLE ( 'NONE', #1668, 0.5000000000000000000 ) ;
#748 = LINE ( 'NONE', #1392, #3395 ) ;
#749 = CARTESIAN_POINT ( 'NONE',  ( 10.00000000000006928, 14.00000000000000000, -18.00000000000000000 ) ) ;
#750 = CIRCLE ( 'NONE', #828, 0.5000000000000004441 ) ;
#751 = ORIENTED_EDGE ( 'NONE', *, *, #938, .F. ) ;
#752 = AXIS2_PLACEMENT_3D ( 'NONE', #3553, #495, #1801 ) ;
#753 = DIRECTION ( 'NONE',  ( -0.000000000000000000, -0.000000000000000000, 1.000000000000000000 ) ) ;
#754 = FACE_OUTER_BOUND ( 'NONE', #3871, .T. ) ;
#755 = ORIENTED_EDGE ( 'NONE', *, *, #1986, .T. ) ;
#756 = ORIENTED_EDGE ( 'NONE', *, *, #2763, .T. ) ;
#757 = ADVANCED_FACE ( 'NONE', ( #1028 ), #1505, .T. ) ;
#758 = LINE ( 'NONE', #1735, #2284 ) ;
#759 = VECTOR ( 'NONE', #377, 1000.000000000000114 ) ;
#760 = DIRECTION ( 'NONE',  ( 4.956352788505162775E-17, -1.000000000000000000, -8.597901537443017788E-33 ) ) ;
#761 = CARTESIAN_POINT ( 'NONE',  ( 21.50000000000000000, 17.69999999999999929, -5.500000000000000888 ) ) ;
#762 = DIRECTION ( 'NONE',  ( 0.000000000000000000, 1.000000000000000000, 0.000000000000000000 ) ) ;
#763 = VECTOR ( 'NONE', #3394, 1000.000000000000000 ) ;
#764 = CARTESIAN_POINT ( 'NONE',  ( 31.00000000000000000, 46.19981946846973386, -5.000000000000002665 ) ) ;
#765 = VECTOR ( 'NONE', #3410, 1000.000000000000000 ) ;
#766 = AXIS2_PLACEMENT_3D ( 'NONE', #1492, #2116, #1162 ) ;
#767 = CARTESIAN_POINT ( 'NONE',  ( 23.98099919820321446, 39.19999999999999574, -5.500000000000001776 ) ) ;
#768 = VERTEX_POINT ( 'NONE', #1054 ) ;
#769 = DIRECTION ( 'NONE',  ( 1.000000000000000000, -0.000000000000000000, -1.734723475976807341E-16 ) ) ;
#770 = PRODUCT_DEFINITION_FORMATION_WITH_SPECIFIED_SOURCE ( 'ANY', '', #674, .NOT_KNOWN. ) ;
#771 = VECTOR ( 'NONE', #2933, 1000.000000000000000 ) ;
#772 = ORIENTED_EDGE ( 'NONE', *, *, #499, .T. ) ;
#773 = CARTESIAN_POINT ( 'NONE',  ( 20.98099919820321446, 40.70000000000000284, -3.500000000000000444 ) ) ;
#774 = LINE ( 'NONE', #749, #697 ) ;
#775 = EDGE_CURVE ( 'NONE', #595, #1076, #829, .T. ) ;
#776 = VERTEX_POINT ( 'NONE', #1848 ) ;
#777 = AXIS2_PLACEMENT_3D ( 'NONE', #50, #724, #1803 ) ;
#778 = DIRECTION ( 'NONE',  ( 0.000000000000000000, 0.000000000000000000, -1.000000000000000000 ) ) ;
#779 = DIRECTION ( 'NONE',  ( 1.000000000000000000, 0.000000000000000000, 0.000000000000000000 ) ) ;
#780 = ORIENTED_EDGE ( 'NONE', *, *, #1295, .F. ) ;
#781 = ORIENTED_EDGE ( 'NONE', *, *, #819, .F. ) ;
#782 = DIRECTION ( 'NONE',  ( -0.000000000000000000, -1.000000000000000000, -0.000000000000000000 ) ) ;
#783 = B_SPLINE_CURVE_WITH_KNOTS ( 'NONE', 3,
 ( #1703, #3349, #1287, #1020, #3007, #2368 ),
 .UNSPECIFIED., .F., .F.,
 ( 4, 2, 4 ),
 ( 0.000000000000000000, 0.0003906146716276616459, 0.0007812293432553232917 ),
 .UNSPECIFIED. ) ;
#784 = DIRECTION ( 'NONE',  ( 1.000000000000000000, 0.000000000000000000, 0.000000000000000000 ) ) ;
#785 = CARTESIAN_POINT ( 'NONE',  ( 36.00000000000000000, 0.5000000000000000000, -2.500000000000000444 ) ) ;
#786 = DIRECTION ( 'NONE',  ( 0.000000000000000000, 0.000000000000000000, -1.000000000000000000 ) ) ;
#787 = DIRECTION ( 'NONE',  ( 0.000000000000000000, 0.000000000000000000, -1.000000000000000000 ) ) ;
#788 = VERTEX_POINT ( 'NONE', #72 ) ;
#789 = DIRECTION ( 'NONE',  ( 0.000000000000000000, 0.000000000000000000, -1.000000000000000000 ) ) ;
#790 = EDGE_CURVE ( 'NONE', #4207, #1409, #2000, .T. ) ;
#791 = AXIS2_PLACEMENT_3D ( 'NONE', #44, #3064, #1085 ) ;
#792 = VERTEX_POINT ( 'NONE', #2178 ) ;
#793 = DIRECTION ( 'NONE',  ( 1.000000000000000000, 0.000000000000000000, 0.000000000000000000 ) ) ;
#794 = VECTOR ( 'NONE', #535, 1000.000000000000000 ) ;
#795 = EDGE_CURVE ( 'NONE', #2987, #3911, #2569, .T. ) ;
#796 = CARTESIAN_POINT ( 'NONE',  ( 15.98815323236248531, 29.00020112564975960, -9.822783979305606650 ) ) ;
#797 = CARTESIAN_POINT ( 'NONE',  ( 10.00000000000006928, 14.00000000000000000, -18.00000000000000000 ) ) ;
#798 = EDGE_CURVE ( 'NONE', #568, #3824, #3133, .T. ) ;
#799 = ORIENTED_EDGE ( 'NONE', *, *, #2121, .T. ) ;
#800 = DIRECTION ( 'NONE',  ( -0.000000000000000000, 0.000000000000000000, 1.000000000000000000 ) ) ;
#801 = CARTESIAN_POINT ( 'NONE',  ( 18.00000000000000000, 54.00000000000000000, -17.49999999999999645 ) ) ;
#802 = ORIENTED_EDGE ( 'NONE', *, *, #590, .T. ) ;
#803 = ORIENTED_EDGE ( 'NONE', *, *, #261, .F. ) ;
#804 = ORIENTED_EDGE ( 'NONE', *, *, #903, .F. ) ;
#805 = ADVANCED_FACE ( 'NONE', ( #1086 ), #1223, .T. ) ;
#806 = CARTESIAN_POINT ( 'NONE',  ( 20.48099919820321446, 45.20000000000000284, -3.500000000000000444 ) ) ;
#807 = CARTESIAN_POINT ( 'NONE',  ( 19.98099919820321446, 41.20000000000000284, -5.500000000000000888 ) ) ;
#808 = CARTESIAN_POINT ( 'NONE',  ( 15.99999999999999645, 15.00000000000000000, -5.500000000000000000 ) ) ;
#809 = DIRECTION ( 'NONE',  ( 0.000000000000000000, 0.000000000000000000, -1.000000000000000000 ) ) ;
#810 = CYLINDRICAL_SURFACE ( 'NONE', #3272, 1.424999999999999156 ) ;
#811 = FACE_OUTER_BOUND ( 'NONE', #2529, .T. ) ;
#812 = ORIENTED_EDGE ( 'NONE', *, *, #2991, .F. ) ;
#813 = DIRECTION ( 'NONE',  ( 1.000000000000000000, 0.000000000000000000, 0.000000000000000000 ) ) ;
#814 = ORIENTED_EDGE ( 'NONE', *, *, #2369, .F. ) ;
#815 = CYLINDRICAL_SURFACE ( 'NONE', #2726, 0.5000000000000004441 ) ;
#816 = CARTESIAN_POINT ( 'NONE',  ( 14.99999999999999645, 15.00000000000000000, -18.00000000000000000 ) ) ;
#817 = CARTESIAN_POINT ( 'NONE',  ( -5.999999999999998224, 7.000000000000000000, -3.000000000000000000 ) ) ;
#818 = ORIENTED_EDGE ( 'NONE', *, *, #3345, .F. ) ;
#819 = EDGE_CURVE ( 'NONE', #4384, #2277, #3925, .T. ) ;
#820 = DIRECTION ( 'NONE',  ( 0.000000000000000000, 0.000000000000000000, 1.000000000000000000 ) ) ;
#821 = DIRECTION ( 'NONE',  ( -1.000000000000000000, -1.239088197126290817E-16, 0.000000000000000000 ) ) ;
#822 = CARTESIAN_POINT ( 'NONE',  ( 9.999999999999998224, 0.5000000000000000000, -2.500000000000000444 ) ) ;
#823 = VECTOR ( 'NONE', #389, 1000.000000000000000 ) ;
#824 = VERTEX_POINT ( 'NONE', #3802 ) ;
#825 = ORIENTED_EDGE ( 'NONE', *, *, #2502, .T. ) ;
#826 = ORIENTED_EDGE ( 'NONE', *, *, #2557, .F. ) ;
#827 = EDGE_CURVE ( 'NONE', #2916, #1165, #136, .T. ) ;
#828 = AXIS2_PLACEMENT_3D ( 'NONE', #210, #809, #1514 ) ;
#829 = LINE ( 'NONE', #46, #83 ) ;
#830 = FACE_OUTER_BOUND ( 'NONE', #1663, .T. ) ;
#831 = DIRECTION ( 'NONE',  ( 0.000000000000000000, 0.000000000000000000, -1.000000000000000000 ) ) ;
#832 = B_SPLINE_CURVE_WITH_KNOTS ( 'NONE', 3,
 ( #2291, #1867, #534, #1952, #2599, #2908, #2575, #3287 ),
 .UNSPECIFIED., .F., .F.,
 ( 4, 2, 2, 4 ),
 ( -1.788854382164885810E-05, 0.001442800981639495760, 0.002173145744370068213, 0.002903490507100640449 ),
 .UNSPECIFIED. ) ;
#833 = VECTOR ( 'NONE', #675, 1000.000000000000000 ) ;
#834 = PLANE ( 'NONE',  #1712 ) ;
#835 = CIRCLE ( 'NONE', #1822, 1.000000000000000888 ) ;
#836 = DIRECTION ( 'NONE',  ( 1.000000000000000000, -0.000000000000000000, 0.000000000000000000 ) ) ;
#837 = VERTEX_POINT ( 'NONE', #739 ) ;
#838 = CARTESIAN_POINT ( 'NONE',  ( 10.00000000000000000, 61.00000000000000000, -7.999999999999998224 ) ) ;
#839 = AXIS2_PLACEMENT_3D ( 'NONE', #2547, #2263, #1237 ) ;
#840 = ORIENTED_EDGE ( 'NONE', *, *, #211, .T. ) ;
#841 = DIRECTION ( 'NONE',  ( 1.734723475976807341E-16, -0.000000000000000000, 1.000000000000000000 ) ) ;
#842 = TOROIDAL_SURFACE ( 'NONE', #2459, 9.499999999999998224, 0.5000000000000000000 ) ;
#843 = VECTOR ( 'NONE', #3672, 1000.000000000000000 ) ;
#844 = ADVANCED_FACE ( 'NONE', ( #2086 ), #441, .T. ) ;
#845 = PRODUCT_DEFINITION_SHAPE ( 'NONE', 'NONE',  #1016 ) ;
#846 = FACE_OUTER_BOUND ( 'NONE', #2984, .T. ) ;
#847 = CYLINDRICAL_SURFACE ( 'NONE', #893, 0.5000000000000004441 ) ;
#848 = AXIS2_PLACEMENT_3D ( 'NONE', #3104, #2435, #779 ) ;
#849 = ORIENTED_EDGE ( 'NONE', *, *, #344, .T. ) ;
#850 =( NAMED_UNIT ( * ) SI_UNIT ( $, .STERADIAN. ) SOLID_ANGLE_UNIT ( ) );
#851 = DIRECTION ( 'NONE',  ( -0.5638034334834641781, 0.000000000000000000, 0.8259090073320770609 ) ) ;
#852 = CIRCLE ( 'NONE', #4115, 1.424999999999999156 ) ;
#853 = VERTEX_POINT ( 'NONE', #1464 ) ;
#854 = ORIENTED_EDGE ( 'NONE', *, *, #3502, .T. ) ;
#855 = VERTEX_POINT ( 'NONE', #3441 ) ;
#856 = SPHERICAL_SURFACE ( 'NONE', #2287, 0.5000000000000000000 ) ;
#857 = EDGE_CURVE ( 'NONE', #2025, #1487, #3280, .T. ) ;
#858 = CYLINDRICAL_SURFACE ( 'NONE', #2874, 9.999999999999998224 ) ;
#859 = LINE ( 'NONE', #878, #3750 ) ;
#860 = EDGE_CURVE ( 'NONE', #853, #3486, #1823, .T. ) ;
#861 = DIRECTION ( 'NONE',  ( 1.239088197126290817E-16, -1.000000000000000000, 0.000000000000000000 ) ) ;
#862 = EDGE_LOOP ( 'NONE', ( #1516, #1271, #1337, #2377, #3148 ) ) ;
#863 = FACE_OUTER_BOUND ( 'NONE', #2460, .T. ) ;
#864 = DIRECTION ( 'NONE',  ( -0.000000000000000000, -0.000000000000000000, -1.000000000000000000 ) ) ;
#865 = EDGE_CURVE ( 'NONE', #2883, #2571, #3489, .T. ) ;
#866 = EDGE_LOOP ( 'NONE', ( #1991, #735, #628, #799 ) ) ;
#867 = FACE_OUTER_BOUND ( 'NONE', #3997, .T. ) ;
#868 = CARTESIAN_POINT ( 'NONE',  ( 15.00000000000000000, 55.00000000000000000, -9.999999999999996447 ) ) ;
#869 = VERTEX_POINT ( 'NONE', #806 ) ;
#870 = SURFACE_STYLE_FILL_AREA ( #3188 ) ;
#871 = CYLINDRICAL_SURFACE ( 'NONE', #2024, 1.000000000000000888 ) ;
#872 = ORIENTED_EDGE ( 'NONE', *, *, #4288, .T. ) ;
#873 = EDGE_LOOP ( 'NONE', ( #3759, #1176, #4201, #1588 ) ) ;
#874 = CARTESIAN_POINT ( 'NONE',  ( 20.98099919820321446, 46.20000000000000284, -4.000000000000000000 ) ) ;
#875 = AXIS2_PLACEMENT_3D ( 'NONE', #3151, #1422, #2754 ) ;
#876 = FACE_OUTER_BOUND ( 'NONE', #1982, .T. ) ;
#877 = DIRECTION ( 'NONE',  ( -0.000000000000000000, -1.000000000000000000, -0.000000000000000000 ) ) ;
#878 = CARTESIAN_POINT ( 'NONE',  ( 22.98099919820321446, 40.20000000000000284, -3.500000000000001332 ) ) ;
#879 = ORIENTED_EDGE ( 'NONE', *, *, #204, .T. ) ;
#880 = AXIS2_PLACEMENT_3D ( 'NONE', #2319, #1361, #2380 ) ;
#881 = EDGE_CURVE ( 'NONE', #1221, #4086, #2359, .T. ) ;
#882 = CARTESIAN_POINT ( 'NONE',  ( 0.000000000000000000, 0.5000000000000004441, 0.000000000000000000 ) ) ;
#883 = ORIENTED_EDGE ( 'NONE', *, *, #1314, .T. ) ;
#884 = PLANE ( 'NONE',  #1895 ) ;
#885 = DIRECTION ( 'NONE',  ( 0.000000000000000000, 0.000000000000000000, 1.000000000000000000 ) ) ;
#886 = DIRECTION ( 'NONE',  ( 2.865447488079307902E-16, 0.000000000000000000, -1.000000000000000000 ) ) ;
#887 = CARTESIAN_POINT ( 'NONE',  ( 41.49999999999999289, 8.000000000000000000, -3.000000000000000000 ) ) ;
#888 = ORIENTED_EDGE ( 'NONE', *, *, #327, .F. ) ;
#889 = DIRECTION ( 'NONE',  ( 0.000000000000000000, 0.000000000000000000, 1.000000000000000000 ) ) ;
#890 = DIRECTION ( 'NONE',  ( 9.020562075079395313E-15, 0.000000000000000000, 1.000000000000000000 ) ) ;
#891 = ORIENTED_EDGE ( 'NONE', *, *, #857, .T. ) ;
#892 = EDGE_LOOP ( 'NONE', ( #3764, #1625, #3160, #2297 ) ) ;
#893 = AXIS2_PLACEMENT_3D ( 'NONE', #2194, #1594, #507 ) ;
#894 = LINE ( 'NONE', #1556, #2730 ) ;
#895 = AXIS2_PLACEMENT_3D ( 'NONE', #640, #28, #2713 ) ;
#896 = VERTEX_POINT ( 'NONE', #4143 ) ;
#897 = CARTESIAN_POINT ( 'NONE',  ( 19.98099919820321446, 41.20000000000000284, -4.000000000000000000 ) ) ;
#898 = AXIS2_PLACEMENT_3D ( 'NONE', #1590, #3955, #1498 ) ;
#899 = CARTESIAN_POINT ( 'NONE',  ( 10.00000000000000000, 61.00000000000000000, -7.999999999999998224 ) ) ;
#900 = CARTESIAN_POINT ( 'NONE',  ( 10.00000000000006928, 54.50000000000000000, -18.00000000000000000 ) ) ;
#901 = ADVANCED_FACE ( 'NONE', ( #3130 ), #3531, .T. ) ;
#902 = EDGE_LOOP ( 'NONE', ( #1200, #1846, #33, #3293 ) ) ;
#903 = EDGE_CURVE ( 'NONE', #3299, #1220, #3742, .T. ) ;
#904 = AXIS2_PLACEMENT_3D ( 'NONE', #4218, #886, #933 ) ;
#905 = DIRECTION ( 'NONE',  ( 1.734723475976807341E-16, -0.000000000000000000, 1.000000000000000000 ) ) ;
#906 = CARTESIAN_POINT ( 'NONE',  ( 26.77755451293677424, 61.00000000000000000, -6.800000000000002487 ) ) ;
#907 = CIRCLE ( 'NONE', #3741, 0.5000000000000000000 ) ;
#908 = ORIENTED_EDGE ( 'NONE', *, *, #1631, .T. ) ;
#909 = DIRECTION ( 'NONE',  ( 1.734723475976807587E-16, -0.000000000000000000, 1.000000000000000000 ) ) ;
#910 = FACE_OUTER_BOUND ( 'NONE', #1708, .T. ) ;
#911 = DIRECTION ( 'NONE',  ( 1.000000000000000000, 0.000000000000000000, -2.168404344971008868E-16 ) ) ;
#912 = AXIS2_PLACEMENT_3D ( 'NONE', #2268, #199, #890 ) ;
#913 = AXIS2_PLACEMENT_3D ( 'NONE', #3494, #453, #1804 ) ;
#914 = CARTESIAN_POINT ( 'NONE',  ( -0.3302806460189597337, 18.98883561368075945, -3.254474273041851884 ) ) ;
#915 = ADVANCED_FACE ( 'NONE', ( #2112 ), #89, .F. ) ;
#916 = ORIENTED_EDGE ( 'NONE', *, *, #1676, .T. ) ;
#917 = AXIS2_PLACEMENT_3D ( 'NONE', #3639, #3302, #262 ) ;
#918 = DIRECTION ( 'NONE',  ( 0.000000000000000000, 1.000000000000000000, 0.000000000000000000 ) ) ;
#919 =( GEOMETRIC_REPRESENTATION_CONTEXT ( 3 ) GLOBAL_UNCERTAINTY_ASSIGNED_CONTEXT ( ( #17 ) ) GLOBAL_UNIT_ASSIGNED_CONTEXT ( ( #487, #1171, #850 ) ) REPRESENTATION_CONTEXT ( 'NONE', 'WORKASPACE' ) );
#920 = ORIENTED_EDGE ( 'NONE', *, *, #665, .F. ) ;
#921 = EDGE_CURVE ( 'NONE', #2433, #4404, #3275, .T. ) ;
#922 = EDGE_LOOP ( 'NONE', ( #1768, #539, #2882, #4405 ) ) ;
#923 = VECTOR ( 'NONE', #397, 1000.000000000000000 ) ;
#924 = DIRECTION ( 'NONE',  ( -0.000000000000000000, -1.000000000000000000, -0.000000000000000000 ) ) ;
#925 = DIRECTION ( 'NONE',  ( -0.000000000000000000, 0.000000000000000000, 1.000000000000000000 ) ) ;
#926 = DIRECTION ( 'NONE',  ( 0.000000000000000000, 0.000000000000000000, -1.000000000000000000 ) ) ;
#927 = VERTEX_POINT ( 'NONE', #1936 ) ;
#928 = CARTESIAN_POINT ( 'NONE',  ( 14.99999999999999822, 28.17925096310132815, -8.999999999999991118 ) ) ;
#929 = FACE_OUTER_BOUND ( 'NONE', #20, .T. ) ;
#930 = ORIENTED_EDGE ( 'NONE', *, *, #2524, .T. ) ;
#931 = VERTEX_POINT ( 'NONE', #2556 ) ;
#932 = ORIENTED_EDGE ( 'NONE', *, *, #3402, .T. ) ;
#933 = DIRECTION ( 'NONE',  ( -1.000000000000000000, 0.000000000000000000, -2.865447488079307902E-16 ) ) ;
#934 = EDGE_CURVE ( 'NONE', #695, #30, #4000, .T. ) ;
#935 = CYLINDRICAL_SURFACE ( 'NONE', #917, 1.000000000000000888 ) ;
#936 = ORIENTED_EDGE ( 'NONE', *, *, #3986, .F. ) ;
#937 = AXIS2_PLACEMENT_3D ( 'NONE', #2500, #905, #2254 ) ;
#938 = EDGE_CURVE ( 'NONE', #532, #1286, #2249, .T. ) ;
#939 = EDGE_CURVE ( 'NONE', #1292, #2449, #2201, .T. ) ;
#940 = CARTESIAN_POINT ( 'NONE',  ( 36.00000000000000000, 0.000000000000000000, 0.000000000000000000 ) ) ;
#941 = CARTESIAN_POINT ( 'NONE',  ( 15.99999999999999645, 15.00000000000000000, -8.000000000000000000 ) ) ;
#942 = EDGE_LOOP ( 'NONE', ( #3052, #2430, #2654, #3432 ) ) ;
#943 = CARTESIAN_POINT ( 'NONE',  ( -0.02820863403693169708, 21.07944538632631648, -3.653152070077870572 ) ) ;
#944 = DIRECTION ( 'NONE',  ( 0.000000000000000000, 0.000000000000000000, 1.000000000000000000 ) ) ;
#945 = AXIS2_PLACEMENT_3D ( 'NONE', #3766, #3149, #401 ) ;
#946 = ADVANCED_FACE ( 'NONE', ( #4300 ), #3971, .F. ) ;
#947 = EDGE_CURVE ( 'NONE', #134, #768, #4276, .T. ) ;
#948 = VECTOR ( 'NONE', #2931, 1000.000000000000000 ) ;
#949 = CARTESIAN_POINT ( 'NONE',  ( 36.00000000000000000, 6.999999999999992895, -3.000000000000000000 ) ) ;
#950 = DIRECTION ( 'NONE',  ( 6.938893903907222067E-15, 0.000000000000000000, 1.000000000000000000 ) ) ;
#951 = ORIENTED_EDGE ( 'NONE', *, *, #1448, .T. ) ;
#952 = LINE ( 'NONE', #816, #2279 ) ;
#953 = VECTOR ( 'NONE', #596, 1000.000000000000000 ) ;
#954 = DIRECTION ( 'NONE',  ( 0.000000000000000000, 0.000000000000000000, 1.000000000000000000 ) ) ;
#955 = ORIENTED_EDGE ( 'NONE', *, *, #2064, .T. ) ;
#956 = ORIENTED_EDGE ( 'NONE', *, *, #3146, .F. ) ;
#957 = CARTESIAN_POINT ( 'NONE',  ( -5.999999999999999112, 6.000000000000000000, -3.000000000000000000 ) ) ;
#958 = ORIENTED_EDGE ( 'NONE', *, *, #1066, .F. ) ;
#959 = CARTESIAN_POINT ( 'NONE',  ( 15.99999999999999645, 14.00000000000000000, -10.13195482620472809 ) ) ;
#960 = VERTEX_POINT ( 'NONE', #564 ) ;
#961 = CARTESIAN_POINT ( 'NONE',  ( 15.99999999999999289, 28.99999999999999645, -17.49999999999999645 ) ) ;
#962 = PRODUCT_DEFINITION_CONTEXT ( 'detailed design', #3705, 'design' ) ;
#963 = DIRECTION ( 'NONE',  ( -1.734723475976807587E-16, -0.000000000000000000, -1.000000000000000000 ) ) ;
#964 = CARTESIAN_POINT ( 'NONE',  ( 14.99999999999999822, 27.99999999999999645, -5.500000000000000000 ) ) ;
#965 = VERTEX_POINT ( 'NONE', #2626 ) ;
#966 = CARTESIAN_POINT ( 'NONE',  ( 30.99366642112882531, 46.20000000000000995, -5.091899748093133837 ) ) ;
#967 = CARTESIAN_POINT ( 'NONE',  ( 29.50000000000000000, 0.000000000000000000, -7.999999999999998224 ) ) ;
#968 = DIRECTION ( 'NONE',  ( -0.000000000000000000, 0.000000000000000000, 1.000000000000000000 ) ) ;
#969 = ORIENTED_EDGE ( 'NONE', *, *, #243, .F. ) ;
#970 = EDGE_CURVE ( 'NONE', #122, #965, #586, .T. ) ;
#971 = CARTESIAN_POINT ( 'NONE',  ( 31.00000000000000000, 13.99999999999999822, -3.000000000000002665 ) ) ;
#972 = FACE_OUTER_BOUND ( 'NONE', #1618, .T. ) ;
#973 = EDGE_LOOP ( 'NONE', ( #2949, #3348, #2486, #2349 ) ) ;
#974 = CIRCLE ( 'NONE', #4030, 9.500000000000000000 ) ;
#975 = EDGE_CURVE ( 'NONE', #1149, #1755, #2066, .T. ) ;
#976 = LINE ( 'NONE', #657, #3946 ) ;
#977 = ORIENTED_EDGE ( 'NONE', *, *, #1315, .F. ) ;
#978 = DIRECTION ( 'NONE',  ( 0.000000000000000000, -1.000000000000000000, 0.000000000000000000 ) ) ;
#979 = VECTOR ( 'NONE', #3942, 1000.000000000000000 ) ;
#980 = VERTEX_POINT ( 'NONE', #1205 ) ;
#981 = LINE ( 'NONE', #2329, #1666 ) ;
#982 = AXIS2_PLACEMENT_3D ( 'NONE', #2993, #2703, #4012 ) ;
#983 = FACE_OUTER_BOUND ( 'NONE', #3107, .T. ) ;
#984 = DIRECTION ( 'NONE',  ( 0.000000000000000000, 1.000000000000000000, 0.000000000000000000 ) ) ;
#985 = VERTEX_POINT ( 'NONE', #3920 ) ;
#986 = VECTOR ( 'NONE', #4269, 1000.000000000000000 ) ;
#987 = CIRCLE ( 'NONE', #2456, 0.5000000000000005551 ) ;
#988 = ORIENTED_EDGE ( 'NONE', *, *, #2172, .F. ) ;
#989 = DIRECTION ( 'NONE',  ( -0.000000000000000000, -0.000000000000000000, -1.000000000000000000 ) ) ;
#990 = CARTESIAN_POINT ( 'NONE',  ( 36.00000000000000000, 6.999999999999992895, -3.000000000000000000 ) ) ;
#991 = VECTOR ( 'NONE', #2513, 1000.000000000000000 ) ;
#992 = ADVANCED_FACE ( 'NONE', ( #876 ), #584, .T. ) ;
#993 = ORIENTED_EDGE ( 'NONE', *, *, #3150, .F. ) ;
#994 = VECTOR ( 'NONE', #3643, 1000.000000000000000 ) ;
#995 = ADVANCED_FACE ( 'NONE', ( #3903 ), #856, .T. ) ;
#996 = DIRECTION ( 'NONE',  ( 0.000000000000000000, 1.000000000000000000, 0.000000000000000000 ) ) ;
#997 = CARTESIAN_POINT ( 'NONE',  ( 19.99999999999999645, 61.00000000000000000, -7.999999999999998224 ) ) ;
#998 = ORIENTED_EDGE ( 'NONE', *, *, #2088, .T. ) ;
#999 = AXIS2_PLACEMENT_3D ( 'NONE', #2070, #3429, #3470 ) ;
#1000 = EDGE_CURVE ( 'NONE', #3923, #3126, #3057, .T. ) ;
#1001 = VERTEX_POINT ( 'NONE', #897 ) ;
#1002 = DIRECTION ( 'NONE',  ( 0.000000000000000000, -0.000000000000000000, 1.000000000000000000 ) ) ;
#1003 = ORIENTED_EDGE ( 'NONE', *, *, #3519, .T. ) ;
#1004 = DIRECTION ( 'NONE',  ( 1.000000000000000000, 0.000000000000000000, 0.000000000000000000 ) ) ;
#1005 = DIRECTION ( 'NONE',  ( 0.000000000000000000, 0.000000000000000000, -1.000000000000000000 ) ) ;
#1006 = FACE_OUTER_BOUND ( 'NONE', #1572, .T. ) ;
#1007 = ORIENTED_EDGE ( 'NONE', *, *, #1031, .F. ) ;
#1008 = EDGE_LOOP ( 'NONE', ( #2652, #2455, #302, #436 ) ) ;
#1009 = DIRECTION ( 'NONE',  ( -0.000000000000000000, -1.000000000000000000, 0.000000000000000000 ) ) ;
#1010 = CYLINDRICAL_SURFACE ( 'NONE', #4111, 1.424999999999999156 ) ;
#1011 = ORIENTED_EDGE ( 'NONE', *, *, #3924, .F. ) ;
#1012 = LINE ( 'NONE', #655, #3205 ) ;
#1013 = FACE_BOUND ( 'NONE', #380, .T. ) ;
#1014 = DIRECTION ( 'NONE',  ( -1.000000000000000000, 0.000000000000000000, 0.000000000000000000 ) ) ;
#1015 = ADVANCED_FACE ( 'NONE', ( #3238 ), #1146, .T. ) ;
#1016 = PRODUCT_DEFINITION ( 'UNKNOWN', '', #770, #962 ) ;
#1017 = ORIENTED_EDGE ( 'NONE', *, *, #1145, .F. ) ;
#1018 = LINE ( 'NONE', #4027, #132 ) ;
#1019 = ORIENTED_EDGE ( 'NONE', *, *, #3730, .T. ) ;
#1020 = CARTESIAN_POINT ( 'NONE',  ( 31.00000000000000000, 46.14545593644697874, -3.738448619701438158 ) ) ;
#1021 = CARTESIAN_POINT ( 'NONE',  ( 17.49999999999999289, 55.00000000000000000, -63.50000000000001421 ) ) ;
#1022 = CARTESIAN_POINT ( 'NONE',  ( 28.79076288204630174, 54.50000000000000000, -10.63595912554389677 ) ) ;
#1023 = EDGE_LOOP ( 'NONE', ( #1092, #623, #4285, #2720, #3799, #2229 ) ) ;
#1024 = CARTESIAN_POINT ( 'NONE',  ( 31.00000000000000000, 18.56828226623298050, -3.500000000000002220 ) ) ;
#1025 = LINE ( 'NONE', #3699, #3173 ) ;
#1026 = ORIENTED_EDGE ( 'NONE', *, *, #3206, .F. ) ;
#1027 = ORIENTED_EDGE ( 'NONE', *, *, #2640, .T. ) ;
#1028 = FACE_OUTER_BOUND ( 'NONE', #553, .T. ) ;
#1029 = ADVANCED_FACE ( 'NONE', ( #206 ), #1716, .T. ) ;
#1030 = DIRECTION ( 'NONE',  ( 0.000000000000000000, 1.000000000000000000, 0.000000000000000000 ) ) ;
#1031 = EDGE_CURVE ( 'NONE', #76, #1106, #1580, .T. ) ;
#1032 = DIRECTION ( 'NONE',  ( -0.000000000000000000, 1.000000000000000000, -0.000000000000000000 ) ) ;
#1033 = AXIS2_PLACEMENT_3D ( 'NONE', #680, #2986, #3325 ) ;
#1034 = ORIENTED_EDGE ( 'NONE', *, *, #1443, .F. ) ;
#1035 = DIRECTION ( 'NONE',  ( -1.734723475976807341E-16, -0.000000000000000000, -1.000000000000000000 ) ) ;
#1036 = VERTEX_POINT ( 'NONE', #3649 ) ;
#1037 = DIRECTION ( 'NONE',  ( 0.000000000000000000, -0.000000000000000000, 1.000000000000000000 ) ) ;
#1038 = AXIS2_PLACEMENT_3D ( 'NONE', #111, #90, #2862 ) ;
#1039 = ADVANCED_FACE ( 'NONE', ( #1244 ), #2271, .F. ) ;
#1040 = DIRECTION ( 'NONE',  ( -0.000000000000000000, 1.000000000000000000, -0.000000000000000000 ) ) ;
#1041 = DIRECTION ( 'NONE',  ( 0.000000000000000000, 1.000000000000000000, 0.000000000000000000 ) ) ;
#1042 = ADVANCED_FACE ( 'NONE', ( #672 ), #3110, .T. ) ;
#1043 = EDGE_LOOP ( 'NONE', ( #2709, #2018, #4206, #3635 ) ) ;
#1044 = AXIS2_PLACEMENT_3D ( 'NONE', #4053, #3712, #3056 ) ;
#1045 = ADVANCED_FACE ( 'NONE', ( #3890 ), #847, .F. ) ;
#1046 = CARTESIAN_POINT ( 'NONE',  ( 0.000000000000000000, 0.000000000000000000, -3.000000000000000000 ) ) ;
#1047 = CARTESIAN_POINT ( 'NONE',  ( -0.000000000000000000, 0.5000000000000000000, -3.000000000000000000 ) ) ;
#1048 = AXIS2_PLACEMENT_3D ( 'NONE', #3774, #2805, #730 ) ;
#1049 = ORIENTED_EDGE ( 'NONE', *, *, #3956, .T. ) ;
#1050 = ORIENTED_EDGE ( 'NONE', *, *, #4216, .T. ) ;
#1051 = DIRECTION ( 'NONE',  ( -1.239088197126290817E-16, 1.000000000000000000, -0.000000000000000000 ) ) ;
#1052 = EDGE_CURVE ( 'NONE', #217, #2117, #1861, .T. ) ;
#1053 = CIRCLE ( 'NONE', #3453, 3.499999999999998668 ) ;
#1054 = CARTESIAN_POINT ( 'NONE',  ( 19.99999999999993250, 0.5000000000000004441, -18.00000000000000000 ) ) ;
#1055 = CARTESIAN_POINT ( 'NONE',  ( 30.86715941709326216, 13.75080613619675773, -5.348402361900880919 ) ) ;
#1056 = VECTOR ( 'NONE', #2741, 1000.000000000000000 ) ;
#1057 = CARTESIAN_POINT ( 'NONE',  ( 30.00000000000000000, 0.5000000000000004441, 0.000000000000000000 ) ) ;
#1058 = AXIS2_PLACEMENT_3D ( 'NONE', #2325, #3615, #4358 ) ;
#1059 = ORIENTED_EDGE ( 'NONE', *, *, #2145, .T. ) ;
#1060 = DIRECTION ( 'NONE',  ( -2.001604010742470009E-16, 0.000000000000000000, -1.000000000000000000 ) ) ;
#1061 = VERTEX_POINT ( 'NONE', #4400 ) ;
#1062 = CARTESIAN_POINT ( 'NONE',  ( 14.49999999999999467, 15.00000000000000000, -17.49999999999999645 ) ) ;
#1063 = CARTESIAN_POINT ( 'NONE',  ( 18.00000000000000000, 54.50000000000000000, -18.00000000000000000 ) ) ;
#1064 = EDGE_CURVE ( 'NONE', #1510, #257, #3709, .T. ) ;
#1065 = VERTEX_POINT ( 'NONE', #2974 ) ;
#1066 = EDGE_CURVE ( 'NONE', #4155, #147, #2053, .T. ) ;
#1067 = CARTESIAN_POINT ( 'NONE',  ( 37.28571428571428470, 13.86062614193314779, 0.000000000000000000 ) ) ;
#1068 = DIRECTION ( 'NONE',  ( 0.000000000000000000, 1.000000000000000000, 0.000000000000000000 ) ) ;
#1069 = VERTEX_POINT ( 'NONE', #961 ) ;
#1070 = ORIENTED_EDGE ( 'NONE', *, *, #551, .F. ) ;
#1071 = DIRECTION ( 'NONE',  ( -0.000000000000000000, -1.000000000000000000, -0.000000000000000000 ) ) ;
#1072 = PLANE ( 'NONE',  #2745 ) ;
#1073 = CARTESIAN_POINT ( 'NONE',  ( -11.99999999999999822, 5.999999999999999112, -2.500000000000000000 ) ) ;
#1074 = ORIENTED_EDGE ( 'NONE', *, *, #3857, .F. ) ;
#1075 = CARTESIAN_POINT ( 'NONE',  ( -1.000000000000000000, 17.03458108005454008, -3.000000000000000000 ) ) ;
#1076 = VERTEX_POINT ( 'NONE', #291 ) ;
#1077 = CARTESIAN_POINT ( 'NONE',  ( 38.59999999999999432, 6.999999999999992895, -3.000000000000000000 ) ) ;
#1078 = CYLINDRICAL_SURFACE ( 'NONE', #347, 2.499999999999998668 ) ;
#1079 = CARTESIAN_POINT ( 'NONE',  ( -1.000000000000000000, 0.000000000000000000, -2.500000000000000000 ) ) ;
#1080 = ORIENTED_EDGE ( 'NONE', *, *, #3388, .F. ) ;
#1081 = DIRECTION ( 'NONE',  ( 1.734723475976807341E-16, -0.000000000000000000, 1.000000000000000000 ) ) ;
#1082 = CARTESIAN_POINT ( 'NONE',  ( 30.98099919820321446, 18.19999999999999929, -5.136527547871726718 ) ) ;
#1083 = EDGE_LOOP ( 'NONE', ( #3674, #4037, #1611, #3915 ) ) ;
#1084 = VERTEX_POINT ( 'NONE', #3752 ) ;
#1085 = DIRECTION ( 'NONE',  ( 0.000000000000000000, 0.000000000000000000, 1.000000000000000000 ) ) ;
#1086 = FACE_OUTER_BOUND ( 'NONE', #973, .T. ) ;
#1087 = DIRECTION ( 'NONE',  ( 0.000000000000000000, 1.000000000000000000, 0.000000000000000000 ) ) ;
#1088 = DIRECTION ( 'NONE',  ( 0.000000000000000000, 1.000000000000000000, 0.000000000000000000 ) ) ;
#1089 = EDGE_CURVE ( 'NONE', #1307, #3472, #783, .T. ) ;
#1090 = CARTESIAN_POINT ( 'NONE',  ( 15.00967200417330538, 14.83985758520962328, -8.999865788365408292 ) ) ;
#1091 = FACE_OUTER_BOUND ( 'NONE', #1185, .T. ) ;
#1092 = ORIENTED_EDGE ( 'NONE', *, *, #1270, .T. ) ;
#1093 = DIRECTION ( 'NONE',  ( 0.000000000000000000, 0.000000000000000000, 1.000000000000000000 ) ) ;
#1094 = EDGE_CURVE ( 'NONE', #776, #2903, #2718, .T. ) ;
#1095 = VECTOR ( 'NONE', #370, 1000.000000000000000 ) ;
#1096 = ORIENTED_EDGE ( 'NONE', *, *, #3266, .T. ) ;
#1097 = DIRECTION ( 'NONE',  ( 0.000000000000000000, 0.000000000000000000, 1.000000000000000000 ) ) ;
#1098 = CARTESIAN_POINT ( 'NONE',  ( -6.857142857142858539, 13.93845991166472231, -2.500000000000000444 ) ) ;
#1099 = CYLINDRICAL_SURFACE ( 'NONE', #3970, 8.000000000000000000 ) ;
#1100 = VECTOR ( 'NONE', #3588, 1000.000000000000000 ) ;
#1101 = ORIENTED_EDGE ( 'NONE', *, *, #775, .T. ) ;
#1102 = CIRCLE ( 'NONE', #1673, 0.5000000000000004441 ) ;
#1103 = CARTESIAN_POINT ( 'NONE',  ( 30.81693076618092419, 54.34931202095570058, -5.390937483947292996 ) ) ;
#1104 = CARTESIAN_POINT ( 'NONE',  ( 31.00000000000000000, 46.19981946846973386, -4.000000000000001776 ) ) ;
#1105 = ORIENTED_EDGE ( 'NONE', *, *, #2235, .F. ) ;
#1106 = VERTEX_POINT ( 'NONE', #2990 ) ;
#1107 = DIRECTION ( 'NONE',  ( -0.000000000000000000, -1.000000000000000000, 0.000000000000000000 ) ) ;
#1108 = AXIS2_PLACEMENT_3D ( 'NONE', #3756, #2353, #309 ) ;
#1109 = DIRECTION ( 'NONE',  ( -1.000000000000000000, 0.000000000000000000, 0.000000000000000000 ) ) ;
#1110 = EDGE_CURVE ( 'NONE', #4372, #3659, #612, .T. ) ;
#1111 = CARTESIAN_POINT ( 'NONE',  ( 30.00000000000000000, 53.50000000000000000, -5.500000000000002665 ) ) ;
#1112 = DIRECTION ( 'NONE',  ( 0.000000000000000000, 0.000000000000000000, 1.000000000000000000 ) ) ;
#1113 = VECTOR ( 'NONE', #2918, 1000.000000000000000 ) ;
#1114 = CARTESIAN_POINT ( 'NONE',  ( 14.99999999999999467, 14.91911307531418984, -8.999999999999994671 ) ) ;
#1115 = EDGE_CURVE ( 'NONE', #1286, #122, #1877, .T. ) ;
#1116 = VECTOR ( 'NONE', #1788, 1000.000000000000000 ) ;
#1117 = AXIS2_PLACEMENT_3D ( 'NONE', #3153, #451, #139 ) ;
#1118 = ADVANCED_FACE ( 'NONE', ( #4360 ), #1308, .T. ) ;
#1119 = DIRECTION ( 'NONE',  ( -1.000000000000000000, 0.000000000000000000, 0.000000000000000000 ) ) ;
#1120 = VERTEX_POINT ( 'NONE', #2638 ) ;
#1121 = DIRECTION ( 'NONE',  ( 0.000000000000000000, 0.000000000000000000, 1.000000000000000000 ) ) ;
#1122 = AXIS2_PLACEMENT_3D ( 'NONE', #1870, #3216, #181 ) ;
#1123 = VERTEX_POINT ( 'NONE', #3367 ) ;
#1124 = DIRECTION ( 'NONE',  ( -0.000000000000000000, -0.000000000000000000, -1.000000000000000000 ) ) ;
#1125 = VECTOR ( 'NONE', #963, 1000.000000000000000 ) ;
#1126 = ADVANCED_FACE ( 'NONE', ( #325, #1348 ), #1992, .T. ) ;
#1127 = ORIENTED_EDGE ( 'NONE', *, *, #3555, .F. ) ;
#1128 = AXIS2_PLACEMENT_3D ( 'NONE', #2443, #3134, #1738 ) ;
#1129 = CARTESIAN_POINT ( 'NONE',  ( 30.98889718629444801, 54.01997901615484921, -5.116336676260250016 ) ) ;
#1130 = FACE_OUTER_BOUND ( 'NONE', #1460, .T. ) ;
#1131 = ORIENTED_EDGE ( 'NONE', *, *, #2694, .F. ) ;
#1132 = EDGE_LOOP ( 'NONE', ( #2937, #1241, #4151, #717 ) ) ;
#1133 = CARTESIAN_POINT ( 'NONE',  ( 30.00000000000000000, 53.50000000000000000, -5.500000000000002665 ) ) ;
#1134 = DIRECTION ( 'NONE',  ( -1.000000000000000000, 0.000000000000000000, 1.734723475976803643E-16 ) ) ;
#1135 = FACE_OUTER_BOUND ( 'NONE', #2619, .T. ) ;
#1136 = DIRECTION ( 'NONE',  ( 0.000000000000000000, -0.000000000000000000, 1.000000000000000000 ) ) ;
#1137 = DIRECTION ( 'NONE',  ( 1.000000000000000000, 6.938893903907229364E-16, -1.734723475976807341E-16 ) ) ;
#1138 = CIRCLE ( 'NONE', #3408, 4.000000000000000000 ) ;
#1139 = CARTESIAN_POINT ( 'NONE',  ( 15.99999999999999645, 15.00000000000000000, -18.00000000000000000 ) ) ;
#1140 = ORIENTED_EDGE ( 'NONE', *, *, #3123, .T. ) ;
#1141 = CARTESIAN_POINT ( 'NONE',  ( 38.00000000000000000, 10.12701665379256788, 43.08131845707602992 ) ) ;
#1142 = AXIS2_PLACEMENT_3D ( 'NONE', #360, #2065, #381 ) ;
#1143 = ORIENTED_EDGE ( 'NONE', *, *, #3319, .F. ) ;
#1144 = DIRECTION ( 'NONE',  ( -1.734723475976807341E-16, 0.000000000000000000, -1.000000000000000000 ) ) ;
#1145 = EDGE_CURVE ( 'NONE', #2833, #1925, #3008, .T. ) ;
#1146 = TOROIDAL_SURFACE ( 'NONE', #3634, 8.500000000000000000, 0.5000000000000000000 ) ;
#1147 = CARTESIAN_POINT ( 'NONE',  ( 15.56997570327642677, 28.90630109638883738, -9.174500177284725666 ) ) ;
#1148 = DIRECTION ( 'NONE',  ( -1.000000000000000000, 0.000000000000000000, 0.000000000000000000 ) ) ;
#1149 = VERTEX_POINT ( 'NONE', #2307 ) ;
#1150 = DIRECTION ( 'NONE',  ( -1.000000000000000000, 0.000000000000000000, 1.734723475976807341E-16 ) ) ;
#1151 = CARTESIAN_POINT ( 'NONE',  ( 24.98099919820321446, 19.20000000000000284, -5.500000000000001776 ) ) ;
#1152 = CARTESIAN_POINT ( 'NONE',  ( 20.48099919820321446, 41.20000000000000284, -3.500000000000000444 ) ) ;
#1153 =( BOUNDED_CURVE ( )  B_SPLINE_CURVE ( 3, ( #3904, #2791, #3152, #2533 ),
 .UNSPECIFIED., .F., .T. ) 
 B_SPLINE_CURVE_WITH_KNOTS ( ( 4, 4 ),
 ( 3.141592653589793116, 4.712388980384689674 ),
 .UNSPECIFIED. ) 
 CURVE ( )  GEOMETRIC_REPRESENTATION_ITEM ( )  RATIONAL_B_SPLINE_CURVE ( ( 1.000000000000000000, 0.8047378541243649375, 0.8047378541243649375, 1.000000000000000000 ) ) 
 REPRESENTATION_ITEM ( '' )  );
#1154 = ORIENTED_EDGE ( 'NONE', *, *, #4343, .F. ) ;
#1155 = ORIENTED_EDGE ( 'NONE', *, *, #4306, .F. ) ;
#1156 = ORIENTED_EDGE ( 'NONE', *, *, #4134, .T. ) ;
#1157 = CARTESIAN_POINT ( 'NONE',  ( 15.00000000000000000, 60.00000000000000000, -6.499999999999998224 ) ) ;
#1158 = DIRECTION ( 'NONE',  ( 1.000000000000000000, 0.000000000000000000, -1.734723475976807587E-16 ) ) ;
#1159 = DIRECTION ( 'NONE',  ( 1.000000000000000000, 0.000000000000000000, 0.000000000000000000 ) ) ;
#1160 = DIRECTION ( 'NONE',  ( -0.000000000000000000, 0.000000000000000000, 1.000000000000000000 ) ) ;
#1161 = EDGE_CURVE ( 'NONE', #4086, #3652, #981, .T. ) ;
#1162 = DIRECTION ( 'NONE',  ( 0.000000000000000000, 0.000000000000000000, -1.000000000000000000 ) ) ;
#1163 = EDGE_LOOP ( 'NONE', ( #3002, #4280, #3725, #3497 ) ) ;
#1164 = CYLINDRICAL_SURFACE ( 'NONE', #2330, 0.5000000000000004441 ) ;
#1165 = VERTEX_POINT ( 'NONE', #3663 ) ;
#1166 = CARTESIAN_POINT ( 'NONE',  ( 37.99999999999999289, 57.87298334620742679, -5.500000000000005329 ) ) ;
#1167 = CARTESIAN_POINT ( 'NONE',  ( 16.99999999999999289, 14.00000000000000000, -18.00000000000000000 ) ) ;
#1168 = CARTESIAN_POINT ( 'NONE',  ( -0.2842215015577377879, 19.18987648668679213, -3.298894386618254959 ) ) ;
#1169 = EDGE_LOOP ( 'NONE', ( #2063, #1026, #4193, #2768 ) ) ;
#1170 = EDGE_CURVE ( 'NONE', #2144, #76, #4156, .T. ) ;
#1171 =( NAMED_UNIT ( * ) PLANE_ANGLE_UNIT ( ) SI_UNIT ( $, .RADIAN. ) );
#1172 = EDGE_CURVE ( 'NONE', #1610, #853, #747, .T. ) ;
#1173 = DIRECTION ( 'NONE',  ( -0.000000000000000000, -1.000000000000000000, -0.000000000000000000 ) ) ;
#1174 = TOROIDAL_SURFACE ( 'NONE', #536, 9.500000000000000000, 0.5000000000000000000 ) ;
#1175 = ORIENTED_EDGE ( 'NONE', *, *, #3150, .T. ) ;
#1176 = ORIENTED_EDGE ( 'NONE', *, *, #2264, .F. ) ;
#1177 = ORIENTED_EDGE ( 'NONE', *, *, #2099, .T. ) ;
#1178 = CIRCLE ( 'NONE', #1532, 1.424999999999999156 ) ;
#1179 = EDGE_CURVE ( 'NONE', #1036, #2708, #105, .T. ) ;
#1180 = DIRECTION ( 'NONE',  ( -1.000000000000000000, 0.000000000000000000, 0.000000000000000000 ) ) ;
#1181 = CARTESIAN_POINT ( 'NONE',  ( 15.01181818275671631, 28.17711745121100364, -11.00020224689227355 ) ) ;
#1182 = VECTOR ( 'NONE', #693, 1000.000000000000000 ) ;
#1183 = VECTOR ( 'NONE', #1187, 1000.000000000000000 ) ;
#1184 = CARTESIAN_POINT ( 'NONE',  ( 20.00000000000000000, 13.50000000000000000, -8.000000000000000000 ) ) ;
#1185 = EDGE_LOOP ( 'NONE', ( #2982, #312, #1096, #1886 ) ) ;
#1186 = DIRECTION ( 'NONE',  ( -0.9767710236555257053, 0.2142857142857090280, 0.000000000000000000 ) ) ;
#1187 = DIRECTION ( 'NONE',  ( -0.5638034334834641781, -0.000000000000000000, 0.8259090073320770609 ) ) ;
#1188 = TOROIDAL_SURFACE ( 'NONE', #3981, 9.499999999999998224, 0.5000000000000000000 ) ;
#1189 = VECTOR ( 'NONE', #1229, 1000.000000000000000 ) ;
#1190 = DIRECTION ( 'NONE',  ( 0.000000000000000000, 0.000000000000000000, -1.000000000000000000 ) ) ;
#1191 = PLANE ( 'NONE',  #904 ) ;
#1192 = AXIS2_PLACEMENT_3D ( 'NONE', #3284, #2904, #889 ) ;
#1193 = CIRCLE ( 'NONE', #2893, 1.000000000000000888 ) ;
#1194 = CARTESIAN_POINT ( 'NONE',  ( 15.00000000000000000, 7.968626966596882077, -9.999999999999996447 ) ) ;
#1195 = AXIS2_PLACEMENT_3D ( 'NONE', #1796, #464, #1417 ) ;
#1196 = ORIENTED_EDGE ( 'NONE', *, *, #6, .F. ) ;
#1197 = CARTESIAN_POINT ( 'NONE',  ( 0.000000000000000000, 61.00000000000000000, -8.000000000000000000 ) ) ;
#1198 = LINE ( 'NONE', #2642, #3814 ) ;
#1199 = CIRCLE ( 'NONE', #3691, 1.000000000000000888 ) ;
#1200 = ORIENTED_EDGE ( 'NONE', *, *, #261, .T. ) ;
#1201 = EDGE_LOOP ( 'NONE', ( #620, #2485, #2028, #1007 ) ) ;
#1202 = DIRECTION ( 'NONE',  ( -0.000000000000000000, 0.000000000000000000, 1.000000000000000000 ) ) ;
#1203 = EDGE_CURVE ( 'NONE', #1001, #985, #1601, .T. ) ;
#1204 = CIRCLE ( 'NONE', #3693, 0.5000000000000004441 ) ;
#1205 = CARTESIAN_POINT ( 'NONE',  ( 29.50000000000000000, 0.000000000000000000, -7.999999999999927169 ) ) ;
#1206 = CARTESIAN_POINT ( 'NONE',  ( 15.99999999999999289, 28.99999999999999645, -9.999999999999994671 ) ) ;
#1207 = DIRECTION ( 'NONE',  ( 1.734723475976807341E-16, -0.000000000000000000, 1.000000000000000000 ) ) ;
#1208 = ORIENTED_EDGE ( 'NONE', *, *, #1448, .F. ) ;
#1209 = CARTESIAN_POINT ( 'NONE',  ( -1.000000000000000000, 0.5000000000000000000, -3.000000000000000000 ) ) ;
#1210 = CARTESIAN_POINT ( 'NONE',  ( 41.99999999999999289, 14.00000000000001066, -3.000000000000000000 ) ) ;
#1211 = CARTESIAN_POINT ( 'NONE',  ( 15.00000000000000000, 63.82842712474619162, -11.00000000000000000 ) ) ;
#1212 = DIRECTION ( 'NONE',  ( 0.000000000000000000, -1.000000000000000000, 0.000000000000000000 ) ) ;
#1213 = FACE_OUTER_BOUND ( 'NONE', #3281, .T. ) ;
#1214 = CARTESIAN_POINT ( 'NONE',  ( -0.9619319759880117227, 18.03057549678428018, -2.562465985888375375 ) ) ;
#1215 = ORIENTED_EDGE ( 'NONE', *, *, #1638, .F. ) ;
#1216 = EDGE_CURVE ( 'NONE', #2859, #3063, #3390, .T. ) ;
#1217 = EDGE_CURVE ( 'NONE', #788, #2094, #4173, .T. ) ;
#1218 =( NAMED_UNIT ( * ) PLANE_ANGLE_UNIT ( ) SI_UNIT ( $, .RADIAN. ) );
#1219 = DIRECTION ( 'NONE',  ( 0.000000000000000000, -1.000000000000000000, 0.000000000000000000 ) ) ;
#1220 = VERTEX_POINT ( 'NONE', #3518 ) ;
#1221 = VERTEX_POINT ( 'NONE', #4152 ) ;
#1222 = CYLINDRICAL_SURFACE ( 'NONE', #471, 0.5000000000000004441 ) ;
#1223 = TOROIDAL_SURFACE ( 'NONE', #1431, 9.500000000000001776, 0.5000000000000000000 ) ;
#1224 = CARTESIAN_POINT ( 'NONE',  ( 15.00000000000000178, 14.18600732609548487, -9.999999999999996447 ) ) ;
#1225 = LINE ( 'NONE', #537, #979 ) ;
#1226 = LINE ( 'NONE', #900, #2466 ) ;
#1227 = ORIENTED_EDGE ( 'NONE', *, *, #4281, .F. ) ;
#1228 = DIRECTION ( 'NONE',  ( 4.956352788505162775E-17, -1.000000000000000000, -8.597901537443017788E-33 ) ) ;
#1229 = DIRECTION ( 'NONE',  ( 0.000000000000000000, 1.000000000000000000, 0.000000000000000000 ) ) ;
#1230 = EDGE_LOOP ( 'NONE', ( #3714, #1733, #1414, #2751 ) ) ;
#1231 = CARTESIAN_POINT ( 'NONE',  ( 15.99999999999999645, 14.00000000000000000, -5.500000000000000000 ) ) ;
#1232 = DIRECTION ( 'NONE',  ( -2.001604010742470009E-16, 0.000000000000000000, -1.000000000000000000 ) ) ;
#1233 = EDGE_CURVE ( 'NONE', #1456, #2129, #4232, .T. ) ;
#1234 = CYLINDRICAL_SURFACE ( 'NONE', #2019, 1.000000000000000888 ) ;
#1235 = DIRECTION ( 'NONE',  ( 1.734723475976807587E-16, 0.000000000000000000, 1.000000000000000000 ) ) ;
#1236 = ADVANCED_FACE ( 'NONE', ( #1769 ), #682, .T. ) ;
#1237 = DIRECTION ( 'NONE',  ( -1.000000000000000000, -4.956352788505162775E-17, -4.261423326039852365E-49 ) ) ;
#1238 = ORIENTED_EDGE ( 'NONE', *, *, #1827, .F. ) ;
#1239 = CARTESIAN_POINT ( 'NONE',  ( 0.000000000000000000, 21.85640646055101755, -4.000000000000000000 ) ) ;
#1240 = ORIENTED_EDGE ( 'NONE', *, *, #1468, .F. ) ;
#1241 = ORIENTED_EDGE ( 'NONE', *, *, #2880, .T. ) ;
#1242 = LINE ( 'NONE', #4273, #2596 ) ;
#1243 = AXIS2_PLACEMENT_3D ( 'NONE', #3745, #3343, #319 ) ;
#1244 = FACE_OUTER_BOUND ( 'NONE', #3106, .T. ) ;
#1245 = VECTOR ( 'NONE', #4110, 1000.000000000000000 ) ;
#1246 = DIRECTION ( 'NONE',  ( 1.734723475976807341E-16, -0.000000000000000000, 1.000000000000000000 ) ) ;
#1247 = DIRECTION ( 'NONE',  ( 1.000000000000000000, 0.000000000000000000, 0.000000000000000000 ) ) ;
#1248 = VERTEX_POINT ( 'NONE', #3791 ) ;
#1249 = VECTOR ( 'NONE', #2842, 1000.000000000000000 ) ;
#1250 = ADVANCED_FACE ( 'NONE', ( #3433 ), #815, .T. ) ;
#1251 = CARTESIAN_POINT ( 'NONE',  ( 15.00000000000000000, 14.18600732609549198, -9.999999999999996447 ) ) ;
#1252 = CARTESIAN_POINT ( 'NONE',  ( 30.99999999999999289, 11.90531623540470640, -3.017203866450781646 ) ) ;
#1253 = AXIS2_PLACEMENT_3D ( 'NONE', #1437, #821, #3168 ) ;
#1254 = ORIENTED_EDGE ( 'NONE', *, *, #3735, .T. ) ;
#1255 = VERTEX_POINT ( 'NONE', #2779 ) ;
#1256 = EDGE_CURVE ( 'NONE', #3078, #1593, #3586, .T. ) ;
#1257 = LINE ( 'NONE', #258, #4304 ) ;
#1258 = DIRECTION ( 'NONE',  ( 1.734723475976807341E-16, -0.000000000000000000, 1.000000000000000000 ) ) ;
#1259 = AXIS2_PLACEMENT_3D ( 'NONE', #4364, #2333, #2011 ) ;
#1260 = ADVANCED_FACE ( 'NONE', ( #3452 ), #2476, .F. ) ;
#1261 = LINE ( 'NONE', #2618, #2811 ) ;
#1262 = EDGE_CURVE ( 'NONE', #3059, #4019, #2411, .T. ) ;
#1263 = CIRCLE ( 'NONE', #2535, 1.000000000000002665 ) ;
#1264 = ADVANCED_FACE ( 'NONE', ( #3118 ), #1174, .T. ) ;
#1265 = EDGE_LOOP ( 'NONE', ( #1714, #2102, #2611, #3377 ) ) ;
#1266 = AXIS2_PLACEMENT_3D ( 'NONE', #2139, #455, #1474 ) ;
#1267 = AXIS2_PLACEMENT_3D ( 'NONE', #1466, #4188, #404 ) ;
#1268 = CYLINDRICAL_SURFACE ( 'NONE', #3250, 5.999999999999998224 ) ;
#1269 = CARTESIAN_POINT ( 'NONE',  ( 27.41391055672367827, 60.50000000000000000, -13.94002779933740577 ) ) ;
#1270 = EDGE_CURVE ( 'NONE', #2839, #440, #2663, .T. ) ;
#1271 = ORIENTED_EDGE ( 'NONE', *, *, #2044, .T. ) ;
#1272 = VECTOR ( 'NONE', #2060, 1000.000000000000000 ) ;
#1273 = CARTESIAN_POINT ( 'NONE',  ( 10.00000000000006928, 12.99999999999999822, -18.00000000000000000 ) ) ;
#1274 = VECTOR ( 'NONE', #3661, 1000.000000000000000 ) ;
#1275 = DIRECTION ( 'NONE',  ( 0.000000000000000000, -1.000000000000000000, 0.000000000000000000 ) ) ;
#1276 = LINE ( 'NONE', #2272, #3592 ) ;
#1277 = CARTESIAN_POINT ( 'NONE',  ( 17.50000000000000000, 53.79289321881343966, -5.500000000000000888 ) ) ;
#1278 = VERTEX_POINT ( 'NONE', #1077 ) ;
#1279 = DIRECTION ( 'NONE',  ( 0.000000000000000000, 0.000000000000000000, -1.000000000000000000 ) ) ;
#1280 = LINE ( 'NONE', #519, #2808 ) ;
#1281 = ORIENTED_EDGE ( 'NONE', *, *, #3577, .T. ) ;
#1282 = ORIENTED_EDGE ( 'NONE', *, *, #2238, .T. ) ;
#1283 = CARTESIAN_POINT ( 'NONE',  ( 15.89942570155214163, 14.00451049570788342, -9.536112477710094737 ) ) ;
#1284 = CARTESIAN_POINT ( 'NONE',  ( 9.999999999999998224, 0.5000000000000004441, -7.999999999999998224 ) ) ;
#1285 = EDGE_CURVE ( 'NONE', #3851, #1329, #746, .T. ) ;
#1286 = VERTEX_POINT ( 'NONE', #3139 ) ;
#1287 = CARTESIAN_POINT ( 'NONE',  ( 31.00000000000000355, 45.96088529917172139, -3.554102330109160324 ) ) ;
#1288 = CIRCLE ( 'NONE', #3994, 9.500000000000001776 ) ;
#1289 = EDGE_CURVE ( 'NONE', #1554, #705, #3222, .T. ) ;
#1290 = CARTESIAN_POINT ( 'NONE',  ( 29.50000000000000000, 61.00000000000000000, -7.999999999999998224 ) ) ;
#1291 = FACE_OUTER_BOUND ( 'NONE', #3311, .T. ) ;
#1292 = VERTEX_POINT ( 'NONE', #1727 ) ;
#1293 = CARTESIAN_POINT ( 'NONE',  ( 26.77755451293677424, 54.00000000000000000, -6.800000000000002487 ) ) ;
#1294 = LINE ( 'NONE', #178, #3308 ) ;
#1295 = EDGE_CURVE ( 'NONE', #4160, #3346, #1384, .T. ) ;
#1296 = CARTESIAN_POINT ( 'NONE',  ( 21.50000000000000000, 17.69999999999999929, 3.469446951953614189E-15 ) ) ;
#1297 = LINE ( 'NONE', #3737, #2335 ) ;
#1298 = ORIENTED_EDGE ( 'NONE', *, *, #2238, .F. ) ;
#1299 = LINE ( 'NONE', #4101, #2071 ) ;
#1300 = CARTESIAN_POINT ( 'NONE',  ( 31.00000000000000000, 14.00000000000000178, -3.909561381819874892 ) ) ;
#1301 = AXIS2_PLACEMENT_3D ( 'NONE', #3608, #2830, #4197 ) ;
#1302 = ORIENTED_EDGE ( 'NONE', *, *, #2639, .T. ) ;
#1303 = DIRECTION ( 'NONE',  ( 0.000000000000000000, 0.000000000000000000, -1.000000000000000000 ) ) ;
#1304 = EDGE_CURVE ( 'NONE', #2277, #4384, #3797, .T. ) ;
#1305 = ORIENTED_EDGE ( 'NONE', *, *, #60, .T. ) ;
#1306 = LINE ( 'NONE', #4006, #2045 ) ;
#1307 = VERTEX_POINT ( 'NONE', #3161 ) ;
#1308 = CYLINDRICAL_SURFACE ( 'NONE', #533, 0.5000000000000004441 ) ;
#1309 = EDGE_CURVE ( 'NONE', #3059, #3384, #2162, .T. ) ;
#1310 = DIRECTION ( 'NONE',  ( 1.000000000000000000, 0.000000000000000000, 0.000000000000000000 ) ) ;
#1311 = DIRECTION ( 'NONE',  ( 0.000000000000000000, 1.000000000000000000, 0.000000000000000000 ) ) ;
#1312 = ORIENTED_EDGE ( 'NONE', *, *, #4065, .T. ) ;
#1313 = CARTESIAN_POINT ( 'NONE',  ( 26.51348391760233270, 54.20710678118654613, -7.300000000000002487 ) ) ;
#1314 = EDGE_CURVE ( 'NONE', #2903, #2759, #3731, .T. ) ;
#1315 = EDGE_CURVE ( 'NONE', #4303, #233, #974, .T. ) ;
#1316 = CARTESIAN_POINT ( 'NONE',  ( 31.00000000000000355, 18.25436035768211340, -3.738764669597034018 ) ) ;
#1317 = DIRECTION ( 'NONE',  ( -1.000000000000000000, 0.000000000000000000, -0.000000000000000000 ) ) ;
#1318 = ORIENTED_EDGE ( 'NONE', *, *, #3294, .F. ) ;
#1319 = ADVANCED_FACE ( 'NONE', ( #2282 ), #3278, .F. ) ;
#1320 = DIRECTION ( 'NONE',  ( 0.000000000000000000, 1.000000000000000000, 0.000000000000000000 ) ) ;
#1321 = LINE ( 'NONE', #3404, #3027 ) ;
#1322 = EDGE_LOOP ( 'NONE', ( #3898, #311, #1050, #1105 ) ) ;
#1323 = VECTOR ( 'NONE', #1444, 1000.000000000000000 ) ;
#1324 = CARTESIAN_POINT ( 'NONE',  ( 29.20371738571233777, 54.08704549633395686, -10.85405740880216996 ) ) ;
#1325 = VECTOR ( 'NONE', #2356, 1000.000000000000000 ) ;
#1326 = EDGE_LOOP ( 'NONE', ( #394, #386, #1657, #969 ) ) ;
#1327 = CARTESIAN_POINT ( 'NONE',  ( 31.00000000000001066, 13.99999999999999822, 43.08131845707602281 ) ) ;
#1328 = AXIS2_PLACEMENT_3D ( 'NONE', #1151, #463, #2834 ) ;
#1329 = VERTEX_POINT ( 'NONE', #148 ) ;
#1330 = DIRECTION ( 'NONE',  ( -0.000000000000000000, -0.000000000000000000, -1.000000000000000000 ) ) ;
#1331 = CIRCLE ( 'NONE', #2027, 0.5000000000000004441 ) ;
#1332 = DIRECTION ( 'NONE',  ( 0.000000000000000000, 0.000000000000000000, 1.000000000000000000 ) ) ;
#1333 = CARTESIAN_POINT ( 'NONE',  ( 10.00000000000006928, 0.5000000000000004441, -18.00000000000000000 ) ) ;
#1334 = ORIENTED_EDGE ( 'NONE', *, *, #1948, .F. ) ;
#1335 = AXIS2_PLACEMENT_3D ( 'NONE', #1567, #789, #2159 ) ;
#1336 = CIRCLE ( 'NONE', #3242, 0.5000000000000004441 ) ;
#1337 = ORIENTED_EDGE ( 'NONE', *, *, #3924, .T. ) ;
#1338 = CARTESIAN_POINT ( 'NONE',  ( 30.50000000000000000, 46.19981946846973386, -5.500000000000002665 ) ) ;
#1339 = LINE ( 'NONE', #714, #1272 ) ;
#1340 = VERTEX_POINT ( 'NONE', #3931 ) ;
#1341 = EDGE_CURVE ( 'NONE', #86, #2107, #2519, .T. ) ;
#1342 = CYLINDRICAL_SURFACE ( 'NONE', #4008, 0.5000000000000004441 ) ;
#1343 = DIRECTION ( 'NONE',  ( -0.8259090073320770609, 0.000000000000000000, -0.5638034334834641781 ) ) ;
#1344 = AXIS2_PLACEMENT_3D ( 'NONE', #2134, #1160, #406 ) ;
#1345 = EDGE_LOOP ( 'NONE', ( #4133, #2610, #2084, #1865 ) ) ;
#1346 = PLANE ( 'NONE',  #1838 ) ;
#1347 = ORIENTED_EDGE ( 'NONE', *, *, #3143, .T. ) ;
#1348 = FACE_BOUND ( 'NONE', #1359, .T. ) ;
#1349 = DIRECTION ( 'NONE',  ( 1.000000000000000000, 0.000000000000000000, 0.000000000000000000 ) ) ;
#1350 = DIRECTION ( 'NONE',  ( 1.734723475976807587E-16, 0.000000000000000000, 1.000000000000000000 ) ) ;
#1351 = EDGE_LOOP ( 'NONE', ( #3662, #1497, #215 ) ) ;
#1352 = EDGE_CURVE ( 'NONE', #2527, #1942, #2379, .T. ) ;
#1353 = VERTEX_POINT ( 'NONE', #482 ) ;
#1354 = EDGE_CURVE ( 'NONE', #853, #1221, #2850, .T. ) ;
#1355 = CARTESIAN_POINT ( 'NONE',  ( -1.411764705882354809, 17.31821786714256817, -2.500000000000000444 ) ) ;
#1356 = CARTESIAN_POINT ( 'NONE',  ( 24.98099919820321446, 19.20000000000000284, -3.500000000000001332 ) ) ;
#1357 = VECTOR ( 'NONE', #498, 1000.000000000000000 ) ;
#1358 = VERTEX_POINT ( 'NONE', #1837 ) ;
#1359 = EDGE_LOOP ( 'NONE', ( #3695, #4026 ) ) ;
#1360 = AXIS2_PLACEMENT_3D ( 'NONE', #3625, #179, #2953 ) ;
#1361 = DIRECTION ( 'NONE',  ( 0.000000000000000000, 0.000000000000000000, 1.000000000000000000 ) ) ;
#1362 = FACE_OUTER_BOUND ( 'NONE', #3738, .T. ) ;
#1363 = LINE ( 'NONE', #1057, #2793 ) ;
#1364 = EDGE_CURVE ( 'NONE', #134, #3908, #465, .T. ) ;
#1365 = EDGE_LOOP ( 'NONE', ( #840, #4227, #2341, #1872 ) ) ;
#1366 = CARTESIAN_POINT ( 'NONE',  ( -0.09843840227292352529, 20.22616462071587407, -3.551894785236995755 ) ) ;
#1367 = ORIENTED_EDGE ( 'NONE', *, *, #1486, .F. ) ;
#1368 = DIRECTION ( 'NONE',  ( 1.239088197126290817E-16, -1.000000000000000000, 0.000000000000000000 ) ) ;
#1369 = ADVANCED_FACE ( 'NONE', ( #867 ), #3204, .F. ) ;
#1370 = EDGE_CURVE ( 'NONE', #1576, #2419, #1882, .T. ) ;
#1371 = DIRECTION ( 'NONE',  ( -1.000000000000000000, 0.000000000000000000, 1.734723475976807341E-16 ) ) ;
#1372 = FACE_OUTER_BOUND ( 'NONE', #1265, .T. ) ;
#1373 = ORIENTED_EDGE ( 'NONE', *, *, #795, .F. ) ;
#1374 = CARTESIAN_POINT ( 'NONE',  ( 31.00000000000000000, 18.20018053153027893, -4.000000000000001776 ) ) ;
#1375 = CARTESIAN_POINT ( 'NONE',  ( 20.98099919820321446, 45.20000000000000284, -4.000000000000000000 ) ) ;
#1376 = VERTEX_POINT ( 'NONE', #3562 ) ;
#1377 = ORIENTED_EDGE ( 'NONE', *, *, #3620, .T. ) ;
#1378 = DIRECTION ( 'NONE',  ( 0.000000000000000000, 0.000000000000000000, -1.000000000000000000 ) ) ;
#1379 = CARTESIAN_POINT ( 'NONE',  ( 15.00000000000000000, 63.82842712474619162, -9.999999999999996447 ) ) ;
#1380 = CARTESIAN_POINT ( 'NONE',  ( 30.67228085483030497, 13.34503297457072257, -5.483196373986069183 ) ) ;
#1381 = DIRECTION ( 'NONE',  ( -1.000000000000000000, 0.000000000000000000, 0.000000000000000000 ) ) ;
#1382 = VECTOR ( 'NONE', #3412, 1000.000000000000000 ) ;
#1383 = EDGE_CURVE ( 'NONE', #1106, #2833, #2940, .T. ) ;
#1384 = CIRCLE ( 'NONE', #2871, 0.5000000000000004441 ) ;
#1385 = EDGE_CURVE ( 'NONE', #4235, #1076, #2166, .T. ) ;
#1386 = ORIENTED_EDGE ( 'NONE', *, *, #2728, .T. ) ;
#1387 = CARTESIAN_POINT ( 'NONE',  ( 15.41912486123970361, 14.18600732609549198, -9.092071395598306793 ) ) ;
#1388 = ORIENTED_EDGE ( 'NONE', *, *, #1370, .T. ) ;
#1389 = CARTESIAN_POINT ( 'NONE',  ( 21.50000000000000000, 17.69999999999999929, 3.469446951953614189E-15 ) ) ;
#1390 = EDGE_CURVE ( 'NONE', #1165, #3174, #2870, .T. ) ;
#1391 = ADVANCED_FACE ( 'NONE', ( #3886 ), #1191, .T. ) ;
#1392 = CARTESIAN_POINT ( 'NONE',  ( 15.99999999999999289, 28.99999999999999645, -18.00000000000000000 ) ) ;
#1393 = PLANE ( 'NONE',  #982 ) ;
#1394 = VECTOR ( 'NONE', #3144, 1000.000000000000000 ) ;
#1395 = ORIENTED_EDGE ( 'NONE', *, *, #2824, .F. ) ;
#1396 = AXIS2_PLACEMENT_3D ( 'NONE', #374, #2683, #3729 ) ;
#1397 = LINE ( 'NONE', #3417, #833 ) ;
#1398 = LINE ( 'NONE', #3826, #3105 ) ;
#1399 = AXIS2_PLACEMENT_3D ( 'NONE', #1728, #3792, #3755 ) ;
#1400 = EDGE_LOOP ( 'NONE', ( #3647, #3277, #2989, #745 ) ) ;
#1401 = ORIENTED_EDGE ( 'NONE', *, *, #4329, .T. ) ;
#1402 = CIRCLE ( 'NONE', #630, 0.5000000000000000000 ) ;
#1403 = CARTESIAN_POINT ( 'NONE',  ( 41.49999999999999289, 8.000000000000000000, -2.500000000000000000 ) ) ;
#1404 = CIRCLE ( 'NONE', #56, 6.000000000000000000 ) ;
#1405 = DIRECTION ( 'NONE',  ( -1.000000000000000000, 0.000000000000000000, 0.000000000000000000 ) ) ;
#1406 = LINE ( 'NONE', #1737, #1902 ) ;
#1407 = DIRECTION ( 'NONE',  ( -0.000000000000000000, -1.000000000000000000, -0.000000000000000000 ) ) ;
#1408 = AXIS2_PLACEMENT_3D ( 'NONE', #3933, #4292, #1148 ) ;
#1409 = VERTEX_POINT ( 'NONE', #2588 ) ;
#1410 = FACE_OUTER_BOUND ( 'NONE', #469, .T. ) ;
#1411 = ORIENTED_EDGE ( 'NONE', *, *, #1203, .T. ) ;
#1412 = CARTESIAN_POINT ( 'NONE',  ( 41.49999999999999289, 6.000000000000000000, -3.000000000000000000 ) ) ;
#1413 = FACE_OUTER_BOUND ( 'NONE', #3747, .T. ) ;
#1414 = ORIENTED_EDGE ( 'NONE', *, *, #3822, .T. ) ;
#1415 = ADVANCED_FACE ( 'NONE', ( #1547 ), #2545, .F. ) ;
#1416 = CARTESIAN_POINT ( 'NONE',  ( 15.00000000000000000, 61.00000000000000000, -12.49999999999999467 ) ) ;
#1417 = DIRECTION ( 'NONE',  ( 0.000000000000000000, 0.000000000000000000, 1.000000000000000000 ) ) ;
#1418 = ORIENTED_EDGE ( 'NONE', *, *, #576, .T. ) ;
#1419 = ORIENTED_EDGE ( 'NONE', *, *, #1794, .T. ) ;
#1420 = DIRECTION ( 'NONE',  ( 0.000000000000000000, 0.000000000000000000, 1.000000000000000000 ) ) ;
#1421 = EDGE_CURVE ( 'NONE', #1881, #3299, #1904, .T. ) ;
#1422 = DIRECTION ( 'NONE',  ( -0.000000000000000000, -0.000000000000000000, 1.000000000000000000 ) ) ;
#1423 = CARTESIAN_POINT ( 'NONE',  ( 31.00000000000000000, 18.20018053153027893, -3.500000000000002220 ) ) ;
#1424 = CARTESIAN_POINT ( 'NONE',  ( 10.00000000000000000, 61.00000000000000000, -6.800000000000007816 ) ) ;
#1425 = CARTESIAN_POINT ( 'NONE',  ( 15.35773464196022431, 14.22981613824541469, -9.063731978806892187 ) ) ;
#1426 = CARTESIAN_POINT ( 'NONE',  ( 10.00000000000000000, 60.50000000000000000, -17.49999999999999645 ) ) ;
#1427 = EDGE_LOOP ( 'NONE', ( #2075, #1476, #2838, #2928 ) ) ;
#1428 = DIRECTION ( 'NONE',  ( 0.000000000000000000, 0.000000000000000000, 1.000000000000000000 ) ) ;
#1429 = ORIENTED_EDGE ( 'NONE', *, *, #307, .T. ) ;
#1430 = DIRECTION ( 'NONE',  ( -1.000000000000000000, 0.000000000000000000, 0.000000000000000000 ) ) ;
#1431 = AXIS2_PLACEMENT_3D ( 'NONE', #3176, #2439, #2817 ) ;
#1432 = DIRECTION ( 'NONE',  ( 0.000000000000000000, 1.000000000000000000, 0.000000000000000000 ) ) ;
#1433 = CARTESIAN_POINT ( 'NONE',  ( 19.98099919820321446, 41.20000000000000284, -3.500000000000000444 ) ) ;
#1434 = AXIS2_PLACEMENT_3D ( 'NONE', #1379, #3340, #3426 ) ;
#1435 = ORIENTED_EDGE ( 'NONE', *, *, #4183, .T. ) ;
#1436 = EDGE_CURVE ( 'NONE', #792, #2207, #3225, .T. ) ;
#1437 = CARTESIAN_POINT ( 'NONE',  ( -12.00000000000000000, 14.00000000000000000, -3.000000000000000000 ) ) ;
#1438 = DIRECTION ( 'NONE',  ( 0.000000000000000000, -1.000000000000000000, 0.000000000000000000 ) ) ;
#1439 = EDGE_CURVE ( 'NONE', #3689, #492, #4311, .T. ) ;
#1440 = ORIENTED_EDGE ( 'NONE', *, *, #741, .T. ) ;
#1441 = ORIENTED_EDGE ( 'NONE', *, *, #3129, .T. ) ;
#1442 = CARTESIAN_POINT ( 'NONE',  ( 19.99999999999999645, 61.00000000000000000, -17.49999999999999645 ) ) ;
#1443 = EDGE_CURVE ( 'NONE', #1530, #1123, #3086, .T. ) ;
#1444 = DIRECTION ( 'NONE',  ( -1.734723475976807341E-16, -0.000000000000000000, -1.000000000000000000 ) ) ;
#1445 = CYLINDRICAL_SURFACE ( 'NONE', #2613, 0.5000000000000007772 ) ;
#1446 = EDGE_CURVE ( 'NONE', #931, #712, #39, .T. ) ;
#1447 = CYLINDRICAL_SURFACE ( 'NONE', #2678, 0.5000000000000004441 ) ;
#1448 = EDGE_CURVE ( 'NONE', #634, #3669, #1178, .T. ) ;
#1449 = VERTEX_POINT ( 'NONE', #3301 ) ;
#1450 = DIRECTION ( 'NONE',  ( -1.000000000000000000, 0.000000000000000000, 0.000000000000000000 ) ) ;
#1451 = AXIS2_PLACEMENT_3D ( 'NONE', #4104, #2653, #301 ) ;
#1452 = ORIENTED_EDGE ( 'NONE', *, *, #2091, .F. ) ;
#1453 = DIRECTION ( 'NONE',  ( -0.000000000000000000, 0.000000000000000000, 1.000000000000000000 ) ) ;
#1454 = CYLINDRICAL_SURFACE ( 'NONE', #2959, 1.424999999999999156 ) ;
#1455 = AXIS2_PLACEMENT_3D ( 'NONE', #2191, #3638, #1614 ) ;
#1456 = VERTEX_POINT ( 'NONE', #1598 ) ;
#1457 = VECTOR ( 'NONE', #2218, 1000.000000000000000 ) ;
#1458 = DIRECTION ( 'NONE',  ( 0.000000000000000000, 0.000000000000000000, 1.000000000000000000 ) ) ;
#1459 = CARTESIAN_POINT ( 'NONE',  ( 18.00000000000000355, 54.00000000000000000, -5.999999999999999112 ) ) ;
#1460 = EDGE_LOOP ( 'NONE', ( #1700, #316, #1367, #2210, #2410 ) ) ;
#1461 = ORIENTED_EDGE ( 'NONE', *, *, #4274, .T. ) ;
#1462 = DIRECTION ( 'NONE',  ( 0.000000000000000000, 0.000000000000000000, -1.000000000000000000 ) ) ;
#1463 = VECTOR ( 'NONE', #4295, 1000.000000000000000 ) ;
#1464 = CARTESIAN_POINT ( 'NONE',  ( 0.000000000000000000, 60.50000000000000000, 0.000000000000000000 ) ) ;
#1465 = DIRECTION ( 'NONE',  ( 0.000000000000000000, 0.000000000000000000, -1.000000000000000000 ) ) ;
#1466 = CARTESIAN_POINT ( 'NONE',  ( 10.00000000000000000, 54.50000000000000000, -6.800000000000006928 ) ) ;
#1467 =( GEOMETRIC_REPRESENTATION_CONTEXT ( 3 ) GLOBAL_UNCERTAINTY_ASSIGNED_CONTEXT ( ( #1704 ) ) GLOBAL_UNIT_ASSIGNED_CONTEXT ( ( #4114, #2078, #62 ) ) REPRESENTATION_CONTEXT ( 'NONE', 'WORKASPACE' ) );
#1468 = EDGE_CURVE ( 'NONE', #1120, #2552, #541, .T. ) ;
#1469 = DIRECTION ( 'NONE',  ( 0.000000000000000000, 0.000000000000000000, -1.000000000000000000 ) ) ;
#1470 = CIRCLE ( 'NONE', #1758, 1.000000000000000888 ) ;
#1471 = CIRCLE ( 'NONE', #483, 0.5000000000000000000 ) ;
#1472 = DIRECTION ( 'NONE',  ( -0.000000000000000000, -1.000000000000000000, -0.000000000000000000 ) ) ;
#1473 = VERTEX_POINT ( 'NONE', #1916 ) ;
#1474 = DIRECTION ( 'NONE',  ( 1.000000000000000000, 0.000000000000000000, 0.000000000000000000 ) ) ;
#1475 = CIRCLE ( 'NONE', #563, 2.499999999999998668 ) ;
#1476 = ORIENTED_EDGE ( 'NONE', *, *, #4165, .F. ) ;
#1477 = DIRECTION ( 'NONE',  ( 0.000000000000000000, -0.000000000000000000, -1.000000000000000000 ) ) ;
#1478 = AXIS2_PLACEMENT_3D ( 'NONE', #3255, #2853, #3226 ) ;
#1479 = CARTESIAN_POINT ( 'NONE',  ( 30.98099919820321446, 19.20000000000000284, -3.500000000000002220 ) ) ;
#1480 = CARTESIAN_POINT ( 'NONE',  ( 0.000000000000000000, 0.5000000000000004441, -7.999999999999928946 ) ) ;
#1481 = ORIENTED_EDGE ( 'NONE', *, *, #1172, .T. ) ;
#1482 = CARTESIAN_POINT ( 'NONE',  ( 20.98099919820321446, 45.20000000000000284, -3.500000000000000444 ) ) ;
#1483 = DIRECTION ( 'NONE',  ( 0.000000000000000000, -0.000000000000000000, -1.000000000000000000 ) ) ;
#1484 = ORIENTED_EDGE ( 'NONE', *, *, #2694, .T. ) ;
#1485 = ORIENTED_EDGE ( 'NONE', *, *, #2346, .F. ) ;
#1486 = EDGE_CURVE ( 'NONE', #2449, #324, #3640, .T. ) ;
#1487 = VERTEX_POINT ( 'NONE', #3551 ) ;
#1488 = DIRECTION ( 'NONE',  ( -0.000000000000000000, -0.000000000000000000, -1.000000000000000000 ) ) ;
#1489 = LINE ( 'NONE', #1423, #1323 ) ;
#1490 = DIRECTION ( 'NONE',  ( 0.000000000000000000, -1.000000000000000000, 0.000000000000000000 ) ) ;
#1491 = VECTOR ( 'NONE', #3947, 1000.000000000000000 ) ;
#1492 = CARTESIAN_POINT ( 'NONE',  ( 15.00000000000000000, 7.968626966596882077, -9.999999999999996447 ) ) ;
#1493 = ORIENTED_EDGE ( 'NONE', *, *, #313, .T. ) ;
#1494 = PLANE ( 'NONE',  #412 ) ;
#1495 = EDGE_CURVE ( 'NONE', #1123, #1001, #1242, .T. ) ;
#1496 = AXIS2_PLACEMENT_3D ( 'NONE', #3083, #2085, #718 ) ;
#1497 = ORIENTED_EDGE ( 'NONE', *, *, #266, .F. ) ;
#1498 = DIRECTION ( 'NONE',  ( 0.000000000000000000, 0.000000000000000000, 1.000000000000000000 ) ) ;
#1499 = AXIS2_PLACEMENT_3D ( 'NONE', #4162, #449, #1800 ) ;
#1500 = EDGE_CURVE ( 'NONE', #257, #568, #894, .T. ) ;
#1501 = CARTESIAN_POINT ( 'NONE',  ( 26.62286553961379454, 60.99999999999999289, -7.092893218813455469 ) ) ;
#1502 = ADVANCED_FACE ( 'NONE', ( #203 ), #3919, .F. ) ;
#1503 = ORIENTED_EDGE ( 'NONE', *, *, #3369, .T. ) ;
#1504 = AXIS2_PLACEMENT_3D ( 'NONE', #547, #3203, #885 ) ;
#1505 = TOROIDAL_SURFACE ( 'NONE', #659, 5.500000000000000000, 0.5000000000000000000 ) ;
#1506 = SURFACE_STYLE_USAGE ( .BOTH. , #2217 ) ;
#1507 = FACE_OUTER_BOUND ( 'NONE', #1743, .T. ) ;
#1508 = VERTEX_POINT ( 'NONE', #1273 ) ;
#1509 = ORIENTED_EDGE ( 'NONE', *, *, #3044, .T. ) ;
#1510 = VERTEX_POINT ( 'NONE', #1531 ) ;
#1511 = DIRECTION ( 'NONE',  ( 0.000000000000000000, 0.000000000000000000, -1.000000000000000000 ) ) ;
#1512 = DIRECTION ( 'NONE',  ( 0.000000000000000000, 0.000000000000000000, 1.000000000000000000 ) ) ;
#1513 = CARTESIAN_POINT ( 'NONE',  ( 15.81618888398014811, 28.98401508549664030, -10.58455662951658738 ) ) ;
#1514 = DIRECTION ( 'NONE',  ( -1.000000000000000000, 0.000000000000000000, 0.000000000000000000 ) ) ;
#1515 = CYLINDRICAL_SURFACE ( 'NONE', #408, 0.5000000000000000000 ) ;
#1516 = ORIENTED_EDGE ( 'NONE', *, *, #3682, .T. ) ;
#1517 = DIRECTION ( 'NONE',  ( 0.000000000000000000, 1.000000000000000000, 0.000000000000000000 ) ) ;
#1518 = DIRECTION ( 'NONE',  ( 1.734723475976807341E-16, -0.000000000000000000, 1.000000000000000000 ) ) ;
#1519 = EDGE_LOOP ( 'NONE', ( #2686, #2837, #751, #2337, #1923 ) ) ;
#1520 = CARTESIAN_POINT ( 'NONE',  ( 37.99999999999999289, 57.87298334620742679, 0.000000000000000000 ) ) ;
#1521 = ADVANCED_FACE ( 'NONE', ( #226 ), #1222, .T. ) ;
#1522 = CARTESIAN_POINT ( 'NONE',  ( 15.68718577618168730, 14.04748195987774473, -10.73754258258640171 ) ) ;
#1523 = EDGE_CURVE ( 'NONE', #1584, #3063, #3016, .T. ) ;
#1524 = CARTESIAN_POINT ( 'NONE',  ( -0.03100632723009746558, 21.04728310374499500, -3.708194797907980789 ) ) ;
#1525 = ORIENTED_EDGE ( 'NONE', *, *, #66, .T. ) ;
#1526 = CARTESIAN_POINT ( 'NONE',  ( 31.00000000000000355, 13.99999999999999822, 0.000000000000000000 ) ) ;
#1527 = PLANE ( 'NONE',  #2323 ) ;
#1528 = VECTOR ( 'NONE', #415, 1000.000000000000000 ) ;
#1529 = ORIENTED_EDGE ( 'NONE', *, *, #2099, .F. ) ;
#1530 = VERTEX_POINT ( 'NONE', #874 ) ;
#1531 = CARTESIAN_POINT ( 'NONE',  ( -12.00000000000000000, 8.000000000000000000, -2.500000000000000000 ) ) ;
#1532 = AXIS2_PLACEMENT_3D ( 'NONE', #597, #1945, #259 ) ;
#1533 = DIRECTION ( 'NONE',  ( 1.000000000000000000, 0.000000000000000000, 0.000000000000000000 ) ) ;
#1534 = DIRECTION ( 'NONE',  ( -0.000000000000000000, -0.000000000000000000, -1.000000000000000000 ) ) ;
#1535 = PLANE ( 'NONE',  #2539 ) ;
#1536 = AXIS2_PLACEMENT_3D ( 'NONE', #949, #3627, #3650 ) ;
#1537 = CARTESIAN_POINT ( 'NONE',  ( -0.3990963838605768865, 19.35328859124329526, -2.950697962529168272 ) ) ;
#1538 = TOROIDAL_SURFACE ( 'NONE', #116, 3.499999999999998668, 1.000000000000000000 ) ;
#1539 = CARTESIAN_POINT ( 'NONE',  ( 29.50000000000000000, 13.50000000000000000, -5.500000000000002665 ) ) ;
#1540 = ORIENTED_EDGE ( 'NONE', *, *, #1776, .T. ) ;
#1541 = CARTESIAN_POINT ( 'NONE',  ( 23.98099919820321446, 39.19999999999999574, -3.500000000000001332 ) ) ;
#1542 = DIRECTION ( 'NONE',  ( -1.000000000000000000, 0.000000000000000000, 0.000000000000000000 ) ) ;
#1543 = CIRCLE ( 'NONE', #2537, 1.424999999999999156 ) ;
#1544 = TOROIDAL_SURFACE ( 'NONE', #2109, 1.000000000000000000, 0.5000000000000000000 ) ;
#1545 = DIRECTION ( 'NONE',  ( -0.000000000000000000, -0.000000000000000000, 1.000000000000000000 ) ) ;
#1546 = EDGE_CURVE ( 'NONE', #1755, #960, #832, .T. ) ;
#1547 = FACE_OUTER_BOUND ( 'NONE', #3983, .T. ) ;
#1548 = CIRCLE ( 'NONE', #4108, 0.5000000000000004441 ) ;
#1549 = CARTESIAN_POINT ( 'NONE',  ( 15.48607068161408407, 14.13823396898054519, -10.87702456906349369 ) ) ;
#1550 = CARTESIAN_POINT ( 'NONE',  ( -1.211154374203726514, 17.60945037168219685, -2.933962318316137186 ) ) ;
#1551 = VECTOR ( 'NONE', #689, 1000.000000000000000 ) ;
#1552 = ORIENTED_EDGE ( 'NONE', *, *, #3614, .T. ) ;
#1553 = CARTESIAN_POINT ( 'NONE',  ( 0.000000000000000000, 55.00000000000000000, -8.000000000000000000 ) ) ;
#1554 = VERTEX_POINT ( 'NONE', #3646 ) ;
#1555 = ORIENTED_EDGE ( 'NONE', *, *, #3665, .F. ) ;
#1556 = CARTESIAN_POINT ( 'NONE',  ( -11.99999999999999822, 5.999999999999999112, 0.000000000000000000 ) ) ;
#1557 = ADVANCED_FACE ( 'NONE', ( #4299 ), #3310, .T. ) ;
#1558 = AXIS2_PLACEMENT_3D ( 'NONE', #742, #3493, #2514 ) ;
#1559 = CARTESIAN_POINT ( 'NONE',  ( 41.99999999999999289, 8.000000000000000000, -2.500000000000000000 ) ) ;
#1560 = CARTESIAN_POINT ( 'NONE',  ( -11.50000000000000178, 8.000000000000000000, -2.500000000000000444 ) ) ;
#1561 = DIRECTION ( 'NONE',  ( -1.000000000000000000, 0.000000000000000000, 0.000000000000000000 ) ) ;
#1562 = ORIENTED_EDGE ( 'NONE', *, *, #9, .T. ) ;
#1563 = ADVANCED_FACE ( 'NONE', ( #513 ), #3228, .T. ) ;
#1564 = DIRECTION ( 'NONE',  ( -1.734723475976807341E-16, 0.000000000000000000, -1.000000000000000000 ) ) ;
#1565 = CARTESIAN_POINT ( 'NONE',  ( 31.00000000000000355, 13.88659704527031558, -3.664799598009837567 ) ) ;
#1566 = ORIENTED_EDGE ( 'NONE', *, *, #3271, .T. ) ;
#1567 = CARTESIAN_POINT ( 'NONE',  ( 29.50000000000000000, 13.50000000000000000, -7.999999999999927169 ) ) ;
#1568 = CARTESIAN_POINT ( 'NONE',  ( 29.78507920904569417, 54.00000000000000000, -11.20568749456343305 ) ) ;
#1569 = DIRECTION ( 'NONE',  ( 0.000000000000000000, 0.000000000000000000, 1.000000000000000000 ) ) ;
#1570 = CARTESIAN_POINT ( 'NONE',  ( -5.999999999999998224, 7.000000000000000000, 0.000000000000000000 ) ) ;
#1571 = CARTESIAN_POINT ( 'NONE',  ( -5.999999999999999112, 0.000000000000000000, 0.000000000000000000 ) ) ;
#1572 = EDGE_LOOP ( 'NONE', ( #1254, #501, #1797, #2372 ) ) ;
#1573 = DIRECTION ( 'NONE',  ( 0.000000000000000000, 1.000000000000000000, 0.000000000000000000 ) ) ;
#1574 = CYLINDRICAL_SURFACE ( 'NONE', #477, 0.5000000000000004441 ) ;
#1575 = ORIENTED_EDGE ( 'NONE', *, *, #4020, .F. ) ;
#1576 = VERTEX_POINT ( 'NONE', #271 ) ;
#1577 = DIRECTION ( 'NONE',  ( -0.000000000000000000, -1.000000000000000000, -0.000000000000000000 ) ) ;
#1578 = EDGE_CURVE ( 'NONE', #2574, #76, #1294, .T. ) ;
#1579 = VECTOR ( 'NONE', #2840, 1000.000000000000000 ) ;
#1580 = LINE ( 'NONE', #1559, #948 ) ;
#1581 = EDGE_CURVE ( 'NONE', #1894, #532, #2446, .T. ) ;
#1582 = CARTESIAN_POINT ( 'NONE',  ( 37.99999999999999289, 10.12701665379256788, -3.999999999999996447 ) ) ;
#1583 = CARTESIAN_POINT ( 'NONE',  ( 0.000000000000000000, 0.000000000000000000, 0.000000000000000000 ) ) ;
#1584 = VERTEX_POINT ( 'NONE', #562 ) ;
#1585 = ADVANCED_FACE ( 'NONE', ( #582, #245 ), #4014, .F. ) ;
#1586 = DIRECTION ( 'NONE',  ( -1.734723475976807587E-16, -0.000000000000000000, -1.000000000000000000 ) ) ;
#1587 = CARTESIAN_POINT ( 'NONE',  ( 31.00000000000000000, 10.83827473790762141, -2.998928089748472914 ) ) ;
#1588 = ORIENTED_EDGE ( 'NONE', *, *, #2037, .F. ) ;
#1589 = ORIENTED_EDGE ( 'NONE', *, *, #4039, .T. ) ;
#1590 = CARTESIAN_POINT ( 'NONE',  ( 20.00000000000000000, 13.50000000000000000, -8.000000000000000000 ) ) ;
#1591 = EDGE_CURVE ( 'NONE', #3006, #1248, #706, .T. ) ;
#1592 = CARTESIAN_POINT ( 'NONE',  ( 14.99999999999999467, 28.99999999999999645, -20.49999999999999645 ) ) ;
#1593 = VERTEX_POINT ( 'NONE', #650 ) ;
#1594 = DIRECTION ( 'NONE',  ( 1.000000000000000000, 0.000000000000000000, -1.734723475976807341E-16 ) ) ;
#1595 = CYLINDRICAL_SURFACE ( 'NONE', #274, 0.5000000000000004441 ) ;
#1596 = DIRECTION ( 'NONE',  ( 1.000000000000000000, 0.000000000000000000, 0.000000000000000000 ) ) ;
#1597 = ORIENTED_EDGE ( 'NONE', *, *, #266, .T. ) ;
#1598 = CARTESIAN_POINT ( 'NONE',  ( 29.50000000000000000, 14.00000000000000000, -7.999999999999927169 ) ) ;
#1599 = AXIS2_PLACEMENT_3D ( 'NONE', #10, #4063, #1014 ) ;
#1600 = DIRECTION ( 'NONE',  ( -0.000000000000000000, 0.000000000000000000, 1.000000000000000000 ) ) ;
#1601 = CIRCLE ( 'NONE', #3664, 1.000000000000000888 ) ;
#1602 = DIRECTION ( 'NONE',  ( -0.000000000000000000, -0.000000000000000000, 1.000000000000000000 ) ) ;
#1603 = CARTESIAN_POINT ( 'NONE',  ( 15.76070774935409169, 28.97312930032318334, -10.65487103335169472 ) ) ;
#1604 = VERTEX_POINT ( 'NONE', #3968 ) ;
#1605 = CIRCLE ( 'NONE', #2668, 5.499999999999998224 ) ;
#1606 = CARTESIAN_POINT ( 'NONE',  ( 20.07499999999999929, 36.69999999999999574, 3.716645047280309200E-15 ) ) ;
#1607 = EDGE_CURVE ( 'NONE', #2173, #1947, #400, .T. ) ;
#1608 = LINE ( 'NONE', #2962, #3819 ) ;
#1609 = AXIS2_PLACEMENT_3D ( 'NONE', #1648, #1009, #314 ) ;
#1610 = VERTEX_POINT ( 'NONE', #162 ) ;
#1611 = ORIENTED_EDGE ( 'NONE', *, *, #3785, .F. ) ;
#1612 =( BOUNDED_CURVE ( )  B_SPLINE_CURVE ( 3, ( #648, #4073, #3414, #1022 ),
 .UNSPECIFIED., .F., .F. ) 
 B_SPLINE_CURVE_WITH_KNOTS ( ( 4, 4 ),
 ( 0.5989837485881144286, 1.570796326794897890 ),
 .UNSPECIFIED. ) 
 CURVE ( )  GEOMETRIC_REPRESENTATION_ITEM ( )  RATIONAL_B_SPLINE_CURVE ( ( 1.000000000000000000, 0.9228347108613557115, 0.9228347108613557115, 1.000000000000000000 ) ) 
 REPRESENTATION_ITEM ( '' )  );
#1613 = DIRECTION ( 'NONE',  ( -0.000000000000000000, -1.000000000000000000, -0.000000000000000000 ) ) ;
#1614 = DIRECTION ( 'NONE',  ( 0.000000000000000000, 0.000000000000000000, 1.000000000000000000 ) ) ;
#1615 = FACE_OUTER_BOUND ( 'NONE', #2696, .T. ) ;
#1616 = AXIS2_PLACEMENT_3D ( 'NONE', #3455, #1773, #3119 ) ;
#1617 = AXIS2_PLACEMENT_3D ( 'NONE', #2003, #3047, #2344 ) ;
#1618 = EDGE_LOOP ( 'NONE', ( #685, #175, #3708, #3336 ) ) ;
#1619 = CARTESIAN_POINT ( 'NONE',  ( -0.4910071375460683396, 19.08875037103502947, -3.108996436345862868 ) ) ;
#1620 = CIRCLE ( 'NONE', #3749, 1.500000000000000000 ) ;
#1621 = AXIS2_PLACEMENT_3D ( 'NONE', #91, #1088, #2792 ) ;
#1622 = DIRECTION ( 'NONE',  ( -0.8259090073320777270, 0.000000000000000000, -0.5638034334834634009 ) ) ;
#1623 = DIRECTION ( 'NONE',  ( 1.000000000000000000, -2.775557561562850646E-14, 0.000000000000000000 ) ) ;
#1624 =( GEOMETRIC_REPRESENTATION_CONTEXT ( 3 ) GLOBAL_UNCERTAINTY_ASSIGNED_CONTEXT ( ( #2054 ) ) GLOBAL_UNIT_ASSIGNED_CONTEXT ( ( #2196, #1218, #509 ) ) REPRESENTATION_CONTEXT ( 'NONE', 'WORKASPACE' ) );
#1625 = ORIENTED_EDGE ( 'NONE', *, *, #2012, .F. ) ;
#1626 = AXIS2_PLACEMENT_3D ( 'NONE', #131, #1483, #3418 ) ;
#1627 = CARTESIAN_POINT ( 'NONE',  ( 29.20371738571233777, 61.00000000000000000, -10.35405740880216818 ) ) ;
#1628 = TOROIDAL_SURFACE ( 'NONE', #1048, 1.500000000000000000, 0.5000000000000000000 ) ;
#1629 = DIRECTION ( 'NONE',  ( -1.000000000000000000, 0.000000000000000000, 1.734723475976803643E-16 ) ) ;
#1630 = CARTESIAN_POINT ( 'NONE',  ( -5.999999999999999112, 6.000000000000000000, -2.500000000000000000 ) ) ;
#1631 = EDGE_CURVE ( 'NONE', #3594, #1832, #750, .T. ) ;
#1632 = ORIENTED_EDGE ( 'NONE', *, *, #708, .T. ) ;
#1633 = FACE_OUTER_BOUND ( 'NONE', #4309, .T. ) ;
#1634 = CYLINDRICAL_SURFACE ( 'NONE', #3522, 1.000000000000002665 ) ;
#1635 = ORIENTED_EDGE ( 'NONE', *, *, #1607, .T. ) ;
#1636 = ORIENTED_EDGE ( 'NONE', *, *, #1638, .T. ) ;
#1637 = FACE_OUTER_BOUND ( 'NONE', #2717, .T. ) ;
#1638 = EDGE_CURVE ( 'NONE', #3697, #2107, #1489, .T. ) ;
#1639 = ORIENTED_EDGE ( 'NONE', *, *, #528, .F. ) ;
#1640 = CARTESIAN_POINT ( 'NONE',  ( 36.00000000000000000, 8.000000000000000000, -3.000000000000000000 ) ) ;
#1641 = ORIENTED_EDGE ( 'NONE', *, *, #3665, .T. ) ;
#1642 = CARTESIAN_POINT ( 'NONE',  ( 9.999999999999998224, 14.00000000000000000, -7.999999999999998224 ) ) ;
#1643 = EDGE_CURVE ( 'NONE', #855, #4354, #1153, .T. ) ;
#1644 = CARTESIAN_POINT ( 'NONE',  ( 24.48099919820321446, 39.19999999999999574, -3.500000000000001332 ) ) ;
#1645 = DIRECTION ( 'NONE',  ( 1.000000000000000000, -0.000000000000000000, 0.000000000000000000 ) ) ;
#1646 = EDGE_CURVE ( 'NONE', #3550, #147, #1671, .T. ) ;
#1647 = EDGE_LOOP ( 'NONE', ( #3656, #3515 ) ) ;
#1648 = CARTESIAN_POINT ( 'NONE',  ( 10.00000000000000000, 14.00000000000000000, -7.999999999999998224 ) ) ;
#1649 = ORIENTED_EDGE ( 'NONE', *, *, #1304, .T. ) ;
#1650 = FACE_OUTER_BOUND ( 'NONE', #4049, .T. ) ;
#1651 = DIRECTION ( 'NONE',  ( 0.000000000000000000, -0.000000000000000000, 1.000000000000000000 ) ) ;
#1652 = CIRCLE ( 'NONE', #4141, 9.999999999999998224 ) ;
#1653 = VERTEX_POINT ( 'NONE', #3876 ) ;
#1654 = CARTESIAN_POINT ( 'NONE',  ( 36.00000000000000000, 6.999999999999992895, 0.000000000000000000 ) ) ;
#1655 = ORIENTED_EDGE ( 'NONE', *, *, #3803, .T. ) ;
#1656 = CARTESIAN_POINT ( 'NONE',  ( 0.000000000000000000, 0.5000000000000004441, -4.000000000000000000 ) ) ;
#1657 = ORIENTED_EDGE ( 'NONE', *, *, #2823, .F. ) ;
#1658 = CARTESIAN_POINT ( 'NONE',  ( -11.99999999999999822, 6.000000000000000000, -2.500000000000000000 ) ) ;
#1659 = EDGE_CURVE ( 'NONE', #2644, #3851, #1605, .T. ) ;
#1660 = DIRECTION ( 'NONE',  ( 0.5638034334834640671, 0.000000000000000000, -0.8259090073320772829 ) ) ;
#1661 = FACE_OUTER_BOUND ( 'NONE', #177, .T. ) ;
#1662 = EDGE_LOOP ( 'NONE', ( #1749, #290, #1101, #772, #1552, #3400, #2784 ) ) ;
#1663 = EDGE_LOOP ( 'NONE', ( #3812, #270, #4047, #1807 ) ) ;
#1664 = FACE_BOUND ( 'NONE', #1977, .T. ) ;
#1665 = LINE ( 'NONE', #3762, #59 ) ;
#1666 = VECTOR ( 'NONE', #1330, 1000.000000000000000 ) ;
#1667 = ORIENTED_EDGE ( 'NONE', *, *, #723, .F. ) ;
#1668 = AXIS2_PLACEMENT_3D ( 'NONE', #1972, #3690, #3331 ) ;
#1669 = DIRECTION ( 'NONE',  ( -0.000000000000000000, -1.000000000000000000, 0.000000000000000000 ) ) ;
#1670 = PLANE ( 'NONE',  #3528 ) ;
#1671 = CIRCLE ( 'NONE', #1038, 8.000000000000000000 ) ;
#1672 = CARTESIAN_POINT ( 'NONE',  ( 29.40191106303697666, 54.00000000000000000, -10.82415486600733701 ) ) ;
#1673 = AXIS2_PLACEMENT_3D ( 'NONE', #1892, #231, #926 ) ;
#1674 = ORIENTED_EDGE ( 'NONE', *, *, #1811, .F. ) ;
#1675 = DIRECTION ( 'NONE',  ( 0.000000000000000000, 1.000000000000000000, 0.000000000000000000 ) ) ;
#1676 = EDGE_CURVE ( 'NONE', #788, #3464, #3801, .T. ) ;
#1677 = VECTOR ( 'NONE', #546, 1000.000000000000000 ) ;
#1678 = ORIENTED_EDGE ( 'NONE', *, *, #1906, .T. ) ;
#1679 = DIRECTION ( 'NONE',  ( 0.000000000000000000, 1.000000000000000000, 0.000000000000000000 ) ) ;
#1680 = EDGE_CURVE ( 'NONE', #147, #2632, #472, .T. ) ;
#1681 = CARTESIAN_POINT ( 'NONE',  ( -1.168382478689949489, 17.67154372527877015, -2.499999999999999556 ) ) ;
#1682 = TOROIDAL_SURFACE ( 'NONE', #3893, 9.499999999999998224, 0.5000000000000000000 ) ;
#1683 = CARTESIAN_POINT ( 'NONE',  ( 15.99999999999999645, 14.00000000000000000, -5.500000000000000000 ) ) ;
#1684 = DIRECTION ( 'NONE',  ( 0.000000000000000000, 0.000000000000000000, 1.000000000000000000 ) ) ;
#1685 = ORIENTED_EDGE ( 'NONE', *, *, #646, .F. ) ;
#1686 = AXIS2_PLACEMENT_3D ( 'NONE', #1141, #3540, #2563 ) ;
#1687 = CIRCLE ( 'NONE', #4175, 2.000000000000001776 ) ;
#1688 = ORIENTED_EDGE ( 'NONE', *, *, #2854, .F. ) ;
#1689 = MECHANICAL_DESIGN_GEOMETRIC_PRESENTATION_REPRESENTATION (  '', ( #4331 ), #919 ) ;
#1690 = DIRECTION ( 'NONE',  ( -1.000000000000000000, -0.000000000000000000, -0.000000000000000000 ) ) ;
#1691 = DIRECTION ( 'NONE',  ( -1.000000000000000000, -0.000000000000000000, -2.865447488079307902E-16 ) ) ;
#1692 = VECTOR ( 'NONE', #1993, 1000.000000000000000 ) ;
#1693 = ORIENTED_EDGE ( 'NONE', *, *, #1988, .F. ) ;
#1694 = ADVANCED_FACE ( 'NONE', ( #830 ), #858, .T. ) ;
#1695 = CIRCLE ( 'NONE', #2816, 0.5000000000000004441 ) ;
#1696 = CARTESIAN_POINT ( 'NONE',  ( 20.00000000000000000, 0.5000000000000004441, -8.000000000000000000 ) ) ;
#1697 = DIRECTION ( 'NONE',  ( -0.000000000000000000, -1.000000000000000000, -0.000000000000000000 ) ) ;
#1698 = ADVANCED_FACE ( 'NONE', ( #450 ), #2819, .F. ) ;
#1699 = CARTESIAN_POINT ( 'NONE',  ( 29.20371738571233777, 60.50000000000000000, -10.85405740880216996 ) ) ;
#1700 = ORIENTED_EDGE ( 'NONE', *, *, #2088, .F. ) ;
#1701 = CARTESIAN_POINT ( 'NONE',  ( -6.857142857142858539, 13.93845991166472231, 0.000000000000000000 ) ) ;
#1702 = VERTEX_POINT ( 'NONE', #1111 ) ;
#1703 = CARTESIAN_POINT ( 'NONE',  ( 31.00000000000000000, 45.69963883909388613, -3.500000000000002220 ) ) ;
#1704 = UNCERTAINTY_MEASURE_WITH_UNIT (LENGTH_MEASURE( 1.000000000000000082E-05 ), #4114, 'distance_accuracy_value', 'NONE');
#1705 = CARTESIAN_POINT ( 'NONE',  ( 0.000000000000000000, 14.00000000000000000, 0.000000000000000000 ) ) ;
#1706 = CYLINDRICAL_SURFACE ( 'NONE', #1396, 0.5000000000000000000 ) ;
#1707 = AXIS2_PLACEMENT_3D ( 'NONE', #1940, #2299, #4282 ) ;
#1708 = EDGE_LOOP ( 'NONE', ( #2301, #671, #1049, #3780 ) ) ;
#1709 = CARTESIAN_POINT ( 'NONE',  ( -5.999999999999998224, 7.000000000000000000, 0.000000000000000000 ) ) ;
#1710 = DIRECTION ( 'NONE',  ( 0.000000000000000000, 0.000000000000000000, -1.000000000000000000 ) ) ;
#1711 = EDGE_CURVE ( 'NONE', #3346, #869, #2468, .T. ) ;
#1712 = AXIS2_PLACEMENT_3D ( 'NONE', #2402, #1799, #3440 ) ;
#1713 = EDGE_LOOP ( 'NONE', ( #2778, #3213, #255, #2584 ) ) ;
#1714 = ORIENTED_EDGE ( 'NONE', *, *, #3577, .F. ) ;
#1715 = CARTESIAN_POINT ( 'NONE',  ( 19.99999999999999645, 54.00000000000000000, -7.999999999999998224 ) ) ;
#1716 = TOROIDAL_SURFACE ( 'NONE', #2844, 5.500000000000000000, 0.5000000000000000000 ) ;
#1717 = EDGE_CURVE ( 'NONE', #3566, #2574, #2243, .T. ) ;
#1718 = FACE_OUTER_BOUND ( 'NONE', #2629, .T. ) ;
#1719 = CARTESIAN_POINT ( 'NONE',  ( 23.98099919820321446, 19.20000000000000284, -5.500000000000001776 ) ) ;
#1720 = ADVANCED_FACE ( 'NONE', ( #515 ), #3882, .T. ) ;
#1721 = CARTESIAN_POINT ( 'NONE',  ( 22.53979954365026117, 54.00000000000000000, -6.800000000000003375 ) ) ;
#1722 = ADVANCED_FACE ( 'NONE', ( #3490 ), #4144, .F. ) ;
#1723 = CLOSED_SHELL ( 'NONE', ( #82, #16, #715, #3765, #1521, #2298, #2481, #2743, #334, #3673, #2672, #1319, #2942, #442, #1742, #2292, #2281, #4055, #142, #3789, #1722, #3488, #3015, #1126, #385, #2048, #1879, #3658, #4200, #2851, #3953, #114, #359, #3025, #3621, #1694, #2910, #2499, #1967, #1585, #2079, #3544, #3932, #63, #461, #470, #1935, #1698, #4083, #4259, #2555, #660, #3021, #3288, #1839, #4146, #673, #47, #3074, #2168, #1039, #2373, #2582, #719, #1260, #3866, #1502, #1391, #2925, #2364, #2152, #1911, #2858, #2938, #3965, #738, #1963, #3095, #1415, #3194, #946, #4185, #915, #1912, #3344, #611, #1045, #448, #641, #2604, #2293, #120, #1853, #844, #668, #2560, #3477, #591, #2391, #2781, #1264, #4361, #2667, #805, #3157, #3202, #995, #2232, #3579, #901, #3013, #29, #2941, #2151, #2497, #1118, #4195, #1563, #1042, #3428, #228, #1250, #1720, #2565, #1236, #141, #3880, #4221, #4070, #4277, #3685, #3419, #757, #1557, #1029, #1015, #607, #3405, #992, #2422, #1369, #2607 ) ) ;
#1724 = VERTEX_POINT ( 'NONE', #3131 ) ;
#1725 = DIRECTION ( 'NONE',  ( 1.734723475976807341E-16, -0.000000000000000000, 1.000000000000000000 ) ) ;
#1726 = ORIENTED_EDGE ( 'NONE', *, *, #1390, .T. ) ;
#1727 = CARTESIAN_POINT ( 'NONE',  ( 30.98099919820321446, 46.20000000000000995, -4.000000000000001776 ) ) ;
#1728 = CARTESIAN_POINT ( 'NONE',  ( -5.999999999999998224, 7.000000000000000000, 0.000000000000000000 ) ) ;
#1729 = CARTESIAN_POINT ( 'NONE',  ( 15.00000000000000000, 63.82842712474619162, -9.999999999999996447 ) ) ;
#1730 = ORIENTED_EDGE ( 'NONE', *, *, #3734, .F. ) ;
#1731 = DIRECTION ( 'NONE',  ( 0.000000000000000000, -1.000000000000000000, 0.000000000000000000 ) ) ;
#1732 = DIRECTION ( 'NONE',  ( 0.000000000000000000, -0.000000000000000000, 1.000000000000000000 ) ) ;
#1733 = ORIENTED_EDGE ( 'NONE', *, *, #4089, .T. ) ;
#1734 = ORIENTED_EDGE ( 'NONE', *, *, #3058, .F. ) ;
#1735 = CARTESIAN_POINT ( 'NONE',  ( 26.51348391760233270, 54.00000000000000000, -6.800000000000002487 ) ) ;
#1736 = DIRECTION ( 'NONE',  ( 1.000000000000000000, 0.000000000000000000, 0.000000000000000000 ) ) ;
#1737 = CARTESIAN_POINT ( 'NONE',  ( 31.00000000000000000, 13.99999999999999822, -3.500000000000003109 ) ) ;
#1738 = DIRECTION ( 'NONE',  ( -0.8259090073320785041, 0.000000000000000000, -0.5638034334834621797 ) ) ;
#1739 = VECTOR ( 'NONE', #1790, 1000.000000000000000 ) ;
#1740 = ORIENTED_EDGE ( 'NONE', *, *, #2886, .F. ) ;
#1741 = DIRECTION ( 'NONE',  ( -1.000000000000000000, 0.000000000000000000, 0.000000000000000000 ) ) ;
#1742 = ADVANCED_FACE ( 'NONE', ( #1135 ), #2490, .T. ) ;
#1743 = EDGE_LOOP ( 'NONE', ( #3247, #201, #156, #101 ) ) ;
#1744 = DIRECTION ( 'NONE',  ( 0.000000000000000000, 0.000000000000000000, 1.000000000000000000 ) ) ;
#1745 = AXIS2_PLACEMENT_3D ( 'NONE', #2884, #924, #3969 ) ;
#1746 = CARTESIAN_POINT ( 'NONE',  ( 15.00000000000000000, 61.00000000000000000, -9.999999999999996447 ) ) ;
#1747 = DIRECTION ( 'NONE',  ( 0.000000000000000000, 0.000000000000000000, 1.000000000000000000 ) ) ;
#1748 = EDGE_CURVE ( 'NONE', #2473, #1584, #3533, .T. ) ;
#1749 = ORIENTED_EDGE ( 'NONE', *, *, #4112, .F. ) ;
#1750 = CIRCLE ( 'NONE', #3165, 0.5000000000000000000 ) ;
#1751 = CARTESIAN_POINT ( 'NONE',  ( 20.07499999999999929, 17.69999999999999929, -5.500000000000000888 ) ) ;
#1752 = DIRECTION ( 'NONE',  ( 1.000000000000000000, -0.000000000000000000, -0.000000000000000000 ) ) ;
#1753 = CIRCLE ( 'NONE', #64, 0.5000000000000000000 ) ;
#1754 = VERTEX_POINT ( 'NONE', #807 ) ;
#1755 = VERTEX_POINT ( 'NONE', #2154 ) ;
#1756 = AXIS2_PLACEMENT_3D ( 'NONE', #2472, #1831, #2157 ) ;
#1757 = CARTESIAN_POINT ( 'NONE',  ( -6.785714285714287364, 13.44358825235932819, -3.000000000000000000 ) ) ;
#1758 = AXIS2_PLACEMENT_3D ( 'NONE', #31, #2734, #3200 ) ;
#1759 = CARTESIAN_POINT ( 'NONE',  ( -8.000000000000000000, 21.85640646055101755, 0.000000000000000000 ) ) ;
#1760 = DIRECTION ( 'NONE',  ( -1.734723475976807341E-16, 0.000000000000000000, -1.000000000000000000 ) ) ;
#1761 = VECTOR ( 'NONE', #2171, 1000.000000000000000 ) ;
#1762 = CARTESIAN_POINT ( 'NONE',  ( 15.00000000000000000, 7.968626966596882077, -16.99999999999999645 ) ) ;
#1763 = DIRECTION ( 'NONE',  ( 0.000000000000000000, 0.000000000000000000, 1.000000000000000000 ) ) ;
#1764 = CIRCLE ( 'NONE', #2326, 9.500000000000001776 ) ;
#1765 = ORIENTED_EDGE ( 'NONE', *, *, #1089, .T. ) ;
#1766 = DIRECTION ( 'NONE',  ( -0.000000000000000000, -1.000000000000000000, -0.000000000000000000 ) ) ;
#1767 = EDGE_CURVE ( 'NONE', #3652, #440, #2521, .T. ) ;
#1768 = ORIENTED_EDGE ( 'NONE', *, *, #1304, .F. ) ;
#1769 = FACE_OUTER_BOUND ( 'NONE', #3102, .T. ) ;
#1770 = CIRCLE ( 'NONE', #4260, 3.499999999999998668 ) ;
#1771 = CARTESIAN_POINT ( 'NONE',  ( -0.1420914972131157861, 20.30514888840727039, -3.320727739306714277 ) ) ;
#1772 = EDGE_CURVE ( 'NONE', #2080, #4249, #2022, .T. ) ;
#1773 = DIRECTION ( 'NONE',  ( 6.938893903907229364E-16, -1.000000000000000000, -1.203706215242022846E-31 ) ) ;
#1774 = CARTESIAN_POINT ( 'NONE',  ( 23.98099919820321446, 39.19999999999999574, -4.000000000000000888 ) ) ;
#1775 = ORIENTED_EDGE ( 'NONE', *, *, #2121, .F. ) ;
#1776 = EDGE_CURVE ( 'NONE', #1065, #3779, #275, .T. ) ;
#1777 = CARTESIAN_POINT ( 'NONE',  ( 19.99999999999993605, 14.00000000000000000, -17.49999999999999645 ) ) ;
#1778 = CARTESIAN_POINT ( 'NONE',  ( 19.99999999999993250, 13.50000000000000000, -18.00000000000000000 ) ) ;
#1779 = ORIENTED_EDGE ( 'NONE', *, *, #1887, .T. ) ;
#1780 = VERTEX_POINT ( 'NONE', #3240 ) ;
#1781 = LINE ( 'NONE', #1133, #365 ) ;
#1782 = CARTESIAN_POINT ( 'NONE',  ( 22.53979954365026117, 61.00000000000000000, -6.800000000000003375 ) ) ;
#1783 = DIRECTION ( 'NONE',  ( 1.000000000000000000, 0.000000000000000000, 0.000000000000000000 ) ) ;
#1784 = CARTESIAN_POINT ( 'NONE',  ( 36.00000000000000000, 0.5000000000000000000, -3.000000000000000000 ) ) ;
#1785 = DIRECTION ( 'NONE',  ( -0.000000000000000000, -1.000000000000000000, 0.000000000000000000 ) ) ;
#1786 = DIRECTION ( 'NONE',  ( 0.000000000000000000, 0.000000000000000000, -1.000000000000000000 ) ) ;
#1787 = ORIENTED_EDGE ( 'NONE', *, *, #2823, .T. ) ;
#1788 = DIRECTION ( 'NONE',  ( 1.000000000000000000, -0.000000000000000000, 2.865447488079307902E-16 ) ) ;
#1789 = ORIENTED_EDGE ( 'NONE', *, *, #416, .T. ) ;
#1790 = DIRECTION ( 'NONE',  ( -0.000000000000000000, -1.000000000000000000, 0.000000000000000000 ) ) ;
#1791 = AXIS2_PLACEMENT_3D ( 'NONE', #2488, #760, #3853 ) ;
#1792 = FACE_OUTER_BOUND ( 'NONE', #1132, .T. ) ;
#1793 = ORIENTED_EDGE ( 'NONE', *, *, #3532, .F. ) ;
#1794 = EDGE_CURVE ( 'NONE', #980, #1554, #3671, .T. ) ;
#1795 = FACE_OUTER_BOUND ( 'NONE', #873, .T. ) ;
#1796 = CARTESIAN_POINT ( 'NONE',  ( 16.99999999999999645, 53.50000000000000000, -17.50000000000000000 ) ) ;
#1797 = ORIENTED_EDGE ( 'NONE', *, *, #1421, .F. ) ;
#1798 = ORIENTED_EDGE ( 'NONE', *, *, #881, .F. ) ;
#1799 = DIRECTION ( 'NONE',  ( 1.000000000000000000, -0.000000000000000000, 0.000000000000000000 ) ) ;
#1800 = DIRECTION ( 'NONE',  ( 0.000000000000000000, 0.000000000000000000, -1.000000000000000000 ) ) ;
#1801 = DIRECTION ( 'NONE',  ( -1.000000000000000000, 0.000000000000000000, 0.000000000000000000 ) ) ;
#1802 = DIRECTION ( 'NONE',  ( 0.8235294117647071754, -0.5672735741760541739, 0.000000000000000000 ) ) ;
#1803 = DIRECTION ( 'NONE',  ( -1.000000000000000000, 0.000000000000000000, 0.000000000000000000 ) ) ;
#1804 = DIRECTION ( 'NONE',  ( 0.000000000000000000, 0.000000000000000000, 1.000000000000000000 ) ) ;
#1805 = EDGE_LOOP ( 'NONE', ( #1730, #2633, #3062, #2062 ) ) ;
#1806 = CARTESIAN_POINT ( 'NONE',  ( 26.51348391760233270, 60.50000000000000000, -7.300000000000004263 ) ) ;
#1807 = ORIENTED_EDGE ( 'NONE', *, *, #658, .T. ) ;
#1808 = DIRECTION ( 'NONE',  ( -1.000000000000000000, 0.000000000000000000, 1.734723475976803643E-16 ) ) ;
#1809 = VECTOR ( 'NONE', #3185, 1000.000000000000000 ) ;
#1810 = CARTESIAN_POINT ( 'NONE',  ( 15.99999999999999289, 28.99999999999999645, -9.999999999999994671 ) ) ;
#1811 = EDGE_CURVE ( 'NONE', #1832, #595, #2295, .T. ) ;
#1812 = CARTESIAN_POINT ( 'NONE',  ( 19.99999999999999645, 60.50000000000000000, -17.49999999999999645 ) ) ;
#1813 = EDGE_CURVE ( 'NONE', #1510, #2839, #691, .T. ) ;
#1814 = VECTOR ( 'NONE', #1087, 1000.000000000000000 ) ;
#1815 = EDGE_LOOP ( 'NONE', ( #1793, #2239, #241, #560, #3976 ) ) ;
#1816 = AXIS2_PLACEMENT_3D ( 'NONE', #2912, #632, #2314 ) ;
#1817 = CARTESIAN_POINT ( 'NONE',  ( 30.86637271984747599, 54.25069576298158580, -5.349557873485023762 ) ) ;
#1818 = CARTESIAN_POINT ( 'NONE',  ( 30.00000000000000000, 53.50000000000000000, -6.000000000000001776 ) ) ;
#1819 = EDGE_LOOP ( 'NONE', ( #106, #157, #2828, #1943 ) ) ;
#1820 = EDGE_LOOP ( 'NONE', ( #888, #1281, #638, #2220 ) ) ;
#1821 = VERTEX_POINT ( 'NONE', #2932 ) ;
#1822 = AXIS2_PLACEMENT_3D ( 'NONE', #2881, #3622, #1596 ) ;
#1823 = LINE ( 'NONE', #2790, #3492 ) ;
#1824 = EDGE_CURVE ( 'NONE', #4228, #1278, #2169, .T. ) ;
#1825 = DIRECTION ( 'NONE',  ( 0.000000000000000000, -0.000000000000000000, -1.000000000000000000 ) ) ;
#1826 = FACE_OUTER_BOUND ( 'NONE', #3184, .T. ) ;
#1827 = EDGE_CURVE ( 'NONE', #3569, #2094, #1890, .T. ) ;
#1828 = CARTESIAN_POINT ( 'NONE',  ( 15.07653425428793703, 14.60815057167581088, -9.002245140659727696 ) ) ;
#1829 = AXIS2_PLACEMENT_3D ( 'NONE', #368, #1725, #3071 ) ;
#1830 = AXIS2_PLACEMENT_3D ( 'NONE', #656, #4392, #3720 ) ;
#1831 = DIRECTION ( 'NONE',  ( -1.000000000000000000, 0.000000000000000000, 1.734723475976807341E-16 ) ) ;
#1832 = VERTEX_POINT ( 'NONE', #3603 ) ;
#1833 = SPHERICAL_SURFACE ( 'NONE', #125, 0.5000000000000000000 ) ;
#1834 = EDGE_CURVE ( 'NONE', #1061, #1278, #207, .T. ) ;
#1835 = CIRCLE ( 'NONE', #1195, 0.5000000000000004441 ) ;
#1836 = EDGE_LOOP ( 'NONE', ( #2637, #1238 ) ) ;
#1837 = CARTESIAN_POINT ( 'NONE',  ( 15.00000000000000000, 60.00000000000000000, -12.49999999999999467 ) ) ;
#1838 = AXIS2_PLACEMENT_3D ( 'NONE', #1592, #978, #3688 ) ;
#1839 = ADVANCED_FACE ( 'NONE', ( #3575 ), #608, .F. ) ;
#1840 = DIRECTION ( 'NONE',  ( -1.000000000000000000, 0.000000000000000000, 0.000000000000000000 ) ) ;
#1841 = ORIENTED_EDGE ( 'NONE', *, *, #2212, .F. ) ;
#1842 = CARTESIAN_POINT ( 'NONE',  ( 16.99999999999999645, 53.50000000000000000, -18.00000000000000000 ) ) ;
#1843 = DIRECTION ( 'NONE',  ( -1.734723475976807341E-16, 0.000000000000000000, -1.000000000000000000 ) ) ;
#1844 = DIRECTION ( 'NONE',  ( 8.260587980841938780E-17, 1.000000000000000000, -0.000000000000000000 ) ) ;
#1845 = EDGE_LOOP ( 'NONE', ( #4077, #305, #589, #3641 ) ) ;
#1846 = ORIENTED_EDGE ( 'NONE', *, *, #2478, .F. ) ;
#1847 = ORIENTED_EDGE ( 'NONE', *, *, #1852, .F. ) ;
#1848 = CARTESIAN_POINT ( 'NONE',  ( 14.99999999999999645, 15.00000000000000000, -10.99999999999999822 ) ) ;
#1849 = FACE_OUTER_BOUND ( 'NONE', #3660, .T. ) ;
#1850 = DIRECTION ( 'NONE',  ( -1.000000000000000000, 0.000000000000000000, 1.734723475976803643E-16 ) ) ;
#1851 = AXIS2_PLACEMENT_3D ( 'NONE', #458, #3318, #1279 ) ;
#1852 = EDGE_CURVE ( 'NONE', #1292, #1530, #1276, .T. ) ;
#1853 = ADVANCED_FACE ( 'NONE', ( #4326 ), #2980, .T. ) ;
#1854 = CARTESIAN_POINT ( 'NONE',  ( 9.999999999999998224, 0.5000000000000000000, -2.500000000000000444 ) ) ;
#1855 = ORIENTED_EDGE ( 'NONE', *, *, #2074, .T. ) ;
#1856 = DIRECTION ( 'NONE',  ( -0.000000000000000000, -1.000000000000000000, -0.000000000000000000 ) ) ;
#1857 = LINE ( 'NONE', #3775, #3024 ) ;
#1858 = ORIENTED_EDGE ( 'NONE', *, *, #1500, .F. ) ;
#1859 = CARTESIAN_POINT ( 'NONE',  ( 0.000000000000000000, 54.00000000000000000, 0.000000000000000000 ) ) ;
#1860 = DIRECTION ( 'NONE',  ( 0.5638034334834622907, -7.549617744716893804E-15, -0.8259090073320786152 ) ) ;
#1861 = LINE ( 'NONE', #710, #1095 ) ;
#1862 = ORIENTED_EDGE ( 'NONE', *, *, #2765, .F. ) ;
#1863 = FILL_AREA_STYLE_COLOUR ( '', #2465 ) ;
#1864 = CARTESIAN_POINT ( 'NONE',  ( 22.92499999999999716, 17.69999999999999929, 3.222248856626919967E-15 ) ) ;
#1865 = ORIENTED_EDGE ( 'NONE', *, *, #332, .F. ) ;
#1866 = ORIENTED_EDGE ( 'NONE', *, *, #505, .F. ) ;
#1867 = CARTESIAN_POINT ( 'NONE',  ( 31.00000000000000711, 21.20243505738166689, -2.618088638048273076 ) ) ;
#1868 = CARTESIAN_POINT ( 'NONE',  ( 15.00000000000000000, 4.000000000000000000, -9.999999999999996447 ) ) ;
#1869 = CARTESIAN_POINT ( 'NONE',  ( -5.999999999999999112, 6.000000000000000000, -2.500000000000000000 ) ) ;
#1870 = CARTESIAN_POINT ( 'NONE',  ( 30.98099919820321446, 45.20000000000000284, -4.000000000000001776 ) ) ;
#1871 = CARTESIAN_POINT ( 'NONE',  ( 0.000000000000000000, 14.00000000000000000, -7.999999999999998224 ) ) ;
#1872 = ORIENTED_EDGE ( 'NONE', *, *, #3271, .F. ) ;
#1873 = DIRECTION ( 'NONE',  ( 0.000000000000000000, 1.000000000000000000, 0.000000000000000000 ) ) ;
#1874 = DIRECTION ( 'NONE',  ( 1.000000000000000000, 0.000000000000000000, -0.000000000000000000 ) ) ;
#1875 = CARTESIAN_POINT ( 'NONE',  ( 15.96604401144331042, 14.00001923343237742, -9.697092515810734170 ) ) ;
#1876 = DIRECTION ( 'NONE',  ( 0.000000000000000000, -0.000000000000000000, 1.000000000000000000 ) ) ;
#1877 = CIRCLE ( 'NONE', #391, 0.5000000000000004441 ) ;
#1878 = CARTESIAN_POINT ( 'NONE',  ( 15.41912486123970361, 14.18600732609549198, -10.90792860440168788 ) ) ;
#1879 = ADVANCED_FACE ( 'NONE', ( #1937 ), #566, .T. ) ;
#1880 = CARTESIAN_POINT ( 'NONE',  ( -0.4229895315517359089, 19.28050669297430986, -3.155882130563021803 ) ) ;
#1881 = VERTEX_POINT ( 'NONE', #2578 ) ;
#1882 = CIRCLE ( 'NONE', #619, 1.500000000000001332 ) ;
#1883 = DIRECTION ( 'NONE',  ( 0.000000000000000000, 1.000000000000000000, -0.000000000000000000 ) ) ;
#1884 = CARTESIAN_POINT ( 'NONE',  ( 20.98099919820321446, 41.20000000000000284, -3.500000000000000444 ) ) ;
#1885 = AXIS2_PLACEMENT_3D ( 'NONE', #138, #3509, #2180 ) ;
#1886 = ORIENTED_EDGE ( 'NONE', *, *, #4039, .F. ) ;
#1887 = EDGE_CURVE ( 'NONE', #736, #1934, #1225, .T. ) ;
#1888 = ORIENTED_EDGE ( 'NONE', *, *, #523, .F. ) ;
#1889 = CARTESIAN_POINT ( 'NONE',  ( 30.98099919820321446, 45.20000000000000284, -3.500000000000002220 ) ) ;
#1890 = CIRCLE ( 'NONE', #2804, 2.600000000000000089 ) ;
#1891 = DIRECTION ( 'NONE',  ( 1.000000000000000000, 0.000000000000000000, 0.000000000000000000 ) ) ;
#1892 = CARTESIAN_POINT ( 'NONE',  ( 15.99999999999999289, 29.50000000000000000, -17.49999999999999645 ) ) ;
#1893 = CARTESIAN_POINT ( 'NONE',  ( 18.00000000000000000, 54.50000000000000000, -17.49999999999999645 ) ) ;
#1894 = VERTEX_POINT ( 'NONE', #4301 ) ;
#1895 = AXIS2_PLACEMENT_3D ( 'NONE', #1210, #1874, #3201 ) ;
#1896 = CIRCLE ( 'NONE', #1044, 8.000000000000000000 ) ;
#1897 = CARTESIAN_POINT ( 'NONE',  ( 9.999999999999998224, 13.00000000000000000, -7.999999999999998224 ) ) ;
#1898 = CARTESIAN_POINT ( 'NONE',  ( 27.41391055672367827, 60.50000000000000000, -13.94002779933740577 ) ) ;
#1899 = ORIENTED_EDGE ( 'NONE', *, *, #2738, .T. ) ;
#1900 = DIRECTION ( 'NONE',  ( 0.000000000000000000, 0.000000000000000000, -1.000000000000000000 ) ) ;
#1901 = FILL_AREA_STYLE ('',( #187 ) ) ;
#1902 = VECTOR ( 'NONE', #4371, 1000.000000000000000 ) ;
#1903 = DIRECTION ( 'NONE',  ( -1.000000000000000000, 0.000000000000000000, -2.865447488079307902E-16 ) ) ;
#1904 = LINE ( 'NONE', #2261, #3733 ) ;
#1905 = CIRCLE ( 'NONE', #2395, 0.5000000000000004441 ) ;
#1906 = EDGE_CURVE ( 'NONE', #1754, #1255, #3995, .T. ) ;
#1907 = CARTESIAN_POINT ( 'NONE',  ( 14.99999999999999822, 15.00000000000000000, -5.500000000000000000 ) ) ;
#1908 = CARTESIAN_POINT ( 'NONE',  ( -0.1013486535865812527, 20.20255781512916471, -3.545665662423794107 ) ) ;
#1909 = CIRCLE ( 'NONE', #1978, 2.499999999999998668 ) ;
#1910 = ORIENTED_EDGE ( 'NONE', *, *, #3682, .F. ) ;
#1911 = ADVANCED_FACE ( 'NONE', ( #1918 ), #2451, .F. ) ;
#1912 = ADVANCED_FACE ( 'NONE', ( #4256 ), #1961, .F. ) ;
#1913 = CARTESIAN_POINT ( 'NONE',  ( 39.00000000000000000, 21.67479433117734189, -3.000000000000000000 ) ) ;
#1914 = ORIENTED_EDGE ( 'NONE', *, *, #285, .T. ) ;
#1915 = ORIENTED_EDGE ( 'NONE', *, *, #3868, .F. ) ;
#1916 = CARTESIAN_POINT ( 'NONE',  ( -5.999999999999999112, 0.5000000000000000000, -3.000000000000000000 ) ) ;
#1917 = CIRCLE ( 'NONE', #4402, 6.000000000000000000 ) ;
#1918 = FACE_OUTER_BOUND ( 'NONE', #1351, .T. ) ;
#1919 = ORIENTED_EDGE ( 'NONE', *, *, #1354, .F. ) ;
#1920 = EDGE_CURVE ( 'NONE', #1069, #1576, #1102, .T. ) ;
#1921 = CARTESIAN_POINT ( 'NONE',  ( -11.99999999999999822, 6.000000000000000000, 0.000000000000000000 ) ) ;
#1922 = CARTESIAN_POINT ( 'NONE',  ( 30.99999999999999645, 10.48263496815678941, -3.000000000000000444 ) ) ;
#1923 = ORIENTED_EDGE ( 'NONE', *, *, #98, .T. ) ;
#1924 = AXIS2_PLACEMENT_3D ( 'NONE', #1479, #1564, #2630 ) ;
#1925 = VERTEX_POINT ( 'NONE', #1067 ) ;
#1926 = DIRECTION ( 'NONE',  ( 1.000000000000000000, 0.000000000000000000, 0.000000000000000000 ) ) ;
#1927 = DIRECTION ( 'NONE',  ( -0.000000000000000000, 1.000000000000000000, 0.000000000000000000 ) ) ;
#1928 = CIRCLE ( 'NONE', #1496, 1.000000000000000888 ) ;
#1929 = ORIENTED_EDGE ( 'NONE', *, *, #2824, .T. ) ;
#1930 = CARTESIAN_POINT ( 'NONE',  ( -0.02014452394391412840, 21.02772802220455617, -3.767885418910483342 ) ) ;
#1931 = AXIS2_PLACEMENT_3D ( 'NONE', #2861, #1275, #3602 ) ;
#1932 = CARTESIAN_POINT ( 'NONE',  ( 16.99999999999999289, 29.50000000000000000, -18.00000000000000000 ) ) ;
#1933 = CYLINDRICAL_SURFACE ( 'NONE', #4034, 1.000000000000000000 ) ;
#1934 = VERTEX_POINT ( 'NONE', #1997 ) ;
#1935 = ADVANCED_FACE ( 'NONE', ( #4095 ), #3041, .F. ) ;
#1936 = CARTESIAN_POINT ( 'NONE',  ( 30.50000000000000000, 46.20000000000000995, -5.500000000000002665 ) ) ;
#1937 = FACE_OUTER_BOUND ( 'NONE', #81, .T. ) ;
#1938 = DIRECTION ( 'NONE',  ( 1.734723475976807341E-16, 0.000000000000000000, 1.000000000000000000 ) ) ;
#1939 = EDGE_LOOP ( 'NONE', ( #3127, #781, #4369, #2909 ) ) ;
#1940 = CARTESIAN_POINT ( 'NONE',  ( 17.99999999999999289, 53.50000000000000000, -63.50000000000001421 ) ) ;
#1941 = DIRECTION ( 'NONE',  ( 0.6252660841407796655, 9.753848573897379118E-15, 0.7804116375498608704 ) ) ;
#1942 = VERTEX_POINT ( 'NONE', #3358 ) ;
#1943 = ORIENTED_EDGE ( 'NONE', *, *, #3874, .T. ) ;
#1944 = CARTESIAN_POINT ( 'NONE',  ( 30.50000000000000000, 18.19999999999999929, -5.500000000000002665 ) ) ;
#1945 = DIRECTION ( 'NONE',  ( -1.734723475976807341E-16, 0.000000000000000000, -1.000000000000000000 ) ) ;
#1946 = FACE_OUTER_BOUND ( 'NONE', #862, .T. ) ;
#1947 = VERTEX_POINT ( 'NONE', #1355 ) ;
#1948 = EDGE_CURVE ( 'NONE', #4366, #603, #3670, .T. ) ;
#1949 = CARTESIAN_POINT ( 'NONE',  ( 30.50000000000000000, 12.91089883520759862, -5.500000000000004441 ) ) ;
#1950 = CARTESIAN_POINT ( 'NONE',  ( 15.00000000000000000, 63.82842712474619162, -8.999999999999994671 ) ) ;
#1951 = ORIENTED_EDGE ( 'NONE', *, *, #3, .F. ) ;
#1952 = CARTESIAN_POINT ( 'NONE',  ( 31.00000000000000711, 20.01319493880021483, -2.878586706045206167 ) ) ;
#1953 = AXIS2_PLACEMENT_3D ( 'NONE', #1389, #3498, #1808 ) ;
#1954 = DIRECTION ( 'NONE',  ( -1.734723475976807587E-16, -0.000000000000000000, -1.000000000000000000 ) ) ;
#1955 = CARTESIAN_POINT ( 'NONE',  ( 17.50000000000000000, 53.50000000000000000, -5.500000000000000888 ) ) ;
#1956 = ORIENTED_EDGE ( 'NONE', *, *, #1794, .F. ) ;
#1957 = AXIS2_PLACEMENT_3D ( 'NONE', #4230, #1158, #3854 ) ;
#1958 = EDGE_CURVE ( 'NONE', #931, #2903, #3020, .T. ) ;
#1959 = CARTESIAN_POINT ( 'NONE',  ( 15.99999999999999645, 29.00000000000000000, -9.910587498674313878 ) ) ;
#1960 = DIRECTION ( 'NONE',  ( -1.000000000000000000, 0.000000000000000000, 0.000000000000000000 ) ) ;
#1961 = TOROIDAL_SURFACE ( 'NONE', #543, 1.500000000000000888, 0.5000000000000000000 ) ;
#1962 = ORIENTED_EDGE ( 'NONE', *, *, #526, .F. ) ;
#1963 = ADVANCED_FACE ( 'NONE', ( #2339 ), #295, .T. ) ;
#1964 = ORIENTED_EDGE ( 'NONE', *, *, #1203, .F. ) ;
#1965 = FACE_OUTER_BOUND ( 'NONE', #2447, .T. ) ;
#1966 = CIRCLE ( 'NONE', #912, 10.00000000000000178 ) ;
#1967 = ADVANCED_FACE ( 'NONE', ( #1664, #3017 ), #3337, .F. ) ;
#1968 = ORIENTED_EDGE ( 'NONE', *, *, #3266, .F. ) ;
#1969 = CARTESIAN_POINT ( 'NONE',  ( 10.00000000000000000, 55.00000000000000000, -7.999999999999998224 ) ) ;
#1970 = AXIS2_PLACEMENT_3D ( 'NONE', #4213, #3836, #3446 ) ;
#1971 = ORIENTED_EDGE ( 'NONE', *, *, #646, .T. ) ;
#1972 = CARTESIAN_POINT ( 'NONE',  ( 0.5000000000000004441, 60.50000000000000000, 0.000000000000000000 ) ) ;
#1973 = AXIS2_PLACEMENT_3D ( 'NONE', #387, #1035, #1741 ) ;
#1974 = CIRCLE ( 'NONE', #3324, 2.599999999999998312 ) ;
#1975 = CARTESIAN_POINT ( 'NONE',  ( 30.00000000000000000, 54.00000000000000000, -5.500000000000002665 ) ) ;
#1976 = CARTESIAN_POINT ( 'NONE',  ( 9.999999999999998224, 0.000000000000000000, -2.500000000000000444 ) ) ;
#1977 = EDGE_LOOP ( 'NONE', ( #2306, #1968 ) ) ;
#1978 = AXIS2_PLACEMENT_3D ( 'NONE', #3352, #2031, #3989 ) ;
#1979 = CIRCLE ( 'NONE', #4258, 0.5000000000000004441 ) ;
#1980 = DIRECTION ( 'NONE',  ( -0.000000000000000000, -0.000000000000000000, 1.000000000000000000 ) ) ;
#1981 = DIRECTION ( 'NONE',  ( 1.000000000000000000, 0.000000000000000000, 0.000000000000000000 ) ) ;
#1982 = EDGE_LOOP ( 'NONE', ( #4208, #388, #4033, #1196, #1485 ) ) ;
#1983 = DIRECTION ( 'NONE',  ( -1.000000000000000000, 0.000000000000000000, 0.000000000000000000 ) ) ;
#1984 = CARTESIAN_POINT ( 'NONE',  ( 31.00000000000000000, 13.99999999999999822, -3.999999999999996447 ) ) ;
#1985 = ORIENTED_EDGE ( 'NONE', *, *, #1094, .T. ) ;
#1986 = EDGE_CURVE ( 'NONE', #3697, #264, #2412, .T. ) ;
#1987 = PLANE ( 'NONE',  #2160 ) ;
#1988 = EDGE_CURVE ( 'NONE', #3824, #273, #1397, .T. ) ;
#1989 = ORIENTED_EDGE ( 'NONE', *, *, #2442, .F. ) ;
#1990 = CARTESIAN_POINT ( 'NONE',  ( 22.53979954365026117, 54.00000000000000000, -6.800000000000003375 ) ) ;
#1991 = ORIENTED_EDGE ( 'NONE', *, *, #3044, .F. ) ;
#1992 = PLANE ( 'NONE',  #4025 ) ;
#1993 = DIRECTION ( 'NONE',  ( 0.000000000000000000, 1.000000000000000000, 0.000000000000000000 ) ) ;
#1994 = LINE ( 'NONE', #19, #3889 ) ;
#1995 = ORIENTED_EDGE ( 'NONE', *, *, #432, .F. ) ;
#1996 = ORIENTED_EDGE ( 'NONE', *, *, #176, .F. ) ;
#1997 = CARTESIAN_POINT ( 'NONE',  ( 17.49999999999999645, 29.00000000000000355, -5.500000000000000000 ) ) ;
#1998 = DIRECTION ( 'NONE',  ( -1.000000000000000000, -0.000000000000000000, 1.734723475976807587E-16 ) ) ;
#1999 = ORIENTED_EDGE ( 'NONE', *, *, #2620, .T. ) ;
#2000 = CIRCLE ( 'NONE', #3351, 1.000000000000000000 ) ;
#2001 = DIRECTION ( 'NONE',  ( 0.000000000000000000, 0.000000000000000000, -1.000000000000000000 ) ) ;
#2002 = EDGE_CURVE ( 'NONE', #2207, #927, #2664, .T. ) ;
#2003 = CARTESIAN_POINT ( 'NONE',  ( 27.41391055672367827, 54.50000000000000000, -13.94002779933740577 ) ) ;
#2004 = EDGE_CURVE ( 'NONE', #3243, #695, #4075, .T. ) ;
#2005 = DIRECTION ( 'NONE',  ( -0.000000000000000000, 1.000000000000000000, 0.000000000000000000 ) ) ;
#2006 = ORIENTED_EDGE ( 'NONE', *, *, #574, .T. ) ;
#2007 = CARTESIAN_POINT ( 'NONE',  ( 19.98099919820321446, 45.20000000000000284, -3.500000000000000444 ) ) ;
#2008 = ORIENTED_EDGE ( 'NONE', *, *, #4291, .T. ) ;
#2009 = CARTESIAN_POINT ( 'NONE',  ( 29.50000000000000000, 60.50000000000000000, -7.999999999999998224 ) ) ;
#2010 = FACE_BOUND ( 'NONE', #4109, .T. ) ;
#2011 = DIRECTION ( 'NONE',  ( 0.000000000000000000, 0.000000000000000000, -1.000000000000000000 ) ) ;
#2012 = EDGE_CURVE ( 'NONE', #4226, #1473, #652, .T. ) ;
#2013 = ORIENTED_EDGE ( 'NONE', *, *, #1383, .T. ) ;
#2014 = ORIENTED_EDGE ( 'NONE', *, *, #2538, .F. ) ;
#2015 = EDGE_CURVE ( 'NONE', #1220, #603, #2416, .T. ) ;
#2016 = CARTESIAN_POINT ( 'NONE',  ( 19.11249979690783718, 61.00000000000000000, -1.779388979289475703 ) ) ;
#2017 = DIRECTION ( 'NONE',  ( 0.000000000000000000, 1.000000000000000000, 0.000000000000000000 ) ) ;
#2018 = ORIENTED_EDGE ( 'NONE', *, *, #3449, .F. ) ;
#2019 = AXIS2_PLACEMENT_3D ( 'NONE', #3300, #4310, #2869 ) ;
#2020 = CARTESIAN_POINT ( 'NONE',  ( 24.98099919820321446, 19.20000000000000284, -3.500000000000001332 ) ) ;
#2021 = CYLINDRICAL_SURFACE ( 'NONE', #272, 1.000000000000000000 ) ;
#2022 = CIRCLE ( 'NONE', #4379, 1.424999999999999156 ) ;
#2023 = DIRECTION ( 'NONE',  ( 1.000000000000000000, 6.938893903907229364E-16, -1.734723475976807341E-16 ) ) ;
#2024 = AXIS2_PLACEMENT_3D ( 'NONE', #1884, #2197, #602 ) ;
#2025 = VERTEX_POINT ( 'NONE', #3736 ) ;
#2026 = PLANE ( 'NONE',  #3323 ) ;
#2027 = AXIS2_PLACEMENT_3D ( 'NONE', #3694, #4403, #1684 ) ;
#2028 = ORIENTED_EDGE ( 'NONE', *, *, #518, .F. ) ;
#2029 = DIRECTION ( 'NONE',  ( -0.000000000000000000, -0.000000000000000000, -1.000000000000000000 ) ) ;
#2030 = EDGE_CURVE ( 'NONE', #2708, #4330, #2688, .T. ) ;
#2031 = DIRECTION ( 'NONE',  ( -0.000000000000000000, -1.000000000000000000, -0.000000000000000000 ) ) ;
#2032 = CARTESIAN_POINT ( 'NONE',  ( 9.999999999999998224, 13.50000000000000000, -17.49999999999999645 ) ) ;
#2033 = EDGE_CURVE ( 'NONE', #985, #1780, #4058, .T. ) ;
#2034 = VECTOR ( 'NONE', #95, 1000.000000000000000 ) ;
#2035 = CIRCLE ( 'NONE', #3387, 0.4999999999999997780 ) ;
#2036 = ORIENTED_EDGE ( 'NONE', *, *, #4274, .F. ) ;
#2037 = EDGE_CURVE ( 'NONE', #4191, #1353, #3398, .T. ) ;
#2038 = CARTESIAN_POINT ( 'NONE',  ( 22.98099919820321446, 40.20000000000000284, -4.000000000000000000 ) ) ;
#2039 = DIRECTION ( 'NONE',  ( 0.000000000000000000, 0.000000000000000000, 1.000000000000000000 ) ) ;
#2040 = AXIS2_PLACEMENT_3D ( 'NONE', #1705, #392, #3098 ) ;
#2041 = EDGE_LOOP ( 'NONE', ( #3409, #1411, #4217, #4223 ) ) ;
#2042 = ORIENTED_EDGE ( 'NONE', *, *, #3146, .T. ) ;
#2043 = FACE_OUTER_BOUND ( 'NONE', #3517, .T. ) ;
#2044 = EDGE_CURVE ( 'NONE', #1069, #855, #1, .T. ) ;
#2045 = VECTOR ( 'NONE', #2655, 1000.000000000000000 ) ;
#2046 = CARTESIAN_POINT ( 'NONE',  ( 14.99999999999999467, 29.50000000000000000, -17.49999999999999645 ) ) ;
#2047 = DIRECTION ( 'NONE',  ( -2.001604010742470009E-16, 0.000000000000000000, -1.000000000000000000 ) ) ;
#2048 = ADVANCED_FACE ( 'NONE', ( #355, #3060, #21 ), #2397, .F. ) ;
#2049 = CARTESIAN_POINT ( 'NONE',  ( 13.99133153308001631, 14.00000000000000000, -9.999999999999996447 ) ) ;
#2050 = ORIENTED_EDGE ( 'NONE', *, *, #3402, .F. ) ;
#2051 = CARTESIAN_POINT ( 'NONE',  ( 20.98099919820321446, 40.70000000000000284, -3.500000000000000444 ) ) ;
#2052 = ORIENTED_EDGE ( 'NONE', *, *, #2692, .F. ) ;
#2053 = LINE ( 'NONE', #4342, #1382 ) ;
#2054 = UNCERTAINTY_MEASURE_WITH_UNIT (LENGTH_MEASURE( 1.000000000000000082E-05 ), #2196, 'distance_accuracy_value', 'NONE');
#2055 = DIRECTION ( 'NONE',  ( 0.000000000000000000, 1.000000000000000000, -0.000000000000000000 ) ) ;
#2056 = LINE ( 'NONE', #690, #763 ) ;
#2057 = AXIS2_PLACEMENT_3D ( 'NONE', #1403, #2789, #2752 ) ;
#2058 = ORIENTED_EDGE ( 'NONE', *, *, #1446, .T. ) ;
#2059 = CARTESIAN_POINT ( 'NONE',  ( 31.00000000000000000, 18.43879045099065905, -3.554293982979168209 ) ) ;
#2060 = DIRECTION ( 'NONE',  ( -0.000000000000000000, -1.000000000000000000, -0.000000000000000000 ) ) ;
#2061 = CIRCLE ( 'NONE', #227, 8.000000000000000000 ) ;
#2062 = ORIENTED_EDGE ( 'NONE', *, *, #1217, .F. ) ;
#2063 = ORIENTED_EDGE ( 'NONE', *, *, #176, .T. ) ;
#2064 = EDGE_CURVE ( 'NONE', #980, #2913, #3809, .T. ) ;
#2065 = DIRECTION ( 'NONE',  ( 1.000000000000000000, 0.000000000000000000, 6.938893903907221278E-15 ) ) ;
#2066 = CIRCLE ( 'NONE', #4064, 8.000000000000000000 ) ;
#2067 = FACE_OUTER_BOUND ( 'NONE', #3713, .T. ) ;
#2068 = FACE_BOUND ( 'NONE', #1647, .T. ) ;
#2069 = EDGE_CURVE ( 'NONE', #1942, #4397, #3436, .T. ) ;
#2070 = CARTESIAN_POINT ( 'NONE',  ( 9.999999999999998224, 60.50000000000000000, -17.49999999999999645 ) ) ;
#2071 = VECTOR ( 'NONE', #2360, 1000.000000000000000 ) ;
#2072 = ORIENTED_EDGE ( 'NONE', *, *, #1110, .T. ) ;
#2073 = CARTESIAN_POINT ( 'NONE',  ( -0.6730556238105693811, 17.81421932741156411, -3.044383502222617111 ) ) ;
#2074 = EDGE_CURVE ( 'NONE', #1358, #1724, #396, .T. ) ;
#2075 = ORIENTED_EDGE ( 'NONE', *, *, #1986, .F. ) ;
#2076 = CARTESIAN_POINT ( 'NONE',  ( -8.599999999999997868, 7.000000000000000000, 0.000000000000000000 ) ) ;
#2077 = DIRECTION ( 'NONE',  ( 0.000000000000000000, 0.000000000000000000, 1.000000000000000000 ) ) ;
#2078 =( NAMED_UNIT ( * ) PLANE_ANGLE_UNIT ( ) SI_UNIT ( $, .RADIAN. ) );
#2079 = ADVANCED_FACE ( 'NONE', ( #1507 ), #3503, .T. ) ;
#2080 = VERTEX_POINT ( 'NONE', #1751 ) ;
#2081 = DIRECTION ( 'NONE',  ( 1.000000000000000000, 0.000000000000000000, 0.000000000000000000 ) ) ;
#2082 = DIRECTION ( 'NONE',  ( 1.000000000000000000, -0.000000000000000000, 0.000000000000000000 ) ) ;
#2083 = ORIENTED_EDGE ( 'NONE', *, *, #1643, .T. ) ;
#2084 = ORIENTED_EDGE ( 'NONE', *, *, #2714, .F. ) ;
#2085 = DIRECTION ( 'NONE',  ( -0.000000000000000000, -0.000000000000000000, -1.000000000000000000 ) ) ;
#2086 = FACE_OUTER_BOUND ( 'NONE', #3776, .T. ) ;
#2087 = B_SPLINE_CURVE_WITH_KNOTS ( 'NONE', 3,
 ( #2104, #488, #1129, #84, #4157, #1817, #1103, #2766, #3103, #3847 ),
 .UNSPECIFIED., .F., .F.,
 ( 4, 2, 2, 2, 4 ),
 ( 1.734723475976807094E-18, 0.0001761444325994206269, 0.0003522888651988395192, 0.0007045777303976924824, 0.001409155460795397542 ),
 .UNSPECIFIED. ) ;
#2088 = EDGE_CURVE ( 'NONE', #2150, #2207, #2087, .T. ) ;
#2089 = DIRECTION ( 'NONE',  ( -1.000000000000000000, 0.000000000000000000, 0.000000000000000000 ) ) ;
#2090 = CARTESIAN_POINT ( 'NONE',  ( -5.999999999999999112, 0.000000000000000000, -2.500000000000000444 ) ) ;
#2091 = EDGE_CURVE ( 'NONE', #1487, #776, #3961, .T. ) ;
#2092 = EDGE_CURVE ( 'NONE', #869, #1084, #3887, .T. ) ;
#2093 = CARTESIAN_POINT ( 'NONE',  ( 15.00000000000000000, 60.00000000000000000, -9.999999999999996447 ) ) ;
#2094 = VERTEX_POINT ( 'NONE', #3189 ) ;
#2095 = CARTESIAN_POINT ( 'NONE',  ( -0.4203404801839995542, 18.61345169643086450, -3.172902450110694605 ) ) ;
#2096 = ORIENTED_EDGE ( 'NONE', *, *, #3089, .T. ) ;
#2097 = CARTESIAN_POINT ( 'NONE',  ( 24.98099919820321446, 18.19999999999999929, -3.500000000000001332 ) ) ;
#2098 = AXIS2_PLACEMENT_3D ( 'NONE', #2772, #4163, #1180 ) ;
#2099 = EDGE_CURVE ( 'NONE', #3949, #2985, #3230, .T. ) ;
#2100 = LINE ( 'NONE', #3500, #1056 ) ;
#2101 = CARTESIAN_POINT ( 'NONE',  ( 31.00000000000000000, 0.000000000000000000, -2.500000000000000000 ) ) ;
#2102 = ORIENTED_EDGE ( 'NONE', *, *, #4088, .F. ) ;
#2103 = AXIS2_PLACEMENT_3D ( 'NONE', #2947, #530, #4319 ) ;
#2104 = CARTESIAN_POINT ( 'NONE',  ( 31.00000000000000000, 54.00000000000000000, -5.000000000000004441 ) ) ;
#2105 = CARTESIAN_POINT ( 'NONE',  ( 17.49999999999999645, 55.00000000000000000, -17.50000000000000000 ) ) ;
#2106 = CIRCLE ( 'NONE', #4389, 0.5000000000000004441 ) ;
#2107 = VERTEX_POINT ( 'NONE', #4178 ) ;
#2108 = EDGE_LOOP ( 'NONE', ( #1951, #1674, #14, #2656 ) ) ;
#2109 = AXIS2_PLACEMENT_3D ( 'NONE', #2276, #4353, #3979 ) ;
#2110 = DIRECTION ( 'NONE',  ( 1.000000000000000000, -0.000000000000000000, 2.865447488079307902E-16 ) ) ;
#2111 = CIRCLE ( 'NONE', #1621, 6.499999999999999112 ) ;
#2112 = FACE_OUTER_BOUND ( 'NONE', #2605, .T. ) ;
#2113 = CARTESIAN_POINT ( 'NONE',  ( 20.48099919820321446, 45.20000000000000284, -3.500000000000000444 ) ) ;
#2114 = PLANE ( 'NONE',  #3244 ) ;
#2115 = CARTESIAN_POINT ( 'NONE',  ( 15.41912486123970361, 14.18600732609549198, -9.092071395598306793 ) ) ;
#2116 = DIRECTION ( 'NONE',  ( -0.000000000000000000, -1.000000000000000000, -0.000000000000000000 ) ) ;
#2117 = VERTEX_POINT ( 'NONE', #3795 ) ;
#2118 = FACE_OUTER_BOUND ( 'NONE', #2857, .T. ) ;
#2119 = ORIENTED_EDGE ( 'NONE', *, *, #4020, .T. ) ;
#2120 = CARTESIAN_POINT ( 'NONE',  ( 10.00000000000000000, 60.50000000000000000, -7.999999999999998224 ) ) ;
#2121 = EDGE_CURVE ( 'NONE', #4330, #2883, #45, .T. ) ;
#2122 = AXIS2_PLACEMENT_3D ( 'NONE', #2822, #2756, #2493 ) ;
#2123 = FACE_OUTER_BOUND ( 'NONE', #4268, .T. ) ;
#2124 = DIRECTION ( 'NONE',  ( 1.000000000000000000, 0.000000000000000000, -2.891205793294675861E-16 ) ) ;
#2125 = ORIENTED_EDGE ( 'NONE', *, *, #384, .F. ) ;
#2126 = CARTESIAN_POINT ( 'NONE',  ( 36.00000000000000000, 0.000000000000000000, -2.500000000000000444 ) ) ;
#2127 = CYLINDRICAL_SURFACE ( 'NONE', #4396, 0.5000000000000004441 ) ;
#2128 = ORIENTED_EDGE ( 'NONE', *, *, #191, .F. ) ;
#2129 = VERTEX_POINT ( 'NONE', #1777 ) ;
#2130 = DIRECTION ( 'NONE',  ( 1.000000000000000000, 0.000000000000000000, -1.734723475976807341E-16 ) ) ;
#2131 = AXIS2_PLACEMENT_3D ( 'NONE', #71, #737, #2130 ) ;
#2132 = DIRECTION ( 'NONE',  ( -0.000000000000000000, 0.000000000000000000, 1.000000000000000000 ) ) ;
#2133 = FACE_OUTER_BOUND ( 'NONE', #1662, .T. ) ;
#2134 = CARTESIAN_POINT ( 'NONE',  ( -6.000000000000001776, 8.000000000000000000, -2.500000000000000444 ) ) ;
#2135 = EDGE_CURVE ( 'NONE', #3908, #4155, #3825, .T. ) ;
#2136 = EDGE_CURVE ( 'NONE', #3486, #233, #907, .T. ) ;
#2137 = CYLINDRICAL_SURFACE ( 'NONE', #121, 0.5000000000000004441 ) ;
#2138 = EDGE_LOOP ( 'NONE', ( #617, #3917, #129, #512 ) ) ;
#2139 = CARTESIAN_POINT ( 'NONE',  ( 30.98099919820321446, 45.20000000000000284, -4.000000000000001776 ) ) ;
#2140 = ORIENTED_EDGE ( 'NONE', *, *, #4165, .T. ) ;
#2141 = CARTESIAN_POINT ( 'NONE',  ( 20.98099919820321446, 41.20000000000000284, -3.500000000000000444 ) ) ;
#2142 = CARTESIAN_POINT ( 'NONE',  ( 15.94159281606231282, 28.99856458905720302, -9.651782686589225335 ) ) ;
#2143 = DIRECTION ( 'NONE',  ( -0.000000000000000000, -1.000000000000000000, -0.000000000000000000 ) ) ;
#2144 = VERTEX_POINT ( 'NONE', #2126 ) ;
#2145 = EDGE_CURVE ( 'NONE', #3911, #4226, #3378, .T. ) ;
#2146 = CARTESIAN_POINT ( 'NONE',  ( 14.99999999999999645, 15.00000000000000000, -10.99999999999999822 ) ) ;
#2147 = DIRECTION ( 'NONE',  ( 0.000000000000000000, 0.000000000000000000, 1.000000000000000000 ) ) ;
#2148 = ORIENTED_EDGE ( 'NONE', *, *, #860, .T. ) ;
#2149 = ORIENTED_EDGE ( 'NONE', *, *, #2832, .T. ) ;
#2150 = VERTEX_POINT ( 'NONE', #443 ) ;
#2151 = ADVANCED_FACE ( 'NONE', ( #1795 ), #2809, .T. ) ;
#2152 = ADVANCED_FACE ( 'NONE', ( #3894 ), #1933, .F. ) ;
#2153 = DIRECTION ( 'NONE',  ( 0.5638034334834640671, 0.000000000000000000, -0.8259090073320772829 ) ) ;
#2154 = CARTESIAN_POINT ( 'NONE',  ( 31.00000000000000000, 21.67479433117734189, -2.500000000000000000 ) ) ;
#2155 = LINE ( 'NONE', #1424, #991 ) ;
#2156 = DIRECTION ( 'NONE',  ( 0.000000000000000000, 0.000000000000000000, -1.000000000000000000 ) ) ;
#2157 = DIRECTION ( 'NONE',  ( 1.734723475976807341E-16, 0.000000000000000000, 1.000000000000000000 ) ) ;
#2158 = VERTEX_POINT ( 'NONE', #2977 ) ;
#2159 = DIRECTION ( 'NONE',  ( -1.000000000000000000, 0.000000000000000000, 0.000000000000000000 ) ) ;
#2160 = AXIS2_PLACEMENT_3D ( 'NONE', #3382, #4395, #3003 ) ;
#2161 = ORIENTED_EDGE ( 'NONE', *, *, #1659, .F. ) ;
#2162 = LINE ( 'NONE', #34, #1245 ) ;
#2163 = AXIS2_PLACEMENT_3D ( 'NONE', #3840, #1477, #3094 ) ;
#2164 = LINE ( 'NONE', #4391, #163 ) ;
#2165 = DIRECTION ( 'NONE',  ( 0.000000000000000000, 0.000000000000000000, -1.000000000000000000 ) ) ;
#2166 = CIRCLE ( 'NONE', #2382, 8.000000000000000000 ) ;
#2167 = ORIENTED_EDGE ( 'NONE', *, *, #1439, .F. ) ;
#2168 = ADVANCED_FACE ( 'NONE', ( #3285 ), #871, .F. ) ;
#2169 = CIRCLE ( 'NONE', #1536, 2.599999999999998312 ) ;
#2170 = CARTESIAN_POINT ( 'NONE',  ( 22.00318132257010717, 60.50000000000000000, 0.1939230379026518625 ) ) ;
#2171 = DIRECTION ( 'NONE',  ( -1.734723475976807587E-16, -0.000000000000000000, -1.000000000000000000 ) ) ;
#2172 = EDGE_CURVE ( 'NONE', #2562, #4226, #2242, .T. ) ;
#2173 = VERTEX_POINT ( 'NONE', #1239 ) ;
#2174 = ORIENTED_EDGE ( 'NONE', *, *, #3326, .F. ) ;
#2175 = ORIENTED_EDGE ( 'NONE', *, *, #1920, .T. ) ;
#2176 = VECTOR ( 'NONE', #3548, 1000.000000000000000 ) ;
#2177 = EDGE_CURVE ( 'NONE', #4086, #896, #4103, .T. ) ;
#2178 = CARTESIAN_POINT ( 'NONE',  ( 30.00000000000000000, 57.87298334620742679, -5.500000000000002665 ) ) ;
#2179 = AXIS2_PLACEMENT_3D ( 'NONE', #1640, #1002, #2971 ) ;
#2180 = DIRECTION ( 'NONE',  ( -1.000000000000000000, 0.000000000000000000, 0.000000000000000000 ) ) ;
#2181 = PLANE ( 'NONE',  #3035 ) ;
#2182 = EDGE_CURVE ( 'NONE', #824, #1307, #3381, .T. ) ;
#2183 = CIRCLE ( 'NONE', #555, 1.000000000000000000 ) ;
#2184 = LINE ( 'NONE', #3537, #1357 ) ;
#2185 = AXIS2_PLACEMENT_3D ( 'NONE', #3909, #4263, #3838 ) ;
#2186 = TOROIDAL_SURFACE ( 'NONE', #1122, 0.5000000000000043299, 0.5000000000000000000 ) ;
#2187 = ORIENTED_EDGE ( 'NONE', *, *, #3457, .F. ) ;
#2188 = CARTESIAN_POINT ( 'NONE',  ( 23.98099919820321446, 19.20000000000000284, -4.000000000000000888 ) ) ;
#2189 = VECTOR ( 'NONE', #1371, 1000.000000000000000 ) ;
#2190 = EDGE_LOOP ( 'NONE', ( #1452, #225, #1155, #3798, #3859 ) ) ;
#2191 = CARTESIAN_POINT ( 'NONE',  ( 15.99999999999999289, 13.50000000000000000, -17.49999999999999645 ) ) ;
#2192 = VECTOR ( 'NONE', #289, 1000.000000000000000 ) ;
#2193 = CARTESIAN_POINT ( 'NONE',  ( 15.55446241399014262, 14.10186882092096639, -10.83826104500741394 ) ) ;
#2194 = CARTESIAN_POINT ( 'NONE',  ( 30.98099919820321446, 18.70000000000000284, -4.000000000000001776 ) ) ;
#2195 = ORIENTED_EDGE ( 'NONE', *, *, #3391, .T. ) ;
#2196 =( LENGTH_UNIT ( ) NAMED_UNIT ( * ) SI_UNIT ( .MILLI., .METRE. ) );
#2197 = DIRECTION ( 'NONE',  ( -1.734723475976807341E-16, -0.000000000000000000, -1.000000000000000000 ) ) ;
#2198 = EDGE_LOOP ( 'NONE', ( #1347, #956, #2128, #53 ) ) ;
#2199 = VERTEX_POINT ( 'NONE', #3596 ) ;
#2200 = ORIENTED_EDGE ( 'NONE', *, *, #2714, .T. ) ;
#2201 = LINE ( 'NONE', #3574, #794 ) ;
#2202 = CARTESIAN_POINT ( 'NONE',  ( 20.00000000000000000, 14.00000000000000000, -8.000000000000000000 ) ) ;
#2203 = CARTESIAN_POINT ( 'NONE',  ( 15.95143310142253412, 29.00296067509764697, -10.35532807839478231 ) ) ;
#2204 =( BOUNDED_CURVE ( )  B_SPLINE_CURVE ( 3, ( #169, #2213, #1501, #3864 ),
 .UNSPECIFIED., .F., .F. ) 
 B_SPLINE_CURVE_WITH_KNOTS ( ( 4, 4 ),
 ( 0.000000000000000000, 1.570796326794895226 ),
 .UNSPECIFIED. ) 
 CURVE ( )  GEOMETRIC_REPRESENTATION_ITEM ( )  RATIONAL_B_SPLINE_CURVE ( ( 1.000000000000000000, 0.8047378541243652705, 0.8047378541243652705, 1.000000000000000000 ) ) 
 REPRESENTATION_ITEM ( '' )  );
#2205 = EDGE_CURVE ( 'NONE', #1286, #1832, #1966, .T. ) ;
#2206 = CARTESIAN_POINT ( 'NONE',  ( 31.00000000000000355, 13.13383502518225221, -3.207468710515633870 ) ) ;
#2207 = VERTEX_POINT ( 'NONE', #557 ) ;
#2208 = FACE_OUTER_BOUND ( 'NONE', #3772, .T. ) ;
#2209 = FACE_OUTER_BOUND ( 'NONE', #3463, .T. ) ;
#2210 = ORIENTED_EDGE ( 'NONE', *, *, #3754, .F. ) ;
#2211 = DIRECTION ( 'NONE',  ( 0.000000000000000000, 0.000000000000000000, 1.000000000000000000 ) ) ;
#2212 = EDGE_CURVE ( 'NONE', #2552, #1165, #2927, .T. ) ;
#2213 = CARTESIAN_POINT ( 'NONE',  ( 26.51348391760232559, 60.79289321881345387, -7.300000000000002487 ) ) ;
#2214 = APPLICATION_PROTOCOL_DEFINITION ( 'draft international standard', 'automotive_design', 1998, #3705 ) ;
#2215 = ORIENTED_EDGE ( 'NONE', *, *, #2425, .F. ) ;
#2216 = AXIS2_PLACEMENT_3D ( 'NONE', #2020, #636, #1983 ) ;
#2217 = SURFACE_SIDE_STYLE ('',( #870 ) ) ;
#2218 = DIRECTION ( 'NONE',  ( 0.000000000000000000, -1.000000000000000000, 0.000000000000000000 ) ) ;
#2219 = EDGE_LOOP ( 'NONE', ( #4294, #3623, #3330, #683, #1140, #4, #87, #78, #3527 ) ) ;
#2220 = ORIENTED_EDGE ( 'NONE', *, *, #790, .F. ) ;
#2221 = DIRECTION ( 'NONE',  ( 0.000000000000000000, 1.000000000000000000, -0.000000000000000000 ) ) ;
#2222 = VERTEX_POINT ( 'NONE', #1553 ) ;
#2223 = CARTESIAN_POINT ( 'NONE',  ( 29.68812356390773033, 61.00000000000000000, -10.47795516716018049 ) ) ;
#2224 = CARTESIAN_POINT ( 'NONE',  ( 22.98099919820321446, 39.19999999999999574, -4.000000000000000000 ) ) ;
#2225 = DIRECTION ( 'NONE',  ( -1.734723475976807341E-16, -0.000000000000000000, -1.000000000000000000 ) ) ;
#2226 = ORIENTED_EDGE ( 'NONE', *, *, #1341, .T. ) ;
#2227 = EDGE_CURVE ( 'NONE', #4262, #1755, #4345, .T. ) ;
#2228 = LINE ( 'NONE', #2255, #4171 ) ;
#2229 = ORIENTED_EDGE ( 'NONE', *, *, #505, .T. ) ;
#2230 = DIRECTION ( 'NONE',  ( -1.734723475976807341E-16, -0.000000000000000000, -1.000000000000000000 ) ) ;
#2231 = LINE ( 'NONE', #522, #625 ) ;
#2232 = ADVANCED_FACE ( 'NONE', ( #1291 ), #3211, .T. ) ;
#2233 = CARTESIAN_POINT ( 'NONE',  ( 29.50000000000000000, 60.50000000000000000, 0.000000000000000000 ) ) ;
#2234 = CARTESIAN_POINT ( 'NONE',  ( 19.99999999999999645, 61.00000000000000000, -18.00000000000000355 ) ) ;
#2235 = EDGE_CURVE ( 'NONE', #960, #2644, #549, .T. ) ;
#2236 = LINE ( 'NONE', #219, #2739 ) ;
#2237 = TOROIDAL_SURFACE ( 'NONE', #1033, 7.000000000000001776, 6.000000000000000000 ) ;
#2238 = EDGE_CURVE ( 'NONE', #1780, #2553, #835, .T. ) ;
#2239 = ORIENTED_EDGE ( 'NONE', *, *, #6, .T. ) ;
#2240 = AXIS2_PLACEMENT_3D ( 'NONE', #1570, #218, #3543 ) ;
#2241 = LINE ( 'NONE', #1197, #986 ) ;
#2242 = LINE ( 'NONE', #2572, #1457 ) ;
#2243 = CIRCLE ( 'NONE', #1885, 5.999999999999998224 ) ;
#2244 = EDGE_CURVE ( 'NONE', #3063, #1584, #4241, .T. ) ;
#2245 = ORIENTED_EDGE ( 'NONE', *, *, #939, .F. ) ;
#2246 = ORIENTED_EDGE ( 'NONE', *, *, #1581, .T. ) ;
#2247 = CARTESIAN_POINT ( 'NONE',  ( 15.00000000000000000, 55.00000000000000000, -9.999999999999996447 ) ) ;
#2248 = VECTOR ( 'NONE', #3124, 1000.000000000000000 ) ;
#2249 = LINE ( 'NONE', #2223, #11 ) ;
#2250 = CARTESIAN_POINT ( 'NONE',  ( 19.98099919820321446, 41.20000000000000284, -5.500000000000000888 ) ) ;
#2251 = DIRECTION ( 'NONE',  ( -1.000000000000000000, 0.000000000000000000, 0.000000000000000000 ) ) ;
#2252 = ORIENTED_EDGE ( 'NONE', *, *, #3535, .T. ) ;
#2253 = VECTOR ( 'NONE', #2894, 1000.000000000000000 ) ;
#2254 = DIRECTION ( 'NONE',  ( 1.000000000000000000, 0.000000000000000000, -1.734723475976807341E-16 ) ) ;
#2255 = CARTESIAN_POINT ( 'NONE',  ( 20.98099919820321446, 46.20000000000000284, -3.500000000000000444 ) ) ;
#2256 = ORIENTED_EDGE ( 'NONE', *, *, #1772, .F. ) ;
#2257 = LINE ( 'NONE', #4286, #3170 ) ;
#2258 = VECTOR ( 'NONE', #769, 1000.000000000000000 ) ;
#2259 = AXIS2_PLACEMENT_3D ( 'NONE', #3341, #299, #1651 ) ;
#2260 = CARTESIAN_POINT ( 'NONE',  ( 15.98850162091863147, 14.00000000000000533, -9.780906420237807097 ) ) ;
#2261 = CARTESIAN_POINT ( 'NONE',  ( 23.48651608239767086, 45.11365831393335668, -7.300000000000002487 ) ) ;
#2262 = CIRCLE ( 'NONE', #345, 0.5000000000000004441 ) ;
#2263 = DIRECTION ( 'NONE',  ( -4.956352788505162775E-17, 1.000000000000000000, 8.597901537443017788E-33 ) ) ;
#2264 = EDGE_CURVE ( 'NONE', #2158, #2723, #1198, .T. ) ;
#2265 = CARTESIAN_POINT ( 'NONE',  ( -1.000421726590170923, 17.95871686885639562, -2.930609143115945336 ) ) ;
#2266 = CIRCLE ( 'NONE', #3906, 2.599999999999998312 ) ;
#2267 = ORIENTED_EDGE ( 'NONE', *, *, #2064, .F. ) ;
#2268 = CARTESIAN_POINT ( 'NONE',  ( 19.99999999999999645, 60.50000000000000000, -7.999999999999998224 ) ) ;
#2269 = ORIENTED_EDGE ( 'NONE', *, *, #390, .T. ) ;
#2270 = DIRECTION ( 'NONE',  ( 0.000000000000000000, 1.000000000000000000, 0.000000000000000000 ) ) ;
#2271 = PLANE ( 'NONE',  #3415 ) ;
#2272 = CARTESIAN_POINT ( 'NONE',  ( 20.98099919820321446, 46.20000000000000284, -4.000000000000000000 ) ) ;
#2273 = CARTESIAN_POINT ( 'NONE',  ( 30.00000000000000000, 54.00000000000000000, -6.000000000000001776 ) ) ;
#2274 = ORIENTED_EDGE ( 'NONE', *, *, #4123, .F. ) ;
#2275 = CARTESIAN_POINT ( 'NONE',  ( 15.22917785958632031, 28.66133764704906639, -9.022355242388121255 ) ) ;
#2276 = CARTESIAN_POINT ( 'NONE',  ( 18.00000000000000000, 53.50000000000000000, -17.50000000000000000 ) ) ;
#2277 = VERTEX_POINT ( 'NONE', #1864 ) ;
#2278 = ORIENTED_EDGE ( 'NONE', *, *, #3841, .T. ) ;
#2279 = VECTOR ( 'NONE', #1586, 1000.000000000000000 ) ;
#2280 = ORIENTED_EDGE ( 'NONE', *, *, #1262, .F. ) ;
#2281 = ADVANCED_FACE ( 'NONE', ( #2622 ), #3990, .F. ) ;
#2282 = FACE_OUTER_BOUND ( 'NONE', #1805, .T. ) ;
#2283 = CARTESIAN_POINT ( 'NONE',  ( 0.5000000000000000000, 0.000000000000000000, -7.999999999999928946 ) ) ;
#2284 = VECTOR ( 'NONE', #2110, 1000.000000000000000 ) ;
#2285 = ORIENTED_EDGE ( 'NONE', *, *, #3721, .F. ) ;
#2286 = CARTESIAN_POINT ( 'NONE',  ( -0.6939504130781221081, 18.59075408285942999, -2.704022699356253057 ) ) ;
#2287 = AXIS2_PLACEMENT_3D ( 'NONE', #3993, #3267, #1891 ) ;
#2288 = DIRECTION ( 'NONE',  ( 1.000000000000000000, -0.000000000000000000, 1.224646799147353207E-16 ) ) ;
#2289 = DIRECTION ( 'NONE',  ( -0.000000000000000000, -0.000000000000000000, 1.000000000000000000 ) ) ;
#2290 = VERTEX_POINT ( 'NONE', #3261 ) ;
#2291 = CARTESIAN_POINT ( 'NONE',  ( 31.00000000000000000, 21.67479433117734189, -2.500000000000000000 ) ) ;
#2292 = ADVANCED_FACE ( 'NONE', ( #174 ), #1527, .T. ) ;
#2293 = ADVANCED_FACE ( 'NONE', ( #3916 ), #1574, .T. ) ;
#2294 = CARTESIAN_POINT ( 'NONE',  ( 39.00000000000000000, 21.67479433117734189, -2.500000000000000000 ) ) ;
#2295 = LINE ( 'NONE', #248, #3156 ) ;
#2296 = CARTESIAN_POINT ( 'NONE',  ( 15.09348948859062034, 28.43126540011027359, -10.99664038495133767 ) ) ;
#2297 = ORIENTED_EDGE ( 'NONE', *, *, #4393, .F. ) ;
#2298 = ADVANCED_FACE ( 'NONE', ( #3353 ), #3011, .F. ) ;
#2299 = DIRECTION ( 'NONE',  ( -1.734723475976807587E-16, 0.000000000000000000, -1.000000000000000000 ) ) ;
#2300 = FACE_OUTER_BOUND ( 'NONE', #2407, .T. ) ;
#2301 = ORIENTED_EDGE ( 'NONE', *, *, #2728, .F. ) ;
#2302 = ORIENTED_EDGE ( 'NONE', *, *, #688, .T. ) ;
#2303 = ORIENTED_EDGE ( 'NONE', *, *, #1958, .F. ) ;
#2304 = ORIENTED_EDGE ( 'NONE', *, *, #2504, .T. ) ;
#2305 = FACE_OUTER_BOUND ( 'NONE', #4078, .T. ) ;
#2306 = ORIENTED_EDGE ( 'NONE', *, *, #1824, .F. ) ;
#2307 = CARTESIAN_POINT ( 'NONE',  ( 37.28571428571428470, 13.86062614193314779, -2.500000000000000000 ) ) ;
#2308 = CARTESIAN_POINT ( 'NONE',  ( -0.9597382626008374995, 18.03448024021061968, -2.563166231228716008 ) ) ;
#2309 = CARTESIAN_POINT ( 'NONE',  ( 15.99999999999999645, 28.99999999999999645, -5.500000000000000000 ) ) ;
#2310 = CARTESIAN_POINT ( 'NONE',  ( 14.49999999999999467, 27.99999999999999645, -18.00000000000000000 ) ) ;
#2311 = ORIENTED_EDGE ( 'NONE', *, *, #2136, .T. ) ;
#2312 = VECTOR ( 'NONE', #1368, 1000.000000000000000 ) ;
#2313 = EDGE_CURVE ( 'NONE', #2574, #2833, #2056, .T. ) ;
#2314 = DIRECTION ( 'NONE',  ( 0.000000000000000000, 0.000000000000000000, -1.000000000000000000 ) ) ;
#2315 = DIRECTION ( 'NONE',  ( -0.000000000000000000, -1.000000000000000000, -0.000000000000000000 ) ) ;
#2316 = ORIENTED_EDGE ( 'NONE', *, *, #574, .F. ) ;
#2317 = EDGE_CURVE ( 'NONE', #3594, #2158, #2957, .T. ) ;
#2318 = AXIS2_PLACEMENT_3D ( 'NONE', #2440, #2512, #3804 ) ;
#2319 = CARTESIAN_POINT ( 'NONE',  ( -8.000000000000000000, 21.85640646055101755, -7.999999999999998224 ) ) ;
#2320 = DIRECTION ( 'NONE',  ( -1.734723475976807587E-16, -0.000000000000000000, -1.000000000000000000 ) ) ;
#2321 = ORIENTED_EDGE ( 'NONE', *, *, #2690, .F. ) ;
#2322 = CYLINDRICAL_SURFACE ( 'NONE', #1599, 1.000000000000000888 ) ;
#2323 = AXIS2_PLACEMENT_3D ( 'NONE', #2551, #4270, #223 ) ;
#2324 = ORIENTED_EDGE ( 'NONE', *, *, #1834, .F. ) ;
#2325 = CARTESIAN_POINT ( 'NONE',  ( 20.98099919820321446, 40.70000000000000284, -4.000000000000000000 ) ) ;
#2326 = AXIS2_PLACEMENT_3D ( 'NONE', #2392, #1432, #3434 ) ;
#2327 = CIRCLE ( 'NONE', #913, 6.499999999999999112 ) ;
#2328 = ORIENTED_EDGE ( 'NONE', *, *, #2425, .T. ) ;
#2329 = CARTESIAN_POINT ( 'NONE',  ( -6.857142857142858539, 13.93845991166472231, -7.999999999999998224 ) ) ;
#2330 = AXIS2_PLACEMENT_3D ( 'NONE', #3248, #186, #1121 ) ;
#2331 = AXIS2_PLACEMENT_3D ( 'NONE', #2357, #2315, #3716 ) ;
#2332 = PLANE ( 'NONE',  #2040 ) ;
#2333 = DIRECTION ( 'NONE',  ( 0.000000000000000000, 1.000000000000000000, 0.000000000000000000 ) ) ;
#2334 = ORIENTED_EDGE ( 'NONE', *, *, #3290, .F. ) ;
#2335 = VECTOR ( 'NONE', #1998, 1000.000000000000000 ) ;
#2336 = DIRECTION ( 'NONE',  ( 1.000000000000000000, 0.000000000000000000, 0.000000000000000000 ) ) ;
#2337 = ORIENTED_EDGE ( 'NONE', *, *, #1581, .F. ) ;
#2338 = AXIS2_PLACEMENT_3D ( 'NONE', #1284, #1675, #2697 ) ;
#2339 = FACE_OUTER_BOUND ( 'NONE', #3561, .T. ) ;
#2340 = DIRECTION ( 'NONE',  ( 1.000000000000000000, 0.000000000000000000, 0.000000000000000000 ) ) ;
#2341 = ORIENTED_EDGE ( 'NONE', *, *, #3541, .F. ) ;
#2342 = CIRCLE ( 'NONE', #2122, 10.00000000000000178 ) ;
#2343 = CARTESIAN_POINT ( 'NONE',  ( 14.99999999999999467, 27.99999999999999645, -10.99999999999999822 ) ) ;
#2344 = DIRECTION ( 'NONE',  ( 0.000000000000000000, 0.000000000000000000, -1.000000000000000000 ) ) ;
#2345 = FACE_OUTER_BOUND ( 'NONE', #1083, .T. ) ;
#2346 = EDGE_CURVE ( 'NONE', #188, #3147, #3236, .T. ) ;
#2347 = ORIENTED_EDGE ( 'NONE', *, *, #474, .F. ) ;
#2348 = DIRECTION ( 'NONE',  ( 0.000000000000000000, 0.000000000000000000, 1.000000000000000000 ) ) ;
#2349 = ORIENTED_EDGE ( 'NONE', *, *, #497, .F. ) ;
#2350 = DIRECTION ( 'NONE',  ( 0.000000000000000000, 0.000000000000000000, 1.000000000000000000 ) ) ;
#2351 = EDGE_CURVE ( 'NONE', #1821, #2419, #1331, .T. ) ;
#2352 = DIRECTION ( 'NONE',  ( 0.000000000000000000, -1.000000000000000000, 0.000000000000000000 ) ) ;
#2353 = DIRECTION ( 'NONE',  ( -1.734723475976807341E-16, -0.000000000000000000, -1.000000000000000000 ) ) ;
#2354 = VERTEX_POINT ( 'NONE', #1333 ) ;
#2355 = VERTEX_POINT ( 'NONE', #353 ) ;
#2356 = DIRECTION ( 'NONE',  ( 1.000000000000000000, -0.000000000000000000, -1.734723475976807341E-16 ) ) ;
#2357 = CARTESIAN_POINT ( 'NONE',  ( 27.41391055672367827, 61.00000000000000000, -13.94002779933740577 ) ) ;
#2358 = ORIENTED_EDGE ( 'NONE', *, *, #1906, .F. ) ;
#2359 = CIRCLE ( 'NONE', #2922, 8.000000000000000000 ) ;
#2360 = DIRECTION ( 'NONE',  ( -0.000000000000000000, -1.000000000000000000, -0.000000000000000000 ) ) ;
#2361 = CARTESIAN_POINT ( 'NONE',  ( 13.99999999999999822, 14.18600732609549198, -9.999999999999996447 ) ) ;
#2362 = CARTESIAN_POINT ( 'NONE',  ( 27.80411637549860870, 60.50000000000000000, -14.25266084140779554 ) ) ;
#2363 = EDGE_CURVE ( 'NONE', #1821, #663, #3371, .T. ) ;
#2364 = ADVANCED_FACE ( 'NONE', ( #1006 ), #1393, .T. ) ;
#2365 = ORIENTED_EDGE ( 'NONE', *, *, #4376, .F. ) ;
#2366 = CARTESIAN_POINT ( 'NONE',  ( -8.470329472543013020E-19, 21.44940555342418520, -3.886017196513261052 ) ) ;
#2367 = ORIENTED_EDGE ( 'NONE', *, *, #3653, .F. ) ;
#2368 = CARTESIAN_POINT ( 'NONE',  ( 31.00000000000000000, 46.19981946846973386, -4.000000000000001776 ) ) ;
#2369 = EDGE_CURVE ( 'NONE', #965, #2199, #1612, .T. ) ;
#2370 = DIRECTION ( 'NONE',  ( 0.000000000000000000, 1.000000000000000000, -0.000000000000000000 ) ) ;
#2371 = CYLINDRICAL_SURFACE ( 'NONE', #1108, 1.000000000000000888 ) ;
#2372 = ORIENTED_EDGE ( 'NONE', *, *, #528, .T. ) ;
#2373 = ADVANCED_FACE ( 'NONE', ( #1661 ), #2371, .T. ) ;
#2374 = CARTESIAN_POINT ( 'NONE',  ( 17.49999999999999645, 28.99999999999999645, -17.49999999999999645 ) ) ;
#2375 = DIRECTION ( 'NONE',  ( 1.000000000000000000, 0.000000000000000000, -1.734723475976807341E-16 ) ) ;
#2376 = EDGE_LOOP ( 'NONE', ( #1919, #2148, #3372, #3617, #1540, #1899, #1641, #849 ) ) ;
#2377 = ORIENTED_EDGE ( 'NONE', *, *, #2872, .F. ) ;
#2378 = CIRCLE ( 'NONE', #895, 9.499999999999998224 ) ;
#2379 = CIRCLE ( 'NONE', #180, 0.5000000000000000000 ) ;
#2380 = DIRECTION ( 'NONE',  ( 1.000000000000000000, 0.000000000000000000, 0.000000000000000000 ) ) ;
#2381 = LINE ( 'NONE', #2729, #2740 ) ;
#2382 = AXIS2_PLACEMENT_3D ( 'NONE', #1520, #3224, #189 ) ;
#2383 = CARTESIAN_POINT ( 'NONE',  ( 26.51348391760233270, 45.11365831393335668, -7.300000000000004263 ) ) ;
#2384 = AXIS2_PLACEMENT_3D ( 'NONE', #4118, #2706, #713 ) ;
#2385 = ORIENTED_EDGE ( 'NONE', *, *, #4134, .F. ) ;
#2386 = DIRECTION ( 'NONE',  ( 1.000000000000000000, 0.000000000000000000, -2.001604010742470009E-16 ) ) ;
#2387 = STYLED_ITEM ( 'NONE', ( #3479 ), #2536 ) ;
#2388 = EDGE_LOOP ( 'NONE', ( #3549, #2125 ) ) ;
#2389 = DIRECTION ( 'NONE',  ( 1.000000000000000000, 0.000000000000000000, 0.000000000000000000 ) ) ;
#2390 = VECTOR ( 'NONE', #48, 1000.000000000000000 ) ;
#2391 = ADVANCED_FACE ( 'NONE', ( #2659 ), #1706, .T. ) ;
#2392 = CARTESIAN_POINT ( 'NONE',  ( 19.99999999999999645, 61.00000000000000000, -7.999999999999998224 ) ) ;
#2393 = DIRECTION ( 'NONE',  ( 0.000000000000000000, 0.000000000000000000, 1.000000000000000000 ) ) ;
#2394 = CIRCLE ( 'NONE', #1829, 1.000000000000000888 ) ;
#2395 = AXIS2_PLACEMENT_3D ( 'NONE', #1893, #4279, #3943 ) ;
#2396 = ORIENTED_EDGE ( 'NONE', *, *, #2965, .T. ) ;
#2397 = PLANE ( 'NONE',  #3162 ) ;
#2398 = CARTESIAN_POINT ( 'NONE',  ( 15.99999999999998934, 14.00000000000000000, -5.500000000000000000 ) ) ;
#2399 = CIRCLE ( 'NONE', #848, 5.500000000000000000 ) ;
#2400 = VERTEX_POINT ( 'NONE', #3076 ) ;
#2401 = ORIENTED_EDGE ( 'NONE', *, *, #3069, .F. ) ;
#2402 = CARTESIAN_POINT ( 'NONE',  ( 0.000000000000000000, 14.00000000000000000, 0.000000000000000000 ) ) ;
#2403 = CIRCLE ( 'NONE', #3109, 2.600000000000000089 ) ;
#2404 = CARTESIAN_POINT ( 'NONE',  ( 36.00000000000000000, 6.000000000000000000, -2.500000000000000444 ) ) ;
#2405 = CARTESIAN_POINT ( 'NONE',  ( 30.95563529163803906, 13.91886722415035216, -5.211996639458134517 ) ) ;
#2406 = LINE ( 'NONE', #2383, #4090 ) ;
#2407 = EDGE_LOOP ( 'NONE', ( #57, #2072, #348, #1377 ) ) ;
#2408 = DIRECTION ( 'NONE',  ( 0.000000000000000000, 0.000000000000000000, 1.000000000000000000 ) ) ;
#2409 = EDGE_CURVE ( 'NONE', #1925, #4262, #1896, .T. ) ;
#2410 = ORIENTED_EDGE ( 'NONE', *, *, #2002, .F. ) ;
#2411 = LINE ( 'NONE', #3816, #823 ) ;
#2412 = B_SPLINE_CURVE_WITH_KNOTS ( 'NONE', 3,
 ( #1374, #3761, #1316, #2059, #1024, #3698 ),
 .UNSPECIFIED., .F., .F.,
 ( 4, 2, 4 ),
 ( 0.000000000000000000, 0.0003906169761443434589, 0.0007812339522886869178 ),
 .UNSPECIFIED. ) ;
#2413 = DIRECTION ( 'NONE',  ( -1.734723475976807341E-16, 0.000000000000000000, -1.000000000000000000 ) ) ;
#2414 = DIRECTION ( 'NONE',  ( 0.000000000000000000, 0.000000000000000000, -1.000000000000000000 ) ) ;
#2415 = ORIENTED_EDGE ( 'NONE', *, *, #146, .T. ) ;
#2416 = LINE ( 'NONE', #2016, #759 ) ;
#2417 = DIRECTION ( 'NONE',  ( -0.000000000000000000, 0.000000000000000000, 1.000000000000000000 ) ) ;
#2418 = EDGE_CURVE ( 'NONE', #30, #4330, #1994, .T. ) ;
#2419 = VERTEX_POINT ( 'NONE', #2310 ) ;
#2420 = ORIENTED_EDGE ( 'NONE', *, *, #2478, .T. ) ;
#2421 = DIRECTION ( 'NONE',  ( 0.000000000000000000, -0.000000000000000000, -1.000000000000000000 ) ) ;
#2422 = ADVANCED_FACE ( 'NONE', ( #1372 ), #1538, .T. ) ;
#2423 = CARTESIAN_POINT ( 'NONE',  ( 0.5000000000000000000, 0.5000000000000000000, -4.000000000000000000 ) ) ;
#2424 = FACE_OUTER_BOUND ( 'NONE', #2388, .T. ) ;
#2425 = EDGE_CURVE ( 'NONE', #2527, #2144, #4092, .T. ) ;
#2426 = DIRECTION ( 'NONE',  ( 0.000000000000000000, 0.000000000000000000, 1.000000000000000000 ) ) ;
#2427 = TOROIDAL_SURFACE ( 'NONE', #731, 3.499999999999998668, 1.000000000000000000 ) ;
#2428 = EDGE_LOOP ( 'NONE', ( #4387, #4093, #3883, #4116, #288, #2278, #3439, #118 ) ) ;
#2429 = DIRECTION ( 'NONE',  ( -1.000000000000000000, 0.000000000000000000, 0.000000000000000000 ) ) ;
#2430 = ORIENTED_EDGE ( 'NONE', *, *, #4082, .F. ) ;
#2431 = CARTESIAN_POINT ( 'NONE',  ( -1.000000000000000000, 0.5000000000000000000, -4.000000000000000000 ) ) ;
#2432 = CARTESIAN_POINT ( 'NONE',  ( 20.98099919820321446, 45.20000000000000284, -5.500000000000000888 ) ) ;
#2433 = VERTEX_POINT ( 'NONE', #3335 ) ;
#2434 = CARTESIAN_POINT ( 'NONE',  ( 29.50000000000000000, 0.5000000000000000000, -7.999999999999927169 ) ) ;
#2435 = DIRECTION ( 'NONE',  ( 0.000000000000000000, -0.000000000000000000, -1.000000000000000000 ) ) ;
#2436 = ORIENTED_EDGE ( 'NONE', *, *, #1748, .T. ) ;
#2437 = ORIENTED_EDGE ( 'NONE', *, *, #551, .T. ) ;
#2438 = CARTESIAN_POINT ( 'NONE',  ( 30.00000000000000000, 57.87298334620742679, 0.000000000000000000 ) ) ;
#2439 = DIRECTION ( 'NONE',  ( 0.000000000000000000, 1.000000000000000000, 0.000000000000000000 ) ) ;
#2440 = CARTESIAN_POINT ( 'NONE',  ( -6.785714285714287364, 13.44358825235932819, -2.500000000000000444 ) ) ;
#2441 = LINE ( 'NONE', #3491, #2967 ) ;
#2442 = EDGE_CURVE ( 'NONE', #3960, #188, #49, .T. ) ;
#2443 = CARTESIAN_POINT ( 'NONE',  ( 27.41391055672367827, 54.50000000000000000, -13.94002779933740399 ) ) ;
#2444 = AXIS2_PLACEMENT_3D ( 'NONE', #645, #306, #2680 ) ;
#2445 = FACE_OUTER_BOUND ( 'NONE', #3918, .T. ) ;
#2446 = CIRCLE ( 'NONE', #1745, 0.5000000000000004441 ) ;
#2447 = EDGE_LOOP ( 'NONE', ( #1787, #2415, #2174, #3815, #4337, #3212 ) ) ;
#2448 = DIRECTION ( 'NONE',  ( 0.000000000000000000, 1.000000000000000000, 0.000000000000000000 ) ) ;
#2449 = VERTEX_POINT ( 'NONE', #419 ) ;
#2450 = CARTESIAN_POINT ( 'NONE',  ( -11.50000000000000000, 14.00000000000000000, -2.500000000000000000 ) ) ;
#2451 = TOROIDAL_SURFACE ( 'NONE', #3959, 7.000000000000000000, 1.000000000000000000 ) ;
#2452 = CARTESIAN_POINT ( 'NONE',  ( 22.92499999999999716, 36.69999999999999574, 3.222248856626919572E-15 ) ) ;
#2453 = CARTESIAN_POINT ( 'NONE',  ( 24.98099919820321446, 18.70000000000000284, -4.000000000000000888 ) ) ;
#2454 = AXIS2_PLACEMENT_3D ( 'NONE', #3232, #2595, #1623 ) ;
#2455 = ORIENTED_EDGE ( 'NONE', *, *, #3480, .F. ) ;
#2456 = AXIS2_PLACEMENT_3D ( 'NONE', #1898, #1941, #2583 ) ;
#2457 = CARTESIAN_POINT ( 'NONE',  ( 15.18661662667459034, 14.39682924894730576, -10.98522200216747535 ) ) ;
#2458 = DIRECTION ( 'NONE',  ( 0.000000000000000000, 0.000000000000000000, -1.000000000000000000 ) ) ;
#2459 = AXIS2_PLACEMENT_3D ( 'NONE', #684, #3448, #1428 ) ;
#2460 = EDGE_LOOP ( 'NONE', ( #1003, #780, #3014, #1964 ) ) ;
#2461 = EDGE_LOOP ( 'NONE', ( #3172, #3115, #4159, #23 ) ) ;
#2462 = CIRCLE ( 'NONE', #1617, 0.5000000000000004441 ) ;
#2463 = EDGE_CURVE ( 'NONE', #896, #1510, #1857, .T. ) ;
#2464 = DIRECTION ( 'NONE',  ( -0.000000000000000000, -1.000000000000000000, -0.000000000000000000 ) ) ;
#2465 = COLOUR_RGB ( '',0.2980392156862745057, 0.2980392156862745057, 0.2980392156862745057 ) ;
#2466 = VECTOR ( 'NONE', #2251, 1000.000000000000000 ) ;
#2467 = DIRECTION ( 'NONE',  ( 0.000000000000000000, 0.000000000000000000, 1.000000000000000000 ) ) ;
#2468 = LINE ( 'NONE', #2113, #1249 ) ;
#2469 = DIRECTION ( 'NONE',  ( 1.000000000000000000, 0.000000000000000000, 0.000000000000000000 ) ) ;
#2470 = AXIS2_PLACEMENT_3D ( 'NONE', #3393, #2370, #2702 ) ;
#2471 = CARTESIAN_POINT ( 'NONE',  ( 15.00000000000000000, 0.000000000000000000, -16.49999999999999289 ) ) ;
#2472 = CARTESIAN_POINT ( 'NONE',  ( 23.98099919820321446, 19.20000000000000284, -3.500000000000001332 ) ) ;
#2473 = VERTEX_POINT ( 'NONE', #4237 ) ;
#2474 = FACE_OUTER_BOUND ( 'NONE', #2662, .T. ) ;
#2475 = ORIENTED_EDGE ( 'NONE', *, *, #2991, .T. ) ;
#2476 = PLANE ( 'NONE',  #3512 ) ;
#2477 = CIRCLE ( 'NONE', #570, 1.000000000000000000 ) ;
#2478 = EDGE_CURVE ( 'NONE', #511, #4303, #2231, .T. ) ;
#2479 = CARTESIAN_POINT ( 'NONE',  ( 27.41391055672367472, 61.00000000000000000, -13.94002779933740932 ) ) ;
#2480 = LINE ( 'NONE', #773, #2189 ) ;
#2481 = ADVANCED_FACE ( 'NONE', ( #3560 ), #3120, .F. ) ;
#2482 = ORIENTED_EDGE ( 'NONE', *, *, #4216, .F. ) ;
#2483 = CARTESIAN_POINT ( 'NONE',  ( 31.00000000000000000, 10.12701665379256788, -3.000000000000000000 ) ) ;
#2484 = LINE ( 'NONE', #41, #3686 ) ;
#2485 = ORIENTED_EDGE ( 'NONE', *, *, #1285, .F. ) ;
#2486 = ORIENTED_EDGE ( 'NONE', *, *, #1256, .F. ) ;
#2487 = ORIENTED_EDGE ( 'NONE', *, *, #2091, .T. ) ;
#2488 = CARTESIAN_POINT ( 'NONE',  ( 15.00000000000000000, 14.18600732609549198, -9.999999999999996447 ) ) ;
#2489 = TOROIDAL_SURFACE ( 'NONE', #2131, 0.5000000000000008882, 0.5000000000000000000 ) ;
#2490 = PLANE ( 'NONE',  #1957 ) ;
#2491 = DIRECTION ( 'NONE',  ( 1.000000000000000000, 0.000000000000000000, 0.000000000000000000 ) ) ;
#2492 = VECTOR ( 'NONE', #3552, 1000.000000000000000 ) ;
#2493 = DIRECTION ( 'NONE',  ( 0.000000000000000000, 0.000000000000000000, 1.000000000000000000 ) ) ;
#2494 = DIRECTION ( 'NONE',  ( 0.000000000000000000, 0.000000000000000000, 1.000000000000000000 ) ) ;
#2495 = ORIENTED_EDGE ( 'NONE', *, *, #3760, .T. ) ;
#2496 = CARTESIAN_POINT ( 'NONE',  ( 31.00000000000000355, 21.67479433117734189, 0.000000000000000000 ) ) ;
#2497 = ADVANCED_FACE ( 'NONE', ( #3929 ), #2742, .T. ) ;
#2498 = ORIENTED_EDGE ( 'NONE', *, *, #3808, .T. ) ;
#2499 = ADVANCED_FACE ( 'NONE', ( #2209 ), #884, .T. ) ;
#2500 = CARTESIAN_POINT ( 'NONE',  ( 24.98099919820321446, 19.20000000000000284, -4.000000000000000888 ) ) ;
#2501 = CARTESIAN_POINT ( 'NONE',  ( 0.5000000000000004441, 0.000000000000000000, -7.999999999999998224 ) ) ;
#2502 = EDGE_CURVE ( 'NONE', #2199, #1248, #2564, .T. ) ;
#2503 = EDGE_LOOP ( 'NONE', ( #1655, #4013 ) ) ;
#2504 = EDGE_CURVE ( 'NONE', #2290, #1449, #3675, .T. ) ;
#2505 = DIRECTION ( 'NONE',  ( 0.000000000000000000, 1.000000000000000000, 0.000000000000000000 ) ) ;
#2506 = DIRECTION ( 'NONE',  ( 0.000000000000000000, 0.000000000000000000, 1.000000000000000000 ) ) ;
#2507 = CARTESIAN_POINT ( 'NONE',  ( -6.000000000000001776, 8.000000000000000000, -2.500000000000000444 ) ) ;
#2508 = ORIENTED_EDGE ( 'NONE', *, *, #313, .F. ) ;
#2509 = EDGE_LOOP ( 'NONE', ( #4074, #2161, #2482, #3787 ) ) ;
#2510 = ORIENTED_EDGE ( 'NONE', *, *, #256, .F. ) ;
#2511 = CARTESIAN_POINT ( 'NONE',  ( 23.98099919820321446, 19.20000000000000284, -5.500000000000001776 ) ) ;
#2512 = DIRECTION ( 'NONE',  ( -0.9897433186107871261, -0.1428571428571423219, -0.000000000000000000 ) ) ;
#2513 = DIRECTION ( 'NONE',  ( -1.000000000000000000, 0.000000000000000000, -2.865447488079307902E-16 ) ) ;
#2514 = DIRECTION ( 'NONE',  ( 1.000000000000000000, 0.000000000000000000, 0.000000000000000000 ) ) ;
#2515 = CARTESIAN_POINT ( 'NONE',  ( 10.00000000000000000, 53.50000000000000000, -5.999999999999998224 ) ) ;
#2516 = ORIENTED_EDGE ( 'NONE', *, *, #499, .F. ) ;
#2517 = FACE_OUTER_BOUND ( 'NONE', #3520, .T. ) ;
#2518 = ORIENTED_EDGE ( 'NONE', *, *, #1767, .F. ) ;
#2519 = LINE ( 'NONE', #2920, #1809 ) ;
#2520 = DIRECTION ( 'NONE',  ( 0.000000000000000000, 0.000000000000000000, -1.000000000000000000 ) ) ;
#2521 = CIRCLE ( 'NONE', #2318, 0.5000000000000005551 ) ;
#2522 = CARTESIAN_POINT ( 'NONE',  ( -1.411764705882352811, 17.31821786714256817, -3.000000000000000000 ) ) ;
#2523 = ORIENTED_EDGE ( 'NONE', *, *, #2317, .F. ) ;
#2524 = EDGE_CURVE ( 'NONE', #2708, #2801, #1750, .T. ) ;
#2525 = VECTOR ( 'NONE', #753, 1000.000000000000000 ) ;
#2526 = DIRECTION ( 'NONE',  ( 0.8259090073320777270, 0.000000000000000000, 0.5638034334834632899 ) ) ;
#2527 = VERTEX_POINT ( 'NONE', #2101 ) ;
#2528 = VERTEX_POINT ( 'NONE', #1079 ) ;
#2529 = EDGE_LOOP ( 'NONE', ( #3539, #3251, #879, #2052 ) ) ;
#2530 = EDGE_CURVE ( 'NONE', #1001, #1754, #4132, .T. ) ;
#2531 = DIRECTION ( 'NONE',  ( -1.000000000000000000, -4.956352788505162775E-17, -4.261423326039852365E-49 ) ) ;
#2532 = AXIS2_PLACEMENT_3D ( 'NONE', #868, #150, #3590 ) ;
#2533 = CARTESIAN_POINT ( 'NONE',  ( 16.99999999999999289, 29.50000000000000000, -18.00000000000000000 ) ) ;
#2534 = CARTESIAN_POINT ( 'NONE',  ( 15.05844574736698505, 28.34835252949046236, -10.99856311705707412 ) ) ;
#2535 = AXIS2_PLACEMENT_3D ( 'NONE', #3155, #1472, #2825 ) ;
#2536 = MANIFOLD_SOLID_BREP ( 'Fillet18', #1723 ) ;
#2537 = AXIS2_PLACEMENT_3D ( 'NONE', #3813, #2799, #3385 ) ;
#2538 = EDGE_CURVE ( 'NONE', #1508, #3885, #774, .T. ) ;
#2539 = AXIS2_PLACEMENT_3D ( 'NONE', #3241, #2628, #1938 ) ;
#2540 = DIRECTION ( 'NONE',  ( 1.000000000000000000, 0.000000000000000000, 0.000000000000000000 ) ) ;
#2541 = ORIENTED_EDGE ( 'NONE', *, *, #4346, .F. ) ;
#2542 = CARTESIAN_POINT ( 'NONE',  ( 33.39999999999999858, 6.999999999999992895, -3.000000000000000000 ) ) ;
#2543 = DIRECTION ( 'NONE',  ( -1.000000000000000000, 0.000000000000000000, 0.000000000000000000 ) ) ;
#2544 = ORIENTED_EDGE ( 'NONE', *, *, #1383, .F. ) ;
#2545 = CYLINDRICAL_SURFACE ( 'NONE', #3668, 0.5000000000000004441 ) ;
#2546 = CIRCLE ( 'NONE', #2821, 0.5000000000000003331 ) ;
#2547 = CARTESIAN_POINT ( 'NONE',  ( 15.00000000000000178, 14.18600732609548487, -9.999999999999996447 ) ) ;
#2548 = DIRECTION ( 'NONE',  ( 1.000000000000000000, 0.000000000000000000, 0.000000000000000000 ) ) ;
#2549 = CARTESIAN_POINT ( 'NONE',  ( -0.4012538849345118064, 19.34673119096233407, -2.948341580488516023 ) ) ;
#2550 = ORIENTED_EDGE ( 'NONE', *, *, #2972, .T. ) ;
#2551 = CARTESIAN_POINT ( 'NONE',  ( 14.99999999999999467, 14.00000000000000000, -20.49999999999999645 ) ) ;
#2552 = VERTEX_POINT ( 'NONE', #3456 ) ;
#2553 = VERTEX_POINT ( 'NONE', #1774 ) ;
#2554 = CARTESIAN_POINT ( 'NONE',  ( 19.99999999999999645, 60.50000000000000000, -7.999999999999998224 ) ) ;
#2555 = ADVANCED_FACE ( 'NONE', ( #4154 ), #1099, .F. ) ;
#2556 = CARTESIAN_POINT ( 'NONE',  ( 15.99999999999999289, 14.00000000000000000, -17.49999999999999645 ) ) ;
#2557 = EDGE_CURVE ( 'NONE', #3006, #1894, #3951, .T. ) ;
#2558 = DIRECTION ( 'NONE',  ( 0.000000000000000000, 1.000000000000000000, 0.000000000000000000 ) ) ;
#2559 = DIRECTION ( 'NONE',  ( 0.000000000000000000, 0.000000000000000000, 1.000000000000000000 ) ) ;
#2560 = ADVANCED_FACE ( 'NONE', ( #4287 ), #1447, .F. ) ;
#2561 = LINE ( 'NONE', #3380, #2390 ) ;
#2562 = VERTEX_POINT ( 'NONE', #409 ) ;
#2563 = DIRECTION ( 'NONE',  ( 1.000000000000000000, 0.000000000000000000, 0.000000000000000000 ) ) ;
#2564 = LINE ( 'NONE', #3221, #1183 ) ;
#2565 = ADVANCED_FACE ( 'NONE', ( #143 ), #1515, .T. ) ;
#2566 = CARTESIAN_POINT ( 'NONE',  ( 15.48626407166919705, 14.13809596346910169, -9.123064705114726891 ) ) ;
#2567 = DIRECTION ( 'NONE',  ( -0.000000000000000000, -1.000000000000000000, -0.000000000000000000 ) ) ;
#2568 = CARTESIAN_POINT ( 'NONE',  ( 29.50000000000000000, 14.00000000000000000, -7.999999999999927169 ) ) ;
#2569 = CIRCLE ( 'NONE', #4071, 0.5000000000000000000 ) ;
#2570 = CARTESIAN_POINT ( 'NONE',  ( -0.4337804766395492173, 18.58772510371598230, -3.173121487751240810 ) ) ;
#2571 = VERTEX_POINT ( 'NONE', #767 ) ;
#2572 = CARTESIAN_POINT ( 'NONE',  ( -1.000000000000000000, 2.204364238465235428E-15, -3.000000000000000000 ) ) ;
#2573 = ORIENTED_EDGE ( 'NONE', *, *, #2504, .F. ) ;
#2574 = VERTEX_POINT ( 'NONE', #2846 ) ;
#2575 = CARTESIAN_POINT ( 'NONE',  ( 31.00000000000000000, 19.04679371419937794, -3.000000000000000444 ) ) ;
#2576 = ORIENTED_EDGE ( 'NONE', *, *, #819, .T. ) ;
#2577 = CARTESIAN_POINT ( 'NONE',  ( 30.50000000000000000, 18.19999999999999929, -5.000000000000002665 ) ) ;
#2578 = CARTESIAN_POINT ( 'NONE',  ( 23.48651608239767086, 54.50000000000000000, -7.300000000000002487 ) ) ;
#2579 = CARTESIAN_POINT ( 'NONE',  ( 14.99999999999999467, 27.99999999999999645, -10.99999999999999822 ) ) ;
#2580 = ORIENTED_EDGE ( 'NONE', *, *, #2409, .F. ) ;
#2581 = CARTESIAN_POINT ( 'NONE',  ( 15.63866805790644143, 28.93465759862912989, -9.225724569962022059 ) ) ;
#2582 = ADVANCED_FACE ( 'NONE', ( #3881 ), #2865, .F. ) ;
#2583 = DIRECTION ( 'NONE',  ( 0.7804116375498608704, 0.000000000000000000, -0.6252660841407797765 ) ) ;
#2584 = ORIENTED_EDGE ( 'NONE', *, *, #1495, .F. ) ;
#2585 = CARTESIAN_POINT ( 'NONE',  ( 9.999999999999998224, 61.00000000000000000, -17.49999999999999645 ) ) ;
#2586 = DIRECTION ( 'NONE',  ( -1.000000000000000000, 0.000000000000000000, 0.000000000000000000 ) ) ;
#2587 = CARTESIAN_POINT ( 'NONE',  ( 10.00000000000000000, 60.50000000000000000, -6.800000000000006928 ) ) ;
#2588 = CARTESIAN_POINT ( 'NONE',  ( 15.00000000000000000, 60.00000000000000000, -7.499999999999998224 ) ) ;
#2589 = DIRECTION ( 'NONE',  ( -8.260587980841938780E-17, -1.000000000000000000, 0.000000000000000000 ) ) ;
#2590 = TOROIDAL_SURFACE ( 'NONE', #681, 1.500000000000000000, 0.5000000000000000000 ) ;
#2591 = SHAPE_DEFINITION_REPRESENTATION ( #845, #3573 ) ;
#2592 = EDGE_LOOP ( 'NONE', ( #2311, #977, #803, #920 ) ) ;
#2593 = VECTOR ( 'NONE', #1124, 1000.000000000000000 ) ;
#2594 = DIRECTION ( 'NONE',  ( 0.000000000000000000, 0.000000000000000000, 1.000000000000000000 ) ) ;
#2595 = DIRECTION ( 'NONE',  ( -1.734723475976807341E-16, 0.000000000000000000, -1.000000000000000000 ) ) ;
#2596 = VECTOR ( 'NONE', #1577, 1000.000000000000000 ) ;
#2597 = EDGE_LOOP ( 'NONE', ( #572, #998, #3891, #2516, #610 ) ) ;
#2598 = ORIENTED_EDGE ( 'NONE', *, *, #3424, .F. ) ;
#2599 = CARTESIAN_POINT ( 'NONE',  ( 31.00000000000000000, 19.77255351552799922, -2.919855144909371703 ) ) ;
#2600 = VECTOR ( 'NONE', #3777, 1000.000000000000000 ) ;
#2601 = DIRECTION ( 'NONE',  ( -4.956352788505162775E-17, 1.000000000000000000, 8.597901537443017788E-33 ) ) ;
#2602 = DIRECTION ( 'NONE',  ( 1.000000000000000000, 0.000000000000000000, -1.734723475976807341E-16 ) ) ;
#2603 = CARTESIAN_POINT ( 'NONE',  ( 15.63651204737129241, 28.93387254197801894, -10.77613450110253979 ) ) ;
#2604 = ADVANCED_FACE ( 'NONE', ( #2445 ), #1682, .T. ) ;
#2605 = EDGE_LOOP ( 'NONE', ( #508, #2367, #446, #200 ) ) ;
#2606 = AXIS2_PLACEMENT_3D ( 'NONE', #166, #439, #393 ) ;
#2607 = ADVANCED_FACE ( 'NONE', ( #811 ), #3678, .T. ) ;
#2608 = CARTESIAN_POINT ( 'NONE',  ( 30.50000000000000000, 54.00000000000000000, -5.000000000000002665 ) ) ;
#2609 = CARTESIAN_POINT ( 'NONE',  ( 14.99999999999999822, 14.00000000000000000, -5.500000000000000000 ) ) ;
#2610 = ORIENTED_EDGE ( 'NONE', *, *, #3730, .F. ) ;
#2611 = ORIENTED_EDGE ( 'NONE', *, *, #790, .T. ) ;
#2612 = AXIS2_PLACEMENT_3D ( 'NONE', #4150, #1450, #77 ) ;
#2613 = AXIS2_PLACEMENT_3D ( 'NONE', #3877, #2843, #473 ) ;
#2614 = LINE ( 'NONE', #167, #252 ) ;
#2615 = DIRECTION ( 'NONE',  ( 0.000000000000000000, 0.000000000000000000, 1.000000000000000000 ) ) ;
#2616 = VECTOR ( 'NONE', #444, 1000.000000000000000 ) ;
#2617 = EDGE_CURVE ( 'NONE', #2528, #2987, #3167, .T. ) ;
#2618 = CARTESIAN_POINT ( 'NONE',  ( 33.39999999999999858, 6.999999999999992895, 0.000000000000000000 ) ) ;
#2619 = EDGE_LOOP ( 'NONE', ( #802, #4066, #1726, #4275 ) ) ;
#2620 = EDGE_CURVE ( 'NONE', #1149, #1925, #2796, .T. ) ;
#2621 = PLANE ( 'NONE',  #2685 ) ;
#2622 = FACE_OUTER_BOUND ( 'NONE', #1815, .T. ) ;
#2623 = EDGE_CURVE ( 'NONE', #1036, #2355, #1402, .T. ) ;
#2624 = ORIENTED_EDGE ( 'NONE', *, *, #2227, .T. ) ;
#2625 = DIRECTION ( 'NONE',  ( 0.000000000000000000, 0.000000000000000000, 1.000000000000000000 ) ) ;
#2626 = CARTESIAN_POINT ( 'NONE',  ( 29.20371738571233777, 54.08704549633395686, -10.85405740880216996 ) ) ;
#2627 = DIRECTION ( 'NONE',  ( -1.000000000000000000, 0.000000000000000000, 0.000000000000000000 ) ) ;
#2628 = DIRECTION ( 'NONE',  ( -1.000000000000000000, 0.000000000000000000, 1.734723475976807341E-16 ) ) ;
#2629 = EDGE_LOOP ( 'NONE', ( #2510, #1914, #4320 ) ) ;
#2630 = DIRECTION ( 'NONE',  ( 1.000000000000000000, 6.938893903907222067E-15, 0.000000000000000000 ) ) ;
#2631 = LINE ( 'NONE', #1871, #3383 ) ;
#2632 = VERTEX_POINT ( 'NONE', #4233 ) ;
#2633 = ORIENTED_EDGE ( 'NONE', *, *, #3208, .T. ) ;
#2634 = VECTOR ( 'NONE', #1378, 1000.000000000000000 ) ;
#2635 = DIRECTION ( 'NONE',  ( -1.000000000000000000, 0.000000000000000000, 0.000000000000000000 ) ) ;
#2636 = CARTESIAN_POINT ( 'NONE',  ( 30.00000000000000000, 54.00000000000000000, -7.999999999999998224 ) ) ;
#2637 = ORIENTED_EDGE ( 'NONE', *, *, #3874, .F. ) ;
#2638 = CARTESIAN_POINT ( 'NONE',  ( 15.00000000000000000, 55.00000000000000000, -11.00000000000000000 ) ) ;
#2639 = EDGE_CURVE ( 'NONE', #2528, #4226, #4323, .T. ) ;
#2640 = EDGE_CURVE ( 'NONE', #1409, #1358, #52, .T. ) ;
#2641 = LINE ( 'NONE', #4011, #1125 ) ;
#2642 = CARTESIAN_POINT ( 'NONE',  ( 22.00318132257010717, 61.00000000000000000, 0.1939230379026501416 ) ) ;
#2643 = PRODUCT_RELATED_PRODUCT_CATEGORY ( 'part', '', ( #674 ) ) ;
#2644 = VERTEX_POINT ( 'NONE', #3114 ) ;
#2645 = DIRECTION ( 'NONE',  ( 0.000000000000000000, 1.000000000000000000, 0.000000000000000000 ) ) ;
#2646 = CIRCLE ( 'NONE', #3423, 10.00000000000000000 ) ;
#2647 = DIRECTION ( 'NONE',  ( -0.000000000000000000, -1.000000000000000000, -0.000000000000000000 ) ) ;
#2648 = FACE_OUTER_BOUND ( 'NONE', #677, .T. ) ;
#2649 = ORIENTED_EDGE ( 'NONE', *, *, #2996, .F. ) ;
#2650 = DIRECTION ( 'NONE',  ( 0.000000000000000000, 0.000000000000000000, 1.000000000000000000 ) ) ;
#2651 = CARTESIAN_POINT ( 'NONE',  ( 31.00000000000000000, 11.54933749312679225, -3.007614803275071580 ) ) ;
#2652 = ORIENTED_EDGE ( 'NONE', *, *, #576, .F. ) ;
#2653 = DIRECTION ( 'NONE',  ( 1.000000000000000000, 0.000000000000000000, 0.000000000000000000 ) ) ;
#2654 = ORIENTED_EDGE ( 'NONE', *, *, #3620, .F. ) ;
#2655 = DIRECTION ( 'NONE',  ( -0.000000000000000000, 0.000000000000000000, 1.000000000000000000 ) ) ;
#2656 = ORIENTED_EDGE ( 'NONE', *, *, #2763, .F. ) ;
#2657 = CARTESIAN_POINT ( 'NONE',  ( 36.00000000000000000, 8.000000000000000000, 0.000000000000000000 ) ) ;
#2658 = FACE_BOUND ( 'NONE', #4181, .T. ) ;
#2659 = FACE_OUTER_BOUND ( 'NONE', #2461, .T. ) ;
#2660 = ORIENTED_EDGE ( 'NONE', *, *, #4281, .T. ) ;
#2661 = AXIS2_PLACEMENT_3D ( 'NONE', #3862, #123, #2802 ) ;
#2662 = EDGE_LOOP ( 'NONE', ( #955, #3342, #3166, #1956 ) ) ;
#2663 = CIRCLE ( 'NONE', #2163, 5.500000000000000000 ) ;
#2664 = LINE ( 'NONE', #1338, #3312 ) ;
#2665 = CARTESIAN_POINT ( 'NONE',  ( 31.00000000000000000, 46.19981946846973386, -3.500000000000002220 ) ) ;
#2666 = ORIENTED_EDGE ( 'NONE', *, *, #1145, .T. ) ;
#2667 = ADVANCED_FACE ( 'NONE', ( #75 ), #2137, .T. ) ;
#2668 = AXIS2_PLACEMENT_3D ( 'NONE', #3215, #1825, #3177 ) ;
#2669 = LINE ( 'NONE', #971, #3782 ) ;
#2670 = FACE_OUTER_BOUND ( 'NONE', #3542, .T. ) ;
#2671 = ORIENTED_EDGE ( 'NONE', *, *, #4065, .F. ) ;
#2672 = ADVANCED_FACE ( 'NONE', ( #1091 ), #3811, .F. ) ;
#2673 = CARTESIAN_POINT ( 'NONE',  ( 30.00000000000000000, 10.12701665379256788, -5.500000000000002665 ) ) ;
#2674 = MECHANICAL_DESIGN_GEOMETRIC_PRESENTATION_REPRESENTATION (  '', ( #2387 ), #1467 ) ;
#2675 = EDGE_LOOP ( 'NONE', ( #3732, #4084, #1509, #531 ) ) ;
#2676 = DIRECTION ( 'NONE',  ( 0.000000000000000000, 1.000000000000000000, 0.000000000000000000 ) ) ;
#2677 = VECTOR ( 'NONE', #3137, 1000.000000000000000 ) ;
#2678 = AXIS2_PLACEMENT_3D ( 'NONE', #2515, #3135, #3181 ) ;
#2679 = ORIENTED_EDGE ( 'NONE', *, *, #2623, .T. ) ;
#2680 = DIRECTION ( 'NONE',  ( 1.000000000000000000, 0.000000000000000000, 0.000000000000000000 ) ) ;
#2681 = CIRCLE ( 'NONE', #4328, 0.5000000000000000000 ) ;
#2682 = CARTESIAN_POINT ( 'NONE',  ( 9.999999999999998224, 0.000000000000000000, -17.49999999999999645 ) ) ;
#2683 = DIRECTION ( 'NONE',  ( 0.000000000000000000, 0.000000000000000000, -1.000000000000000000 ) ) ;
#2684 = ORIENTED_EDGE ( 'NONE', *, *, #4004, .F. ) ;
#2685 = AXIS2_PLACEMENT_3D ( 'NONE', #1021, #2976, #292 ) ;
#2686 = ORIENTED_EDGE ( 'NONE', *, *, #970, .F. ) ;
#2687 = DIRECTION ( 'NONE',  ( 0.000000000000000000, -0.000000000000000000, -1.000000000000000000 ) ) ;
#2688 = LINE ( 'NONE', #2748, #2600 ) ;
#2689 = LINE ( 'NONE', #3359, #699 ) ;
#2690 = EDGE_CURVE ( 'NONE', #3004, #331, #2327, .T. ) ;
#2691 = ORIENTED_EDGE ( 'NONE', *, *, #32, .T. ) ;
#2692 = EDGE_CURVE ( 'NONE', #2859, #2473, #1263, .T. ) ;
#2693 = CYLINDRICAL_SURFACE ( 'NONE', #3746, 10.00000000000000355 ) ;
#2694 = EDGE_CURVE ( 'NONE', #2759, #712, #3601, .T. ) ;
#2695 = CARTESIAN_POINT ( 'NONE',  ( 15.99999999999999645, 15.00000000000000000, -17.49999999999999645 ) ) ;
#2696 = EDGE_LOOP ( 'NONE', ( #2544, #3028, #1999, #1017 ) ) ;
#2697 = DIRECTION ( 'NONE',  ( 0.000000000000000000, 0.000000000000000000, 1.000000000000000000 ) ) ;
#2698 = ORIENTED_EDGE ( 'NONE', *, *, #1852, .T. ) ;
#2699 = DIRECTION ( 'NONE',  ( 1.000000000000000000, 0.000000000000000000, 0.000000000000000000 ) ) ;
#2700 = EDGE_CURVE ( 'NONE', #3865, #3174, #3513, .T. ) ;
#2701 = TOROIDAL_SURFACE ( 'NONE', #791, 6.499999999999999112, 4.000000000000000000 ) ;
#2702 = DIRECTION ( 'NONE',  ( 0.000000000000000000, 0.000000000000000000, 1.000000000000000000 ) ) ;
#2703 = DIRECTION ( 'NONE',  ( 0.8259090073320771719, 0.000000000000000000, 0.5638034334834640671 ) ) ;
#2704 = AXIS2_PLACEMENT_3D ( 'NONE', #1224, #2601, #2531 ) ;
#2705 = ORIENTED_EDGE ( 'NONE', *, *, #4329, .F. ) ;
#2706 = DIRECTION ( 'NONE',  ( -0.5638034334834677308, -0.000000000000000000, 0.8259090073320747294 ) ) ;
#2707 = CARTESIAN_POINT ( 'NONE',  ( 19.99999999999999645, 54.50000000000000000, -7.999999999999998224 ) ) ;
#2708 = VERTEX_POINT ( 'NONE', #3557 ) ;
#2709 = ORIENTED_EDGE ( 'NONE', *, *, #3058, .T. ) ;
#2710 = AXIS2_PLACEMENT_3D ( 'NONE', #3111, #2153, #494 ) ;
#2711 = CARTESIAN_POINT ( 'NONE',  ( 30.98099919820321446, 18.19999999999999929, -5.136527547871726718 ) ) ;
#2712 = CARTESIAN_POINT ( 'NONE',  ( 31.00000000000000000, 0.5000000000000000000, -4.000000000000000000 ) ) ;
#2713 = DIRECTION ( 'NONE',  ( 1.826024711554534012E-15, 0.000000000000000000, 1.000000000000000000 ) ) ;
#2714 = EDGE_CURVE ( 'NONE', #96, #603, #987, .T. ) ;
#2715 = VERTEX_POINT ( 'NONE', #3948 ) ;
#2716 = LINE ( 'NONE', #4085, #2258 ) ;
#2717 = EDGE_LOOP ( 'NONE', ( #2058, #1131, #4214, #2303 ) ) ;
#2718 = LINE ( 'NONE', #624, #3217 ) ;
#2719 = DIRECTION ( 'NONE',  ( -0.000000000000000000, 1.000000000000000000, 0.000000000000000000 ) ) ;
#2720 = ORIENTED_EDGE ( 'NONE', *, *, #2012, .T. ) ;
#2721 = DIRECTION ( 'NONE',  ( 1.000000000000000000, 0.000000000000000000, 0.000000000000000000 ) ) ;
#2722 = FACE_OUTER_BOUND ( 'NONE', #3229, .T. ) ;
#2723 = VERTEX_POINT ( 'NONE', #906 ) ;
#2724 = ORIENTED_EDGE ( 'NONE', *, *, #1646, .F. ) ;
#2725 = LINE ( 'NONE', #4099, #5 ) ;
#2726 = AXIS2_PLACEMENT_3D ( 'NONE', #2450, #97, #1430 ) ;
#2727 = FACE_OUTER_BOUND ( 'NONE', #4098, .T. ) ;
#2728 = EDGE_CURVE ( 'NONE', #1530, #3485, #2228, .T. ) ;
#2729 = CARTESIAN_POINT ( 'NONE',  ( 14.99999999999999822, 28.99999999999999645, -5.500000000000000000 ) ) ;
#2730 = VECTOR ( 'NONE', #2625, 1000.000000000000000 ) ;
#2731 = LINE ( 'NONE', #3026, #3727 ) ;
#2732 = AXIS2_PLACEMENT_3D ( 'NONE', #1046, #3079, #4385 ) ;
#2733 = ORIENTED_EDGE ( 'NONE', *, *, #3350, .T. ) ;
#2734 = DIRECTION ( 'NONE',  ( 1.734723475976807341E-16, -0.000000000000000000, 1.000000000000000000 ) ) ;
#2735 = AXIS2_PLACEMENT_3D ( 'NONE', #1913, #3307, #510 ) ;
#2736 = EDGE_LOOP ( 'NONE', ( #3420, #414, #2036, #491 ) ) ;
#2737 = DIRECTION ( 'NONE',  ( 0.000000000000000000, -0.000000000000000000, -1.000000000000000000 ) ) ;
#2738 = EDGE_CURVE ( 'NONE', #3779, #3911, #3999, .T. ) ;
#2739 = VECTOR ( 'NONE', #3564, 1000.000000000000000 ) ;
#2740 = VECTOR ( 'NONE', #3744, 1000.000000000000000 ) ;
#2741 = DIRECTION ( 'NONE',  ( -0.000000000000000000, -1.000000000000000000, -0.000000000000000000 ) ) ;
#2742 = CYLINDRICAL_SURFACE ( 'NONE', #2606, 0.5000000000000004441 ) ;
#2743 = ADVANCED_FACE ( 'NONE', ( #929 ), #1634, .F. ) ;
#2744 = AXIS2_PLACEMENT_3D ( 'NONE', #3473, #2448, #2408 ) ;
#2745 = AXIS2_PLACEMENT_3D ( 'NONE', #740, #2089, #3442 ) ;
#2746 = ORIENTED_EDGE ( 'NONE', *, *, #4117, .T. ) ;
#2747 = EDGE_CURVE ( 'NONE', #896, #568, #4261, .T. ) ;
#2748 = CARTESIAN_POINT ( 'NONE',  ( 24.98099919820321446, 18.19999999999999929, -3.500000000000001332 ) ) ;
#2749 = VECTOR ( 'NONE', #1752, 1000.000000000000000 ) ;
#2750 = ORIENTED_EDGE ( 'NONE', *, *, #2145, .F. ) ;
#2751 = ORIENTED_EDGE ( 'NONE', *, *, #416, .F. ) ;
#2752 = DIRECTION ( 'NONE',  ( 0.000000000000000000, 0.000000000000000000, 1.000000000000000000 ) ) ;
#2753 = VECTOR ( 'NONE', #3958, 1000.000000000000000 ) ;
#2754 = DIRECTION ( 'NONE',  ( -1.000000000000000000, 0.000000000000000000, 0.000000000000000000 ) ) ;
#2755 = CYLINDRICAL_SURFACE ( 'NONE', #1267, 0.4999999999999995559 ) ;
#2756 = DIRECTION ( 'NONE',  ( -0.000000000000000000, -1.000000000000000000, -0.000000000000000000 ) ) ;
#2757 = ORIENTED_EDGE ( 'NONE', *, *, #287, .F. ) ;
#2758 = LINE ( 'NONE', #3724, #765 ) ;
#2759 = VERTEX_POINT ( 'NONE', #3926 ) ;
#2760 = DIRECTION ( 'NONE',  ( 0.000000000000000000, 1.000000000000000000, 0.000000000000000000 ) ) ;
#2761 = DIRECTION ( 'NONE',  ( -1.000000000000000000, 0.000000000000000000, 1.734723475976808820E-16 ) ) ;
#2762 = DIRECTION ( 'NONE',  ( 0.000000000000000000, -1.000000000000000000, 0.000000000000000000 ) ) ;
#2763 = EDGE_CURVE ( 'NONE', #1376, #3594, #1280, .T. ) ;
#2764 = ORIENTED_EDGE ( 'NONE', *, *, #4137, .T. ) ;
#2765 = EDGE_CURVE ( 'NONE', #3243, #837, #4390, .T. ) ;
#2766 = CARTESIAN_POINT ( 'NONE',  ( 30.67208552992040538, 54.65543110511548974, -5.483213698088404975 ) ) ;
#2767 = CARTESIAN_POINT ( 'NONE',  ( 31.00000000000000000, 18.20018053153027893, -5.046390721590911177 ) ) ;
#2768 = ORIENTED_EDGE ( 'NONE', *, *, #375, .F. ) ;
#2769 = ORIENTED_EDGE ( 'NONE', *, *, #4343, .T. ) ;
#2770 = CYLINDRICAL_SURFACE ( 'NONE', #153, 2.499999999999998668 ) ;
#2771 = CARTESIAN_POINT ( 'NONE',  ( 15.99999999999999289, 27.99999999999999645, -17.49999999999999645 ) ) ;
#2772 = CARTESIAN_POINT ( 'NONE',  ( -5.999999999999998224, 7.000000000000000000, 0.000000000000000000 ) ) ;
#2773 = FACE_OUTER_BOUND ( 'NONE', #4127, .T. ) ;
#2774 = DIRECTION ( 'NONE',  ( -1.000000000000000000, 0.000000000000000000, 0.000000000000000000 ) ) ;
#2775 = DIRECTION ( 'NONE',  ( 1.000000000000000000, 0.000000000000000000, 0.000000000000000000 ) ) ;
#2776 = ORIENTED_EDGE ( 'NONE', *, *, #1887, .F. ) ;
#2777 = LINE ( 'NONE', #3431, #2034 ) ;
#2778 = ORIENTED_EDGE ( 'NONE', *, *, #4339, .T. ) ;
#2779 = CARTESIAN_POINT ( 'NONE',  ( 19.98099919820321446, 45.20000000000000284, -5.500000000000000888 ) ) ;
#2780 = CARTESIAN_POINT ( 'NONE',  ( -0.2270504247400471909, 19.92286196961673994, -3.163085718299301075 ) ) ;
#2781 = ADVANCED_FACE ( 'NONE', ( #2300 ), #1544, .T. ) ;
#2782 = LINE ( 'NONE', #2501, #2753 ) ;
#2783 = EDGE_CURVE ( 'NONE', #4397, #2906, #3952, .T. ) ;
#2784 = ORIENTED_EDGE ( 'NONE', *, *, #1262, .T. ) ;
#2785 = CARTESIAN_POINT ( 'NONE',  ( -1.000000000000000000, 0.5000000000000000000, -4.000000000000000000 ) ) ;
#2786 = LINE ( 'NONE', #2105, #2616 ) ;
#2787 = ORIENTED_EDGE ( 'NONE', *, *, #3895, .T. ) ;
#2788 = ORIENTED_EDGE ( 'NONE', *, *, #1607, .F. ) ;
#2789 = DIRECTION ( 'NONE',  ( -0.000000000000000000, 1.000000000000000000, 0.000000000000000000 ) ) ;
#2790 = CARTESIAN_POINT ( 'NONE',  ( 0.000000000000000000, 60.50000000000000000, -8.000000000000000000 ) ) ;
#2791 = CARTESIAN_POINT ( 'NONE',  ( 17.49999999999999645, 28.99999999999999289, -17.79289321881345387 ) ) ;
#2792 = DIRECTION ( 'NONE',  ( 0.000000000000000000, 0.000000000000000000, 1.000000000000000000 ) ) ;
#2793 = VECTOR ( 'NONE', #1303, 1000.000000000000000 ) ;
#2794 = EDGE_CURVE ( 'NONE', #2222, #1065, #2631, .T. ) ;
#2795 = CARTESIAN_POINT ( 'NONE',  ( 15.00000000000000000, 61.00000000000000000, -9.999999999999996447 ) ) ;
#2796 = LINE ( 'NONE', #3538, #2960 ) ;
#2797 = AXIS2_PLACEMENT_3D ( 'NONE', #3600, #3940, #3235 ) ;
#2798 = EDGE_LOOP ( 'NONE', ( #642, #2807, #804, #1143 ) ) ;
#2799 = DIRECTION ( 'NONE',  ( -1.734723475976807341E-16, 0.000000000000000000, -1.000000000000000000 ) ) ;
#2800 = EDGE_CURVE ( 'NONE', #2277, #4249, #183, .T. ) ;
#2801 = VERTEX_POINT ( 'NONE', #542 ) ;
#2802 = DIRECTION ( 'NONE',  ( 0.7804116375498608704, 0.000000000000000000, -0.6252660841407797765 ) ) ;
#2803 = CARTESIAN_POINT ( 'NONE',  ( -0.4639294696198201229, 19.16407228107000904, -2.883956692275666089 ) ) ;
#2804 = AXIS2_PLACEMENT_3D ( 'NONE', #3921, #4278, #3313 ) ;
#2805 = DIRECTION ( 'NONE',  ( 0.000000000000000000, 1.000000000000000000, 0.000000000000000000 ) ) ;
#2806 = AXIS2_PLACEMENT_3D ( 'NONE', #3937, #2289, #3568 ) ;
#2807 = ORIENTED_EDGE ( 'NONE', *, *, #2015, .F. ) ;
#2808 = VECTOR ( 'NONE', #3297, 1000.000000000000000 ) ;
#2809 = CYLINDRICAL_SURFACE ( 'NONE', #2878, 0.5000000000000007772 ) ;
#2810 = DIRECTION ( 'NONE',  ( -0.000000000000000000, 0.000000000000000000, 1.000000000000000000 ) ) ;
#2811 = VECTOR ( 'NONE', #598, 1000.000000000000000 ) ;
#2812 = ORIENTED_EDGE ( 'NONE', *, *, #2135, .F. ) ;
#2813 = EDGE_LOOP ( 'NONE', ( #3944, #1929, #2849, #958, #3192, #4338, #2550, #3558, #3339, #3435, #2776, #2269, #3587, #3872, #4296, #3606, #2973, #2358, #4060, #3897, #594, #421, #1775 ) ) ;
#2814 = TOROIDAL_SURFACE ( 'NONE', #4251, 0.5000000000000008882, 0.5000000000000000000 ) ;
#2815 = DIRECTION ( 'NONE',  ( 0.000000000000000000, 0.000000000000000000, 1.000000000000000000 ) ) ;
#2816 = AXIS2_PLACEMENT_3D ( 'NONE', #1356, #4076, #653 ) ;
#2817 = DIRECTION ( 'NONE',  ( 0.000000000000000000, 0.000000000000000000, 1.000000000000000000 ) ) ;
#2818 = EDGE_CURVE ( 'NONE', #4155, #1653, #1336, .T. ) ;
#2819 = CYLINDRICAL_SURFACE ( 'NONE', #752, 2.599999999999998312 ) ;
#2820 = CARTESIAN_POINT ( 'NONE',  ( 10.00000000000006573, 0.000000000000000000, -17.49999999999999645 ) ) ;
#2821 = AXIS2_PLACEMENT_3D ( 'NONE', #506, #1860, #127 ) ;
#2822 = CARTESIAN_POINT ( 'NONE',  ( 19.99999999999999645, 60.50000000000000000, -7.999999999999998224 ) ) ;
#2823 = EDGE_CURVE ( 'NONE', #2632, #705, #1608, .T. ) ;
#2824 = EDGE_CURVE ( 'NONE', #30, #3550, #2561, .T. ) ;
#2825 = DIRECTION ( 'NONE',  ( 0.000000000000000000, 0.000000000000000000, -1.000000000000000000 ) ) ;
#2826 = ORIENTED_EDGE ( 'NONE', *, *, #1385, .T. ) ;
#2827 = LINE ( 'NONE', #3516, #3525 ) ;
#2828 = ORIENTED_EDGE ( 'NONE', *, *, #1217, .T. ) ;
#2829 = CARTESIAN_POINT ( 'NONE',  ( 29.50000000000000000, 0.5000000000000000000, -4.000000000000000000 ) ) ;
#2830 = DIRECTION ( 'NONE',  ( 0.000000000000000000, -0.000000000000000000, 1.000000000000000000 ) ) ;
#2831 = DIRECTION ( 'NONE',  ( 0.000000000000000000, 0.000000000000000000, -1.000000000000000000 ) ) ;
#2832 = EDGE_CURVE ( 'NONE', #1307, #264, #1406, .T. ) ;
#2833 = VERTEX_POINT ( 'NONE', #3768 ) ;
#2834 = DIRECTION ( 'NONE',  ( 1.000000000000000000, 0.000000000000000000, 0.000000000000000000 ) ) ;
#2835 = CARTESIAN_POINT ( 'NONE',  ( 18.00000000000000000, 54.00000000000000000, -18.00000000000000355 ) ) ;
#2836 = AXIS2_PLACEMENT_3D ( 'NONE', #2608, #3978, #3581 ) ;
#2837 = ORIENTED_EDGE ( 'NONE', *, *, #1115, .F. ) ;
#2838 = ORIENTED_EDGE ( 'NONE', *, *, #2765, .T. ) ;
#2839 = VERTEX_POINT ( 'NONE', #4043 ) ;
#2840 = DIRECTION ( 'NONE',  ( -0.000000000000000000, 1.000000000000000000, -0.000000000000000000 ) ) ;
#2841 = AXIS2_PLACEMENT_3D ( 'NONE', #3465, #2464, #4122 ) ;
#2842 = DIRECTION ( 'NONE',  ( 0.000000000000000000, 1.000000000000000000, 0.000000000000000000 ) ) ;
#2843 = DIRECTION ( 'NONE',  ( -0.5638034334834641781, 0.000000000000000000, 0.8259090073320770609 ) ) ;
#2844 = AXIS2_PLACEMENT_3D ( 'NONE', #230, #1600, #3196 ) ;
#2845 = DIRECTION ( 'NONE',  ( -1.734723475976807587E-16, -0.000000000000000000, -1.000000000000000000 ) ) ;
#2846 = CARTESIAN_POINT ( 'NONE',  ( 41.99999999999999289, 6.000000000000000000, 0.000000000000000000 ) ) ;
#2847 = EDGE_LOOP ( 'NONE', ( #2963, #65, #3547, #1678 ) ) ;
#2848 = FACE_OUTER_BOUND ( 'NONE', #503, .T. ) ;
#2849 = ORIENTED_EDGE ( 'NONE', *, *, #1646, .T. ) ;
#2850 = LINE ( 'NONE', #1859, #321 ) ;
#2851 = ADVANCED_FACE ( 'NONE', ( #972 ), #2693, .T. ) ;
#2852 = CIRCLE ( 'NONE', #372, 0.5000000000000004441 ) ;
#2853 = DIRECTION ( 'NONE',  ( -1.734723475976807341E-16, -0.000000000000000000, -1.000000000000000000 ) ) ;
#2854 = EDGE_CURVE ( 'NONE', #1593, #300, #2462, .T. ) ;
#2855 = EDGE_LOOP ( 'NONE', ( #2788, #2671, #2649 ) ) ;
#2856 = CARTESIAN_POINT ( 'NONE',  ( 15.29783496202031223, 14.27256128327219997, -10.96391936395442634 ) ) ;
#2857 = EDGE_LOOP ( 'NONE', ( #1493, #4028, #2267, #357 ) ) ;
#2858 = ADVANCED_FACE ( 'NONE', ( #1362 ), #2021, .F. ) ;
#2859 = VERTEX_POINT ( 'NONE', #8 ) ;
#2860 = ORIENTED_EDGE ( 'NONE', *, *, #2177, .F. ) ;
#2861 = CARTESIAN_POINT ( 'NONE',  ( 20.48099919820321446, 45.20000000000000284, -4.000000000000000000 ) ) ;
#2862 = DIRECTION ( 'NONE',  ( 1.000000000000000000, 0.000000000000000000, -2.168404344971008868E-16 ) ) ;
#2863 = FACE_OUTER_BOUND ( 'NONE', #2736, .T. ) ;
#2864 = EDGE_CURVE ( 'NONE', #1942, #705, #2183, .T. ) ;
#2865 = PLANE ( 'NONE',  #1756 ) ;
#2866 = EDGE_LOOP ( 'NONE', ( #930, #2705, #1862, #3136 ) ) ;
#2867 = CARTESIAN_POINT ( 'NONE',  ( 15.00000000000000000, 61.00000000000000000, -6.499999999999998224 ) ) ;
#2868 = SURFACE_SIDE_STYLE ('',( #3099 ) ) ;
#2869 = DIRECTION ( 'NONE',  ( -1.000000000000000000, 0.000000000000000000, 0.000000000000000000 ) ) ;
#2870 = LINE ( 'NONE', #4239, #4094 ) ;
#2871 = AXIS2_PLACEMENT_3D ( 'NONE', #2141, #1144, #793 ) ;
#2872 = EDGE_CURVE ( 'NONE', #3610, #1934, #2381, .T. ) ;
#2873 = DIRECTION ( 'NONE',  ( -0.000000000000000000, -1.000000000000000000, -0.000000000000000000 ) ) ;
#2874 = AXIS2_PLACEMENT_3D ( 'NONE', #2202, #160, #1465 ) ;
#2875 = CARTESIAN_POINT ( 'NONE',  ( 0.000000000000000000, 21.46676538830845971, -3.826088291412708120 ) ) ;
#2876 = ORIENTED_EDGE ( 'NONE', *, *, #947, .T. ) ;
#2877 = EDGE_CURVE ( 'NONE', #4235, #2150, #701, .T. ) ;
#2878 = AXIS2_PLACEMENT_3D ( 'NONE', #2170, #154, #2526 ) ;
#2879 = CARTESIAN_POINT ( 'NONE',  ( 9.999999999999998224, 0.000000000000000000, -2.500000000000000444 ) ) ;
#2880 = EDGE_CURVE ( 'NONE', #3669, #2433, #1321, .T. ) ;
#2881 = CARTESIAN_POINT ( 'NONE',  ( 22.98099919820321446, 39.19999999999999574, -4.000000000000000000 ) ) ;
#2882 = ORIENTED_EDGE ( 'NONE', *, *, #4004, .T. ) ;
#2883 = VERTEX_POINT ( 'NONE', #1719 ) ;
#2884 = CARTESIAN_POINT ( 'NONE',  ( 29.20371738571233777, 54.00000000000000000, -10.35405740880216818 ) ) ;
#2885 = AXIS2_PLACEMENT_3D ( 'NONE', #293, #1311, #2414 ) ;
#2886 = EDGE_CURVE ( 'NONE', #3550, #86, #3140, .T. ) ;
#2887 = DIRECTION ( 'NONE',  ( 1.000000000000000000, 0.000000000000000000, 0.000000000000000000 ) ) ;
#2888 = AXIS2_PLACEMENT_3D ( 'NONE', #198, #1883, #222 ) ;
#2889 = DIRECTION ( 'NONE',  ( -1.000000000000000000, -6.938893903907229364E-16, 1.734723475976807341E-16 ) ) ;
#2890 = CARTESIAN_POINT ( 'NONE',  ( 19.99999999999993605, 13.50000000000000000, -17.49999999999999645 ) ) ;
#2891 = B_SPLINE_CURVE_WITH_KNOTS ( 'NONE', 3,
 ( #1878, #1549, #2193, #1522, #4240, #2921, #2901, #4198 ),
 .UNSPECIFIED., .F., .F.,
 ( 4, 2, 2, 4 ),
 ( 0.000000000000000000, 0.0002597633045917763206, 0.0005195266091835526413, 0.001039053218367095525 ),
 .UNSPECIFIED. ) ;
#2892 = VECTOR ( 'NONE', #909, 1000.000000000000000 ) ;
#2893 = AXIS2_PLACEMENT_3D ( 'NONE', #808, #1760, #1159 ) ;
#2894 = DIRECTION ( 'NONE',  ( -0.000000000000000000, 0.000000000000000000, 1.000000000000000000 ) ) ;
#2895 = VERTEX_POINT ( 'NONE', #2361 ) ;
#2896 = CARTESIAN_POINT ( 'NONE',  ( 22.92499999999999716, 17.69999999999999929, -5.500000000000000888 ) ) ;
#2897 = DIRECTION ( 'NONE',  ( 0.000000000000000000, 0.000000000000000000, -1.000000000000000000 ) ) ;
#2898 = CIRCLE ( 'NONE', #1626, 5.499999999999998224 ) ;
#2899 = LINE ( 'NONE', #4212, #3469 ) ;
#2900 = CARTESIAN_POINT ( 'NONE',  ( 30.98099919820321446, 45.70000000000000995, -4.000000000000001776 ) ) ;
#2901 = CARTESIAN_POINT ( 'NONE',  ( 15.97704122373693991, 13.99999999999999645, -10.30594449314905070 ) ) ;
#2902 = TOROIDAL_SURFACE ( 'NONE', #1344, 5.500000000000000000, 0.5000000000000000000 ) ;
#2903 = VERTEX_POINT ( 'NONE', #722 ) ;
#2904 = DIRECTION ( 'NONE',  ( 0.000000000000000000, 1.000000000000000000, -0.000000000000000000 ) ) ;
#2905 = DIRECTION ( 'NONE',  ( -1.734723475976807587E-16, 0.000000000000000000, -1.000000000000000000 ) ) ;
#2906 = VERTEX_POINT ( 'NONE', #1984 ) ;
#2907 = ORIENTED_EDGE ( 'NONE', *, *, #3758, .T. ) ;
#2908 = CARTESIAN_POINT ( 'NONE',  ( 31.00000000000000355, 19.28933868854766231, -2.980358126537714369 ) ) ;
#2909 = ORIENTED_EDGE ( 'NONE', *, *, #1772, .T. ) ;
#2910 = ADVANCED_FACE ( 'NONE', ( #2068, #2670 ), #382, .F. ) ;
#2911 = CARTESIAN_POINT ( 'NONE',  ( 29.20371738571233777, 61.00000000000000000, -10.85405740880216996 ) ) ;
#2912 = CARTESIAN_POINT ( 'NONE',  ( 14.49999999999999467, 14.00000000000000000, -17.49999999999999645 ) ) ;
#2913 = VERTEX_POINT ( 'NONE', #3001 ) ;
#2914 = FACE_OUTER_BOUND ( 'NONE', #942, .T. ) ;
#2915 = CARTESIAN_POINT ( 'NONE',  ( 31.00000000000000000, 13.99999999999999822, -3.999999999999996447 ) ) ;
#2916 = VERTEX_POINT ( 'NONE', #3702 ) ;
#2917 = FACE_BOUND ( 'NONE', #3583, .T. ) ;
#2918 = DIRECTION ( 'NONE',  ( 0.5638034334834641781, 0.000000000000000000, -0.8259090073320770609 ) ) ;
#2919 = CARTESIAN_POINT ( 'NONE',  ( 15.85511601870202902, 14.00909862336403577, -9.459779982023464484 ) ) ;
#2920 = CARTESIAN_POINT ( 'NONE',  ( 31.00000000000000000, 18.20018053153028248, -5.000000000000002665 ) ) ;
#2921 = CARTESIAN_POINT ( 'NONE',  ( 15.90798475972739290, 13.99834823811148077, -10.47235024662951730 ) ) ;
#2922 = AXIS2_PLACEMENT_3D ( 'NONE', #1759, #3875, #3831 ) ;
#2923 = EDGE_LOOP ( 'NONE', ( #3195, #165, #4177, #825 ) ) ;
#2924 = EDGE_CURVE ( 'NONE', #3669, #634, #561, .T. ) ;
#2925 = ADVANCED_FACE ( 'NONE', ( #318 ), #1670, .T. ) ;
#2926 = CARTESIAN_POINT ( 'NONE',  ( 27.82686506038971430, 60.50000000000000000, -13.65812608259567540 ) ) ;
#2927 = LINE ( 'NONE', #1950, #1463 ) ;
#2928 = ORIENTED_EDGE ( 'NONE', *, *, #585, .F. ) ;
#2929 = ORIENTED_EDGE ( 'NONE', *, *, #1161, .F. ) ;
#2930 = DIRECTION ( 'NONE',  ( 1.734723475976807341E-16, -0.000000000000000000, 1.000000000000000000 ) ) ;
#2931 = DIRECTION ( 'NONE',  ( -0.000000000000000000, 1.000000000000000000, 0.000000000000000000 ) ) ;
#2932 = CARTESIAN_POINT ( 'NONE',  ( 14.99999999999999645, 27.99999999999999645, -17.49999999999999645 ) ) ;
#2933 = DIRECTION ( 'NONE',  ( 1.000000000000000000, 0.000000000000000000, 0.000000000000000000 ) ) ;
#2934 = EDGE_LOOP ( 'NONE', ( #4054, #4068, #2757 ) ) ;
#2935 = DIRECTION ( 'NONE',  ( 1.000000000000000000, -0.000000000000000000, 1.224646799147353207E-16 ) ) ;
#2936 = DIRECTION ( 'NONE',  ( -1.734723475976807587E-16, -0.000000000000000000, -1.000000000000000000 ) ) ;
#2937 = ORIENTED_EDGE ( 'NONE', *, *, #2924, .F. ) ;
#2938 = ADVANCED_FACE ( 'NONE', ( #1013, #2424 ), #2114, .F. ) ;
#2939 = CYLINDRICAL_SURFACE ( 'NONE', #462, 0.4999999999999995559 ) ;
#2940 = LINE ( 'NONE', #525, #3514 ) ;
#2941 = ADVANCED_FACE ( 'NONE', ( #4164 ), #1445, .T. ) ;
#2942 = ADVANCED_FACE ( 'NONE', ( #2773 ), #3684, .T. ) ;
#2943 = DIRECTION ( 'NONE',  ( 0.000000000000000000, 0.000000000000000000, -1.000000000000000000 ) ) ;
#2944 = EDGE_LOOP ( 'NONE', ( #4129, #2140, #1636, #454 ) ) ;
#2945 = AXIS2_PLACEMENT_3D ( 'NONE', #239, #575, #2211 ) ;
#2946 = CARTESIAN_POINT ( 'NONE',  ( 15.00000000000000000, 60.00000000000000000, -13.49999999999999467 ) ) ;
#2947 = CARTESIAN_POINT ( 'NONE',  ( 15.00000000000000000, 14.00000000000000000, -9.999999999999996447 ) ) ;
#2948 = AXIS2_PLACEMENT_3D ( 'NONE', #2247, #2221, #604 ) ;
#2949 = ORIENTED_EDGE ( 'NONE', *, *, #191, .T. ) ;
#2950 = CARTESIAN_POINT ( 'NONE',  ( 0.000000000000000000, 21.85640646055101755, -4.000000000000000000 ) ) ;
#2951 = CARTESIAN_POINT ( 'NONE',  ( 31.00000000000000000, 46.19981946846973386, -5.046390721590910289 ) ) ;
#2952 = VECTOR ( 'NONE', #1534, 1000.000000000000000 ) ;
#2953 = DIRECTION ( 'NONE',  ( -1.000000000000000000, 0.000000000000000000, 0.000000000000000000 ) ) ;
#2954 = CARTESIAN_POINT ( 'NONE',  ( 38.59999999999999432, 6.999999999999992895, 0.000000000000000000 ) ) ;
#2955 = CARTESIAN_POINT ( 'NONE',  ( 16.00000000000000355, 29.00000000000000711, -10.17903312807634642 ) ) ;
#2956 = ORIENTED_EDGE ( 'NONE', *, *, #3077, .T. ) ;
#2957 = CIRCLE ( 'NONE', #4317, 9.500000000000001776 ) ;
#2958 = EDGE_CURVE ( 'NONE', #2117, #1754, #3458, .T. ) ;
#2959 = AXIS2_PLACEMENT_3D ( 'NONE', #3141, #18, #2761 ) ;
#2960 = VECTOR ( 'NONE', #3471, 1000.000000000000000 ) ;
#2961 = DIRECTION ( 'NONE',  ( -9.912705577010325549E-17, 1.000000000000000000, 1.719580307488603558E-32 ) ) ;
#2962 = CARTESIAN_POINT ( 'NONE',  ( 30.00000000000000000, 0.000000000000000000, -4.000000000000000000 ) ) ;
#2963 = ORIENTED_EDGE ( 'NONE', *, *, #3956, .F. ) ;
#2964 = ORIENTED_EDGE ( 'NONE', *, *, #3252, .T. ) ;
#2965 = EDGE_CURVE ( 'NONE', #1610, #1376, #3468, .T. ) ;
#2966 = AXIS2_PLACEMENT_3D ( 'NONE', #502, #545, #480 ) ;
#2967 = VECTOR ( 'NONE', #3554, 1000.000000000000000 ) ;
#2968 = FACE_OUTER_BOUND ( 'NONE', #3038, .T. ) ;
#2969 = EDGE_CURVE ( 'NONE', #331, #3004, #2111, .T. ) ;
#2970 = AXIS2_PLACEMENT_3D ( 'NONE', #4113, #4091, #3478 ) ;
#2971 = DIRECTION ( 'NONE',  ( 1.000000000000000000, 0.000000000000000000, 0.000000000000000000 ) ) ;
#2972 = EDGE_CURVE ( 'NONE', #3298, #3865, #1193, .T. ) ;
#2973 = ORIENTED_EDGE ( 'NONE', *, *, #3704, .F. ) ;
#2974 = CARTESIAN_POINT ( 'NONE',  ( 0.000000000000000000, 12.99999999999999822, -7.999999999999928946 ) ) ;
#2975 = CIRCLE ( 'NONE', #3316, 1.000000000000000888 ) ;
#2976 = DIRECTION ( 'NONE',  ( -1.000000000000000000, 8.260587980841937547E-17, 1.734723475976807587E-16 ) ) ;
#2977 = CARTESIAN_POINT ( 'NONE',  ( 29.20371738571233777, 61.00000000000000000, -10.35405740880217174 ) ) ;
#2978 = ORIENTED_EDGE ( 'NONE', *, *, #3254, .T. ) ;
#2979 = DIRECTION ( 'NONE',  ( -0.000000000000000000, -0.000000000000000000, -1.000000000000000000 ) ) ;
#2980 = CYLINDRICAL_SURFACE ( 'NONE', #1816, 0.5000000000000004441 ) ;
#2981 = DIRECTION ( 'NONE',  ( -0.000000000000000000, 0.000000000000000000, 1.000000000000000000 ) ) ;
#2982 = ORIENTED_EDGE ( 'NONE', *, *, #195, .F. ) ;
#2983 = DIRECTION ( 'NONE',  ( -1.000000000000000000, 0.000000000000000000, 0.000000000000000000 ) ) ;
#2984 = EDGE_LOOP ( 'NONE', ( #1962, #4169, #1989, #1915, #3967 ) ) ;
#2985 = VERTEX_POINT ( 'NONE', #2820 ) ;
#2986 = DIRECTION ( 'NONE',  ( -0.000000000000000000, -1.000000000000000000, -0.000000000000000000 ) ) ;
#2987 = VERTEX_POINT ( 'NONE', #3112 ) ;
#2988 = DIRECTION ( 'NONE',  ( -1.734723475976807341E-16, 0.000000000000000000, -1.000000000000000000 ) ) ;
#2989 = ORIENTED_EDGE ( 'NONE', *, *, #2369, .T. ) ;
#2990 = CARTESIAN_POINT ( 'NONE',  ( 41.99999999999999289, 8.000000000000000000, -2.500000000000000000 ) ) ;
#2991 = EDGE_CURVE ( 'NONE', #2723, #1220, #2155, .T. ) ;
#2992 = CARTESIAN_POINT ( 'NONE',  ( 18.00000000000000000, 53.50000000000000000, -17.50000000000000000 ) ) ;
#2993 = CARTESIAN_POINT ( 'NONE',  ( 12.62150851186649270, 45.11365831393335668, 8.616021585377760417 ) ) ;
#2994 = ORIENTED_EDGE ( 'NONE', *, *, #2015, .T. ) ;
#2995 = ORIENTED_EDGE ( 'NONE', *, *, #3555, .T. ) ;
#2996 = EDGE_CURVE ( 'NONE', #1947, #2562, #2035, .T. ) ;
#2997 = DIRECTION ( 'NONE',  ( -0.000000000000000000, -0.000000000000000000, -1.000000000000000000 ) ) ;
#2998 = DIRECTION ( 'NONE',  ( 0.000000000000000000, 1.000000000000000000, 0.000000000000000000 ) ) ;
#2999 = ORIENTED_EDGE ( 'NONE', *, *, #2409, .T. ) ;
#3000 = DIRECTION ( 'NONE',  ( -1.000000000000000000, 0.000000000000000000, 0.000000000000000000 ) ) ;
#3001 = CARTESIAN_POINT ( 'NONE',  ( 30.00000000000000000, 0.5000000000000004441, -7.999999999999927169 ) ) ;
#3002 = ORIENTED_EDGE ( 'NONE', *, *, #4362, .T. ) ;
#3003 = DIRECTION ( 'NONE',  ( 0.000000000000000000, 0.000000000000000000, 1.000000000000000000 ) ) ;
#3004 = VERTEX_POINT ( 'NONE', #161 ) ;
#3005 = DIRECTION ( 'NONE',  ( -1.000000000000000000, 0.000000000000000000, 0.000000000000000000 ) ) ;
#3006 = VERTEX_POINT ( 'NONE', #430 ) ;
#3007 = CARTESIAN_POINT ( 'NONE',  ( 31.00000000000000000, 46.19981946846974097, -3.867918582032416008 ) ) ;
#3008 = CIRCLE ( 'NONE', #3580, 5.999999999999998224 ) ;
#3009 = EDGE_CURVE ( 'NONE', #2144, #3019, #1471, .T. ) ;
#3010 = FACE_BOUND ( 'NONE', #4341, .T. ) ;
#3011 = CYLINDRICAL_SURFACE ( 'NONE', #405, 1.000000000000002665 ) ;
#3012 = ORIENTED_EDGE ( 'NONE', *, *, #1309, .F. ) ;
#3013 = ADVANCED_FACE ( 'NONE', ( #3784 ), #2755, .T. ) ;
#3014 = ORIENTED_EDGE ( 'NONE', *, *, #3945, .F. ) ;
#3015 = ADVANCED_FACE ( 'NONE', ( #1826 ), #2181, .F. ) ;
#3016 = CIRCLE ( 'NONE', #3589, 1.000000000000002665 ) ;
#3017 = FACE_OUTER_BOUND ( 'NONE', #4121, .T. ) ;
#3018 = DIRECTION ( 'NONE',  ( -0.5638034334834640671, -0.000000000000000000, 0.8259090073320771719 ) ) ;
#3019 = VERTEX_POINT ( 'NONE', #1784 ) ;
#3020 = CIRCLE ( 'NONE', #263, 1.000000000000000888 ) ;
#3021 = ADVANCED_FACE ( 'NONE', ( #1849 ), #3198, .F. ) ;
#3022 = CARTESIAN_POINT ( 'NONE',  ( 10.00000000000000000, 60.50000000000000000, -7.999999999999998224 ) ) ;
#3023 = CARTESIAN_POINT ( 'NONE',  ( 14.68628103019668352, 45.11365831393335668, 10.02553016908642292 ) ) ;
#3024 = VECTOR ( 'NONE', #864, 1000.000000000000000 ) ;
#3025 = ADVANCED_FACE ( 'NONE', ( #2133 ), #1072, .F. ) ;
#3026 = CARTESIAN_POINT ( 'NONE',  ( 30.98099919820321446, 45.70000000000000995, -3.500000000000002220 ) ) ;
#3027 = VECTOR ( 'NONE', #2320, 1000.000000000000000 ) ;
#3028 = ORIENTED_EDGE ( 'NONE', *, *, #3068, .T. ) ;
#3029 = CARTESIAN_POINT ( 'NONE',  ( 19.99999999999999645, 54.00000000000000000, -7.999999999999998224 ) ) ;
#3030 = AXIS2_PLACEMENT_3D ( 'NONE', #4236, #1186, #119 ) ;
#3031 = AXIS2_PLACEMENT_3D ( 'NONE', #4211, #762, #1112 ) ;
#3032 = ORIENTED_EDGE ( 'NONE', *, *, #497, .T. ) ;
#3033 = DIRECTION ( 'NONE',  ( -1.000000000000000000, 0.000000000000000000, 0.000000000000000000 ) ) ;
#3034 = PRESENTATION_LAYER_ASSIGNMENT (  '', '', ( #4331 ) ) ;
#3035 = AXIS2_PLACEMENT_3D ( 'NONE', #3534, #496, #1136 ) ;
#3036 = DIRECTION ( 'NONE',  ( -1.000000000000000000, 0.000000000000000000, 0.000000000000000000 ) ) ;
#3037 = DIRECTION ( 'NONE',  ( 0.000000000000000000, 0.000000000000000000, -1.000000000000000000 ) ) ;
#3038 = EDGE_LOOP ( 'NONE', ( #1858, #1566, #1693, #3093 ) ) ;
#3039 = AXIS2_PLACEMENT_3D ( 'NONE', #2946, #2288, #601 ) ;
#3040 = ORIENTED_EDGE ( 'NONE', *, *, #665, .T. ) ;
#3041 = CYLINDRICAL_SURFACE ( 'NONE', #3806, 2.600000000000000089 ) ;
#3042 = CARTESIAN_POINT ( 'NONE',  ( 21.50000000000000000, 36.69999999999999574, 3.469446951953614189E-15 ) ) ;
#3043 = VERTEX_POINT ( 'NONE', #73 ) ;
#3044 = EDGE_CURVE ( 'NONE', #1036, #2883, #2441, .T. ) ;
#3045 = VECTOR ( 'NONE', #1490, 1000.000000000000000 ) ;
#3046 = CARTESIAN_POINT ( 'NONE',  ( 30.00000000000000000, 0.5000000000000004441, -4.000000000000000000 ) ) ;
#3047 = DIRECTION ( 'NONE',  ( 0.000000000000000000, -1.000000000000000000, 0.000000000000000000 ) ) ;
#3048 = FACE_OUTER_BOUND ( 'NONE', #2138, .T. ) ;
#3049 = AXIS2_PLACEMENT_3D ( 'NONE', #1897, #2961, #4305 ) ;
#3050 = ORIENTED_EDGE ( 'NONE', *, *, #2617, .T. ) ;
#3051 = CARTESIAN_POINT ( 'NONE',  ( 15.99999999999999289, 14.00000000000000000, -17.49999999999999645 ) ) ;
#3052 = ORIENTED_EDGE ( 'NONE', *, *, #3069, .T. ) ;
#3053 = DIRECTION ( 'NONE',  ( -1.734723475976807587E-16, -0.000000000000000000, -1.000000000000000000 ) ) ;
#3054 = CIRCLE ( 'NONE', #1142, 0.5000000000000004441 ) ;
#3055 = DIRECTION ( 'NONE',  ( 0.000000000000000000, 0.000000000000000000, -1.000000000000000000 ) ) ;
#3056 = DIRECTION ( 'NONE',  ( -1.000000000000000000, 0.000000000000000000, 0.000000000000000000 ) ) ;
#3057 = CIRCLE ( 'NONE', #366, 2.499999999999998668 ) ;
#3058 = EDGE_CURVE ( 'NONE', #2129, #134, #1548, .T. ) ;
#3059 = VERTEX_POINT ( 'NONE', #2273 ) ;
#3060 = FACE_BOUND ( 'NONE', #3529, .T. ) ;
#3061 = DIRECTION ( 'NONE',  ( -1.734723475976807587E-16, -0.000000000000000000, -1.000000000000000000 ) ) ;
#3062 = ORIENTED_EDGE ( 'NONE', *, *, #1827, .T. ) ;
#3063 = VERTEX_POINT ( 'NONE', #516 ) ;
#3064 = DIRECTION ( 'NONE',  ( 0.000000000000000000, 1.000000000000000000, 0.000000000000000000 ) ) ;
#3065 = CYLINDRICAL_SURFACE ( 'NONE', #1434, 1.000000000000002665 ) ;
#3066 = CARTESIAN_POINT ( 'NONE',  ( 30.50000000000000000, 12.91089883520759862, -5.500000000000004441 ) ) ;
#3067 = CARTESIAN_POINT ( 'NONE',  ( 23.48651608239767086, 54.50000000000000000, -7.300000000000002487 ) ) ;
#3068 = EDGE_CURVE ( 'NONE', #1106, #1149, #4394, .T. ) ;
#3069 = EDGE_CURVE ( 'NONE', #3384, #736, #3425, .T. ) ;
#3070 = ORIENTED_EDGE ( 'NONE', *, *, #3449, .T. ) ;
#3071 = DIRECTION ( 'NONE',  ( 1.000000000000000000, 0.000000000000000000, 0.000000000000000000 ) ) ;
#3072 = ORIENTED_EDGE ( 'NONE', *, *, #474, .T. ) ;
#3073 = DIRECTION ( 'NONE',  ( 0.000000000000000000, -1.000000000000000000, 0.000000000000000000 ) ) ;
#3074 = ADVANCED_FACE ( 'NONE', ( #249 ), #1535, .F. ) ;
#3075 = CARTESIAN_POINT ( 'NONE',  ( 0.000000000000000000, 21.85640646055101755, -4.000000000000000000 ) ) ;
#3076 = CARTESIAN_POINT ( 'NONE',  ( 15.99999999999999289, 28.99999999999999645, -9.999999999999994671 ) ) ;
#3077 = EDGE_CURVE ( 'NONE', #663, #2400, #613, .T. ) ;
#3078 = VERTEX_POINT ( 'NONE', #3905 ) ;
#3079 = DIRECTION ( 'NONE',  ( -0.000000000000000000, 0.000000000000000000, 1.000000000000000000 ) ) ;
#3080 = FACE_OUTER_BOUND ( 'NONE', #4244, .T. ) ;
#3081 = ORIENTED_EDGE ( 'NONE', *, *, #344, .F. ) ;
#3082 = ORIENTED_EDGE ( 'NONE', *, *, #1591, .T. ) ;
#3083 = CARTESIAN_POINT ( 'NONE',  ( 15.99999999999999289, 27.99999999999999645, -17.49999999999999645 ) ) ;
#3084 = PLANE ( 'NONE',  #517 ) ;
#3085 = DIRECTION ( 'NONE',  ( -0.000000000000000000, -1.000000000000000000, -0.000000000000000000 ) ) ;
#3086 = CIRCLE ( 'NONE', #395, 1.000000000000000888 ) ;
#3087 = CARTESIAN_POINT ( 'NONE',  ( 27.82686506038971785, 54.50000000000000000, -13.65812608259567362 ) ) ;
#3088 = AXIS2_PLACEMENT_3D ( 'NONE', #2785, #3483, #2506 ) ;
#3089 = EDGE_CURVE ( 'NONE', #1780, #1449, #2681, .T. ) ;
#3090 = EDGE_LOOP ( 'NONE', ( #3459, #3234, #367, #1034 ) ) ;
#3091 = CARTESIAN_POINT ( 'NONE',  ( 0.000000000000000000, 21.85640646055101755, -4.000000000000000000 ) ) ;
#3092 = AXIS2_PLACEMENT_3D ( 'NONE', #4264, #2762, #2897 ) ;
#3093 = ORIENTED_EDGE ( 'NONE', *, *, #798, .F. ) ;
#3094 = DIRECTION ( 'NONE',  ( 1.000000000000000000, 9.462128050782584868E-16, 0.000000000000000000 ) ) ;
#3095 = ADVANCED_FACE ( 'NONE', ( #2863 ), #2186, .F. ) ;
#3096 = VECTOR ( 'NONE', #2589, 1000.000000000000000 ) ;
#3097 = AXIS2_PLACEMENT_3D ( 'NONE', #2093, #3907, #1763 ) ;
#3098 = DIRECTION ( 'NONE',  ( -1.000000000000000000, 0.000000000000000000, -0.000000000000000000 ) ) ;
#3099 = SURFACE_STYLE_FILL_AREA ( #1901 ) ;
#3100 = CIRCLE ( 'NONE', #1335, 0.5000000000000004441 ) ;
#3101 = VECTOR ( 'NONE', #633, 1000.000000000000000 ) ;
#3102 = EDGE_LOOP ( 'NONE', ( #1302, #2750, #1373, #4139 ) ) ;
#3103 = CARTESIAN_POINT ( 'NONE',  ( 30.58137045618255812, 54.86988268441155014, -5.500000000000004441 ) ) ;
#3104 = CARTESIAN_POINT ( 'NONE',  ( -5.999999999999999112, 6.000000000000000000, -3.000000000000000000 ) ) ;
#3105 = VECTOR ( 'NONE', #1438, 1000.000000000000000 ) ;
#3106 = EDGE_LOOP ( 'NONE', ( #1667, #4351, #1441, #4272 ) ) ;
#3107 = EDGE_LOOP ( 'NONE', ( #3158, #3751, #486, #144 ) ) ;
#3108 = FACE_OUTER_BOUND ( 'NONE', #1427, .T. ) ;
#3109 = AXIS2_PLACEMENT_3D ( 'NONE', #817, #2165, #4267 ) ;
#3110 =( BOUNDED_SURFACE ( )  B_SPLINE_SURFACE ( 3, 2, ( 
 ( #3988, #2522, #3546 ),
 ( #4316, #1550, #3304 ),
 ( #1214, #2265, #171 ),
 ( #2286, #4293, #3565 ),
 ( #220, #4243, #2570 ),
 ( #552, #1619, #914 ),
 ( #2549, #1880, #1168 ),
 ( #3618, #3642, #3934 ),
 ( #600, #3593, #1908 ),
 ( #3258, #1524, #1930 ),
 ( #2875, #3914, #265 ),
 ( #4222, #3282, #242 ) ),
 .UNSPECIFIED., .F., .F., .F. ) 
 B_SPLINE_SURFACE_WITH_KNOTS ( ( 4, 2, 2, 2, 2, 4 ),
 ( 3, 3 ),
 ( -4.336808689942017736E-19, 0.001342020928172406964, 0.002013031392258610771, 0.002684041856344814361, 0.004026062784517221542, 0.005368083712689628723 ),
 ( 0.000000000000000000, 1.000000000000000000 ),
 .UNSPECIFIED. ) 
 GEOMETRIC_REPRESENTATION_ITEM ( )  RATIONAL_B_SPLINE_SURFACE ( (
 ( 1.000000000000000000, 0.7071067811865475727, 1.000000000000000000),
 ( 1.000000000000000000, 0.7569398381350325167, 1.000000000000000000),
 ( 1.000000000000000000, 0.8000749077577425927, 1.000000000000000000),
 ( 1.000000000000000000, 0.8556655251626598124, 1.000000000000000000),
 ( 1.000000000000000000, 0.8726006951453399996, 1.000000000000000000),
 ( 1.000000000000000000, 0.9029598898293631493, 1.000000000000000000),
 ( 1.000000000000000000, 0.9164798719600936172, 1.000000000000000000),
 ( 1.000000000000000000, 0.9524000476645434476, 1.000000000000000000),
 ( 1.000000000000000000, 0.9701992069695153376, 1.000000000000000000),
 ( 1.000000000000000000, 0.9940740059916040039, 1.000000000000000000),
 ( 1.000000000000000000, 1.000000039832218635, 1.000000000000000000),
 ( 1.000000000000000000, 1.000000000000000000, 1.000000000000000000) ) ) 
 REPRESENTATION_ITEM ( '' )  SURFACE ( )  );
#3111 = CARTESIAN_POINT ( 'NONE',  ( 19.11249979690783718, 60.50000000000000000, -1.779388979289475703 ) ) ;
#3112 = CARTESIAN_POINT ( 'NONE',  ( 0.5000000000000000000, 0.000000000000000000, -4.000000000000000000 ) ) ;
#3113 = CARTESIAN_POINT ( 'NONE',  ( 15.15014468021990801, 14.46700760472310421, -9.010642215162686597 ) ) ;
#3114 = CARTESIAN_POINT ( 'NONE',  ( 37.17857142857143060, 13.37224063010538444, -3.000000000000000000 ) ) ;
#3115 = ORIENTED_EDGE ( 'NONE', *, *, #3895, .F. ) ;
#3116 = CARTESIAN_POINT ( 'NONE',  ( 30.00000000000000000, 61.00000000000000000, -7.999999999999998224 ) ) ;
#3117 = ORIENTED_EDGE ( 'NONE', *, *, #1486, .T. ) ;
#3118 = FACE_OUTER_BOUND ( 'NONE', #2592, .T. ) ;
#3119 = DIRECTION ( 'NONE',  ( -1.000000000000000000, 0.000000000000000000, 0.000000000000000000 ) ) ;
#3120 = CYLINDRICAL_SURFACE ( 'NONE', #3092, 1.000000000000002665 ) ;
#3121 = ORIENTED_EDGE ( 'NONE', *, *, #3254, .F. ) ;
#3122 = CARTESIAN_POINT ( 'NONE',  ( -0.6913598543495622639, 18.59651680557958642, -2.705625146900867861 ) ) ;
#3123 = EDGE_CURVE ( 'NONE', #1604, #2895, #126, .T. ) ;
#3124 = DIRECTION ( 'NONE',  ( -0.000000000000000000, -1.000000000000000000, -0.000000000000000000 ) ) ;
#3125 = DIRECTION ( 'NONE',  ( 0.000000000000000000, -1.000000000000000000, 0.000000000000000000 ) ) ;
#3126 = VERTEX_POINT ( 'NONE', #4302 ) ;
#3127 = ORIENTED_EDGE ( 'NONE', *, *, #2800, .F. ) ;
#3128 = FACE_OUTER_BOUND ( 'NONE', #4308, .T. ) ;
#3129 = EDGE_CURVE ( 'NONE', #1780, #217, #859, .T. ) ;
#3130 = FACE_OUTER_BOUND ( 'NONE', #2798, .T. ) ;
#3131 = CARTESIAN_POINT ( 'NONE',  ( 15.00000000000000000, 55.00000000000000000, -12.49999999999999467 ) ) ;
#3132 = DIRECTION ( 'NONE',  ( 1.000000000000000000, 0.000000000000000000, -1.836970198721029688E-16 ) ) ;
#3133 = CIRCLE ( 'NONE', #875, 6.000000000000000888 ) ;
#3134 = DIRECTION ( 'NONE',  ( -0.5638034334834622907, -5.730894976158626257E-15, 0.8259090073320786152 ) ) ;
#3135 = DIRECTION ( 'NONE',  ( 1.000000000000000000, 0.000000000000000000, -1.734723475976807341E-16 ) ) ;
#3136 = ORIENTED_EDGE ( 'NONE', *, *, #4142, .F. ) ;
#3137 = DIRECTION ( 'NONE',  ( -0.000000000000000000, -1.000000000000000000, -0.000000000000000000 ) ) ;
#3138 = ORIENTED_EDGE ( 'NONE', *, *, #170, .T. ) ;
#3139 = CARTESIAN_POINT ( 'NONE',  ( 29.68812356390772678, 60.50000000000000000, -10.47795516716017872 ) ) ;
#3140 = B_SPLINE_CURVE_WITH_KNOTS ( 'NONE', 3,
 ( #3066, #27, #1380, #4102, #1055, #3680, #2405, #637, #679, #3427 ),
 .UNSPECIFIED., .F., .F.,
 ( 4, 2, 2, 2, 4 ),
 ( 0.000000000000000000, 0.0006973619029797535444, 0.001046042854469630317, 0.001220383330214569895, 0.001394723805959509474 ),
 .UNSPECIFIED. ) ;
#3141 = CARTESIAN_POINT ( 'NONE',  ( 21.50000000000000000, 36.69999999999999574, 3.469446951953614189E-15 ) ) ;
#3142 = VERTEX_POINT ( 'NONE', #3576 ) ;
#3143 = EDGE_CURVE ( 'NONE', #3401, #3659, #1905, .T. ) ;
#3144 = DIRECTION ( 'NONE',  ( 0.000000000000000000, 1.000000000000000000, -0.000000000000000000 ) ) ;
#3145 = LINE ( 'NONE', #424, #3902 ) ;
#3146 = EDGE_CURVE ( 'NONE', #492, #3659, #1226, .T. ) ;
#3147 = VERTEX_POINT ( 'NONE', #3269 ) ;
#3148 = ORIENTED_EDGE ( 'NONE', *, *, #3480, .T. ) ;
#3149 = DIRECTION ( 'NONE',  ( 0.2477955167160115491, -0.000000000000000000, 0.9688123563907744540 ) ) ;
#3150 = EDGE_CURVE ( 'NONE', #3824, #3566, #232, .T. ) ;
#3151 = CARTESIAN_POINT ( 'NONE',  ( -5.999999999999999112, 6.000000000000000000, 0.000000000000000000 ) ) ;
#3152 = CARTESIAN_POINT ( 'NONE',  ( 17.29289321881344677, 29.20710678118654613, -18.00000000000000355 ) ) ;
#3153 = CARTESIAN_POINT ( 'NONE',  ( 20.98099919820321446, 41.20000000000000284, -5.500000000000000888 ) ) ;
#3154 = CARTESIAN_POINT ( 'NONE',  ( 0.5000000000000004441, 61.00000000000000000, -8.000000000000000000 ) ) ;
#3155 = CARTESIAN_POINT ( 'NONE',  ( 15.00000000000000000, 7.968626966596882077, -9.999999999999996447 ) ) ;
#3156 = VECTOR ( 'NONE', #1980, 1000.000000000000000 ) ;
#3157 = ADVANCED_FACE ( 'NONE', ( #3974 ), #3605, .T. ) ;
#3158 = ORIENTED_EDGE ( 'NONE', *, *, #3406, .F. ) ;
#3159 = CARTESIAN_POINT ( 'NONE',  ( 15.00000000000000000, 7.968626966596882077, -2.999999999999994671 ) ) ;
#3160 = ORIENTED_EDGE ( 'NONE', *, *, #2639, .F. ) ;
#3161 = CARTESIAN_POINT ( 'NONE',  ( 31.00000000000000000, 45.69963883909388613, -3.500000000000002220 ) ) ;
#3162 = AXIS2_PLACEMENT_3D ( 'NONE', #130, #1081, #3523 ) ;
#3163 = CARTESIAN_POINT ( 'NONE',  ( 15.76151300551931200, 28.97327773657668359, -9.346167244491814685 ) ) ;
#3164 = CARTESIAN_POINT ( 'NONE',  ( 36.00000000000000000, 6.999999999999992895, 0.000000000000000000 ) ) ;
#3165 = AXIS2_PLACEMENT_3D ( 'NONE', #2453, #2543, #1747 ) ;
#3166 = ORIENTED_EDGE ( 'NONE', *, *, #1289, .F. ) ;
#3167 = CIRCLE ( 'NONE', #1970, 1.500000000000000000 ) ;
#3168 = DIRECTION ( 'NONE',  ( 1.239088197126290817E-16, -1.000000000000000000, 0.000000000000000000 ) ) ;
#3169 = CYLINDRICAL_SURFACE ( 'NONE', #4254, 0.5000000000000000000 ) ;
#3170 = VECTOR ( 'NONE', #1150, 1000.000000000000000 ) ;
#3171 = EDGE_LOOP ( 'NONE', ( #2324, #3416, #1589, #24 ) ) ;
#3172 = ORIENTED_EDGE ( 'NONE', *, *, #1172, .F. ) ;
#3173 = VECTOR ( 'NONE', #3338, 1000.000000000000000 ) ;
#3174 = VERTEX_POINT ( 'NONE', #694 ) ;
#3175 = CIRCLE ( 'NONE', #2470, 0.5000000000000000000 ) ;
#3176 = CARTESIAN_POINT ( 'NONE',  ( 19.99999999999999645, 54.50000000000000000, -7.999999999999998224 ) ) ;
#3177 = DIRECTION ( 'NONE',  ( 1.000000000000000000, 1.892425610156517368E-15, 0.000000000000000000 ) ) ;
#3178 = CARTESIAN_POINT ( 'NONE',  ( 17.49999999999999289, 55.00000000000000000, -63.50000000000001421 ) ) ;
#3179 = EDGE_CURVE ( 'NONE', #2895, #188, #1687, .T. ) ;
#3180 = FACE_OUTER_BOUND ( 'NONE', #4149, .T. ) ;
#3181 = DIRECTION ( 'NONE',  ( 0.000000000000000000, 0.000000000000000000, -1.000000000000000000 ) ) ;
#3182 = ORIENTED_EDGE ( 'NONE', *, *, #3648, .F. ) ;
#3183 = DIRECTION ( 'NONE',  ( -0.5638034334834640671, 0.000000000000000000, 0.8259090073320771719 ) ) ;
#3184 = EDGE_LOOP ( 'NONE', ( #410, #2246, #467, #2280, #4009, #1503, #2195, #3032, #2008, #544 ) ) ;
#3185 = DIRECTION ( 'NONE',  ( -0.000000000000000000, 1.000000000000000000, -0.000000000000000000 ) ) ;
#3186 = FACE_OUTER_BOUND ( 'NONE', #1008, .T. ) ;
#3187 = ORIENTED_EDGE ( 'NONE', *, *, #2044, .F. ) ;
#3188 = FILL_AREA_STYLE ('',( #1863 ) ) ;
#3189 = CARTESIAN_POINT ( 'NONE',  ( -8.599999999999997868, 7.000000000000000000, -3.000000000000000000 ) ) ;
#3190 = CARTESIAN_POINT ( 'NONE',  ( 16.99999999999999645, 55.00000000000000000, -17.50000000000000000 ) ) ;
#3191 = CIRCLE ( 'NONE', #1851, 1.000000000000002665 ) ;
#3192 = ORIENTED_EDGE ( 'NONE', *, *, #2818, .T. ) ;
#3193 = EDGE_LOOP ( 'NONE', ( #581, #338, #1779, #1011 ) ) ;
#3194 = ADVANCED_FACE ( 'NONE', ( #3399 ), #2814, .F. ) ;
#3195 = ORIENTED_EDGE ( 'NONE', *, *, #100, .T. ) ;
#3196 = DIRECTION ( 'NONE',  ( 1.000000000000000000, 0.000000000000000000, 0.000000000000000000 ) ) ;
#3197 = CARTESIAN_POINT ( 'NONE',  ( 15.00000000000000000, 4.000000000000000000, -11.00000000000000000 ) ) ;
#3198 = CYLINDRICAL_SURFACE ( 'NONE', #4045, 8.000000000000000000 ) ;
#3199 = ORIENTED_EDGE ( 'NONE', *, *, #1289, .T. ) ;
#3200 = DIRECTION ( 'NONE',  ( -1.000000000000000000, 0.000000000000000000, 0.000000000000000000 ) ) ;
#3201 = DIRECTION ( 'NONE',  ( -0.000000000000000000, 0.000000000000000000, -1.000000000000000000 ) ) ;
#3202 = ADVANCED_FACE ( 'NONE', ( #2722 ), #3376, .T. ) ;
#3203 = DIRECTION ( 'NONE',  ( 0.000000000000000000, 1.000000000000000000, 0.000000000000000000 ) ) ;
#3204 = CYLINDRICAL_SURFACE ( 'NONE', #2945, 1.000000000000002665 ) ;
#3205 = VECTOR ( 'NONE', #362, 1000.000000000000000 ) ;
#3206 = EDGE_CURVE ( 'NONE', #1248, #1881, #2689, .T. ) ;
#3207 = LINE ( 'NONE', #1167, #3096 ) ;
#3208 = EDGE_CURVE ( 'NONE', #3464, #3569, #1025, .T. ) ;
#3209 = ORIENTED_EDGE ( 'NONE', *, *, #3009, .T. ) ;
#3210 = CARTESIAN_POINT ( 'NONE',  ( 24.98099919820321446, 18.19999999999999929, -5.500000000000001776 ) ) ;
#3211 = SPHERICAL_SURFACE ( 'NONE', #3962, 0.5000000000000000000 ) ;
#3212 = ORIENTED_EDGE ( 'NONE', *, *, #1680, .T. ) ;
#3213 = ORIENTED_EDGE ( 'NONE', *, *, #1711, .F. ) ;
#3214 = DIRECTION ( 'NONE',  ( 0.000000000000000000, 0.000000000000000000, 1.000000000000000000 ) ) ;
#3215 = CARTESIAN_POINT ( 'NONE',  ( 36.00000000000000000, 8.000000000000000000, -3.000000000000000000 ) ) ;
#3216 = DIRECTION ( 'NONE',  ( 1.734723475976807341E-16, -0.000000000000000000, 1.000000000000000000 ) ) ;
#3217 = VECTOR ( 'NONE', #3053, 1000.000000000000000 ) ;
#3218 = DIRECTION ( 'NONE',  ( -0.000000000000000000, -1.000000000000000000, 0.000000000000000000 ) ) ;
#3219 = EDGE_LOOP ( 'NONE', ( #94, #3790 ) ) ;
#3220 = DIRECTION ( 'NONE',  ( 1.000000000000000000, 0.000000000000000000, 0.000000000000000000 ) ) ;
#3221 = CARTESIAN_POINT ( 'NONE',  ( 26.51348391760232914, 54.50000000000000000, -7.300000000000006040 ) ) ;
#3222 = CIRCLE ( 'NONE', #3305, 0.5000000000000004441 ) ;
#3223 = CARTESIAN_POINT ( 'NONE',  ( 15.41912486123970361, 14.18600732609549198, -9.092071395598306793 ) ) ;
#3224 = DIRECTION ( 'NONE',  ( 0.000000000000000000, 0.000000000000000000, -1.000000000000000000 ) ) ;
#3225 = CIRCLE ( 'NONE', #260, 8.000000000000000000 ) ;
#3226 = DIRECTION ( 'NONE',  ( -1.000000000000000000, 0.000000000000000000, 0.000000000000000000 ) ) ;
#3227 = EDGE_CURVE ( 'NONE', #1593, #492, #3823, .T. ) ;
#3228 = TOROIDAL_SURFACE ( 'NONE', #4234, 9.500000000000001776, 0.5000000000000000000 ) ;
#3229 = EDGE_LOOP ( 'NONE', ( #1688, #3506, #1575, #3900 ) ) ;
#3230 = CIRCLE ( 'NONE', #330, 9.499999999999998224 ) ;
#3231 = FACE_OUTER_BOUND ( 'NONE', #2198, .T. ) ;
#3232 = CARTESIAN_POINT ( 'NONE',  ( 30.98099919820321446, 45.20000000000000284, -3.500000000000002220 ) ) ;
#3233 = ORIENTED_EDGE ( 'NONE', *, *, #1813, .F. ) ;
#3234 = ORIENTED_EDGE ( 'NONE', *, *, #2092, .F. ) ;
#3235 = DIRECTION ( 'NONE',  ( 0.000000000000000000, 0.000000000000000000, -1.000000000000000000 ) ) ;
#3236 = CIRCLE ( 'NONE', #1259, 1.008668466919984352 ) ;
#3237 = ORIENTED_EDGE ( 'NONE', *, *, #2363, .T. ) ;
#3238 = FACE_OUTER_BOUND ( 'NONE', #1322, .T. ) ;
#3239 = CIRCLE ( 'NONE', #4174, 0.5000000000000004441 ) ;
#3240 = CARTESIAN_POINT ( 'NONE',  ( 22.98099919820321446, 40.20000000000000284, -4.000000000000000000 ) ) ;
#3241 = CARTESIAN_POINT ( 'NONE',  ( 19.98099919820321446, 41.20000000000000284, -3.500000000000000444 ) ) ;
#3242 = AXIS2_PLACEMENT_3D ( 'NONE', #1539, #1207, #236 ) ;
#3243 = VERTEX_POINT ( 'NONE', #4036 ) ;
#3244 = AXIS2_PLACEMENT_3D ( 'NONE', #3178, #3805, #3855 ) ;
#3245 = CARTESIAN_POINT ( 'NONE',  ( 15.00000000000000000, 4.000000000000000000, -16.49999999999999289 ) ) ;
#3246 = CARTESIAN_POINT ( 'NONE',  ( -12.00000000000000000, 14.00000000000000000, 0.000000000000000000 ) ) ;
#3247 = ORIENTED_EDGE ( 'NONE', *, *, #2463, .T. ) ;
#3248 = CARTESIAN_POINT ( 'NONE',  ( 10.00000000000006928, 0.5000000000000004441, -17.49999999999999645 ) ) ;
#3249 = SURFACE_STYLE_USAGE ( .BOTH. , #2868 ) ;
#3250 = AXIS2_PLACEMENT_3D ( 'NONE', #4072, #308, #3036 ) ;
#3251 = ORIENTED_EDGE ( 'NONE', *, *, #1000, .T. ) ;
#3252 = EDGE_CURVE ( 'NONE', #4354, #1576, #337, .T. ) ;
#3253 = CARTESIAN_POINT ( 'NONE',  ( 20.98099919820321446, 45.20000000000000284, -4.000000000000000000 ) ) ;
#3254 = EDGE_CURVE ( 'NONE', #324, #3472, #356, .T. ) ;
#3255 = CARTESIAN_POINT ( 'NONE',  ( 30.98099919820321446, 19.20000000000000284, -3.500000000000002220 ) ) ;
#3256 = CARTESIAN_POINT ( 'NONE',  ( 0.000000000000000000, 0.000000000000000000, 0.000000000000000000 ) ) ;
#3257 = CIRCLE ( 'NONE', #1558, 8.000000000000000000 ) ;
#3258 = CARTESIAN_POINT ( 'NONE',  ( -0.02843932752230678498, 21.07647381268370523, -3.651828128241304317 ) ) ;
#3259 = ORIENTED_EDGE ( 'NONE', *, *, #3406, .T. ) ;
#3260 = DIRECTION ( 'NONE',  ( 1.000000000000000000, -0.000000000000000000, 0.000000000000000000 ) ) ;
#3261 = CARTESIAN_POINT ( 'NONE',  ( 24.48099919820321446, 39.19999999999999574, -3.500000000000000888 ) ) ;
#3262 = ORIENTED_EDGE ( 'NONE', *, *, #934, .T. ) ;
#3263 = ORIENTED_EDGE ( 'NONE', *, *, #432, .T. ) ;
#3264 = CARTESIAN_POINT ( 'NONE',  ( 31.00000000000000000, 46.19981946846973386, -5.000000000000002665 ) ) ;
#3265 = ORIENTED_EDGE ( 'NONE', *, *, #1988, .T. ) ;
#3266 = EDGE_CURVE ( 'NONE', #1278, #4228, #1974, .T. ) ;
#3267 = DIRECTION ( 'NONE',  ( 0.000000000000000000, 1.000000000000000000, 0.000000000000000000 ) ) ;
#3268 = DIRECTION ( 'NONE',  ( 0.000000000000000000, 0.000000000000000000, -1.000000000000000000 ) ) ;
#3269 = CARTESIAN_POINT ( 'NONE',  ( 15.99999999999999645, 14.00000000000000000, -9.868045173795261249 ) ) ;
#3270 = ORIENTED_EDGE ( 'NONE', *, *, #4117, .F. ) ;
#3271 = EDGE_CURVE ( 'NONE', #257, #273, #1404, .T. ) ;
#3272 = AXIS2_PLACEMENT_3D ( 'NONE', #3511, #2845, #1850 ) ;
#3273 = CARTESIAN_POINT ( 'NONE',  ( 29.68812356390772322, 54.00000000000000000, -10.47795516716018049 ) ) ;
#3274 = CARTESIAN_POINT ( 'NONE',  ( 22.92499999999999716, 17.69999999999999929, 3.222248856626919572E-15 ) ) ;
#3275 = CIRCLE ( 'NONE', #1360, 1.424999999999999156 ) ;
#3276 = ORIENTED_EDGE ( 'NONE', *, *, #3841, .F. ) ;
#3277 = ORIENTED_EDGE ( 'NONE', *, *, #970, .T. ) ;
#3278 = CYLINDRICAL_SURFACE ( 'NONE', #2240, 2.600000000000000089 ) ;
#3279 = DIRECTION ( 'NONE',  ( 0.000000000000000000, 0.000000000000000000, 1.000000000000000000 ) ) ;
#3280 = CIRCLE ( 'NONE', #1791, 1.000000000000000888 ) ;
#3281 = EDGE_LOOP ( 'NONE', ( #1429, #209, #2347, #1529 ) ) ;
#3282 = CARTESIAN_POINT ( 'NONE',  ( 0.000000000000000000, 21.85640646055101755, -4.000000000000000000 ) ) ;
#3283 =( BOUNDED_CURVE ( )  B_SPLINE_CURVE ( 3, ( #1721, #3407, #364, #3067 ),
 .UNSPECIFIED., .F., .F. ) 
 B_SPLINE_CURVE_WITH_KNOTS ( ( 4, 4 ),
 ( 4.712388980384689674, 6.283185307179586232 ),
 .UNSPECIFIED. ) 
 CURVE ( )  GEOMETRIC_REPRESENTATION_ITEM ( )  RATIONAL_B_SPLINE_CURVE ( ( 1.000000000000000000, 0.8047378541243649375, 0.8047378541243649375, 1.000000000000000000 ) ) 
 REPRESENTATION_ITEM ( '' )  );
#3284 = CARTESIAN_POINT ( 'NONE',  ( 24.48099919820321446, 39.19999999999999574, -4.000000000000000000 ) ) ;
#3285 = FACE_OUTER_BOUND ( 'NONE', #2041, .T. ) ;
#3286 = ORIENTED_EDGE ( 'NONE', *, *, #1767, .T. ) ;
#3287 = CARTESIAN_POINT ( 'NONE',  ( 31.00000000000000000, 18.80251300790832758, -3.000000000000002665 ) ) ;
#3288 = ADVANCED_FACE ( 'NONE', ( #2648 ), #1010, .F. ) ;
#3289 = DIRECTION ( 'NONE',  ( 0.000000000000000000, 0.000000000000000000, 1.000000000000000000 ) ) ;
#3290 = EDGE_CURVE ( 'NONE', #3019, #1942, #4350, .T. ) ;
#3291 = DIRECTION ( 'NONE',  ( 1.000000000000000000, 0.000000000000000000, 0.000000000000000000 ) ) ;
#3292 = CARTESIAN_POINT ( 'NONE',  ( 15.43030603163895265, 28.82568232795058449, -10.90615819776363615 ) ) ;
#3293 = ORIENTED_EDGE ( 'NONE', *, *, #3760, .F. ) ;
#3294 = EDGE_CURVE ( 'NONE', #2801, #2355, #1695, .T. ) ;
#3295 = EDGE_CURVE ( 'NONE', #1653, #3298, #1297, .T. ) ;
#3296 = CARTESIAN_POINT ( 'NONE',  ( 28.79076288204630174, 54.00000000000000000, -10.63595912554389855 ) ) ;
#3297 = DIRECTION ( 'NONE',  ( 0.000000000000000000, 0.000000000000000000, -1.000000000000000000 ) ) ;
#3298 = VERTEX_POINT ( 'NONE', #2398 ) ;
#3299 = VERTEX_POINT ( 'NONE', #315 ) ;
#3300 = CARTESIAN_POINT ( 'NONE',  ( 20.98099919820321446, 45.20000000000000284, -3.500000000000000444 ) ) ;
#3301 = CARTESIAN_POINT ( 'NONE',  ( 22.98099919820321446, 40.70000000000000284, -3.500000000000000888 ) ) ;
#3302 = DIRECTION ( 'NONE',  ( -1.734723475976807587E-16, 0.000000000000000000, -1.000000000000000000 ) ) ;
#3303 = ORIENTED_EDGE ( 'NONE', *, *, #1717, .T. ) ;
#3304 = CARTESIAN_POINT ( 'NONE',  ( -0.8287683488979921131, 17.40745488034753308, -3.000000000000000000 ) ) ;
#3305 = AXIS2_PLACEMENT_3D ( 'NONE', #2829, #1453, #457 ) ;
#3306 = FACE_OUTER_BOUND ( 'NONE', #3687, .T. ) ;
#3307 = DIRECTION ( 'NONE',  ( -0.000000000000000000, 0.000000000000000000, 1.000000000000000000 ) ) ;
#3308 = VECTOR ( 'NONE', #2979, 1000.000000000000000 ) ;
#3309 = ORIENTED_EDGE ( 'NONE', *, *, #327, .T. ) ;
#3310 = CYLINDRICAL_SURFACE ( 'NONE', #2797, 0.5000000000000000000 ) ;
#3311 = EDGE_LOOP ( 'NONE', ( #2119, #2200, #1334 ) ) ;
#3312 = VECTOR ( 'NONE', #1731, 1000.000000000000000 ) ;
#3313 = DIRECTION ( 'NONE',  ( -1.000000000000000000, 0.000000000000000000, 0.000000000000000000 ) ) ;
#3314 = DIRECTION ( 'NONE',  ( -0.000000000000000000, 0.000000000000000000, 1.000000000000000000 ) ) ;
#3315 = ORIENTED_EDGE ( 'NONE', *, *, #3648, .T. ) ;
#3316 = AXIS2_PLACEMENT_3D ( 'NONE', #2432, #2413, #3844 ) ;
#3317 = AXIS2_PLACEMENT_3D ( 'NONE', #1139, #2494, #3858 ) ;
#3318 = DIRECTION ( 'NONE',  ( 0.000000000000000000, 1.000000000000000000, -0.000000000000000000 ) ) ;
#3319 = EDGE_CURVE ( 'NONE', #4366, #3299, #1665, .T. ) ;
#3320 = CARTESIAN_POINT ( 'NONE',  ( 31.00000000000000000, 13.46425599294930464, -3.335756235466328157 ) ) ;
#3321 = ORIENTED_EDGE ( 'NONE', *, *, #2924, .T. ) ;
#3322 = ORIENTED_EDGE ( 'NONE', *, *, #2818, .F. ) ;
#3323 = AXIS2_PLACEMENT_3D ( 'NONE', #435, #2386, #1060 ) ;
#3324 = AXIS2_PLACEMENT_3D ( 'NONE', #990, #1710, #4386 ) ;
#3325 = DIRECTION ( 'NONE',  ( 0.000000000000000000, 0.000000000000000000, -1.000000000000000000 ) ) ;
#3326 = EDGE_CURVE ( 'NONE', #3908, #2913, #1339, .T. ) ;
#3327 = AXIS2_PLACEMENT_3D ( 'NONE', #3870, #1068, #3504 ) ;
#3328 = ORIENTED_EDGE ( 'NONE', *, *, #934, .F. ) ;
#3329 = CYLINDRICAL_SURFACE ( 'NONE', #3757, 10.00000000000000355 ) ;
#3330 = ORIENTED_EDGE ( 'NONE', *, *, #827, .F. ) ;
#3331 = DIRECTION ( 'NONE',  ( -1.000000000000000000, 0.000000000000000000, 0.000000000000000000 ) ) ;
#3332 = CIRCLE ( 'NONE', #2338, 9.999999999999998224 ) ;
#3333 = EDGE_CURVE ( 'NONE', #440, #2562, #205, .T. ) ;
#3334 = CARTESIAN_POINT ( 'NONE',  ( 0.000000000000000000, 60.50000000000000000, -8.000000000000000000 ) ) ;
#3335 = CARTESIAN_POINT ( 'NONE',  ( 22.92499999999999716, 36.69999999999999574, -5.500000000000000888 ) ) ;
#3336 = ORIENTED_EDGE ( 'NONE', *, *, #3901, .T. ) ;
#3337 = PLANE ( 'NONE',  #2732 ) ;
#3338 = DIRECTION ( 'NONE',  ( -0.000000000000000000, -0.000000000000000000, -1.000000000000000000 ) ) ;
#3339 = ORIENTED_EDGE ( 'NONE', *, *, #3630, .T. ) ;
#3340 = DIRECTION ( 'NONE',  ( 0.000000000000000000, -1.000000000000000000, 0.000000000000000000 ) ) ;
#3341 = CARTESIAN_POINT ( 'NONE',  ( 9.999999999999998224, 0.000000000000000000, -7.999999999999998224 ) ) ;
#3342 = ORIENTED_EDGE ( 'NONE', *, *, #146, .F. ) ;
#3343 = DIRECTION ( 'NONE',  ( -0.000000000000000000, 0.000000000000000000, 1.000000000000000000 ) ) ;
#3344 = ADVANCED_FACE ( 'NONE', ( #3484 ), #4205, .F. ) ;
#3345 = EDGE_CURVE ( 'NONE', #3142, #4372, #1835, .T. ) ;
#3346 = VERTEX_POINT ( 'NONE', #1152 ) ;
#3347 = DIRECTION ( 'NONE',  ( -0.000000000000000000, -1.000000000000000000, 0.000000000000000000 ) ) ;
#3348 = ORIENTED_EDGE ( 'NONE', *, *, #3227, .F. ) ;
#3349 = CARTESIAN_POINT ( 'NONE',  ( 31.00000000000000355, 45.83171823439334958, -3.500000000000000888 ) ) ;
#3350 = EDGE_CURVE ( 'NONE', #776, #2025, #1398, .T. ) ;
#3351 = AXIS2_PLACEMENT_3D ( 'NONE', #1157, #1109, #2467 ) ;
#3352 = CARTESIAN_POINT ( 'NONE',  ( 15.00000000000000000, 4.000000000000000000, -9.999999999999996447 ) ) ;
#3353 = FACE_OUTER_BOUND ( 'NONE', #2219, .T. ) ;
#3354 = EDGE_CURVE ( 'NONE', #1702, #3059, #3530, .T. ) ;
#3355 = ORIENTED_EDGE ( 'NONE', *, *, #4016, .T. ) ;
#3356 = ORIENTED_EDGE ( 'NONE', *, *, #2004, .T. ) ;
#3357 = VECTOR ( 'NONE', #342, 1000.000000000000000 ) ;
#3358 = CARTESIAN_POINT ( 'NONE',  ( 31.00000000000000000, 0.5000000000000004441, -3.000000000000000000 ) ) ;
#3359 = CARTESIAN_POINT ( 'NONE',  ( 23.48651608239767086, 54.50000000000000000, -7.300000000000002487 ) ) ;
#3360 = ORIENTED_EDGE ( 'NONE', *, *, #881, .T. ) ;
#3361 = CARTESIAN_POINT ( 'NONE',  ( 15.99999999999999289, 13.50000000000000000, -18.00000000000000000 ) ) ;
#3362 = DIRECTION ( 'NONE',  ( 0.000000000000000000, 0.000000000000000000, 1.000000000000000000 ) ) ;
#3363 = CYLINDRICAL_SURFACE ( 'NONE', #1243, 0.5000000000000000000 ) ;
#3364 = ORIENTED_EDGE ( 'NONE', *, *, #1270, .F. ) ;
#3365 = DIRECTION ( 'NONE',  ( 0.000000000000000000, 1.000000000000000000, -0.000000000000000000 ) ) ;
#3366 = ORIENTED_EDGE ( 'NONE', *, *, #1711, .T. ) ;
#3367 = CARTESIAN_POINT ( 'NONE',  ( 19.98099919820321446, 45.20000000000000284, -4.000000000000000000 ) ) ;
#3368 = CIRCLE ( 'NONE', #1451, 0.5000000000000004441 ) ;
#3369 = EDGE_CURVE ( 'NONE', #3384, #3401, #4119, .T. ) ;
#3370 = CARTESIAN_POINT ( 'NONE',  ( 15.00000000000000000, 60.00000000000000000, -9.999999999999996447 ) ) ;
#3371 = LINE ( 'NONE', #964, #267 ) ;
#3372 = ORIENTED_EDGE ( 'NONE', *, *, #4376, .T. ) ;
#3373 = AXIS2_PLACEMENT_3D ( 'NONE', #2431, #4194, #1097 ) ;
#3374 = EDGE_LOOP ( 'NONE', ( #4182, #2495, #350, #2042, #743, #2498, #2964, #1388, #1971, #1484, #3070, #2876, #1156, #3763, #376 ) ) ;
#3375 = DIRECTION ( 'NONE',  ( 0.5638034334834641781, -0.000000000000000000, -0.8259090073320770609 ) ) ;
#3376 = CYLINDRICAL_SURFACE ( 'NONE', #2331, 0.5000000000000004441 ) ;
#3377 = ORIENTED_EDGE ( 'NONE', *, *, #3556, .F. ) ;
#3378 = CIRCLE ( 'NONE', #3088, 1.000000000000000000 ) ;
#3379 = CARTESIAN_POINT ( 'NONE',  ( 17.50000000000000000, 53.50000000000000000, -5.500000000000000888 ) ) ;
#3380 = CARTESIAN_POINT ( 'NONE',  ( 30.50000000000000000, 13.99999999999999822, -5.500000000000002665 ) ) ;
#3381 = CIRCLE ( 'NONE', #2454, 0.5000000000000073275 ) ;
#3382 = CARTESIAN_POINT ( 'NONE',  ( 30.00000000000000000, 14.00000000000000000, 0.000000000000000000 ) ) ;
#3383 = VECTOR ( 'NONE', #3218, 1000.000000000000000 ) ;
#3384 = VERTEX_POINT ( 'NONE', #1459 ) ;
#3385 = DIRECTION ( 'NONE',  ( -1.000000000000000000, 0.000000000000000000, 0.000000000000000000 ) ) ;
#3386 = VECTOR ( 'NONE', #2429, 1000.000000000000000 ) ;
#3387 = AXIS2_PLACEMENT_3D ( 'NONE', #3510, #4145, #1802 ) ;
#3388 = EDGE_CURVE ( 'NONE', #855, #3142, #2786, .T. ) ;
#3389 = ORIENTED_EDGE ( 'NONE', *, *, #1546, .T. ) ;
#3390 = LINE ( 'NONE', #351, #1528 ) ;
#3391 = EDGE_CURVE ( 'NONE', #3401, #172, #2484, .T. ) ;
#3392 = AXIS2_PLACEMENT_3D ( 'NONE', #4318, #1349, #1005 ) ;
#3393 = CARTESIAN_POINT ( 'NONE',  ( 20.48099919820321446, 41.20000000000000284, -4.000000000000000000 ) ) ;
#3394 = DIRECTION ( 'NONE',  ( -0.000000000000000000, 1.000000000000000000, -0.000000000000000000 ) ) ;
#3395 = VECTOR ( 'NONE', #3820, 1000.000000000000000 ) ;
#3396 = ORIENTED_EDGE ( 'NONE', *, *, #1341, .F. ) ;
#3397 = CARTESIAN_POINT ( 'NONE',  ( -0.6098230251397445123, 18.78617737250049657, -2.761556953440594597 ) ) ;
#3398 = LINE ( 'NONE', #3715, #3445 ) ;
#3399 = FACE_OUTER_BOUND ( 'NONE', #3090, .T. ) ;
#3400 = ORIENTED_EDGE ( 'NONE', *, *, #3354, .T. ) ;
#3401 = VERTEX_POINT ( 'NONE', #801 ) ;
#3402 = EDGE_CURVE ( 'NONE', #3652, #1510, #3607, .T. ) ;
#3403 = CARTESIAN_POINT ( 'NONE',  ( 15.00000000000000000, 60.00000000000000000, -9.999999999999996447 ) ) ;
#3404 = CARTESIAN_POINT ( 'NONE',  ( 22.92499999999999716, 36.69999999999999574, 3.222248856626919572E-15 ) ) ;
#3405 = ADVANCED_FACE ( 'NONE', ( #1130 ), #3848, .T. ) ;
#3406 = EDGE_CURVE ( 'NONE', #2144, #3566, #3145, .T. ) ;
#3407 = CARTESIAN_POINT ( 'NONE',  ( 23.09437325232558180, 53.99999999999999289, -7.092893218813456357 ) ) ;
#3408 = AXIS2_PLACEMENT_3D ( 'NONE', #3245, #2935, #280 ) ;
#3409 = ORIENTED_EDGE ( 'NONE', *, *, #2530, .F. ) ;
#3410 = DIRECTION ( 'NONE',  ( 1.734723475976807587E-16, 0.000000000000000000, 1.000000000000000000 ) ) ;
#3411 = ORIENTED_EDGE ( 'NONE', *, *, #1233, .F. ) ;
#3412 = DIRECTION ( 'NONE',  ( 0.000000000000000000, -1.000000000000000000, 0.000000000000000000 ) ) ;
#3413 = CARTESIAN_POINT ( 'NONE',  ( 41.49999999999999289, 6.000000000000000000, -2.500000000000000444 ) ) ;
#3414 = CARTESIAN_POINT ( 'NONE',  ( 28.88586904571812752, 54.33131325915449850, -10.77527902422569284 ) ) ;
#3415 = AXIS2_PLACEMENT_3D ( 'NONE', #606, #335, #2687 ) ;
#3416 = ORIENTED_EDGE ( 'NONE', *, *, #3803, .F. ) ;
#3417 = CARTESIAN_POINT ( 'NONE',  ( -5.999999999999999112, 0.000000000000000000, -3.000000000000000000 ) ) ;
#3418 = DIRECTION ( 'NONE',  ( 1.000000000000000000, 0.000000000000000000, 0.000000000000000000 ) ) ;
#3419 = ADVANCED_FACE ( 'NONE', ( #3461 ), #3169, .T. ) ;
#3420 = ORIENTED_EDGE ( 'NONE', *, *, #1089, .F. ) ;
#3421 = ORIENTED_EDGE ( 'NONE', *, *, #3556, .T. ) ;
#3422 = CARTESIAN_POINT ( 'NONE',  ( 19.99999999999999645, 54.50000000000000000, -18.00000000000000355 ) ) ;
#3423 = AXIS2_PLACEMENT_3D ( 'NONE', #3022, #298, #2650 ) ;
#3424 = EDGE_CURVE ( 'NONE', #1329, #3019, #2898, .T. ) ;
#3425 =( BOUNDED_CURVE ( )  B_SPLINE_CURVE ( 3, ( #567, #538, #1277, #1955 ),
 .UNSPECIFIED., .F., .T. ) 
 B_SPLINE_CURVE_WITH_KNOTS ( ( 4, 4 ),
 ( 1.570796326794896558, 3.141592653589793116 ),
 .UNSPECIFIED. ) 
 CURVE ( )  GEOMETRIC_REPRESENTATION_ITEM ( )  RATIONAL_B_SPLINE_CURVE ( ( 1.000000000000000000, 0.8047378541243649375, 0.8047378541243649375, 1.000000000000000000 ) ) 
 REPRESENTATION_ITEM ( '' )  );
#3426 = DIRECTION ( 'NONE',  ( 0.000000000000000000, 0.000000000000000000, -1.000000000000000000 ) ) ;
#3427 = CARTESIAN_POINT ( 'NONE',  ( 31.00000000000000000, 13.99999999999999822, -5.000000000000004441 ) ) ;
#3428 = ADVANCED_FACE ( 'NONE', ( #3080 ), #417, .T. ) ;
#3429 = DIRECTION ( 'NONE',  ( 1.000000000000000000, -0.000000000000000000, 0.000000000000000000 ) ) ;
#3430 = ORIENTED_EDGE ( 'NONE', *, *, #4291, .F. ) ;
#3431 = CARTESIAN_POINT ( 'NONE',  ( 10.00000000000006928, 0.5000000000000004441, -18.00000000000000000 ) ) ;
#3432 = ORIENTED_EDGE ( 'NONE', *, *, #3369, .F. ) ;
#3433 = FACE_OUTER_BOUND ( 'NONE', #3619, .T. ) ;
#3434 = DIRECTION ( 'NONE',  ( 0.000000000000000000, 0.000000000000000000, 1.000000000000000000 ) ) ;
#3435 = ORIENTED_EDGE ( 'NONE', *, *, #2872, .T. ) ;
#3436 = LINE ( 'NONE', #2483, #1394 ) ;
#3437 = DIRECTION ( 'NONE',  ( -1.000000000000000000, 0.000000000000000000, 0.000000000000000000 ) ) ;
#3438 = ORIENTED_EDGE ( 'NONE', *, *, #2832, .F. ) ;
#3439 = ORIENTED_EDGE ( 'NONE', *, *, #1233, .T. ) ;
#3440 = DIRECTION ( 'NONE',  ( 0.000000000000000000, 0.000000000000000000, -1.000000000000000000 ) ) ;
#3441 = CARTESIAN_POINT ( 'NONE',  ( 17.49999999999999645, 28.99999999999999645, -17.50000000000000000 ) ) ;
#3442 = DIRECTION ( 'NONE',  ( 0.000000000000000000, 0.000000000000000000, 1.000000000000000000 ) ) ;
#3443 = VECTOR ( 'NONE', #587, 1000.000000000000000 ) ;
#3444 = CARTESIAN_POINT ( 'NONE',  ( 15.30020934009244904, 14.28128708862626262, -9.044609430358883984 ) ) ;
#3445 = VECTOR ( 'NONE', #3375, 1000.000000000000000 ) ;
#3446 = DIRECTION ( 'NONE',  ( 0.000000000000000000, 0.000000000000000000, 1.000000000000000000 ) ) ;
#3447 = ORIENTED_EDGE ( 'NONE', *, *, #1161, .T. ) ;
#3448 = DIRECTION ( 'NONE',  ( 0.000000000000000000, 1.000000000000000000, 0.000000000000000000 ) ) ;
#3449 = EDGE_CURVE ( 'NONE', #712, #134, #734, .T. ) ;
#3450 = COLOUR_RGB ( '',0.2980392156862745057, 0.2980392156862745057, 0.2980392156862745057 ) ;
#3451 = ORIENTED_EDGE ( 'NONE', *, *, #3294, .T. ) ;
#3452 = FACE_OUTER_BOUND ( 'NONE', #4289, .T. ) ;
#3453 = AXIS2_PLACEMENT_3D ( 'NONE', #411, #1766, #1093 ) ;
#3454 = VECTOR ( 'NONE', #861, 1000.000000000000000 ) ;
#3455 = CARTESIAN_POINT ( 'NONE',  ( 30.50000000000000000, 46.20000000000000995, -5.000000000000002665 ) ) ;
#3456 = CARTESIAN_POINT ( 'NONE',  ( 15.00000000000000000, 55.00000000000000000, -8.999999999999994671 ) ) ;
#3457 = EDGE_CURVE ( 'NONE', #2107, #695, #3591, .T. ) ;
#3458 = CIRCLE ( 'NONE', #1117, 1.000000000000000888 ) ;
#3459 = ORIENTED_EDGE ( 'NONE', *, *, #725, .T. ) ;
#3460 = CARTESIAN_POINT ( 'NONE',  ( 14.99999999999999645, 14.83872291602361315, -10.99999999999999645 ) ) ;
#3461 = FACE_OUTER_BOUND ( 'NONE', #3681, .T. ) ;
#3462 = CIRCLE ( 'NONE', #3392, 0.5000000000000000000 ) ;
#3463 = EDGE_LOOP ( 'NONE', ( #3849, #399, #2013, #3982 ) ) ;
#3464 = VERTEX_POINT ( 'NONE', #4158 ) ;
#3465 = CARTESIAN_POINT ( 'NONE',  ( 9.999999999999998224, 14.00000000000000000, -7.999999999999998224 ) ) ;
#3466 = CARTESIAN_POINT ( 'NONE',  ( 23.48651608239767086, 60.50000000000000000, -7.300000000000002487 ) ) ;
#3467 = DIRECTION ( 'NONE',  ( 0.000000000000000000, -5.473822126268816683E-48, 1.000000000000000000 ) ) ;
#3468 = LINE ( 'NONE', #112, #3899 ) ;
#3469 = VECTOR ( 'NONE', #1137, 1000.000000000000000 ) ;
#3470 = DIRECTION ( 'NONE',  ( 0.000000000000000000, 0.000000000000000000, -1.000000000000000000 ) ) ;
#3471 = DIRECTION ( 'NONE',  ( 0.000000000000000000, -0.000000000000000000, 1.000000000000000000 ) ) ;
#3472 = VERTEX_POINT ( 'NONE', #1104 ) ;
#3473 = CARTESIAN_POINT ( 'NONE',  ( 29.20371738571234133, 60.50000000000000000, -10.35405740880216818 ) ) ;
#3474 = EDGE_CURVE ( 'NONE', #1473, #224, #2399, .T. ) ;
#3475 = ORIENTED_EDGE ( 'NONE', *, *, #1680, .F. ) ;
#3476 = DIRECTION ( 'NONE',  ( 0.000000000000000000, 1.000000000000000000, 0.000000000000000000 ) ) ;
#3477 = ADVANCED_FACE ( 'NONE', ( #754 ), #2127, .T. ) ;
#3478 = DIRECTION ( 'NONE',  ( 1.000000000000000000, 0.000000000000000000, 0.000000000000000000 ) ) ;
#3479 = PRESENTATION_STYLE_ASSIGNMENT (( #3249 ) ) ;
#3480 = EDGE_CURVE ( 'NONE', #3610, #2400, #489, .T. ) ;
#3481 = ORIENTED_EDGE ( 'NONE', *, *, #4346, .T. ) ;
#3482 = EDGE_CURVE ( 'NONE', #3126, #3923, #1909, .T. ) ;
#3483 = DIRECTION ( 'NONE',  ( -0.000000000000000000, -1.000000000000000000, -0.000000000000000000 ) ) ;
#3484 = FACE_OUTER_BOUND ( 'NONE', #1163, .T. ) ;
#3485 = VERTEX_POINT ( 'NONE', #3666 ) ;
#3486 = VERTEX_POINT ( 'NONE', #3334 ) ;
#3487 = CYLINDRICAL_SURFACE ( 'NONE', #583, 6.000000000000000000 ) ;
#3488 = ADVANCED_FACE ( 'NONE', ( #4401 ), #2621, .F. ) ;
#3489 = LINE ( 'NONE', #2511, #4283 ) ;
#3490 = FACE_OUTER_BOUND ( 'NONE', #3374, .T. ) ;
#3491 = CARTESIAN_POINT ( 'NONE',  ( 23.98099919820321446, 19.20000000000000284, -3.500000000000001332 ) ) ;
#3492 = VECTOR ( 'NONE', #4209, 1000.000000000000000 ) ;
#3493 = DIRECTION ( 'NONE',  ( -0.000000000000000000, 0.000000000000000000, 1.000000000000000000 ) ) ;
#3494 = CARTESIAN_POINT ( 'NONE',  ( 15.00000000000000000, 0.000000000000000000, -9.999999999999996447 ) ) ;
#3495 = ORIENTED_EDGE ( 'NONE', *, *, #2351, .T. ) ;
#3496 = CARTESIAN_POINT ( 'NONE',  ( 31.00000000000000355, 54.00000000000000000, 0.000000000000000000 ) ) ;
#3497 = ORIENTED_EDGE ( 'NONE', *, *, #4253, .F. ) ;
#3498 = DIRECTION ( 'NONE',  ( -1.734723475976807341E-16, 0.000000000000000000, -1.000000000000000000 ) ) ;
#3499 = LINE ( 'NONE', #3654, #361 ) ;
#3500 = CARTESIAN_POINT ( 'NONE',  ( 15.00000000000000000, 61.00000000000000000, -7.499999999999998224 ) ) ;
#3501 = ORIENTED_EDGE ( 'NONE', *, *, #2524, .F. ) ;
#3502 = EDGE_CURVE ( 'NONE', #2355, #2290, #647, .T. ) ;
#3503 = PLANE ( 'NONE',  #1253 ) ;
#3504 = DIRECTION ( 'NONE',  ( 0.000000000000000000, 0.000000000000000000, 1.000000000000000000 ) ) ;
#3505 = EDGE_LOOP ( 'NONE', ( #2187, #3396, #1740, #1395, #3328 ) ) ;
#3506 = ORIENTED_EDGE ( 'NONE', *, *, #60, .F. ) ;
#3507 = EDGE_LOOP ( 'NONE', ( #3447, #932, #3723, #2860 ) ) ;
#3508 = CARTESIAN_POINT ( 'NONE',  ( 23.09437325232558180, 61.00000000000000000, -7.092893218813456357 ) ) ;
#3509 = DIRECTION ( 'NONE',  ( -0.000000000000000000, -0.000000000000000000, 1.000000000000000000 ) ) ;
#3510 = CARTESIAN_POINT ( 'NONE',  ( -1.000000000000001998, 17.03458108005454008, -2.500000000000000000 ) ) ;
#3511 = CARTESIAN_POINT ( 'NONE',  ( 21.50000000000000000, 17.69999999999999929, 3.469446951953614189E-15 ) ) ;
#3512 = AXIS2_PLACEMENT_3D ( 'NONE', #2097, #3073, #2737 ) ;
#3513 = LINE ( 'NONE', #2609, #1189 ) ;
#3514 = VECTOR ( 'NONE', #1876, 1000.000000000000000 ) ;
#3515 = ORIENTED_EDGE ( 'NONE', *, *, #2969, .T. ) ;
#3516 = CARTESIAN_POINT ( 'NONE',  ( 23.07356157873163127, 54.00000000000000000, -7.581901716741737296 ) ) ;
#3517 = EDGE_LOOP ( 'NONE', ( #2316, #4377, #2746, #524 ) ) ;
#3518 = CARTESIAN_POINT ( 'NONE',  ( 22.53979954365026117, 61.00000000000000000, -6.800000000000003375 ) ) ;
#3519 = EDGE_CURVE ( 'NONE', #1001, #3346, #3175, .T. ) ;
#3520 = EDGE_LOOP ( 'NONE', ( #2396, #756, #529, #107, #2475, #2994, #1019, #2420, #709, #2787 ) ) ;
#3521 = VECTOR ( 'NONE', #2055, 1000.000000000000000 ) ;
#3522 = AXIS2_PLACEMENT_3D ( 'NONE', #3609, #571, #4307 ) ;
#3523 = DIRECTION ( 'NONE',  ( 1.000000000000000000, 0.000000000000000000, -1.734723475976807341E-16 ) ) ;
#3524 = DIRECTION ( 'NONE',  ( -1.000000000000000000, 0.000000000000000000, 0.000000000000000000 ) ) ;
#3525 = VECTOR ( 'NONE', #3183, 1000.000000000000114 ) ;
#3526 = ORIENTED_EDGE ( 'NONE', *, *, #98, .F. ) ;
#3527 = ORIENTED_EDGE ( 'NONE', *, *, #9, .F. ) ;
#3528 = AXIS2_PLACEMENT_3D ( 'NONE', #3023, #1343, #4062 ) ;
#3529 = EDGE_LOOP ( 'NONE', ( #2256, #2684 ) ) ;
#3530 = CIRCLE ( 'NONE', #635, 0.5000000000000004441 ) ;
#3531 = CYLINDRICAL_SURFACE ( 'NONE', #2710, 0.5000000000000007772 ) ;
#3532 = EDGE_CURVE ( 'NONE', #3147, #3298, #3692, .T. ) ;
#3533 = LINE ( 'NONE', #3197, #1814 ) ;
#3534 = CARTESIAN_POINT ( 'NONE',  ( 10.00000000000000000, 54.00000000000000000, -7.999999999999998224 ) ) ;
#3535 = EDGE_CURVE ( 'NONE', #663, #776, #3728, .T. ) ;
#3536 = AXIS2_PLACEMENT_3D ( 'NONE', #1969, #3347, #643 ) ;
#3537 = CARTESIAN_POINT ( 'NONE',  ( 0.000000000000000000, 21.85640646055101755, 0.000000000000000000 ) ) ;
#3538 = CARTESIAN_POINT ( 'NONE',  ( 37.28571428571428470, 13.86062614193314779, -3.000000000000000000 ) ) ;
#3539 = ORIENTED_EDGE ( 'NONE', *, *, #4199, .F. ) ;
#3540 = DIRECTION ( 'NONE',  ( 2.001604010742470009E-16, -5.473822126268816683E-48, 1.000000000000000000 ) ) ;
#3541 = EDGE_CURVE ( 'NONE', #273, #1473, #3462, .T. ) ;
#3542 = EDGE_LOOP ( 'NONE', ( #2769, #2328, #3259, #993, #3265, #3578, #3050, #2907, #1177, #2995, #3138, #1419 ) ) ;
#3543 = DIRECTION ( 'NONE',  ( -1.000000000000000000, 0.000000000000000000, 0.000000000000000000 ) ) ;
#3544 = ADVANCED_FACE ( 'NONE', ( #983 ), #1268, .T. ) ;
#3545 = CARTESIAN_POINT ( 'NONE',  ( 15.00000000000000000, 61.00000000000000000, -13.49999999999999467 ) ) ;
#3546 = CARTESIAN_POINT ( 'NONE',  ( -1.000000000000000000, 17.03458108005454008, -3.000000000000000000 ) ) ;
#3547 = ORIENTED_EDGE ( 'NONE', *, *, #2530, .T. ) ;
#3548 = DIRECTION ( 'NONE',  ( -2.001604010742470009E-16, 0.000000000000000000, -1.000000000000000000 ) ) ;
#3549 = ORIENTED_EDGE ( 'NONE', *, *, #3817, .F. ) ;
#3550 = VERTEX_POINT ( 'NONE', #1949 ) ;
#3551 = CARTESIAN_POINT ( 'NONE',  ( 15.41912486123970361, 14.18600732609549198, -10.90792860440168788 ) ) ;
#3552 = DIRECTION ( 'NONE',  ( -0.000000000000000000, -1.000000000000000000, -0.000000000000000000 ) ) ;
#3553 = CARTESIAN_POINT ( 'NONE',  ( 36.00000000000000000, 6.999999999999992895, 0.000000000000000000 ) ) ;
#3554 = DIRECTION ( 'NONE',  ( -1.734723475976807341E-16, -0.000000000000000000, -1.000000000000000000 ) ) ;
#3555 = EDGE_CURVE ( 'NONE', #2985, #1340, #352, .T. ) ;
#3556 = EDGE_CURVE ( 'NONE', #1358, #1409, #1475, .T. ) ;
#3557 = CARTESIAN_POINT ( 'NONE',  ( 24.98099919820321446, 18.19999999999999929, -4.000000000000000888 ) ) ;
#3558 = ORIENTED_EDGE ( 'NONE', *, *, #2700, .T. ) ;
#3559 = CYLINDRICAL_SURFACE ( 'NONE', #1686, 8.000000000000000000 ) ;
#3560 = FACE_OUTER_BOUND ( 'NONE', #4023, .T. ) ;
#3561 = EDGE_LOOP ( 'NONE', ( #3837, #2014, #278, #559 ) ) ;
#3562 = CARTESIAN_POINT ( 'NONE',  ( 29.50000000000000000, 61.00000000000000000, -5.419062086227037406E-15 ) ) ;
#3563 = CIRCLE ( 'NONE', #304, 0.5000000000000004441 ) ;
#3564 = DIRECTION ( 'NONE',  ( 1.000000000000000000, -0.000000000000000000, -0.000000000000000000 ) ) ;
#3565 = CARTESIAN_POINT ( 'NONE',  ( -0.4915482096608462803, 18.38665080921410677, -3.136015133813726763 ) ) ;
#3566 = VERTEX_POINT ( 'NONE', #940 ) ;
#3567 = PRESENTATION_STYLE_ASSIGNMENT (( #1506 ) ) ;
#3568 = DIRECTION ( 'NONE',  ( -1.000000000000000000, -8.673617379884035472E-16, 0.000000000000000000 ) ) ;
#3569 = VERTEX_POINT ( 'NONE', #626 ) ;
#3570 = ORIENTED_EDGE ( 'NONE', *, *, #2886, .T. ) ;
#3571 = CARTESIAN_POINT ( 'NONE',  ( 30.98099919820321446, 46.20000000000000995, -5.136527547871725830 ) ) ;
#3572 = ORIENTED_EDGE ( 'NONE', *, *, #2692, .T. ) ;
#3573 = ADVANCED_BREP_SHAPE_REPRESENTATION ( 'Bowden Inlet with switchfor 2020', ( #2536, #558 ), #1624 ) ;
#3574 = CARTESIAN_POINT ( 'NONE',  ( 30.98099919820321446, 46.20000000000000995, -3.500000000000002220 ) ) ;
#3575 = FACE_OUTER_BOUND ( 'NONE', #1939, .T. ) ;
#3576 = CARTESIAN_POINT ( 'NONE',  ( 17.49999999999999645, 53.50000000000000000, -17.50000000000000000 ) ) ;
#3577 = EDGE_CURVE ( 'NONE', #3839, #1358, #3753, .T. ) ;
#3578 = ORIENTED_EDGE ( 'NONE', *, *, #4393, .T. ) ;
#3579 = ADVANCED_FACE ( 'NONE', ( #3306 ), #268, .T. ) ;
#3580 = AXIS2_PLACEMENT_3D ( 'NONE', #2657, #4029, #3033 ) ;
#3581 = DIRECTION ( 'NONE',  ( 0.000000000000000000, 0.000000000000000000, 1.000000000000000000 ) ) ;
#3582 = CARTESIAN_POINT ( 'NONE',  ( 30.99999999999999289, 12.61313434124464727, -3.092757539657523314 ) ) ;
#3583 = EDGE_LOOP ( 'NONE', ( #4097, #3309 ) ) ;
#3584 = CARTESIAN_POINT ( 'NONE',  ( 29.20371738571234133, 60.50000000000000000, -10.35405740880216641 ) ) ;
#3585 = CARTESIAN_POINT ( 'NONE',  ( 22.98099919820321446, 39.19999999999999574, -3.500000000000000888 ) ) ;
#3586 = CIRCLE ( 'NONE', #2661, 0.5000000000000005551 ) ;
#3587 = ORIENTED_EDGE ( 'NONE', *, *, #3614, .F. ) ;
#3588 = DIRECTION ( 'NONE',  ( -0.000000000000000000, -1.000000000000000000, -0.000000000000000000 ) ) ;
#3589 = AXIS2_PLACEMENT_3D ( 'NONE', #4348, #2645, #944 ) ;
#3590 = DIRECTION ( 'NONE',  ( 0.000000000000000000, 0.000000000000000000, -1.000000000000000000 ) ) ;
#3591 = B_SPLINE_CURVE_WITH_KNOTS ( 'NONE', 3,
 ( #68, #2767, #4136, #1082 ),
 .UNSPECIFIED., .F., .F.,
 ( 4, 4 ),
 ( 0.000000000000000000, 0.0001378435141325844485 ),
 .UNSPECIFIED. ) ;
#3592 = VECTOR ( 'NONE', #2889, 1000.000000000000000 ) ;
#3593 = CARTESIAN_POINT ( 'NONE',  ( -0.1523710153763319364, 20.24899564480871206, -3.436744141790932794 ) ) ;
#3594 = VERTEX_POINT ( 'NONE', #1290 ) ;
#3595 = AXIS2_PLACEMENT_3D ( 'NONE', #3585, #1518, #2124 ) ;
#3596 = CARTESIAN_POINT ( 'NONE',  ( 28.79076288204630174, 54.50000000000000000, -10.63595912554389677 ) ) ;
#3597 = ORIENTED_EDGE ( 'NONE', *, *, #3129, .F. ) ;
#3598 = EDGE_CURVE ( 'NONE', #4384, #2080, #2641, .T. ) ;
#3599 = ORIENTED_EDGE ( 'NONE', *, *, #4015, .T. ) ;
#3600 = CARTESIAN_POINT ( 'NONE',  ( 41.49999999999999289, 14.00000000000001066, -2.500000000000000000 ) ) ;
#3601 = CIRCLE ( 'NONE', #3317, 1.500000000000001332 ) ;
#3602 = DIRECTION ( 'NONE',  ( 0.000000000000000000, 0.000000000000000000, -1.000000000000000000 ) ) ;
#3603 = CARTESIAN_POINT ( 'NONE',  ( 30.00000000000000000, 60.50000000000000000, -7.999999999999998224 ) ) ;
#3604 = DIRECTION ( 'NONE',  ( -1.000000000000000000, 0.000000000000000000, 0.000000000000000000 ) ) ;
#3605 = TOROIDAL_SURFACE ( 'NONE', #341, 9.500000000000001776, 0.5000000000000000000 ) ;
#3606 = ORIENTED_EDGE ( 'NONE', *, *, #251, .F. ) ;
#3607 = CIRCLE ( 'NONE', #3827, 6.000000000000000000 ) ;
#3608 = CARTESIAN_POINT ( 'NONE',  ( 29.50000000000000000, 13.50000000000000000, -7.999999999999998224 ) ) ;
#3609 = CARTESIAN_POINT ( 'NONE',  ( 15.00000000000000000, 63.82842712474619162, -9.999999999999996447 ) ) ;
#3610 = VERTEX_POINT ( 'NONE', #2309 ) ;
#3611 = VECTOR ( 'NONE', #2352, 1000.000000000000000 ) ;
#3612 = CARTESIAN_POINT ( 'NONE',  ( 15.99999999999999645, 14.00000000000000000, -9.868045173795261249 ) ) ;
#3613 = DIRECTION ( 'NONE',  ( 0.000000000000000000, 0.000000000000000000, -1.000000000000000000 ) ) ;
#3614 = EDGE_CURVE ( 'NONE', #792, #1702, #4051, .T. ) ;
#3615 = DIRECTION ( 'NONE',  ( -1.000000000000000000, 0.000000000000000000, 0.000000000000000000 ) ) ;
#3616 = CIRCLE ( 'NONE', #1128, 0.5000000000000003331 ) ;
#3617 = ORIENTED_EDGE ( 'NONE', *, *, #2794, .T. ) ;
#3618 = CARTESIAN_POINT ( 'NONE',  ( -0.2285604099673671230, 19.91672179068714499, -3.160622930596747704 ) ) ;
#3619 = EDGE_LOOP ( 'NONE', ( #3629, #1866, #3987, #4271 ) ) ;
#3620 = EDGE_CURVE ( 'NONE', #3401, #3142, #2262, .T. ) ;
#3621 = ADVANCED_FACE ( 'NONE', ( #2658, #3010, #2010, #4380, #4031 ), #2332, .F. ) ;
#3622 = DIRECTION ( 'NONE',  ( -1.734723475976807341E-16, 0.000000000000000000, -1.000000000000000000 ) ) ;
#3623 = ORIENTED_EDGE ( 'NONE', *, *, #2212, .T. ) ;
#3624 = DIRECTION ( 'NONE',  ( 1.000000000000000000, 0.000000000000000000, -1.734723475976807341E-16 ) ) ;
#3625 = CARTESIAN_POINT ( 'NONE',  ( 21.50000000000000000, 36.69999999999999574, -5.500000000000000888 ) ) ;
#3626 = CIRCLE ( 'NONE', #2057, 0.5000000000000000000 ) ;
#3627 = DIRECTION ( 'NONE',  ( 0.000000000000000000, 0.000000000000000000, -1.000000000000000000 ) ) ;
#3628 = CARTESIAN_POINT ( 'NONE',  ( 15.00000000000000000, 14.18600732609549198, -9.999999999999996447 ) ) ;
#3629 = ORIENTED_EDGE ( 'NONE', *, *, #1813, .T. ) ;
#3630 = EDGE_CURVE ( 'NONE', #3174, #3610, #128, .T. ) ;
#3631 = AXIS2_PLACEMENT_3D ( 'NONE', #3800, #1107, #25 ) ;
#3632 = CARTESIAN_POINT ( 'NONE',  ( 15.04860743239946608, 28.35550870294661507, -8.997029870371964222 ) ) ;
#3633 = CARTESIAN_POINT ( 'NONE',  ( 31.00000000000000355, 12.43669181122555401, -3.069078043177173143 ) ) ;
#3634 = AXIS2_PLACEMENT_3D ( 'NONE', #3941, #925, #2887 ) ;
#3635 = ORIENTED_EDGE ( 'NONE', *, *, #4057, .F. ) ;
#3636 = EDGE_LOOP ( 'NONE', ( #4250, #135, #2401, #3012 ) ) ;
#3637 = CARTESIAN_POINT ( 'NONE',  ( 15.68723250373768252, 14.04753521791862880, -9.262606785198322257 ) ) ;
#3638 = DIRECTION ( 'NONE',  ( -1.000000000000000000, 0.000000000000000000, 0.000000000000000000 ) ) ;
#3639 = CARTESIAN_POINT ( 'NONE',  ( 15.99999999999999645, 15.00000000000000000, -8.000000000000000000 ) ) ;
#3640 = B_SPLINE_CURVE_WITH_KNOTS ( 'NONE', 3,
 ( #3571, #966, #2951, #3264 ),
 .UNSPECIFIED., .F., .F.,
 ( 4, 4 ),
 ( 0.000000000000000000, 0.0001378435141325835812 ),
 .UNSPECIFIED. ) ;
#3641 = ORIENTED_EDGE ( 'NONE', *, *, #3206, .T. ) ;
#3642 = CARTESIAN_POINT ( 'NONE',  ( -0.2450214772570486199, 19.85177462833291884, -3.310503353382022951 ) ) ;
#3643 = DIRECTION ( 'NONE',  ( 1.734723475976807587E-16, -0.000000000000000000, 1.000000000000000000 ) ) ;
#3644 = DIRECTION ( 'NONE',  ( -1.000000000000000000, 0.000000000000000000, 0.000000000000000000 ) ) ;
#3645 = ORIENTED_EDGE ( 'NONE', *, *, #2244, .T. ) ;
#3646 = CARTESIAN_POINT ( 'NONE',  ( 29.50000000000000000, 0.000000000000000000, -4.000000000000000000 ) ) ;
#3647 = ORIENTED_EDGE ( 'NONE', *, *, #4089, .F. ) ;
#3648 = EDGE_CURVE ( 'NONE', #1409, #3043, #2100, .T. ) ;
#3649 = CARTESIAN_POINT ( 'NONE',  ( 23.98099919820321446, 19.20000000000000284, -4.000000000000000888 ) ) ;
#3650 = DIRECTION ( 'NONE',  ( -1.000000000000000000, 0.000000000000000000, 0.000000000000000000 ) ) ;
#3651 = CARTESIAN_POINT ( 'NONE',  ( 15.36137064043616540, 28.77430131863443563, -10.93464037707356695 ) ) ;
#3652 = VERTEX_POINT ( 'NONE', #1098 ) ;
#3653 = EDGE_CURVE ( 'NONE', #1449, #4160, #2480, .T. ) ;
#3654 = CARTESIAN_POINT ( 'NONE',  ( 28.03145566721505233, 54.50000000000000000, -13.95782845217611445 ) ) ;
#3655 = CARTESIAN_POINT ( 'NONE',  ( 31.00000000000000711, 13.82739239033751133, -3.597069420549419583 ) ) ;
#3656 = ORIENTED_EDGE ( 'NONE', *, *, #2690, .T. ) ;
#3657 = ORIENTED_EDGE ( 'NONE', *, *, #66, .F. ) ;
#3658 = ADVANCED_FACE ( 'NONE', ( #1413 ), #1078, .F. ) ;
#3659 = VERTEX_POINT ( 'NONE', #1063 ) ;
#3660 = EDGE_LOOP ( 'NONE', ( #4399, #43, #479, #2580 ) ) ;
#3661 = DIRECTION ( 'NONE',  ( -1.734723475976807341E-16, -0.000000000000000000, -1.000000000000000000 ) ) ;
#3662 = ORIENTED_EDGE ( 'NONE', *, *, #243, .T. ) ;
#3663 = CARTESIAN_POINT ( 'NONE',  ( 14.99999999999999467, 27.99999999999999645, -8.999999999999992895 ) ) ;
#3664 = AXIS2_PLACEMENT_3D ( 'NONE', #4050, #4069, #1004 ) ;
#3665 = EDGE_CURVE ( 'NONE', #3911, #2173, #438, .T. ) ;
#3666 = CARTESIAN_POINT ( 'NONE',  ( 20.98099919820321446, 46.20000000000000284, -5.500000000000000888 ) ) ;
#3667 = DIRECTION ( 'NONE',  ( 1.000000000000000000, 0.000000000000000000, 0.000000000000000000 ) ) ;
#3668 = AXIS2_PLACEMENT_3D ( 'NONE', #2900, #4266, #1212 ) ;
#3669 = VERTEX_POINT ( 'NONE', #2452 ) ;
#3670 = CIRCLE ( 'NONE', #2384, 0.4999999999999993894 ) ;
#3671 = LINE ( 'NONE', #967, #184 ) ;
#3672 = DIRECTION ( 'NONE',  ( 1.734723475976807341E-16, 0.000000000000000000, 1.000000000000000000 ) ) ;
#3673 = ADVANCED_FACE ( 'NONE', ( #1792 ), #1454, .F. ) ;
#3674 = ORIENTED_EDGE ( 'NONE', *, *, #3482, .T. ) ;
#3675 = CIRCLE ( 'NONE', #3595, 1.500000000000001332 ) ;
#3676 = EDGE_CURVE ( 'NONE', #4172, #1604, #1199, .T. ) ;
#3677 = AXIS2_PLACEMENT_3D ( 'NONE', #3029, #3365, #3707 ) ;
#3678 = TOROIDAL_SURFACE ( 'NONE', #766, 7.000000000000001776, 6.000000000000000000 ) ;
#3679 = FACE_OUTER_BOUND ( 'NONE', #866, .T. ) ;
#3680 = CARTESIAN_POINT ( 'NONE',  ( 30.93409997400268452, 13.87873267064371952, -5.251206634875471124 ) ) ;
#3681 = EDGE_LOOP ( 'NONE', ( #250, #2334, #4056, #2215 ) ) ;
#3682 = EDGE_CURVE ( 'NONE', #2400, #1069, #748, .T. ) ;
#3683 = CIRCLE ( 'NONE', #2744, 0.5000000000000004441 ) ;
#3684 = TOROIDAL_SURFACE ( 'NONE', #3031, 6.499999999999999112, 4.000000000000000000 ) ;
#3685 = ADVANCED_FACE ( 'NONE', ( #2123 ), #1628, .T. ) ;
#3686 = VECTOR ( 'NONE', #4179, 1000.000000000000000 ) ;
#3687 = EDGE_LOOP ( 'NONE', ( #237, #1639, #1996, #3430 ) ) ;
#3688 = DIRECTION ( 'NONE',  ( 0.000000000000000000, -0.000000000000000000, -1.000000000000000000 ) ) ;
#3689 = VERTEX_POINT ( 'NONE', #4176 ) ;
#3690 = DIRECTION ( 'NONE',  ( -0.000000000000000000, -0.000000000000000000, 1.000000000000000000 ) ) ;
#3691 = AXIS2_PLACEMENT_3D ( 'NONE', #35, #99, #418 ) ;
#3692 = LINE ( 'NONE', #1683, #994 ) ;
#3693 = AXIS2_PLACEMENT_3D ( 'NONE', #3807, #92, #1469 ) ;
#3694 = CARTESIAN_POINT ( 'NONE',  ( 14.49999999999999467, 27.99999999999999645, -17.49999999999999645 ) ) ;
#3695 = ORIENTED_EDGE ( 'NONE', *, *, #2244, .F. ) ;
#3696 = CARTESIAN_POINT ( 'NONE',  ( 26.51348391760233270, 54.50000000000000000, -7.300000000000004263 ) ) ;
#3697 = VERTEX_POINT ( 'NONE', #4131 ) ;
#3698 = CARTESIAN_POINT ( 'NONE',  ( 31.00000000000000000, 18.70036116090611955, -3.500000000000002220 ) ) ;
#3699 = CARTESIAN_POINT ( 'NONE',  ( -3.399999999999999023, 7.000000000000000000, 0.000000000000000000 ) ) ;
#3700 = ORIENTED_EDGE ( 'NONE', *, *, #3252, .F. ) ;
#3701 = DIRECTION ( 'NONE',  ( -1.000000000000000000, -6.938893903907229364E-16, 0.000000000000000000 ) ) ;
#3702 = CARTESIAN_POINT ( 'NONE',  ( 14.99999999999999645, 15.00000000000000000, -8.999999999999996447 ) ) ;
#3703 = DIRECTION ( 'NONE',  ( 1.000000000000000000, 0.000000000000000000, 0.000000000000000000 ) ) ;
#3704 = EDGE_CURVE ( 'NONE', #1255, #3485, #2975, .T. ) ;
#3705 = APPLICATION_CONTEXT ( 'automotive_design' ) ;
#3706 = ORIENTED_EDGE ( 'NONE', *, *, #2783, .T. ) ;
#3707 = DIRECTION ( 'NONE',  ( 0.000000000000000000, 0.000000000000000000, -1.000000000000000000 ) ) ;
#3708 = ORIENTED_EDGE ( 'NONE', *, *, #4112, .T. ) ;
#3709 = LINE ( 'NONE', #1658, #2312 ) ;
#3710 = AXIS2_PLACEMENT_3D ( 'NONE', #3783, #110, #1134 ) ;
#3711 = CARTESIAN_POINT ( 'NONE',  ( 14.99999999999999645, 63.82842712474619162, -10.99999999999999822 ) ) ;
#3712 = DIRECTION ( 'NONE',  ( 0.000000000000000000, 0.000000000000000000, -1.000000000000000000 ) ) ;
#3713 = EDGE_LOOP ( 'NONE', ( #2245, #2698, #1386, #185, #644 ) ) ;
#3714 = ORIENTED_EDGE ( 'NONE', *, *, #1115, .T. ) ;
#3715 = CARTESIAN_POINT ( 'NONE',  ( 14.68628103019668352, 60.50000000000000000, 10.02553016908642292 ) ) ;
#3716 = DIRECTION ( 'NONE',  ( 0.000000000000000000, 0.000000000000000000, -1.000000000000000000 ) ) ;
#3717 = ORIENTED_EDGE ( 'NONE', *, *, #2363, .F. ) ;
#3718 = DIRECTION ( 'NONE',  ( 0.000000000000000000, 0.000000000000000000, 1.000000000000000000 ) ) ;
#3719 = EDGE_CURVE ( 'NONE', #1508, #2354, #4153, .T. ) ;
#3720 = DIRECTION ( 'NONE',  ( -1.000000000000000000, 0.000000000000000000, 1.734723475976808820E-16 ) ) ;
#3721 = EDGE_CURVE ( 'NONE', #76, #1329, #1753, .T. ) ;
#3722 = CARTESIAN_POINT ( 'NONE',  ( 29.30507000285777153, 54.02990254279482940, -10.85405740880216996 ) ) ;
#3723 = ORIENTED_EDGE ( 'NONE', *, *, #2463, .F. ) ;
#3724 = CARTESIAN_POINT ( 'NONE',  ( 17.50000000000000000, 53.50000000000000000, -5.499999999999998224 ) ) ;
#3725 = ORIENTED_EDGE ( 'NONE', *, *, #2623, .F. ) ;
#3726 = CARTESIAN_POINT ( 'NONE',  ( 29.20371738571234133, 60.50000000000000000, -10.35405740880216818 ) ) ;
#3727 = VECTOR ( 'NONE', #2023, 1000.000000000000000 ) ;
#3728 = LINE ( 'NONE', #3711, #1551 ) ;
#3729 = DIRECTION ( 'NONE',  ( -1.000000000000000000, 0.000000000000000000, 0.000000000000000000 ) ) ;
#3730 = EDGE_CURVE ( 'NONE', #603, #511, #1764, .T. ) ;
#3731 = CIRCLE ( 'NONE', #182, 0.5000000000000004441 ) ;
#3732 = ORIENTED_EDGE ( 'NONE', *, *, #4219, .F. ) ;
#3733 = VECTOR ( 'NONE', #548, 1000.000000000000000 ) ;
#3734 = EDGE_CURVE ( 'NONE', #3464, #788, #629, .T. ) ;
#3735 = EDGE_CURVE ( 'NONE', #300, #4366, #711, .T. ) ;
#3736 = CARTESIAN_POINT ( 'NONE',  ( 15.00000000000000000, 14.18600732609549198, -11.00000000000000000 ) ) ;
#3737 = CARTESIAN_POINT ( 'NONE',  ( 0.000000000000000000, 14.00000000000000000, -5.499999999999997335 ) ) ;
#3738 = EDGE_LOOP ( 'NONE', ( #988, #1312, #1555, #1059 ) ) ;
#3739 = VERTEX_POINT ( 'NONE', #373 ) ;
#3740 = FACE_OUTER_BOUND ( 'NONE', #3507, .T. ) ;
#3741 = AXIS2_PLACEMENT_3D ( 'NONE', #4204, #778, #423 ) ;
#3742 =( BOUNDED_CURVE ( )  B_SPLINE_CURVE ( 3, ( #3466, #428, #3508, #1782 ),
 .UNSPECIFIED., .F., .F. ) 
 B_SPLINE_CURVE_WITH_KNOTS ( ( 4, 4 ),
 ( 0.000000000000000000, 1.570796326794896558 ),
 .UNSPECIFIED. ) 
 CURVE ( )  GEOMETRIC_REPRESENTATION_ITEM ( )  RATIONAL_B_SPLINE_CURVE ( ( 1.000000000000000000, 0.8047378541243649375, 0.8047378541243649375, 1.000000000000000000 ) ) 
 REPRESENTATION_ITEM ( '' )  );
#3743 = CARTESIAN_POINT ( 'NONE',  ( 20.98099919820321446, 46.20000000000000284, -3.500000000000000444 ) ) ;
#3744 = DIRECTION ( 'NONE',  ( 1.000000000000000000, 0.000000000000000000, -1.734723475976806108E-16 ) ) ;
#3745 = CARTESIAN_POINT ( 'NONE',  ( 0.5000000000000000000, 0.5000000000000004441, 0.000000000000000000 ) ) ;
#3746 = AXIS2_PLACEMENT_3D ( 'NONE', #997, #3085, #4022 ) ;
#3747 = EDGE_LOOP ( 'NONE', ( #3182, #1027, #1855, #732 ) ) ;
#3748 = LINE ( 'NONE', #3116, #2677 ) ;
#3749 = AXIS2_PLACEMENT_3D ( 'NONE', #173, #2505, #820 ) ;
#3750 = VECTOR ( 'NONE', #2225, 1000.000000000000000 ) ;
#3751 = ORIENTED_EDGE ( 'NONE', *, *, #1170, .T. ) ;
#3752 = CARTESIAN_POINT ( 'NONE',  ( 20.98099919820321446, 45.70000000000000284, -3.500000000000000444 ) ) ;
#3753 = CIRCLE ( 'NONE', #3039, 1.000000000000000888 ) ;
#3754 = EDGE_CURVE ( 'NONE', #927, #2449, #283, .T. ) ;
#3755 = DIRECTION ( 'NONE',  ( -1.000000000000000000, 0.000000000000000000, 0.000000000000000000 ) ) ;
#3756 = CARTESIAN_POINT ( 'NONE',  ( 22.98099919820321446, 39.19999999999999574, -3.500000000000001332 ) ) ;
#3757 = AXIS2_PLACEMENT_3D ( 'NONE', #4340, #4398, #2943 ) ;
#3758 = EDGE_CURVE ( 'NONE', #2987, #3949, #2782, .T. ) ;
#3759 = ORIENTED_EDGE ( 'NONE', *, *, #3857, .T. ) ;
#3760 = EDGE_CURVE ( 'NONE', #2715, #3689, #2236, .T. ) ;
#3761 = CARTESIAN_POINT ( 'NONE',  ( 31.00000000000000355, 18.20018053153027893, -3.867919576985221486 ) ) ;
#3762 = CARTESIAN_POINT ( 'NONE',  ( 12.62150851186649270, 60.50000000000000000, 8.616021585377760417 ) ) ;
#3763 = ORIENTED_EDGE ( 'NONE', *, *, #3719, .F. ) ;
#3764 = ORIENTED_EDGE ( 'NONE', *, *, #3541, .T. ) ;
#3765 = ADVANCED_FACE ( 'NONE', ( #846 ), #4105, .T. ) ;
#3766 = CARTESIAN_POINT ( 'NONE',  ( 29.20371738571233777, 60.50000000000000000, -10.35405740880217174 ) ) ;
#3767 = CYLINDRICAL_SURFACE ( 'NONE', #2216, 1.000000000000000888 ) ;
#3768 = CARTESIAN_POINT ( 'NONE',  ( 41.99999999999999289, 8.000000000000000000, 0.000000000000000000 ) ) ;
#3769 = AXIS2_PLACEMENT_3D ( 'NONE', #1251, #1228, #2983 ) ;
#3770 = ORIENTED_EDGE ( 'NONE', *, *, #332, .T. ) ;
#3771 = LINE ( 'NONE', #349, #1116 ) ;
#3772 = EDGE_LOOP ( 'NONE', ( #2724, #3570, #4355, #1597, #3475 ) ) ;
#3773 = DIRECTION ( 'NONE',  ( -0.000000000000000000, 1.000000000000000000, 0.000000000000000000 ) ) ;
#3774 = CARTESIAN_POINT ( 'NONE',  ( 31.00000000000000000, 0.5000000000000000000, -4.000000000000000000 ) ) ;
#3775 = CARTESIAN_POINT ( 'NONE',  ( -12.00000000000000000, 8.000000000000000000, -3.000000000000000000 ) ) ;
#3776 = EDGE_LOOP ( 'NONE', ( #3495, #692, #3861, #1995 ) ) ;
#3777 = DIRECTION ( 'NONE',  ( -1.734723475976807341E-16, -0.000000000000000000, -1.000000000000000000 ) ) ;
#3778 = DIRECTION ( 'NONE',  ( 1.000000000000000000, 0.000000000000000000, 0.000000000000000000 ) ) ;
#3779 = VERTEX_POINT ( 'NONE', #1480 ) ;
#3780 = ORIENTED_EDGE ( 'NONE', *, *, #3704, .T. ) ;
#3781 = DIRECTION ( 'NONE',  ( 1.000000000000000000, 0.000000000000000000, 0.000000000000000000 ) ) ;
#3782 = VECTOR ( 'NONE', #4370, 1000.000000000000000 ) ;
#3783 = CARTESIAN_POINT ( 'NONE',  ( 21.50000000000000000, 17.69999999999999929, 3.469446951953614189E-15 ) ) ;
#3784 = FACE_OUTER_BOUND ( 'NONE', #1169, .T. ) ;
#3785 = EDGE_CURVE ( 'NONE', #2473, #2859, #4180, .T. ) ;
#3786 = DIRECTION ( 'NONE',  ( 0.000000000000000000, -1.000000000000000000, 0.000000000000000000 ) ) ;
#3787 = ORIENTED_EDGE ( 'NONE', *, *, #3068, .F. ) ;
#3788 = CARTESIAN_POINT ( 'NONE',  ( -0.01949656144796626037, 21.04055168035811718, -3.771472966628376167 ) ) ;
#3789 = ADVANCED_FACE ( 'NONE', ( #3186 ), #192, .F. ) ;
#3790 = ORIENTED_EDGE ( 'NONE', *, *, #921, .F. ) ;
#3791 = CARTESIAN_POINT ( 'NONE',  ( 26.51348391760233270, 54.50000000000000000, -7.300000000000004263 ) ) ;
#3792 = DIRECTION ( 'NONE',  ( 0.000000000000000000, 0.000000000000000000, -1.000000000000000000 ) ) ;
#3793 = ORIENTED_EDGE ( 'NONE', *, *, #2418, .T. ) ;
#3794 = AXIS2_PLACEMENT_3D ( 'NONE', #4087, #2029, #15 ) ;
#3795 = CARTESIAN_POINT ( 'NONE',  ( 20.98099919820321446, 40.20000000000000284, -5.500000000000000888 ) ) ;
#3796 = CARTESIAN_POINT ( 'NONE',  ( 24.48099919820321446, 45.20000000000000284, -4.000000000000000888 ) ) ;
#3797 = CIRCLE ( 'NONE', #1953, 1.424999999999999156 ) ;
#3798 = ORIENTED_EDGE ( 'NONE', *, *, #1958, .T. ) ;
#3799 = ORIENTED_EDGE ( 'NONE', *, *, #3474, .T. ) ;
#3800 = CARTESIAN_POINT ( 'NONE',  ( 15.00000000000000000, 55.00000000000000000, -9.999999999999996447 ) ) ;
#3801 = CIRCLE ( 'NONE', #2098, 2.600000000000000089 ) ;
#3802 = CARTESIAN_POINT ( 'NONE',  ( 30.98099919820321446, 45.70000000000000995, -3.500000000000002220 ) ) ;
#3803 = EDGE_CURVE ( 'NONE', #3739, #1061, #2266, .T. ) ;
#3804 = DIRECTION ( 'NONE',  ( 0.1428571428571423219, -0.9897433186107872372, 0.000000000000000000 ) ) ;
#3805 = DIRECTION ( 'NONE',  ( 0.000000000000000000, -1.000000000000000000, 0.000000000000000000 ) ) ;
#3806 = AXIS2_PLACEMENT_3D ( 'NONE', #1709, #989, #733 ) ;
#3807 = CARTESIAN_POINT ( 'NONE',  ( 19.99999999999993250, 0.5000000000000000000, -17.49999999999999645 ) ) ;
#3808 = EDGE_CURVE ( 'NONE', #4372, #4354, #3207, .T. ) ;
#3809 = CIRCLE ( 'NONE', #402, 0.5000000000000004441 ) ;
#3810 = EDGE_CURVE ( 'NONE', #3689, #511, #1979, .T. ) ;
#3811 = CYLINDRICAL_SURFACE ( 'NONE', #339, 2.599999999999998312 ) ;
#3812 = ORIENTED_EDGE ( 'NONE', *, *, #947, .F. ) ;
#3813 = CARTESIAN_POINT ( 'NONE',  ( 21.50000000000000000, 36.69999999999999574, -5.500000000000000888 ) ) ;
#3814 = VECTOR ( 'NONE', #851, 1000.000000000000000 ) ;
#3815 = ORIENTED_EDGE ( 'NONE', *, *, #2135, .T. ) ;
#3816 = CARTESIAN_POINT ( 'NONE',  ( 30.00000000000000000, 54.00000000000000000, -5.510910596163088767E-15 ) ) ;
#3817 = EDGE_CURVE ( 'NONE', #1724, #3043, #490, .T. ) ;
#3818 = CIRCLE ( 'NONE', #1266, 1.000000000000000888 ) ;
#3819 = VECTOR ( 'NONE', #4334, 1000.000000000000000 ) ;
#3820 = DIRECTION ( 'NONE',  ( -1.734723475976807587E-16, -0.000000000000000000, -1.000000000000000000 ) ) ;
#3821 = DIRECTION ( 'NONE',  ( -0.000000000000000000, 1.000000000000000000, -0.000000000000000000 ) ) ;
#3822 = EDGE_CURVE ( 'NONE', #1353, #2158, #2546, .T. ) ;
#3823 = CIRCLE ( 'NONE', #277, 10.00000000000000178 ) ;
#3824 = VERTEX_POINT ( 'NONE', #1571 ) ;
#3825 = LINE ( 'NONE', #4135, #2525 ) ;
#3826 = CARTESIAN_POINT ( 'NONE',  ( 15.00000000000000000, 63.82842712474619162, -11.00000000000000000 ) ) ;
#3827 = AXIS2_PLACEMENT_3D ( 'NONE', #2507, #2417, #378 ) ;
#3828 = ORIENTED_EDGE ( 'NONE', *, *, #1523, .T. ) ;
#3829 = EDGE_LOOP ( 'NONE', ( #1985, #4106, #3237, #2252 ) ) ;
#3830 = CARTESIAN_POINT ( 'NONE',  ( 15.00000000000000000, 61.00000000000000000, -9.999999999999996447 ) ) ;
#3831 = DIRECTION ( 'NONE',  ( -1.000000000000000000, 0.000000000000000000, 0.000000000000000000 ) ) ;
#3832 = CARTESIAN_POINT ( 'NONE',  ( 30.00000000000000000, 10.12701665379256788, -2.120002193514088509E-47 ) ) ;
#3833 = DIRECTION ( 'NONE',  ( 0.000000000000000000, -0.000000000000000000, 1.000000000000000000 ) ) ;
#3834 = AXIS2_PLACEMENT_3D ( 'NONE', #383, #1785, #2156 ) ;
#3835 = DIRECTION ( 'NONE',  ( -1.000000000000000000, 0.000000000000000000, 0.000000000000000000 ) ) ;
#3836 = DIRECTION ( 'NONE',  ( 0.000000000000000000, 1.000000000000000000, 0.000000000000000000 ) ) ;
#3837 = ORIENTED_EDGE ( 'NONE', *, *, #3986, .T. ) ;
#3838 = DIRECTION ( 'NONE',  ( 1.000000000000000000, 0.000000000000000000, -1.734723475976807341E-16 ) ) ;
#3839 = VERTEX_POINT ( 'NONE', #3545 ) ;
#3840 = CARTESIAN_POINT ( 'NONE',  ( -6.000000000000001776, 8.000000000000000000, -3.000000000000000000 ) ) ;
#3841 = EDGE_CURVE ( 'NONE', #1653, #1456, #3888, .T. ) ;
#3842 = CIRCLE ( 'NONE', #1924, 0.5000000000000004441 ) ;
#3843 = DIRECTION ( 'NONE',  ( 0.5638034334834640671, -0.000000000000000000, -0.8259090073320771719 ) ) ;
#3844 = DIRECTION ( 'NONE',  ( -1.000000000000000000, 0.000000000000000000, 0.000000000000000000 ) ) ;
#3845 = ORIENTED_EDGE ( 'NONE', *, *, #466, .T. ) ;
#3846 = CIRCLE ( 'NONE', #3631, 2.499999999999998668 ) ;
#3847 = CARTESIAN_POINT ( 'NONE',  ( 30.50000000000000000, 55.08910116479239605, -5.500000000000004441 ) ) ;
#3848 = CYLINDRICAL_SURFACE ( 'NONE', #3327, 0.5000000000000004441 ) ;
#3849 = ORIENTED_EDGE ( 'NONE', *, *, #1578, .T. ) ;
#3850 = ORIENTED_EDGE ( 'NONE', *, *, #2996, .T. ) ;
#3851 = VERTEX_POINT ( 'NONE', #887 ) ;
#3852 = B_SPLINE_CURVE_WITH_KNOTS ( 'NONE', 3,
 ( #1075, #744, #2073, #2095, #13, #4170, #1366, #3788, #2366, #3091 ),
 .UNSPECIFIED., .F., .F.,
 ( 4, 2, 2, 2, 4 ),
 ( 0.000000000000000000, 0.001267980928805502059, 0.002535961857611004119, 0.003803942786416505961, 0.005071923715222008237 ),
 .UNSPECIFIED. ) ;
#3853 = DIRECTION ( 'NONE',  ( -1.000000000000000000, 0.000000000000000000, 0.000000000000000000 ) ) ;
#3854 = DIRECTION ( 'NONE',  ( -1.734723475976807587E-16, 0.000000000000000000, -1.000000000000000000 ) ) ;
#3855 = DIRECTION ( 'NONE',  ( 0.000000000000000000, -0.000000000000000000, -1.000000000000000000 ) ) ;
#3856 = FACE_OUTER_BOUND ( 'NONE', #922, .T. ) ;
#3857 = EDGE_CURVE ( 'NONE', #4191, #2723, #2204, .T. ) ;
#3858 = DIRECTION ( 'NONE',  ( 1.000000000000000000, 0.000000000000000000, 0.000000000000000000 ) ) ;
#3859 = ORIENTED_EDGE ( 'NONE', *, *, #1094, .F. ) ;
#3860 = LINE ( 'NONE', #1541, #554 ) ;
#3861 = ORIENTED_EDGE ( 'NONE', *, *, #1920, .F. ) ;
#3862 = CARTESIAN_POINT ( 'NONE',  ( 27.41391055672367827, 54.50000000000000000, -13.94002779933740577 ) ) ;
#3863 = CARTESIAN_POINT ( 'NONE',  ( 15.81727790698432834, 28.98419575469355891, -9.417080395577286822 ) ) ;
#3864 = CARTESIAN_POINT ( 'NONE',  ( 26.77755451293677424, 61.00000000000000000, -6.800000000000002487 ) ) ;
#3865 = VERTEX_POINT ( 'NONE', #1907 ) ;
#3866 = ADVANCED_FACE ( 'NONE', ( #4220 ), #527, .F. ) ;
#3867 = DIRECTION ( 'NONE',  ( -1.000000000000000000, 0.000000000000000000, 0.000000000000000000 ) ) ;
#3868 = EDGE_CURVE ( 'NONE', #1487, #3960, #2891, .T. ) ;
#3869 = DIRECTION ( 'NONE',  ( 1.000000000000000000, 0.000000000000000000, 0.000000000000000000 ) ) ;
#3870 = CARTESIAN_POINT ( 'NONE',  ( 30.50000000000000000, 54.00000000000000000, -5.000000000000002665 ) ) ;
#3871 = EDGE_LOOP ( 'NONE', ( #2083, #599, #818, #1080 ) ) ;
#3872 = ORIENTED_EDGE ( 'NONE', *, *, #1436, .T. ) ;
#3873 = ORIENTED_EDGE ( 'NONE', *, *, #2030, .F. ) ;
#3874 = EDGE_CURVE ( 'NONE', #2094, #3569, #2403, .T. ) ;
#3875 = DIRECTION ( 'NONE',  ( 0.000000000000000000, 0.000000000000000000, -1.000000000000000000 ) ) ;
#3876 = CARTESIAN_POINT ( 'NONE',  ( 29.49999999999999289, 14.00000000000000000, -5.500000000000002665 ) ) ;
#3877 = CARTESIAN_POINT ( 'NONE',  ( 22.00318132257010717, 54.50000000000000000, 0.1939230379026518625 ) ) ;
#3878 = FACE_OUTER_BOUND ( 'NONE', #2376, .T. ) ;
#3879 = AXIS2_PLACEMENT_3D ( 'NONE', #4130, #79, #1744 ) ;
#3880 = ADVANCED_FACE ( 'NONE', ( #1213 ), #1188, .T. ) ;
#3881 = FACE_OUTER_BOUND ( 'NONE', #2675, .T. ) ;
#3882 = TOROIDAL_SURFACE ( 'NONE', #687, 5.500000000000000000, 0.5000000000000000000 ) ;
#3883 = ORIENTED_EDGE ( 'NONE', *, *, #2346, .T. ) ;
#3884 = LINE ( 'NONE', #2188, #631 ) ;
#3885 = VERTEX_POINT ( 'NONE', #4313 ) ;
#3886 = FACE_OUTER_BOUND ( 'NONE', #1845, .T. ) ;
#3887 = CIRCLE ( 'NONE', #190, 0.5000000000000004441 ) ;
#3888 = LINE ( 'NONE', #2568, #51 ) ;
#3889 = VECTOR ( 'NONE', #329, 1000.000000000000000 ) ;
#3890 = FACE_OUTER_BOUND ( 'NONE', #2866, .T. ) ;
#3891 = ORIENTED_EDGE ( 'NONE', *, *, #1436, .F. ) ;
#3892 = AXIS2_PLACEMENT_3D ( 'NONE', #1194, #2873, #459 ) ;
#3893 = AXIS2_PLACEMENT_3D ( 'NONE', #1184, #117, #478 ) ;
#3894 = FACE_OUTER_BOUND ( 'NONE', #1326, .T. ) ;
#3895 = EDGE_CURVE ( 'NONE', #233, #1610, #1306, .T. ) ;
#3896 = CIRCLE ( 'NONE', #2888, 0.5000000000000000000 ) ;
#3897 = ORIENTED_EDGE ( 'NONE', *, *, #1052, .F. ) ;
#3898 = ORIENTED_EDGE ( 'NONE', *, *, #1546, .F. ) ;
#3899 = VECTOR ( 'NONE', #3132, 1000.000000000000000 ) ;
#3900 = ORIENTED_EDGE ( 'NONE', *, *, #3735, .F. ) ;
#3901 = EDGE_CURVE ( 'NONE', #4019, #532, #4245, .T. ) ;
#3902 = VECTOR ( 'NONE', #1732, 1000.000000000000000 ) ;
#3903 = FACE_OUTER_BOUND ( 'NONE', #2934, .T. ) ;
#3904 = CARTESIAN_POINT ( 'NONE',  ( 17.49999999999999645, 28.99999999999999645, -17.50000000000000000 ) ) ;
#3905 = CARTESIAN_POINT ( 'NONE',  ( 27.41391055672367827, 54.00000000000000000, -13.94002779933740577 ) ) ;
#3906 = AXIS2_PLACEMENT_3D ( 'NONE', #3164, #2520, #1840 ) ;
#3907 = DIRECTION ( 'NONE',  ( 0.000000000000000000, 1.000000000000000000, 0.000000000000000000 ) ) ;
#3908 = VERTEX_POINT ( 'NONE', #240 ) ;
#3909 = CARTESIAN_POINT ( 'NONE',  ( 20.98099919820321446, 41.20000000000000284, -4.000000000000000000 ) ) ;
#3910 = CARTESIAN_POINT ( 'NONE',  ( 38.00000000000000000, 57.87298334620742679, 43.08131845707602992 ) ) ;
#3911 = VERTEX_POINT ( 'NONE', #1656 ) ;
#3912 = CARTESIAN_POINT ( 'NONE',  ( 15.99999999999999289, 27.99999999999999645, -18.00000000000000000 ) ) ;
#3913 = DIRECTION ( 'NONE',  ( 0.000000000000000000, 0.000000000000000000, -1.000000000000000000 ) ) ;
#3914 = CARTESIAN_POINT ( 'NONE',  ( -1.350966642305184596E-12, 21.45460084554566293, -3.855077810797780558 ) ) ;
#3915 = ORIENTED_EDGE ( 'NONE', *, *, #204, .F. ) ;
#3916 = FACE_OUTER_BOUND ( 'NONE', #1043, .T. ) ;
#3917 = ORIENTED_EDGE ( 'NONE', *, *, #2738, .F. ) ;
#3918 = EDGE_LOOP ( 'NONE', ( #2660, #426, #1734, #3411 ) ) ;
#3919 = PLANE ( 'NONE',  #326 ) ;
#3920 = CARTESIAN_POINT ( 'NONE',  ( 20.98099919820321446, 40.20000000000000284, -4.000000000000000000 ) ) ;
#3921 = CARTESIAN_POINT ( 'NONE',  ( -5.999999999999998224, 7.000000000000000000, -3.000000000000000000 ) ) ;
#3922 = DIRECTION ( 'NONE',  ( 4.956352788505162775E-17, -1.000000000000000000, -8.597901537443017788E-33 ) ) ;
#3923 = VERTEX_POINT ( 'NONE', #662 ) ;
#3924 = EDGE_CURVE ( 'NONE', #855, #1934, #1018, .T. ) ;
#3925 = CIRCLE ( 'NONE', #3710, 1.424999999999999156 ) ;
#3926 = CARTESIAN_POINT ( 'NONE',  ( 14.49999999999999467, 15.00000000000000000, -18.00000000000000000 ) ) ;
#3927 = ORIENTED_EDGE ( 'NONE', *, *, #3734, .T. ) ;
#3928 = CYLINDRICAL_SURFACE ( 'NONE', #2966, 0.5000000000000004441 ) ;
#3929 = FACE_OUTER_BOUND ( 'NONE', #1519, .T. ) ;
#3930 = CYLINDRICAL_SURFACE ( 'NONE', #1504, 1.000000000000002665 ) ;
#3931 = CARTESIAN_POINT ( 'NONE',  ( 19.99999999999993250, 0.000000000000000000, -17.49999999999999645 ) ) ;
#3932 = ADVANCED_FACE ( 'NONE', ( #1615 ), #4048, .T. ) ;
#3933 = CARTESIAN_POINT ( 'NONE',  ( 15.99999999999999289, 27.99999999999999645, -20.49999999999999645 ) ) ;
#3934 = CARTESIAN_POINT ( 'NONE',  ( -0.1618969576019674284, 19.79549149867315805, -3.440415287812676137 ) ) ;
#3935 = ORIENTED_EDGE ( 'NONE', *, *, #1354, .T. ) ;
#3936 = CARTESIAN_POINT ( 'NONE',  ( 10.00000000000006928, 54.50000000000000000, -17.49999999999999645 ) ) ;
#3937 = CARTESIAN_POINT ( 'NONE',  ( -6.000000000000001776, 8.000000000000000000, 0.000000000000000000 ) ) ;
#3938 = ORIENTED_EDGE ( 'NONE', *, *, #4219, .T. ) ;
#3939 = ORIENTED_EDGE ( 'NONE', *, *, #2069, .T. ) ;
#3940 = DIRECTION ( 'NONE',  ( 0.000000000000000000, -1.000000000000000000, 0.000000000000000000 ) ) ;
#3941 = CARTESIAN_POINT ( 'NONE',  ( 39.00000000000000000, 21.67479433117734189, -2.500000000000000000 ) ) ;
#3942 = DIRECTION ( 'NONE',  ( -8.260587980841938780E-17, -1.000000000000000000, 2.065146995210484695E-17 ) ) ;
#3943 = DIRECTION ( 'NONE',  ( 0.000000000000000000, 0.000000000000000000, 1.000000000000000000 ) ) ;
#3944 = ORIENTED_EDGE ( 'NONE', *, *, #2418, .F. ) ;
#3945 = EDGE_CURVE ( 'NONE', #985, #4160, #704, .T. ) ;
#3946 = VECTOR ( 'NONE', #2005, 1000.000000000000000 ) ;
#3947 = DIRECTION ( 'NONE',  ( -0.000000000000000000, -1.000000000000000000, -0.000000000000000000 ) ) ;
#3948 = CARTESIAN_POINT ( 'NONE',  ( 9.999999999999998224, 60.50000000000000000, -18.00000000000000000 ) ) ;
#3949 = VERTEX_POINT ( 'NONE', #2283 ) ;
#3950 = LINE ( 'NONE', #1231, #2892 ) ;
#3951 = LINE ( 'NONE', #1568, #1113 ) ;
#3952 = B_SPLINE_CURVE_WITH_KNOTS ( 'NONE', 3,
 ( #4284, #1922, #1587, #2651, #1252, #3633, #3582, #214, #2206, #3320, #593, #3655, #1565, #254, #1300, #2915 ),
 .UNSPECIFIED., .F., .F.,
 ( 4, 2, 2, 2, 2, 2, 2, 4 ),
 ( 0.000000000000000000, 0.001066641294151402788, 0.002133282588302805576, 0.002666603235378507079, 0.003199923882454208147, 0.003733244529529909650, 0.003999904853067759100, 0.004266565176605608550 ),
 .UNSPECIFIED. ) ;
#3953 = ADVANCED_FACE ( 'NONE', ( #2305 ), #3329, .T. ) ;
#3954 = CARTESIAN_POINT ( 'NONE',  ( 15.55615575959606112, 14.10110347754385351, -9.162911560746035633 ) ) ;
#3955 = DIRECTION ( 'NONE',  ( -0.000000000000000000, -1.000000000000000000, -0.000000000000000000 ) ) ;
#3956 = EDGE_CURVE ( 'NONE', #1123, #1255, #621, .T. ) ;
#3957 = AXIS2_PLACEMENT_3D ( 'NONE', #4210, #1512, #4187 ) ;
#3958 = DIRECTION ( 'NONE',  ( -0.000000000000000000, -0.000000000000000000, -1.000000000000000000 ) ) ;
#3959 = AXIS2_PLACEMENT_3D ( 'NONE', #1582, #4349, #3291 ) ;
#3960 = VERTEX_POINT ( 'NONE', #959 ) ;
#3961 = B_SPLINE_CURVE_WITH_KNOTS ( 'NONE', 3,
 ( #103, #2856, #2457, #4225, #3460, #2146 ),
 .UNSPECIFIED., .F., .F.,
 ( 4, 2, 4 ),
 ( 0.003283917707656274203, 0.003760071960544803665, 0.004236226213433333561 ),
 .UNSPECIFIED. ) ;
#3962 = AXIS2_PLACEMENT_3D ( 'NONE', #1269, #918, #4248 ) ;
#3963 = CARTESIAN_POINT ( 'NONE',  ( 20.07499999999999929, 17.69999999999999929, 3.716645047280308411E-15 ) ) ;
#3964 = CARTESIAN_POINT ( 'NONE',  ( 31.00000000000000000, 21.67479433117734189, -2.999999999999998224 ) ) ;
#3965 = ADVANCED_FACE ( 'NONE', ( #1946 ), #1346, .T. ) ;
#3966 = ORIENTED_EDGE ( 'NONE', *, *, #3333, .F. ) ;
#3967 = ORIENTED_EDGE ( 'NONE', *, *, #857, .F. ) ;
#3968 = CARTESIAN_POINT ( 'NONE',  ( 15.00000000000000000, 14.18600732609549198, -8.999999999999994671 ) ) ;
#3969 = DIRECTION ( 'NONE',  ( 0.000000000000000000, 0.000000000000000000, 1.000000000000000000 ) ) ;
#3970 = AXIS2_PLACEMENT_3D ( 'NONE', #3910, #1232, #2586 ) ;
#3971 = CYLINDRICAL_SURFACE ( 'NONE', #1931, 0.5000000000000004441 ) ;
#3972 = VECTOR ( 'NONE', #3260, 1000.000000000000000 ) ;
#3973 = DIRECTION ( 'NONE',  ( 0.000000000000000000, 0.000000000000000000, -1.000000000000000000 ) ) ;
#3974 = FACE_OUTER_BOUND ( 'NONE', #1345, .T. ) ;
#3975 = AXIS2_PLACEMENT_3D ( 'NONE', #3628, #3922, #3604 ) ;
#3976 = ORIENTED_EDGE ( 'NONE', *, *, #2972, .F. ) ;
#3977 = AXIS2_PLACEMENT_3D ( 'NONE', #4018, #968, #1981 ) ;
#3978 = DIRECTION ( 'NONE',  ( 0.000000000000000000, 1.000000000000000000, 0.000000000000000000 ) ) ;
#3979 = DIRECTION ( 'NONE',  ( 1.000000000000000000, 0.000000000000000000, 0.000000000000000000 ) ) ;
#3980 = ORIENTED_EDGE ( 'NONE', *, *, #3719, .T. ) ;
#3981 = AXIS2_PLACEMENT_3D ( 'NONE', #323, #2676, #2348 ) ;
#3982 = ORIENTED_EDGE ( 'NONE', *, *, #2313, .F. ) ;
#3983 = EDGE_LOOP ( 'NONE', ( #1461, #3657, #616, #1847 ) ) ;
#3984 = DIRECTION ( 'NONE',  ( 1.000000000000000000, 0.000000000000000000, 0.000000000000000000 ) ) ;
#3985 = FACE_OUTER_BOUND ( 'NONE', #2190, .T. ) ;
#3986 = EDGE_CURVE ( 'NONE', #2222, #3885, #4336, .T. ) ;
#3987 = ORIENTED_EDGE ( 'NONE', *, *, #211, .F. ) ;
#3988 = CARTESIAN_POINT ( 'NONE',  ( -1.411764705882352811, 17.31821786714256817, -2.500000000000000000 ) ) ;
#3989 = DIRECTION ( 'NONE',  ( 0.000000000000000000, 0.000000000000000000, 1.000000000000000000 ) ) ;
#3990 = CYLINDRICAL_SURFACE ( 'NONE', #4388, 1.000000000000000888 ) ;
#3991 = ORIENTED_EDGE ( 'NONE', *, *, #2177, .T. ) ;
#3992 = DIRECTION ( 'NONE',  ( 0.000000000000000000, 0.000000000000000000, -1.000000000000000000 ) ) ;
#3993 = CARTESIAN_POINT ( 'NONE',  ( 27.41391055672367827, 54.50000000000000000, -13.94002779933740577 ) ) ;
#3994 = AXIS2_PLACEMENT_3D ( 'NONE', #1715, #88, #1420 ) ;
#3995 = LINE ( 'NONE', #2250, #475 ) ;
#3996 = CARTESIAN_POINT ( 'NONE',  ( 14.99999999999999467, 28.08955535783847779, -11.00000000000000178 ) ) ;
#3997 = EDGE_LOOP ( 'NONE', ( #654, #434, #398, #3645 ) ) ;
#3998 = CARTESIAN_POINT ( 'NONE',  ( 15.36355712584776612, 28.78749651446447544, -9.054952247365831042 ) ) ;
#3999 = LINE ( 'NONE', #882, #2253 ) ;
#4000 = CIRCLE ( 'NONE', #4203, 0.5000000000000004441 ) ;
#4001 = VERTEX_POINT ( 'NONE', #1990 ) ;
#4002 = ORIENTED_EDGE ( 'NONE', *, *, #2205, .F. ) ;
#4003 = CYLINDRICAL_SURFACE ( 'NONE', #320, 6.000000000000000888 ) ;
#4004 = EDGE_CURVE ( 'NONE', #4249, #2080, #852, .T. ) ;
#4005 = ORIENTED_EDGE ( 'NONE', *, *, #384, .T. ) ;
#4006 = CARTESIAN_POINT ( 'NONE',  ( 0.5000000000000004441, 61.00000000000000000, 0.000000000000000000 ) ) ;
#4007 = AXIS2_PLACEMENT_3D ( 'NONE', #1654, #4024, #2774 ) ;
#4008 = AXIS2_PLACEMENT_3D ( 'NONE', #2046, #3000, #3718 ) ;
#4009 = ORIENTED_EDGE ( 'NONE', *, *, #1309, .T. ) ;
#4010 = DIRECTION ( 'NONE',  ( 0.000000000000000000, -0.000000000000000000, 1.000000000000000000 ) ) ;
#4011 = CARTESIAN_POINT ( 'NONE',  ( 20.07499999999999929, 17.69999999999999929, 3.716645047280308411E-15 ) ) ;
#4012 = DIRECTION ( 'NONE',  ( 0.5638034334834640671, 0.000000000000000000, -0.8259090073320771719 ) ) ;
#4013 = ORIENTED_EDGE ( 'NONE', *, *, #195, .T. ) ;
#4014 = PLANE ( 'NONE',  #4312 ) ;
#4015 = EDGE_CURVE ( 'NONE', #2906, #86, #4375, .T. ) ;
#4016 = EDGE_CURVE ( 'NONE', #2354, #3779, #3332, .T. ) ;
#4017 = CARTESIAN_POINT ( 'NONE',  ( 0.000000000000000000, 14.00000000000000000, -7.999999999999928946 ) ) ;
#4018 = CARTESIAN_POINT ( 'NONE',  ( -8.000000000000000000, 21.85640646055101755, -3.000000000000000000 ) ) ;
#4019 = VERTEX_POINT ( 'NONE', #2636 ) ;
#4020 = EDGE_CURVE ( 'NONE', #4366, #96, #2106, .T. ) ;
#4021 = CYLINDRICAL_SURFACE ( 'NONE', #880, 8.000000000000000000 ) ;
#4022 = DIRECTION ( 'NONE',  ( 0.000000000000000000, 0.000000000000000000, -1.000000000000000000 ) ) ;
#4023 = EDGE_LOOP ( 'NONE', ( #1841, #2437, #1562, #2956, #1418 ) ) ;
#4024 = DIRECTION ( 'NONE',  ( 0.000000000000000000, 0.000000000000000000, -1.000000000000000000 ) ) ;
#4025 = AXIS2_PLACEMENT_3D ( 'NONE', #1642, #1679, #4010 ) ;
#4026 = ORIENTED_EDGE ( 'NONE', *, *, #1523, .F. ) ;
#4027 = CARTESIAN_POINT ( 'NONE',  ( 17.49999999999998934, 28.99999999999999645, -63.50000000000001421 ) ) ;
#4028 = ORIENTED_EDGE ( 'NONE', *, *, #658, .F. ) ;
#4029 = DIRECTION ( 'NONE',  ( -0.000000000000000000, -0.000000000000000000, 1.000000000000000000 ) ) ;
#4030 = AXIS2_PLACEMENT_3D ( 'NONE', #58, #2760, #4290 ) ;
#4031 = FACE_OUTER_BOUND ( 'NONE', #716, .T. ) ;
#4032 = DIRECTION ( 'NONE',  ( 0.000000000000000000, -1.000000000000000000, 0.000000000000000000 ) ) ;
#4033 = ORIENTED_EDGE ( 'NONE', *, *, #3676, .F. ) ;
#4034 = AXIS2_PLACEMENT_3D ( 'NONE', #269, #1219, #580 ) ;
#4035 = CARTESIAN_POINT ( 'NONE',  ( 30.98099919820321446, 18.19999999999999929, -3.500000000000002220 ) ) ;
#4036 = CARTESIAN_POINT ( 'NONE',  ( 30.98099919820321446, 18.19999999999999929, -4.000000000000001776 ) ) ;
#4037 = ORIENTED_EDGE ( 'NONE', *, *, #4199, .T. ) ;
#4038 = PRESENTATION_LAYER_ASSIGNMENT (  '', '', ( #2387 ) ) ;
#4039 = EDGE_CURVE ( 'NONE', #3739, #4228, #1261, .T. ) ;
#4040 = CIRCLE ( 'NONE', #2612, 4.000000000000000000 ) ;
#4041 = AXIS2_PLACEMENT_3D ( 'NONE', #281, #1960, #954 ) ;
#4042 = FACE_OUTER_BOUND ( 'NONE', #1820, .T. ) ;
#4043 = CARTESIAN_POINT ( 'NONE',  ( -11.50000000000000000, 8.000000000000000000, -3.000000000000000000 ) ) ;
#4044 = ORIENTED_EDGE ( 'NONE', *, *, #2747, .T. ) ;
#4045 = AXIS2_PLACEMENT_3D ( 'NONE', #4125, #3833, #2491 ) ;
#4046 = CARTESIAN_POINT ( 'NONE',  ( 31.00000000000000000, 13.99999999999999822, -5.000000000000004441 ) ) ;
#4047 = ORIENTED_EDGE ( 'NONE', *, *, #3326, .T. ) ;
#4048 = CYLINDRICAL_SURFACE ( 'NONE', #2179, 5.999999999999998224 ) ;
#4049 = EDGE_LOOP ( 'NONE', ( #2175, #3700, #194, #3187 ) ) ;
#4050 = CARTESIAN_POINT ( 'NONE',  ( 20.98099919820321446, 41.20000000000000284, -4.000000000000000000 ) ) ;
#4051 = LINE ( 'NONE', #1975, #3611 ) ;
#4052 = CIRCLE ( 'NONE', #777, 0.5000000000000000000 ) ;
#4053 = CARTESIAN_POINT ( 'NONE',  ( 39.00000000000000000, 21.67479433117734189, 0.000000000000000000 ) ) ;
#4054 = ORIENTED_EDGE ( 'NONE', *, *, #1256, .T. ) ;
#4055 = ADVANCED_FACE ( 'NONE', ( #3985 ), #935, .F. ) ;
#4056 = ORIENTED_EDGE ( 'NONE', *, *, #3009, .F. ) ;
#4057 = EDGE_CURVE ( 'NONE', #2129, #931, #4128, .T. ) ;
#4058 = LINE ( 'NONE', #2038, #1325 ) ;
#4059 = CARTESIAN_POINT ( 'NONE',  ( 15.99999999999999289, 29.50000000000000000, -18.00000000000000000 ) ) ;
#4060 = ORIENTED_EDGE ( 'NONE', *, *, #2958, .F. ) ;
#4061 = CARTESIAN_POINT ( 'NONE',  ( 20.98099919820321446, 45.70000000000000284, -4.000000000000000000 ) ) ;
#4062 = DIRECTION ( 'NONE',  ( -0.5638034334834641781, 0.000000000000000000, 0.8259090073320770609 ) ) ;
#4063 = DIRECTION ( 'NONE',  ( -1.734723475976807587E-16, 0.000000000000000000, -1.000000000000000000 ) ) ;
#4064 = AXIS2_PLACEMENT_3D ( 'NONE', #2294, #4255, #1533 ) ;
#4065 = EDGE_CURVE ( 'NONE', #2562, #2173, #3852, .T. ) ;
#4066 = ORIENTED_EDGE ( 'NONE', *, *, #827, .T. ) ;
#4067 = CARTESIAN_POINT ( 'NONE',  ( 27.41391055672367472, 60.50000000000000000, -13.94002779933740577 ) ) ;
#4068 = ORIENTED_EDGE ( 'NONE', *, *, #2854, .T. ) ;
#4069 = DIRECTION ( 'NONE',  ( 1.734723475976807341E-16, -0.000000000000000000, 1.000000000000000000 ) ) ;
#4070 = ADVANCED_FACE ( 'NONE', ( #2118 ), #842, .T. ) ;
#4071 = AXIS2_PLACEMENT_3D ( 'NONE', #2423, #1488, #1405 ) ;
#4072 = CARTESIAN_POINT ( 'NONE',  ( 36.00000000000000000, 6.000000000000000000, -7.999999999999998224 ) ) ;
#4073 = CARTESIAN_POINT ( 'NONE',  ( 29.03503064486683272, 54.18215166000579330, -10.85405740880216996 ) ) ;
#4074 = ORIENTED_EDGE ( 'NONE', *, *, #518, .T. ) ;
#4075 = LINE ( 'NONE', #4035, #622 ) ;
#4076 = DIRECTION ( 'NONE',  ( -1.734723475976807341E-16, 0.000000000000000000, -1.000000000000000000 ) ) ;
#4077 = ORIENTED_EDGE ( 'NONE', *, *, #1421, .T. ) ;
#4078 = EDGE_LOOP ( 'NONE', ( #2167, #3770, #1305, #481 ) ) ;
#4079 = CARTESIAN_POINT ( 'NONE',  ( 20.07499999999999929, 36.69999999999999574, 3.716645047280309200E-15 ) ) ;
#4080 = CARTESIAN_POINT ( 'NONE',  ( -1.000000000000000000, 0.000000000000000000, -4.000000000000000000 ) ) ;
#4081 = CARTESIAN_POINT ( 'NONE',  ( 29.48561910245406992, 54.00000000000000000, -10.76701191246820599 ) ) ;
#4082 = EDGE_CURVE ( 'NONE', #3142, #736, #2758, .T. ) ;
#4083 = ADVANCED_FACE ( 'NONE', ( #707 ), #2026, .T. ) ;
#4084 = ORIENTED_EDGE ( 'NONE', *, *, #4253, .T. ) ;
#4085 = CARTESIAN_POINT ( 'NONE',  ( 30.98099919820321446, 18.19999999999999929, -4.000000000000001776 ) ) ;
#4086 = VERTEX_POINT ( 'NONE', #1701 ) ;
#4087 = CARTESIAN_POINT ( 'NONE',  ( 18.00000000000000000, 53.50000000000000000, -18.00000000000000000 ) ) ;
#4088 = EDGE_CURVE ( 'NONE', #4207, #3839, #1053, .T. ) ;
#4089 = EDGE_CURVE ( 'NONE', #122, #1353, #3683, .T. ) ;
#4090 = VECTOR ( 'NONE', #1032, 1000.000000000000000 ) ;
#4091 = DIRECTION ( 'NONE',  ( -1.734723475976807341E-16, 0.000000000000000000, -1.000000000000000000 ) ) ;
#4092 = LINE ( 'NONE', #1976, #193 ) ;
#4093 = ORIENTED_EDGE ( 'NONE', *, *, #2442, .T. ) ;
#4094 = VECTOR ( 'NONE', #1235, 1000.000000000000000 ) ;
#4095 = FACE_OUTER_BOUND ( 'NONE', #1819, .T. ) ;
#4096 = DIRECTION ( 'NONE',  ( 0.000000000000000000, 1.000000000000000000, 0.000000000000000000 ) ) ;
#4097 = ORIENTED_EDGE ( 'NONE', *, *, #4088, .T. ) ;
#4098 = EDGE_LOOP ( 'NONE', ( #3081, #1635, #3845, #2929, #1798 ) ) ;
#4099 = CARTESIAN_POINT ( 'NONE',  ( -11.50000000000000000, 8.000000000000000000, -3.000000000000000000 ) ) ;
#4100 = VECTOR ( 'NONE', #1690, 1000.000000000000000 ) ;
#4101 = CARTESIAN_POINT ( 'NONE',  ( 9.999999999999998224, 61.00000000000000000, -18.00000000000000000 ) ) ;
#4102 = CARTESIAN_POINT ( 'NONE',  ( 30.81733195910991441, 13.65151009855837216, -5.390628064688327115 ) ) ;
#4103 = CIRCLE ( 'NONE', #2806, 6.000000000000000000 ) ;
#4104 = CARTESIAN_POINT ( 'NONE',  ( 19.99999999999999645, 54.50000000000000000, -17.49999999999999645 ) ) ;
#4105 = TOROIDAL_SURFACE ( 'NONE', #839, 3.000000000000000888, 2.000000000000000000 ) ;
#4106 = ORIENTED_EDGE ( 'NONE', *, *, #137, .T. ) ;
#4107 = TOROIDAL_SURFACE ( 'NONE', #2185, 0.5000000000000008882, 0.5000000000000000000 ) ;
#4108 = AXIS2_PLACEMENT_3D ( 'NONE', #2890, #609, #950 ) ;
#4109 = EDGE_LOOP ( 'NONE', ( #916, #3927 ) ) ;
#4110 = DIRECTION ( 'NONE',  ( -1.000000000000000000, 0.000000000000000000, 1.734723475976807341E-16 ) ) ;
#4111 = AXIS2_PLACEMENT_3D ( 'NONE', #3042, #3061, #2 ) ;
#4112 = EDGE_CURVE ( 'NONE', #1832, #4019, #3748, .T. ) ;
#4113 = CARTESIAN_POINT ( 'NONE',  ( 15.99999999999999645, 27.99999999999999645, -5.500000000000001776 ) ) ;
#4114 =( LENGTH_UNIT ( ) NAMED_UNIT ( * ) SI_UNIT ( .MILLI., .METRE. ) );
#4115 = AXIS2_PLACEMENT_3D ( 'NONE', #303, #2988, #3005 ) ;
#4116 = ORIENTED_EDGE ( 'NONE', *, *, #3532, .T. ) ;
#4117 = EDGE_CURVE ( 'NONE', #3923, #3004, #4040, .T. ) ;
#4118 = CARTESIAN_POINT ( 'NONE',  ( 27.41391055672367827, 60.50000000000000000, -13.94002779933740754 ) ) ;
#4119 = LINE ( 'NONE', #2835, #923 ) ;
#4120 = ORIENTED_EDGE ( 'NONE', *, *, #708, .F. ) ;
#4121 = EDGE_LOOP ( 'NONE', ( #4120, #649, #445, #354, #221, #294, #3939 ) ) ;
#4122 = DIRECTION ( 'NONE',  ( 0.000000000000000000, 0.000000000000000000, -1.000000000000000000 ) ) ;
#4123 = EDGE_CURVE ( 'NONE', #3299, #4191, #3771, .T. ) ;
#4124 = CARTESIAN_POINT ( 'NONE',  ( 14.99999999999999645, 63.82842712474619162, -8.999999999999996447 ) ) ;
#4125 = CARTESIAN_POINT ( 'NONE',  ( 39.00000000000000000, 21.67479433117734189, -3.000000000000000444 ) ) ;
#4126 = CARTESIAN_POINT ( 'NONE',  ( 22.98099919820321446, 40.20000000000000284, -5.500000000000001776 ) ) ;
#4127 = EDGE_LOOP ( 'NONE', ( #460, #2006, #2321, #3270 ) ) ;
#4128 = LINE ( 'NONE', #3051, #3386 ) ;
#4129 = ORIENTED_EDGE ( 'NONE', *, *, #2004, .F. ) ;
#4130 = CARTESIAN_POINT ( 'NONE',  ( 20.00000000000000000, 14.00000000000000000, -8.000000000000000000 ) ) ;
#4131 = CARTESIAN_POINT ( 'NONE',  ( 31.00000000000000000, 18.20018053153027893, -4.000000000000001776 ) ) ;
#4132 = LINE ( 'NONE', #1433, #1677 ) ;
#4133 = ORIENTED_EDGE ( 'NONE', *, *, #3810, .T. ) ;
#4134 = EDGE_CURVE ( 'NONE', #768, #2354, #2777, .T. ) ;
#4135 = CARTESIAN_POINT ( 'NONE',  ( 30.00000000000000000, 13.50000000000000000, -5.500000000000000000 ) ) ;
#4136 = CARTESIAN_POINT ( 'NONE',  ( 30.99366642112882531, 18.19999999999999929, -5.091899748093133837 ) ) ;
#4137 = EDGE_CURVE ( 'NONE', #4404, #2433, #1543, .T. ) ;
#4138 = ORIENTED_EDGE ( 'NONE', *, *, #2182, .T. ) ;
#4139 = ORIENTED_EDGE ( 'NONE', *, *, #2617, .F. ) ;
#4140 = LINE ( 'NONE', #2438, #2634 ) ;
#4141 = AXIS2_PLACEMENT_3D ( 'NONE', #1696, #1320, #317 ) ;
#4142 = EDGE_CURVE ( 'NONE', #2708, #3243, #2716, .T. ) ;
#4143 = CARTESIAN_POINT ( 'NONE',  ( -12.00000000000000000, 8.000000000000000000, 0.000000000000000000 ) ) ;
#4144 = PLANE ( 'NONE',  #3957 ) ;
#4145 = DIRECTION ( 'NONE',  ( -0.5672735741760548400, -0.8235294117647068424, -2.214141269455064245E-15 ) ) ;
#4146 = ADVANCED_FACE ( 'NONE', ( #1410 ), #727, .F. ) ;
#4147 = LINE ( 'NONE', #115, #3045 ) ;
#4148 = DIRECTION ( 'NONE',  ( 0.000000000000000000, 0.000000000000000000, -1.000000000000000000 ) ) ;
#4149 = EDGE_LOOP ( 'NONE', ( #3286, #3364, #3233, #2050 ) ) ;
#4150 = CARTESIAN_POINT ( 'NONE',  ( 15.00000000000000000, 4.000000000000000000, -3.499999999999997780 ) ) ;
#4151 = ORIENTED_EDGE ( 'NONE', *, *, #921, .T. ) ;
#4152 = CARTESIAN_POINT ( 'NONE',  ( 0.000000000000000000, 21.85640646055101755, 0.000000000000000000 ) ) ;
#4153 = LINE ( 'NONE', #797, #639 ) ;
#4154 = FACE_OUTER_BOUND ( 'NONE', #2597, .T. ) ;
#4155 = VERTEX_POINT ( 'NONE', #54 ) ;
#4156 = CIRCLE ( 'NONE', #37, 5.999999999999998224 ) ;
#4157 = CARTESIAN_POINT ( 'NONE',  ( 30.93453323561835688, 54.12044010483756296, -5.250570920766937100 ) ) ;
#4158 = CARTESIAN_POINT ( 'NONE',  ( -3.399999999999999023, 7.000000000000000000, 0.000000000000000000 ) ) ;
#4159 = ORIENTED_EDGE ( 'NONE', *, *, #2136, .F. ) ;
#4160 = VERTEX_POINT ( 'NONE', #2051 ) ;
#4161 = FACE_OUTER_BOUND ( 'NONE', #152, .T. ) ;
#4162 = CARTESIAN_POINT ( 'NONE',  ( 30.98099919820321446, 40.70000000000000284, -4.000000000000001776 ) ) ;
#4163 = DIRECTION ( 'NONE',  ( 0.000000000000000000, 0.000000000000000000, -1.000000000000000000 ) ) ;
#4164 = FACE_OUTER_BOUND ( 'NONE', #4359, .T. ) ;
#4165 = EDGE_CURVE ( 'NONE', #3243, #3697, #2394, .T. ) ;
#4166 = AXIS2_PLACEMENT_3D ( 'NONE', #1560, #877, #3268 ) ;
#4167 = CARTESIAN_POINT ( 'NONE',  ( -11.50000000000000000, 5.999999999999999112, -3.000000000000000000 ) ) ;
#4168 = DIRECTION ( 'NONE',  ( -0.000000000000000000, -0.000000000000000000, -1.000000000000000000 ) ) ;
#4169 = ORIENTED_EDGE ( 'NONE', *, *, #3179, .T. ) ;
#4170 = CARTESIAN_POINT ( 'NONE',  ( -0.1576249522721959451, 19.82160748772253100, -3.446989998191088311 ) ) ;
#4171 = VECTOR ( 'NONE', #615, 1000.000000000000000 ) ;
#4172 = VERTEX_POINT ( 'NONE', #1387 ) ;
#4173 = LINE ( 'NONE', #2076, #2593 ) ;
#4174 = AXIS2_PLACEMENT_3D ( 'NONE', #216, #813, #521 ) ;
#4175 = AXIS2_PLACEMENT_3D ( 'NONE', #276, #22, #2998 ) ;
#4176 = CARTESIAN_POINT ( 'NONE',  ( 19.99999999999999645, 60.50000000000000000, -18.00000000000000355 ) ) ;
#4177 = ORIENTED_EDGE ( 'NONE', *, *, #605, .T. ) ;
#4178 = CARTESIAN_POINT ( 'NONE',  ( 31.00000000000000000, 18.20018053153027893, -5.000000000000002665 ) ) ;
#4179 = DIRECTION ( 'NONE',  ( 1.000000000000000000, -0.000000000000000000, -0.000000000000000000 ) ) ;
#4180 = CIRCLE ( 'NONE', #3892, 1.000000000000002665 ) ;
#4181 = EDGE_LOOP ( 'NONE', ( #2576, #1649 ) ) ;
#4182 = ORIENTED_EDGE ( 'NONE', *, *, #688, .F. ) ;
#4183 = EDGE_CURVE ( 'NONE', #2571, #217, #1470, .T. ) ;
#4184 = CARTESIAN_POINT ( 'NONE',  ( -8.000000000000000000, 21.85640646055101755, -2.500000000000000444 ) ) ;
#4185 = ADVANCED_FACE ( 'NONE', ( #863 ), #4107, .F. ) ;
#4186 = DIRECTION ( 'NONE',  ( 0.000000000000000000, 0.000000000000000000, 1.000000000000000000 ) ) ;
#4187 = DIRECTION ( 'NONE',  ( 1.000000000000000000, 0.000000000000000000, -0.000000000000000000 ) ) ;
#4188 = DIRECTION ( 'NONE',  ( -1.000000000000000000, 0.000000000000000000, -2.865447488079307902E-16 ) ) ;
#4189 = DIRECTION ( 'NONE',  ( 0.000000000000000000, 0.000000000000000000, 1.000000000000000000 ) ) ;
#4190 = DIRECTION ( 'NONE',  ( 0.000000000000000000, 0.000000000000000000, 1.000000000000000000 ) ) ;
#4191 = VERTEX_POINT ( 'NONE', #1806 ) ;
#4192 = FACE_OUTER_BOUND ( 'NONE', #1230, .T. ) ;
#4193 = ORIENTED_EDGE ( 'NONE', *, *, #1591, .F. ) ;
#4194 = DIRECTION ( 'NONE',  ( 0.000000000000000000, 1.000000000000000000, 0.000000000000000000 ) ) ;
#4195 = ADVANCED_FACE ( 'NONE', ( #4192 ), #1833, .T. ) ;
#4196 = TOROIDAL_SURFACE ( 'NONE', #937, 0.5000000000000008882, 0.5000000000000000000 ) ;
#4197 = DIRECTION ( 'NONE',  ( 1.000000000000000000, 0.000000000000000000, 0.000000000000000000 ) ) ;
#4198 = CARTESIAN_POINT ( 'NONE',  ( 15.99999999999999645, 14.00000000000000000, -10.13195482620472809 ) ) ;
#4199 = EDGE_CURVE ( 'NONE', #3923, #2859, #4325, .T. ) ;
#4200 = ADVANCED_FACE ( 'NONE', ( #2917, #2517 ), #1494, .T. ) ;
#4201 = ORIENTED_EDGE ( 'NONE', *, *, #3822, .F. ) ;
#4202 = CIRCLE ( 'NONE', #945, 0.5000000000000015543 ) ;
#4203 = AXIS2_PLACEMENT_3D ( 'NONE', #2577, #159, #1511 ) ;
#4204 = CARTESIAN_POINT ( 'NONE',  ( 0.5000000000000000000, 60.50000000000000000, -8.000000000000000000 ) ) ;
#4205 = CYLINDRICAL_SURFACE ( 'NONE', #279, 0.4999999999999995559 ) ;
#4206 = ORIENTED_EDGE ( 'NONE', *, *, #1446, .F. ) ;
#4207 = VERTEX_POINT ( 'NONE', #2867 ) ;
#4208 = ORIENTED_EDGE ( 'NONE', *, *, #3179, .F. ) ;
#4209 = DIRECTION ( 'NONE',  ( 0.000000000000000000, -0.000000000000000000, -1.000000000000000000 ) ) ;
#4210 = CARTESIAN_POINT ( 'NONE',  ( 10.00000000000006928, 14.00000000000000000, -18.00000000000000000 ) ) ;
#4211 = CARTESIAN_POINT ( 'NONE',  ( 15.00000000000000000, 4.000000000000000000, -9.999999999999996447 ) ) ;
#4212 = CARTESIAN_POINT ( 'NONE',  ( 20.98099919820321446, 46.20000000000000284, -5.500000000000000888 ) ) ;
#4213 = CARTESIAN_POINT ( 'NONE',  ( -1.000000000000000000, 0.000000000000000000, -4.000000000000000000 ) ) ;
#4214 = ORIENTED_EDGE ( 'NONE', *, *, #1314, .F. ) ;
#4215 = DIRECTION ( 'NONE',  ( 1.000000000000000000, 0.000000000000000000, -1.224646799147353207E-16 ) ) ;
#4216 = EDGE_CURVE ( 'NONE', #1149, #2644, #407, .T. ) ;
#4217 = ORIENTED_EDGE ( 'NONE', *, *, #723, .T. ) ;
#4218 = CARTESIAN_POINT ( 'NONE',  ( 2.091776666297897515E-15, 45.11365831393335668, -7.300000000000009592 ) ) ;
#4219 = EDGE_CURVE ( 'NONE', #2553, #2571, #3860, .T. ) ;
#4220 = FACE_OUTER_BOUND ( 'NONE', #2944, .T. ) ;
#4221 = ADVANCED_FACE ( 'NONE', ( #2848 ), #1164, .T. ) ;
#4222 = CARTESIAN_POINT ( 'NONE',  ( 0.000000000000000000, 21.85640646055101755, -4.000000000000000000 ) ) ;
#4223 = ORIENTED_EDGE ( 'NONE', *, *, #2958, .T. ) ;
#4224 = CARTESIAN_POINT ( 'NONE',  ( 31.00000000000000000, 10.12701665379256788, -3.000000000000000000 ) ) ;
#4225 = CARTESIAN_POINT ( 'NONE',  ( 15.03940155503918241, 14.67959698118375478, -11.00196590579060363 ) ) ;
#4226 = VERTEX_POINT ( 'NONE', #1209 ) ;
#4227 = ORIENTED_EDGE ( 'NONE', *, *, #3474, .F. ) ;
#4228 = VERTEX_POINT ( 'NONE', #2542 ) ;
#4229 = CARTESIAN_POINT ( 'NONE',  ( 19.99999999999993250, 14.00000000000000000, -18.00000000000000000 ) ) ;
#4230 = CARTESIAN_POINT ( 'NONE',  ( 14.99999999999999467, 14.00000000000000000, -20.49999999999999645 ) ) ;
#4231 = CARTESIAN_POINT ( 'NONE',  ( 15.56772025783809354, 28.90522745693737150, -10.82703063370068897 ) ) ;
#4232 = CIRCLE ( 'NONE', #3879, 9.499999999999998224 ) ;
#4233 = CARTESIAN_POINT ( 'NONE',  ( 30.00000000000000000, 10.12701665379256788, -4.000000000000000000 ) ) ;
#4234 = AXIS2_PLACEMENT_3D ( 'NONE', #2554, #2270, #3214 ) ;
#4235 = VERTEX_POINT ( 'NONE', #3496 ) ;
#4236 = CARTESIAN_POINT ( 'NONE',  ( 37.17857142857143060, 13.37224063010538444, -2.500000000000000000 ) ) ;
#4237 = CARTESIAN_POINT ( 'NONE',  ( 15.00000000000000000, 7.968626966596882077, -11.00000000000000000 ) ) ;
#4238 = DIRECTION ( 'NONE',  ( -0.000000000000000000, 1.000000000000000000, -0.000000000000000000 ) ) ;
#4239 = CARTESIAN_POINT ( 'NONE',  ( 14.99999999999999822, 27.99999999999999645, -5.500000000000000000 ) ) ;
#4240 = CARTESIAN_POINT ( 'NONE',  ( 15.74846335666413211, 14.03063289657965029, -10.67777934275010310 ) ) ;
#4241 = CIRCLE ( 'NONE', #2103, 1.000000000000002665 ) ;
#4242 = DIRECTION ( 'NONE',  ( 0.000000000000000000, 0.000000000000000000, 1.000000000000000000 ) ) ;
#4243 = CARTESIAN_POINT ( 'NONE',  ( -0.6413154964389072843, 18.71032823938889322, -3.029804995730475792 ) ) ;
#4244 = EDGE_LOOP ( 'NONE', ( #3850, #3966, #2518, #728 ) ) ;
#4245 = CIRCLE ( 'NONE', #3677, 10.00000000000000355 ) ;
#4246 = AXIS2_PLACEMENT_3D ( 'NONE', #433, #2540, #1786 ) ;
#4247 = LINE ( 'NONE', #1526, #340 ) ;
#4248 = DIRECTION ( 'NONE',  ( 1.000000000000000000, 0.000000000000000000, 0.000000000000000000 ) ) ;
#4249 = VERTEX_POINT ( 'NONE', #2896 ) ;
#4250 = ORIENTED_EDGE ( 'NONE', *, *, #3354, .F. ) ;
#4251 = AXIS2_PLACEMENT_3D ( 'NONE', #1375, #4368, #2375 ) ;
#4252 = CARTESIAN_POINT ( 'NONE',  ( 0.000000000000000000, 0.000000000000000000, -3.000000000000000000 ) ) ;
#4253 = EDGE_CURVE ( 'NONE', #2553, #1036, #3884, .T. ) ;
#4254 = AXIS2_PLACEMENT_3D ( 'NONE', #822, #2082, #104 ) ;
#4255 = DIRECTION ( 'NONE',  ( 0.000000000000000000, -0.000000000000000000, -1.000000000000000000 ) ) ;
#4256 = FACE_OUTER_BOUND ( 'NONE', #4357, .T. ) ;
#4257 = CARTESIAN_POINT ( 'NONE',  ( 15.18278807976831857, 28.58302300988830424, -10.98418537851743615 ) ) ;
#4258 = AXIS2_PLACEMENT_3D ( 'NONE', #1812, #484, #3913 ) ;
#4259 = ADVANCED_FACE ( 'NONE', ( #2208 ), #3559, .F. ) ;
#4260 = AXIS2_PLACEMENT_3D ( 'NONE', #2795, #1407, #4189 ) ;
#4261 = LINE ( 'NONE', #3246, #3454 ) ;
#4262 = VERTEX_POINT ( 'NONE', #2496 ) ;
#4263 = DIRECTION ( 'NONE',  ( 1.734723475976807341E-16, -0.000000000000000000, 1.000000000000000000 ) ) ;
#4264 = CARTESIAN_POINT ( 'NONE',  ( 15.00000000000000000, 63.82842712474619162, -9.999999999999996447 ) ) ;
#4265 = LINE ( 'NONE', #1211, #953 ) ;
#4266 = DIRECTION ( 'NONE',  ( -1.000000000000000000, -6.938893903907229364E-16, 1.734723475976807341E-16 ) ) ;
#4267 = DIRECTION ( 'NONE',  ( -1.000000000000000000, 0.000000000000000000, 0.000000000000000000 ) ) ;
#4268 = EDGE_LOOP ( 'NONE', ( #3199, #4297, #578, #1154 ) ) ;
#4269 = DIRECTION ( 'NONE',  ( -0.000000000000000000, -1.000000000000000000, -0.000000000000000000 ) ) ;
#4270 = DIRECTION ( 'NONE',  ( 1.000000000000000000, 0.000000000000000000, -1.734723475976807587E-16 ) ) ;
#4271 = ORIENTED_EDGE ( 'NONE', *, *, #1064, .F. ) ;
#4272 = ORIENTED_EDGE ( 'NONE', *, *, #1052, .T. ) ;
#4273 = CARTESIAN_POINT ( 'NONE',  ( 19.98099919820321446, 41.20000000000000284, -4.000000000000000000 ) ) ;
#4274 = EDGE_CURVE ( 'NONE', #1292, #824, #3239, .T. ) ;
#4275 = ORIENTED_EDGE ( 'NONE', *, *, #2700, .F. ) ;
#4276 = LINE ( 'NONE', #4229, #2492 ) ;
#4277 = ADVANCED_FACE ( 'NONE', ( #2474 ), #3928, .T. ) ;
#4278 = DIRECTION ( 'NONE',  ( 0.000000000000000000, 0.000000000000000000, -1.000000000000000000 ) ) ;
#4279 = DIRECTION ( 'NONE',  ( 1.000000000000000000, 0.000000000000000000, 0.000000000000000000 ) ) ;
#4280 = ORIENTED_EDGE ( 'NONE', *, *, #3502, .F. ) ;
#4281 = EDGE_CURVE ( 'NONE', #1456, #3908, #3100, .T. ) ;
#4282 = DIRECTION ( 'NONE',  ( -1.000000000000000000, 0.000000000000000000, 0.000000000000000000 ) ) ;
#4283 = VECTOR ( 'NONE', #403, 1000.000000000000000 ) ;
#4284 = CARTESIAN_POINT ( 'NONE',  ( 31.00000000000000000, 10.12701665379256788, -3.000000000000000000 ) ) ;
#4285 = ORIENTED_EDGE ( 'NONE', *, *, #2172, .T. ) ;
#4286 = CARTESIAN_POINT ( 'NONE',  ( 24.98099919820321446, 18.70000000000000284, -3.500000000000001332 ) ) ;
#4287 = FACE_OUTER_BOUND ( 'NONE', #3636, .T. ) ;
#4288 = EDGE_CURVE ( 'NONE', #3472, #1292, #3818, .T. ) ;
#4289 = EDGE_LOOP ( 'NONE', ( #3873, #726, #3356, #3262, #3793 ) ) ;
#4290 = DIRECTION ( 'NONE',  ( 0.000000000000000000, 0.000000000000000000, 1.000000000000000000 ) ) ;
#4291 = EDGE_CURVE ( 'NONE', #3078, #4001, #2827, .T. ) ;
#4292 = DIRECTION ( 'NONE',  ( -1.734723475976807587E-16, 0.000000000000000000, -1.000000000000000000 ) ) ;
#4293 = CARTESIAN_POINT ( 'NONE',  ( -0.7251624864630629164, 18.52148941325003406, -2.997624194489058702 ) ) ;
#4294 = ORIENTED_EDGE ( 'NONE', *, *, #1468, .T. ) ;
#4295 = DIRECTION ( 'NONE',  ( 0.000000000000000000, -1.000000000000000000, 0.000000000000000000 ) ) ;
#4296 = ORIENTED_EDGE ( 'NONE', *, *, #2002, .T. ) ;
#4297 = ORIENTED_EDGE ( 'NONE', *, *, #2864, .F. ) ;
#4298 = CARTESIAN_POINT ( 'NONE',  ( 26.62286553961379454, 54.00000000000000000, -7.092893218813453693 ) ) ;
#4299 = FACE_OUTER_BOUND ( 'NONE', #1201, .T. ) ;
#4300 = FACE_OUTER_BOUND ( 'NONE', #1713, .T. ) ;
#4301 = CARTESIAN_POINT ( 'NONE',  ( 29.48561910245406992, 54.00000000000000000, -10.76701191246820599 ) ) ;
#4302 = CARTESIAN_POINT ( 'NONE',  ( 15.00000000000000000, 4.000000000000000000, -12.49999999999999467 ) ) ;
#4303 = VERTEX_POINT ( 'NONE', #2585 ) ;
#4304 = VECTOR ( 'NONE', #1613, 1000.000000000000000 ) ;
#4305 = DIRECTION ( 'NONE',  ( -1.000000000000000000, -1.734723475976807341E-16, 0.000000000000000000 ) ) ;
#4306 = EDGE_CURVE ( 'NONE', #931, #3960, #3950, .T. ) ;
#4307 = DIRECTION ( 'NONE',  ( 0.000000000000000000, 0.000000000000000000, -1.000000000000000000 ) ) ;
#4308 = EDGE_LOOP ( 'NONE', ( #3421, #3315, #4005, #696 ) ) ;
#4309 = EDGE_LOOP ( 'NONE', ( #2679, #1318, #3501, #520 ) ) ;
#4310 = DIRECTION ( 'NONE',  ( -1.734723475976807341E-16, -0.000000000000000000, -1.000000000000000000 ) ) ;
#4311 = LINE ( 'NONE', #2234, #1100 ) ;
#4312 = AXIS2_PLACEMENT_3D ( 'NONE', #4252, #1202, #2336 ) ;
#4313 = CARTESIAN_POINT ( 'NONE',  ( 9.999999999999998224, 55.00000000000000000, -18.00000000000000000 ) ) ;
#4314 = APPLICATION_PROTOCOL_DEFINITION ( 'draft international standard', 'automotive_design', 1998, #670 ) ;
#4315 = EDGE_LOOP ( 'NONE', ( #3322, #2812, #1227, #3276 ) ) ;
#4316 = CARTESIAN_POINT ( 'NONE',  ( -1.170051603565881893, 17.66912060266242435, -2.500000020307355797 ) ) ;
#4317 = AXIS2_PLACEMENT_3D ( 'NONE', #36, #984, #4381 ) ;
#4318 = CARTESIAN_POINT ( 'NONE',  ( -5.999999999999999112, 0.5000000000000000000, -2.500000000000000000 ) ) ;
#4319 = DIRECTION ( 'NONE',  ( 0.000000000000000000, 0.000000000000000000, 1.000000000000000000 ) ) ;
#4320 = ORIENTED_EDGE ( 'NONE', *, *, #3676, .T. ) ;
#4321 = CARTESIAN_POINT ( 'NONE',  ( 0.000000000000000000, 21.46826404402141364, -3.826757215919884381 ) ) ;
#4322 = DIRECTION ( 'NONE',  ( -0.000000000000000000, -1.000000000000000000, -0.000000000000000000 ) ) ;
#4323 = CIRCLE ( 'NONE', #4246, 0.5000000000000000000 ) ;
#4324 = DIRECTION ( 'NONE',  ( 0.000000000000000000, 1.000000000000000000, 0.000000000000000000 ) ) ;
#4325 = CIRCLE ( 'NONE', #196, 5.999999999999999112 ) ;
#4326 = FACE_OUTER_BOUND ( 'NONE', #38, .T. ) ;
#4327 = CARTESIAN_POINT ( 'NONE',  ( 22.98099919820321446, 40.70000000000000284, -4.000000000000000000 ) ) ;
#4328 = AXIS2_PLACEMENT_3D ( 'NONE', #4327, #1561, #2559 ) ;
#4329 = EDGE_CURVE ( 'NONE', #837, #2801, #2257, .T. ) ;
#4330 = VERTEX_POINT ( 'NONE', #3210 ) ;
#4331 = STYLED_ITEM ( 'NONE', ( #3567 ), #3573 ) ;
#4332 = AXIS2_PLACEMENT_3D ( 'NONE', #85, #2810, #3778 ) ;
#4333 = CARTESIAN_POINT ( 'NONE',  ( 14.99999999999999467, 27.99999999999999645, -8.999999999999992895 ) ) ;
#4334 = DIRECTION ( 'NONE',  ( -0.000000000000000000, -1.000000000000000000, -0.000000000000000000 ) ) ;
#4335 = ORIENTED_EDGE ( 'NONE', *, *, #2313, .T. ) ;
#4336 = CIRCLE ( 'NONE', #3536, 10.00000000000000000 ) ;
#4337 = ORIENTED_EDGE ( 'NONE', *, *, #1066, .T. ) ;
#4338 = ORIENTED_EDGE ( 'NONE', *, *, #3295, .T. ) ;
#4339 = EDGE_CURVE ( 'NONE', #1123, #869, #3896, .T. ) ;
#4340 = CARTESIAN_POINT ( 'NONE',  ( 19.99999999999999645, 61.00000000000000000, -7.999999999999998224 ) ) ;
#4341 = EDGE_LOOP ( 'NONE', ( #951, #3321 ) ) ;
#4342 = CARTESIAN_POINT ( 'NONE',  ( 30.00000000000000000, 54.00000000000000000, -5.500000000000002665 ) ) ;
#4343 = EDGE_CURVE ( 'NONE', #1554, #2527, #1620, .T. ) ;
#4344 = DIRECTION ( 'NONE',  ( 0.000000000000000000, 1.000000000000000000, 0.000000000000000000 ) ) ;
#4345 = LINE ( 'NONE', #3964, #2176 ) ;
#4346 = EDGE_CURVE ( 'NONE', #4262, #4235, #4247, .T. ) ;
#4347 = ORIENTED_EDGE ( 'NONE', *, *, #1170, .F. ) ;
#4348 = CARTESIAN_POINT ( 'NONE',  ( 15.00000000000000000, 14.00000000000000000, -9.999999999999996447 ) ) ;
#4349 = DIRECTION ( 'NONE',  ( -0.000000000000000000, 0.000000000000000000, 1.000000000000000000 ) ) ;
#4350 = LINE ( 'NONE', #1047, #3101 ) ;
#4351 = ORIENTED_EDGE ( 'NONE', *, *, #2033, .T. ) ;
#4352 = FACE_OUTER_BOUND ( 'NONE', #4315, .T. ) ;
#4353 = DIRECTION ( 'NONE',  ( 0.000000000000000000, 0.000000000000000000, 1.000000000000000000 ) ) ;
#4354 = VERTEX_POINT ( 'NONE', #1932 ) ;
#4355 = ORIENTED_EDGE ( 'NONE', *, *, #4015, .F. ) ;
#4356 = FACE_OUTER_BOUND ( 'NONE', #369, .T. ) ;
#4357 = EDGE_LOOP ( 'NONE', ( #2096, #2573, #42, #1298 ) ) ;
#4358 = DIRECTION ( 'NONE',  ( 0.000000000000000000, 0.000000000000000000, 1.000000000000000000 ) ) ;
#4359 = EDGE_LOOP ( 'NONE', ( #3082, #358, #814, #3526, #826 ) ) ;
#4360 = FACE_OUTER_BOUND ( 'NONE', #2108, .T. ) ;
#4361 = ADVANCED_FACE ( 'NONE', ( #3231 ), #1595, .T. ) ;
#4362 = EDGE_CURVE ( 'NONE', #2553, #2290, #55, .T. ) ;
#4363 = DIRECTION ( 'NONE',  ( 0.000000000000000000, 0.000000000000000000, 1.000000000000000000 ) ) ;
#4364 = CARTESIAN_POINT ( 'NONE',  ( 15.00000000000000178, 14.00000000000000000, -9.999999999999996447 ) ) ;
#4365 = ORIENTED_EDGE ( 'NONE', *, *, #1776, .F. ) ;
#4366 = VERTEX_POINT ( 'NONE', #2926 ) ;
#4367 = CARTESIAN_POINT ( 'NONE',  ( 15.99999999999999645, 15.00000000000000000, -17.49999999999999645 ) ) ;
#4368 = DIRECTION ( 'NONE',  ( 1.734723475976807341E-16, -0.000000000000000000, 1.000000000000000000 ) ) ;
#4369 = ORIENTED_EDGE ( 'NONE', *, *, #3598, .T. ) ;
#4370 = DIRECTION ( 'NONE',  ( 0.000000000000000000, -1.000000000000000000, 0.000000000000000000 ) ) ;
#4371 = DIRECTION ( 'NONE',  ( 0.000000000000000000, -1.000000000000000000, 0.000000000000000000 ) ) ;
#4372 = VERTEX_POINT ( 'NONE', #1842 ) ;
#4373 = CARTESIAN_POINT ( 'NONE',  ( 19.99999999999993250, 13.50000000000000000, -18.00000000000000000 ) ) ;
#4374 = ORIENTED_EDGE ( 'NONE', *, *, #3653, .T. ) ;
#4375 = LINE ( 'NONE', #1327, #2192 ) ;
#4376 = EDGE_CURVE ( 'NONE', #3486, #2222, #2241, .T. ) ;
#4377 = ORIENTED_EDGE ( 'NONE', *, *, #1000, .F. ) ;
#4378 = DIRECTION ( 'NONE',  ( 0.000000000000000000, 1.000000000000000000, 0.000000000000000000 ) ) ;
#4379 = AXIS2_PLACEMENT_3D ( 'NONE', #761, #429, #2627 ) ;
#4380 = FACE_BOUND ( 'NONE', #2503, .T. ) ;
#4381 = DIRECTION ( 'NONE',  ( 0.000000000000000000, 0.000000000000000000, 1.000000000000000000 ) ) ;
#4382 = AXIS2_PLACEMENT_3D ( 'NONE', #1296, #1954, #1629 ) ;
#4383 = ORIENTED_EDGE ( 'NONE', *, *, #903, .T. ) ;
#4384 = VERTEX_POINT ( 'NONE', #3963 ) ;
#4385 = DIRECTION ( 'NONE',  ( 1.000000000000000000, 0.000000000000000000, 0.000000000000000000 ) ) ;
#4386 = DIRECTION ( 'NONE',  ( -1.000000000000000000, 0.000000000000000000, 0.000000000000000000 ) ) ;
#4387 = ORIENTED_EDGE ( 'NONE', *, *, #4306, .T. ) ;
#4388 = AXIS2_PLACEMENT_3D ( 'NONE', #941, #2905, #3644 ) ;
#4389 = AXIS2_PLACEMENT_3D ( 'NONE', #4067, #1927, #3279 ) ;
#4390 = CIRCLE ( 'NONE', #4041, 0.5000000000000000000 ) ;
#4391 = CARTESIAN_POINT ( 'NONE',  ( 14.49999999999999467, 15.00000000000000000, -18.00000000000000000 ) ) ;
#4392 = DIRECTION ( 'NONE',  ( -1.734723475976807341E-16, 0.000000000000000000, -1.000000000000000000 ) ) ;
#4393 = EDGE_CURVE ( 'NONE', #273, #2528, #556, .T. ) ;
#4394 = CIRCLE ( 'NONE', #202, 5.999999999999998224 ) ;
#4395 = DIRECTION ( 'NONE',  ( -1.000000000000000000, 0.000000000000000000, 0.000000000000000000 ) ) ;
#4396 = AXIS2_PLACEMENT_3D ( 'NONE', #3190, #1844, #3524 ) ;
#4397 = VERTEX_POINT ( 'NONE', #4224 ) ;
#4398 = DIRECTION ( 'NONE',  ( -0.000000000000000000, -1.000000000000000000, -0.000000000000000000 ) ) ;
#4399 = ORIENTED_EDGE ( 'NONE', *, *, #2620, .F. ) ;
#4400 = CARTESIAN_POINT ( 'NONE',  ( 38.59999999999999432, 6.999999999999992895, 0.000000000000000000 ) ) ;
#4401 = FACE_OUTER_BOUND ( 'NONE', #3193, .T. ) ;
#4402 = AXIS2_PLACEMENT_3D ( 'NONE', #1762, #3835, #2426 ) ;
#4403 = DIRECTION ( 'NONE',  ( -0.000000000000000000, 1.000000000000000000, 0.000000000000000000 ) ) ;
#4404 = VERTEX_POINT ( 'NONE', #579 ) ;
#4405 = ORIENTED_EDGE ( 'NONE', *, *, #3598, .F. ) ;
ENDSEC;
END-ISO-10303-21;
