ISO-10303-21;
HEADER;
FILE_DESCRIPTION (( 'STEP AP203' ),
    '1' );
FILE_NAME ('Ender3 Bed Mount.STEP',
    '2022-02-05T00:43:21',
    ( '' ),
    ( '' ),
    'SwSTEP 2.0',
    'SolidWorks 2021',
    '' );
FILE_SCHEMA (( 'CONFIG_CONTROL_DESIGN' ));
ENDSEC;

DATA;
#1 = ORIENTED_EDGE ( 'NONE', *, *, #5244, .T. ) ;
#2 = EDGE_CURVE ( 'NONE', #4305, #1412, #6102, .T. ) ;
#3 = VERTEX_POINT ( 'NONE', #6609 ) ;
#4 = DIRECTION ( 'NONE',  ( 0.000000000000000000, 0.000000000000000000, 1.000000000000000000 ) ) ;
#5 = AXIS2_PLACEMENT_3D ( 'NONE', #5340, #22, #5593 ) ;
#6 = LINE ( 'NONE', #2396, #1206 ) ;
#7 = ORIENTED_EDGE ( 'NONE', *, *, #1552, .F. ) ;
#8 = DIRECTION ( 'NONE',  ( 0.000000000000000000, 0.000000000000000000, 1.000000000000000000 ) ) ;
#9 = ORIENTED_EDGE ( 'NONE', *, *, #5401, .T. ) ;
#10 = DIRECTION ( 'NONE',  ( -0.000000000000000000, -1.000000000000000000, -0.000000000000000000 ) ) ;
#11 = ORIENTED_EDGE ( 'NONE', *, *, #744, .T. ) ;
#12 = EDGE_LOOP ( 'NONE', ( #507, #554, #3180, #1089 ) ) ;
#13 = AXIS2_PLACEMENT_3D ( 'NONE', #7613, #1674, #1053 ) ;
#14 = FACE_BOUND ( 'NONE', #1165, .T. ) ;
#15 = AXIS2_PLACEMENT_3D ( 'NONE', #6983, #6037, #1750 ) ;
#16 = CARTESIAN_POINT ( 'NONE',  ( 148.0000000000000284, 0.000000000000000000, -37.50000000000004263 ) ) ;
#17 = CARTESIAN_POINT ( 'NONE',  ( 148.0000000000000284, 4.000000000000000000, -41.75000000000004263 ) ) ;
#18 = DIRECTION ( 'NONE',  ( 0.000000000000000000, -1.000000000000000000, 0.000000000000000000 ) ) ;
#19 = ORIENTED_EDGE ( 'NONE', *, *, #5129, .F. ) ;
#20 = EDGE_CURVE ( 'NONE', #3702, #3774, #158, .T. ) ;
#21 = ORIENTED_EDGE ( 'NONE', *, *, #7459, .T. ) ;
#22 = DIRECTION ( 'NONE',  ( -0.000000000000000000, 0.000000000000000000, 1.000000000000000000 ) ) ;
#23 = LINE ( 'NONE', #5416, #4231 ) ;
#24 = EDGE_LOOP ( 'NONE', ( #3355, #5461 ) ) ;
#25 = DIRECTION ( 'NONE',  ( -0.000000000000000000, -1.000000000000000000, -0.000000000000000000 ) ) ;
#26 = DIRECTION ( 'NONE',  ( -0.000000000000000000, -0.000000000000000000, 1.000000000000000000 ) ) ;
#27 = ORIENTED_EDGE ( 'NONE', *, *, #2444, .F. ) ;
#28 = EDGE_CURVE ( 'NONE', #2952, #5277, #1964, .T. ) ;
#29 = CYLINDRICAL_SURFACE ( 'NONE', #3543, 2.099999999999990763 ) ;
#30 = LINE ( 'NONE', #4913, #716 ) ;
#31 = ORIENTED_EDGE ( 'NONE', *, *, #3787, .F. ) ;
#32 = FACE_OUTER_BOUND ( 'NONE', #5091, .T. ) ;
#33 = CARTESIAN_POINT ( 'NONE',  ( -2.000000000000016431, 4.000000000000000000, -55.50000000000001421 ) ) ;
#34 = ORIENTED_EDGE ( 'NONE', *, *, #6190, .T. ) ;
#35 = VERTEX_POINT ( 'NONE', #1886 ) ;
#36 = ADVANCED_FACE ( 'NONE', ( #1342 ), #1383, .F. ) ;
#37 = CARTESIAN_POINT ( 'NONE',  ( 95.15692193816525446, 5.000000000000000000, -94.99999999999998579 ) ) ;
#38 = CARTESIAN_POINT ( 'NONE',  ( 81.07846096908262723, 5.000000000000000000, -78.59999999999999432 ) ) ;
#39 = VERTEX_POINT ( 'NONE', #4368 ) ;
#40 = DIRECTION ( 'NONE',  ( 0.000000000000000000, 0.000000000000000000, 1.000000000000000000 ) ) ;
#41 = ORIENTED_EDGE ( 'NONE', *, *, #7043, .T. ) ;
#42 = DIRECTION ( 'NONE',  ( 0.000000000000000000, 1.000000000000000000, 0.000000000000000000 ) ) ;
#43 = ORIENTED_EDGE ( 'NONE', *, *, #1607, .F. ) ;
#44 = VECTOR ( 'NONE', #4404, 1000.000000000000000 ) ;
#45 = ADVANCED_FACE ( 'NONE', ( #5551 ), #797, .F. ) ;
#46 = ORIENTED_EDGE ( 'NONE', *, *, #898, .F. ) ;
#47 = LINE ( 'NONE', #5117, #7004 ) ;
#48 = DIRECTION ( 'NONE',  ( -0.000000000000000000, 1.000000000000000000, -0.000000000000000000 ) ) ;
#49 = CARTESIAN_POINT ( 'NONE',  ( 69.00000000000000000, 8.000000000000000000, -65.00000000000002842 ) ) ;
#50 = LINE ( 'NONE', #5480, #5893 ) ;
#51 = AXIS2_PLACEMENT_3D ( 'NONE', #1174, #4083, #7738 ) ;
#52 = ORIENTED_EDGE ( 'NONE', *, *, #6717, .F. ) ;
#53 = VERTEX_POINT ( 'NONE', #5516 ) ;
#54 = VECTOR ( 'NONE', #2904, 1000.000000000000000 ) ;
#55 = DIRECTION ( 'NONE',  ( -0.000000000000000000, -1.000000000000000000, -0.000000000000000000 ) ) ;
#56 = ORIENTED_EDGE ( 'NONE', *, *, #5045, .F. ) ;
#57 = DIRECTION ( 'NONE',  ( 0.000000000000000000, 0.000000000000000000, 1.000000000000000000 ) ) ;
#58 = CARTESIAN_POINT ( 'NONE',  ( -2.000000000000007105, 4.000000000000000000, -114.5000000000000426 ) ) ;
#59 = EDGE_CURVE ( 'NONE', #3079, #278, #2437, .T. ) ;
#60 = DIRECTION ( 'NONE',  ( 0.000000000000000000, 0.000000000000000000, 1.000000000000000000 ) ) ;
#61 = EDGE_LOOP ( 'NONE', ( #5169, #1007, #1414, #2029 ) ) ;
#62 = CIRCLE ( 'NONE', #4456, 2.100000000000004530 ) ;
#63 = ADVANCED_FACE ( 'NONE', ( #4849 ), #1847, .F. ) ;
#64 = DIRECTION ( 'NONE',  ( 0.5000000000000016653, 0.000000000000000000, -0.8660254037844377084 ) ) ;
#65 = CARTESIAN_POINT ( 'NONE',  ( -2.000000000000016431, 4.000000000000000000, -51.25000000000001421 ) ) ;
#66 = ORIENTED_EDGE ( 'NONE', *, *, #2811, .T. ) ;
#67 = FACE_OUTER_BOUND ( 'NONE', #5676, .T. ) ;
#68 = DIRECTION ( 'NONE',  ( 0.000000000000000000, 1.000000000000000000, 0.000000000000000000 ) ) ;
#69 = AXIS2_PLACEMENT_3D ( 'NONE', #4568, #5748, #4490 ) ;
#70 = ADVANCED_FACE ( 'NONE', ( #4288 ), #6061, .F. ) ;
#71 = ORIENTED_EDGE ( 'NONE', *, *, #3043, .F. ) ;
#72 = ORIENTED_EDGE ( 'NONE', *, *, #5812, .T. ) ;
#73 = AXIS2_PLACEMENT_3D ( 'NONE', #4560, #6368, #2199 ) ;
#74 = DIRECTION ( 'NONE',  ( 0.8660254037844397068, 0.000000000000000000, -0.4999999999999981126 ) ) ;
#75 = DIRECTION ( 'NONE',  ( 0.000000000000000000, 0.000000000000000000, 1.000000000000000000 ) ) ;
#76 = ORIENTED_EDGE ( 'NONE', *, *, #3256, .F. ) ;
#77 = DIRECTION ( 'NONE',  ( 0.000000000000000000, 1.000000000000000000, 0.000000000000000000 ) ) ;
#78 = EDGE_CURVE ( 'NONE', #2793, #1700, #6261, .T. ) ;
#79 = ORIENTED_EDGE ( 'NONE', *, *, #5137, .T. ) ;
#80 = DIRECTION ( 'NONE',  ( 0.000000000000000000, 0.000000000000000000, 1.000000000000000000 ) ) ;
#81 = CIRCLE ( 'NONE', #2972, 2.099999999999990763 ) ;
#82 = ORIENTED_EDGE ( 'NONE', *, *, #1927, .T. ) ;
#83 = VECTOR ( 'NONE', #7249, 1000.000000000000000 ) ;
#84 = ORIENTED_EDGE ( 'NONE', *, *, #1974, .T. ) ;
#85 = CARTESIAN_POINT ( 'NONE',  ( 2.000000000000000000, 8.000000000000000000, -11.20487406521907126 ) ) ;
#86 = AXIS2_PLACEMENT_3D ( 'NONE', #2275, #1608, #7034 ) ;
#87 = LINE ( 'NONE', #1189, #3485 ) ;
#88 = EDGE_CURVE ( 'NONE', #6578, #5882, #198, .T. ) ;
#89 = FACE_OUTER_BOUND ( 'NONE', #6742, .T. ) ;
#90 = CARTESIAN_POINT ( 'NONE',  ( 10.38085125267133613, 8.000000000000000000, -24.50000000000000000 ) ) ;
#91 = CARTESIAN_POINT ( 'NONE',  ( 170.0000000000000000, 6.000000000000000000, 0.000000000000000000 ) ) ;
#92 = VECTOR ( 'NONE', #1922, 1000.000000000000000 ) ;
#93 = ORIENTED_EDGE ( 'NONE', *, *, #7103, .T. ) ;
#94 = ORIENTED_EDGE ( 'NONE', *, *, #4433, .T. ) ;
#95 = VECTOR ( 'NONE', #4057, 1000.000000000000000 ) ;
#96 = VECTOR ( 'NONE', #6168, 1000.000000000000000 ) ;
#97 = CARTESIAN_POINT ( 'NONE',  ( 21.99999999999998224, 4.000000000000000000, -55.50000000000001421 ) ) ;
#98 = ORIENTED_EDGE ( 'NONE', *, *, #3256, .T. ) ;
#99 = FACE_OUTER_BOUND ( 'NONE', #1391, .T. ) ;
#100 = FACE_OUTER_BOUND ( 'NONE', #4399, .T. ) ;
#101 = DIRECTION ( 'NONE',  ( 0.000000000000000000, 1.000000000000000000, 0.000000000000000000 ) ) ;
#102 = VECTOR ( 'NONE', #5628, 1000.000000000000000 ) ;
#103 = ORIENTED_EDGE ( 'NONE', *, *, #5943, .F. ) ;
#104 = AXIS2_PLACEMENT_3D ( 'NONE', #811, #6776, #6072 ) ;
#105 = EDGE_CURVE ( 'NONE', #7416, #2788, #1442, .T. ) ;
#106 = LINE ( 'NONE', #742, #1524 ) ;
#107 = CARTESIAN_POINT ( 'NONE',  ( -19.80599157813204059, 0.000000000000000000, -141.0000000000000000 ) ) ;
#108 = AXIS2_PLACEMENT_3D ( 'NONE', #6195, #2574, #6114 ) ;
#109 = ORIENTED_EDGE ( 'NONE', *, *, #434, .T. ) ;
#110 = FACE_OUTER_BOUND ( 'NONE', #6771, .T. ) ;
#112 = FACE_BOUND ( 'NONE', #983, .T. ) ;
#111 = AXIS2_PLACEMENT_3D ( 'NONE', #1549, #5186, #292 ) ;
#113 = ORIENTED_EDGE ( 'NONE', *, *, #7319, .T. ) ;
#114 = ORIENTED_EDGE ( 'NONE', *, *, #5225, .T. ) ;
#115 = ADVANCED_FACE ( 'NONE', ( #2642 ), #6962, .T. ) ;
#116 = DIRECTION ( 'NONE',  ( 0.000000000000000000, 0.000000000000000000, 1.000000000000000000 ) ) ;
#117 = CARTESIAN_POINT ( 'NONE',  ( 128.4885937829696161, 8.000000000000000000, -101.0000000000000284 ) ) ;
#118 = ORIENTED_EDGE ( 'NONE', *, *, #4889, .T. ) ;
#119 = DIRECTION ( 'NONE',  ( -0.000000000000000000, 1.000000000000000000, -0.000000000000000000 ) ) ;
#120 = EDGE_LOOP ( 'NONE', ( #5667, #418 ) ) ;
#121 = DIRECTION ( 'NONE',  ( 0.000000000000000000, -1.000000000000000000, 0.000000000000000000 ) ) ;
#122 = EDGE_CURVE ( 'NONE', #7230, #1028, #7350, .T. ) ;
#123 = EDGE_LOOP ( 'NONE', ( #3534, #6606, #6345, #1434 ) ) ;
#124 = ADVANCED_FACE ( 'NONE', ( #6301 ), #5705, .F. ) ;
#125 = ORIENTED_EDGE ( 'NONE', *, *, #3170, .T. ) ;
#126 = DIRECTION ( 'NONE',  ( -0.000000000000000000, 1.000000000000000000, -0.000000000000000000 ) ) ;
#127 = CARTESIAN_POINT ( 'NONE',  ( 148.0000000000000284, -2.000000000000000000, -37.50000000000004263 ) ) ;
#128 = CARTESIAN_POINT ( 'NONE',  ( 148.0000000000000568, 8.000000000000000000, -132.5000000000000284 ) ) ;
#129 = DIRECTION ( 'NONE',  ( -0.000000000000000000, 1.000000000000000000, -0.000000000000000000 ) ) ;
#130 = VERTEX_POINT ( 'NONE', #3896 ) ;
#131 = EDGE_CURVE ( 'NONE', #3903, #6439, #3394, .T. ) ;
#132 = VERTEX_POINT ( 'NONE', #4489 ) ;
#133 = FACE_OUTER_BOUND ( 'NONE', #992, .T. ) ;
#134 = CARTESIAN_POINT ( 'NONE',  ( 90.99999999999997158, 0.000000000000000000, -72.89999999999999147 ) ) ;
#135 = ORIENTED_EDGE ( 'NONE', *, *, #1950, .F. ) ;
#136 = DIRECTION ( 'NONE',  ( 0.000000000000000000, 0.000000000000000000, 1.000000000000000000 ) ) ;
#137 = DIRECTION ( 'NONE',  ( 0.000000000000000000, 0.000000000000000000, 1.000000000000000000 ) ) ;
#138 = LINE ( 'NONE', #2184, #2368 ) ;
#139 = ORIENTED_EDGE ( 'NONE', *, *, #2974, .T. ) ;
#140 = EDGE_CURVE ( 'NONE', #1269, #3971, #2759, .T. ) ;
#141 = DIRECTION ( 'NONE',  ( -0.000000000000000000, -1.000000000000000000, -0.000000000000000000 ) ) ;
#142 = EDGE_CURVE ( 'NONE', #4156, #4746, #7732, .T. ) ;
#143 = LINE ( 'NONE', #1904, #3975 ) ;
#144 = EDGE_LOOP ( 'NONE', ( #5338, #2608, #3414, #4653 ) ) ;
#145 = DIRECTION ( 'NONE',  ( -0.000000000000000000, 1.000000000000000000, -0.000000000000000000 ) ) ;
#146 = CARTESIAN_POINT ( 'NONE',  ( 30.00000000000003908, -63.63175307973214956, -44.25941951976455613 ) ) ;
#147 = ORIENTED_EDGE ( 'NONE', *, *, #5383, .F. ) ;
#148 = ORIENTED_EDGE ( 'NONE', *, *, #5894, .T. ) ;
#149 = LINE ( 'NONE', #2544, #3833 ) ;
#150 = DIRECTION ( 'NONE',  ( -0.000000000000000000, -1.000000000000000000, -0.000000000000000000 ) ) ;
#151 = DIRECTION ( 'NONE',  ( 0.000000000000000000, 0.000000000000000000, 1.000000000000000000 ) ) ;
#152 = VERTEX_POINT ( 'NONE', #2168 ) ;
#153 = AXIS2_PLACEMENT_3D ( 'NONE', #7098, #5152, #3412 ) ;
#154 = EDGE_LOOP ( 'NONE', ( #1503, #7694, #462, #7182 ) ) ;
#155 = DIRECTION ( 'NONE',  ( -0.000000000000000000, -0.000000000000000000, 1.000000000000000000 ) ) ;
#156 = EDGE_CURVE ( 'NONE', #1497, #7582, #1536, .T. ) ;
#157 = ORIENTED_EDGE ( 'NONE', *, *, #663, .T. ) ;
#158 = LINE ( 'NONE', #4811, #4471 ) ;
#159 = CARTESIAN_POINT ( 'NONE',  ( 30.00000000000003908, 8.000000000000007105, -42.25941951976455613 ) ) ;
#160 = CARTESIAN_POINT ( 'NONE',  ( 0.000000000000000000, 3.000000000000000000, 0.000000000000000000 ) ) ;
#161 = CARTESIAN_POINT ( 'NONE',  ( 172.0000000000000284, -2.000000000000000000, -53.40000000000004121 ) ) ;
#162 = CARTESIAN_POINT ( 'NONE',  ( 74.84307806183467449, 5.000000000000000000, -74.99999999999997158 ) ) ;
#163 = CARTESIAN_POINT ( 'NONE',  ( -19.80599157813204414, 8.000000000000000000, -115.0000000000000000 ) ) ;
#164 = DIRECTION ( 'NONE',  ( 0.000000000000000000, 0.000000000000000000, 1.000000000000000000 ) ) ;
#165 = EDGE_CURVE ( 'NONE', #7220, #3971, #3857, .T. ) ;
#166 = EDGE_CURVE ( 'NONE', #5730, #7644, #7358, .T. ) ;
#167 = ORIENTED_EDGE ( 'NONE', *, *, #5129, .T. ) ;
#168 = VERTEX_POINT ( 'NONE', #7399 ) ;
#169 = AXIS2_PLACEMENT_3D ( 'NONE', #236, #5042, #2160 ) ;
#170 = VERTEX_POINT ( 'NONE', #7472 ) ;
#171 = CARTESIAN_POINT ( 'NONE',  ( 170.0000000000000000, 0.000000000000000000, -24.50000000000002132 ) ) ;
#172 = DIRECTION ( 'NONE',  ( 0.000000000000000000, 0.000000000000000000, 1.000000000000000000 ) ) ;
#173 = ORIENTED_EDGE ( 'NONE', *, *, #4495, .T. ) ;
#174 = LINE ( 'NONE', #3909, #5971 ) ;
#175 = DIRECTION ( 'NONE',  ( -0.000000000000000000, -1.000000000000000000, -0.000000000000000000 ) ) ;
#176 = ADVANCED_FACE ( 'NONE', ( #3308 ), #5008, .F. ) ;
#177 = CARTESIAN_POINT ( 'NONE',  ( 0.000000000000000000, 8.000000000000000000, -162.0000000000000000 ) ) ;
#178 = VECTOR ( 'NONE', #487, 1000.000000000000000 ) ;
#179 = ORIENTED_EDGE ( 'NONE', *, *, #6113, .T. ) ;
#180 = CARTESIAN_POINT ( 'NONE',  ( -9.649069639966763035, 3.000000000000000000, -137.2500000000000284 ) ) ;
#181 = LINE ( 'NONE', #6122, #7623 ) ;
#182 = ORIENTED_EDGE ( 'NONE', *, *, #1451, .F. ) ;
#183 = DIRECTION ( 'NONE',  ( 0.000000000000000000, 0.000000000000000000, 1.000000000000000000 ) ) ;
#184 = CARTESIAN_POINT ( 'NONE',  ( 115.0000000000000000, 8.000000000000000000, -101.0000000000000284 ) ) ;
#185 = EDGE_CURVE ( 'NONE', #1805, #4206, #4854, .T. ) ;
#186 = CIRCLE ( 'NONE', #5222, 4.250000000000003553 ) ;
#187 = VECTOR ( 'NONE', #3188, 1000.000000000000000 ) ;
#188 = EDGE_LOOP ( 'NONE', ( #3315, #3484 ) ) ;
#189 = DIRECTION ( 'NONE',  ( -0.000000000000000000, -1.000000000000000000, -0.000000000000000000 ) ) ;
#190 = AXIS2_PLACEMENT_3D ( 'NONE', #7325, #1935, #3165 ) ;
#191 = CARTESIAN_POINT ( 'NONE',  ( 148.0000000000000284, 8.000000000000000000, -33.25000000000003553 ) ) ;
#192 = LINE ( 'NONE', #4998, #4095 ) ;
#193 = ORIENTED_EDGE ( 'NONE', *, *, #887, .T. ) ;
#194 = DIRECTION ( 'NONE',  ( 0.000000000000000000, -0.000000000000000000, 1.000000000000000000 ) ) ;
#195 = ORIENTED_EDGE ( 'NONE', *, *, #7012, .F. ) ;
#196 = DIRECTION ( 'NONE',  ( 0.000000000000000000, 0.000000000000000000, 1.000000000000000000 ) ) ;
#197 = ORIENTED_EDGE ( 'NONE', *, *, #3515, .T. ) ;
#198 = LINE ( 'NONE', #998, #4842 ) ;
#199 = CARTESIAN_POINT ( 'NONE',  ( 159.6191487473286656, 8.000000000000000000, -24.50000000000002132 ) ) ;
#200 = EDGE_CURVE ( 'NONE', #3389, #5234, #2597, .T. ) ;
#201 = LINE ( 'NONE', #7726, #4528 ) ;
#202 = AXIS2_PLACEMENT_3D ( 'NONE', #4805, #596, #2359 ) ;
#203 = DIRECTION ( 'NONE',  ( -0.000000000000000000, 1.000000000000000000, -0.000000000000000000 ) ) ;
#204 = DIRECTION ( 'NONE',  ( -0.000000000000000000, -1.000000000000000000, -0.000000000000000000 ) ) ;
#205 = EDGE_LOOP ( 'NONE', ( #6846, #4604, #295, #6358 ) ) ;
#206 = EDGE_CURVE ( 'NONE', #6560, #3307, #6725, .T. ) ;
#207 = ORIENTED_EDGE ( 'NONE', *, *, #4363, .T. ) ;
#208 = VECTOR ( 'NONE', #1870, 1000.000000000000114 ) ;
#209 = VECTOR ( 'NONE', #523, 1000.000000000000000 ) ;
#210 = ORIENTED_EDGE ( 'NONE', *, *, #3664, .F. ) ;
#211 = EDGE_CURVE ( 'NONE', #4601, #6545, #7490, .T. ) ;
#212 = CARTESIAN_POINT ( 'NONE',  ( 21.99999999999999289, 8.000000000000000000, -136.7500000000000284 ) ) ;
#213 = FACE_OUTER_BOUND ( 'NONE', #3786, .T. ) ;
#214 = DIRECTION ( 'NONE',  ( -0.000000000000000000, -1.000000000000000000, -0.000000000000000000 ) ) ;
#215 = DIRECTION ( 'NONE',  ( 0.5000000000000003331, 0.000000000000000000, 0.8660254037844384856 ) ) ;
#216 = DIRECTION ( 'NONE',  ( 1.000000000000000000, 0.000000000000000000, 0.000000000000000000 ) ) ;
#217 = VERTEX_POINT ( 'NONE', #4409 ) ;
#218 = AXIS2_PLACEMENT_3D ( 'NONE', #5255, #1076, #1005 ) ;
#219 = VECTOR ( 'NONE', #7758, 1000.000000000000000 ) ;
#220 = EDGE_CURVE ( 'NONE', #7158, #3462, #6800, .T. ) ;
#221 = FACE_OUTER_BOUND ( 'NONE', #1584, .T. ) ;
#222 = CYLINDRICAL_SURFACE ( 'NONE', #855, 6.000000000000000000 ) ;
#223 = VERTEX_POINT ( 'NONE', #4609 ) ;
#224 = FACE_BOUND ( 'NONE', #5160, .T. ) ;
#225 = CYLINDRICAL_SURFACE ( 'NONE', #3494, 2.125000000000015987 ) ;
#226 = AXIS2_PLACEMENT_3D ( 'NONE', #4723, #4565, #6957 ) ;
#227 = AXIS2_PLACEMENT_3D ( 'NONE', #4992, #7263, #1290 ) ;
#228 = ORIENTED_EDGE ( 'NONE', *, *, #7471, .T. ) ;
#229 = EDGE_CURVE ( 'NONE', #3769, #1336, #5112, .T. ) ;
#230 = DIRECTION ( 'NONE',  ( -0.000000000000000000, 1.000000000000000000, -0.000000000000000000 ) ) ;
#231 = VECTOR ( 'NONE', #7449, 1000.000000000000000 ) ;
#232 = VECTOR ( 'NONE', #7730, 1000.000000000000114 ) ;
#233 = CYLINDRICAL_SURFACE ( 'NONE', #5871, 4.250000000000003553 ) ;
#234 = CYLINDRICAL_SURFACE ( 'NONE', #2586, 2.099999999999990763 ) ;
#235 = EDGE_LOOP ( 'NONE', ( #3913, #431, #1146, #3906 ) ) ;
#236 = CARTESIAN_POINT ( 'NONE',  ( 148.0000000000000568, -2.000000000000000000, -114.5000000000000426 ) ) ;
#237 = EDGE_LOOP ( 'NONE', ( #7420, #6470, #2728, #6158 ) ) ;
#238 = CARTESIAN_POINT ( 'NONE',  ( 128.4885937829696161, 8.000000000000000000, -107.0000000000000426 ) ) ;
#239 = AXIS2_PLACEMENT_3D ( 'NONE', #5057, #4458, #3249 ) ;
#240 = AXIS2_PLACEMENT_3D ( 'NONE', #5333, #7720, #4742 ) ;
#241 = ORIENTED_EDGE ( 'NONE', *, *, #3240, .F. ) ;
#242 = CARTESIAN_POINT ( 'NONE',  ( 90.99999999999997158, -2.000000000000000000, -75.00000000000000000 ) ) ;
#243 = CARTESIAN_POINT ( 'NONE',  ( 0.000000000000000000, 5.000000000000000000, 0.000000000000000000 ) ) ;
#244 = CIRCLE ( 'NONE', #1247, 2.099999999999997868 ) ;
#245 = DIRECTION ( 'NONE',  ( 0.000000000000000000, 0.000000000000000000, -1.000000000000000000 ) ) ;
#246 = DIRECTION ( 'NONE',  ( -0.000000000000000000, -1.000000000000000000, -0.000000000000000000 ) ) ;
#247 = DIRECTION ( 'NONE',  ( -0.000000000000000000, -1.000000000000000000, -0.000000000000000000 ) ) ;
#248 = LINE ( 'NONE', #2647, #6128 ) ;
#249 = AXIS2_PLACEMENT_3D ( 'NONE', #2658, #5655, #2026 ) ;
#250 = ORIENTED_EDGE ( 'NONE', *, *, #1501, .T. ) ;
#251 = APPROVAL_PERSON_ORGANIZATION ( #6966, #458, #5086 ) ;
#252 = EDGE_LOOP ( 'NONE', ( #4745, #4557, #31, #3578 ) ) ;
#253 = VERTEX_POINT ( 'NONE', #7745 ) ;
#254 = CARTESIAN_POINT ( 'NONE',  ( 88.92153903091725908, 8.000000000000000000, -71.39999999999999147 ) ) ;
#255 = DIRECTION ( 'NONE',  ( 0.000000000000000000, 1.000000000000000000, 0.000000000000000000 ) ) ;
#256 = ADVANCED_FACE ( 'NONE', ( #3464, #4130 ), #6490, .T. ) ;
#257 = DIRECTION ( 'NONE',  ( 0.000000000000000000, 0.000000000000000000, 1.000000000000000000 ) ) ;
#258 = CARTESIAN_POINT ( 'NONE',  ( 0.000000000000000000, 6.000000000000000000, 0.000000000000000000 ) ) ;
#259 = FACE_OUTER_BOUND ( 'NONE', #5947, .T. ) ;
#260 = EDGE_CURVE ( 'NONE', #5823, #7009, #4020, .T. ) ;
#261 = ORIENTED_EDGE ( 'NONE', *, *, #3410, .T. ) ;
#262 = CARTESIAN_POINT ( 'NONE',  ( 2.571758278209441957E-16, 0.000000000000000000, 2.100000000000000089 ) ) ;
#263 = CARTESIAN_POINT ( 'NONE',  ( 148.0000000000000568, 8.000000000000000000, -118.7500000000000568 ) ) ;
#264 = EDGE_LOOP ( 'NONE', ( #2993, #6915, #4730, #82, #479, #94, #1144 ) ) ;
#265 = DIRECTION ( 'NONE',  ( 0.000000000000000000, 0.000000000000000000, -1.000000000000000000 ) ) ;
#266 = PLANE ( 'NONE',  #1485 ) ;
#267 = AXIS2_PLACEMENT_3D ( 'NONE', #7692, #2816, #3997 ) ;
#268 = EDGE_CURVE ( 'NONE', #2403, #1039, #5863, .T. ) ;
#269 = ORIENTED_EDGE ( 'NONE', *, *, #2291, .T. ) ;
#270 = LINE ( 'NONE', #5038, #5355 ) ;
#271 = DIRECTION ( 'NONE',  ( 0.6696371217971888168, -0.000000000000000000, -0.7426884441750638555 ) ) ;
#272 = DIRECTION ( 'NONE',  ( 0.000000000000000000, 0.000000000000000000, 1.000000000000000000 ) ) ;
#273 = ORIENTED_EDGE ( 'NONE', *, *, #1272, .F. ) ;
#274 = PLANE ( 'NONE',  #4704 ) ;
#275 = ORIENTED_EDGE ( 'NONE', *, *, #795, .F. ) ;
#276 = DIRECTION ( 'NONE',  ( -0.000000000000000000, 1.000000000000000000, -0.000000000000000000 ) ) ;
#277 = EDGE_CURVE ( 'NONE', #39, #5074, #1035, .T. ) ;
#278 = VERTEX_POINT ( 'NONE', #4726 ) ;
#279 = EDGE_CURVE ( 'NONE', #7165, #1858, #6237, .T. ) ;
#280 = DIRECTION ( 'NONE',  ( 0.000000000000000000, 0.000000000000000000, 1.000000000000000000 ) ) ;
#281 = CARTESIAN_POINT ( 'NONE',  ( 88.92153903091725908, 5.000000000000000000, -71.39999999999999147 ) ) ;
#282 = CARTESIAN_POINT ( 'NONE',  ( 142.0000000000000568, 0.000000000000000000, -62.50000000000002842 ) ) ;
#283 = PERSON_AND_ORGANIZATION_ROLE ( 'design_supplier' ) ;
#284 = DIRECTION ( 'NONE',  ( 0.000000000000000000, 1.000000000000000000, 0.000000000000000000 ) ) ;
#285 = DIRECTION ( 'NONE',  ( 0.8660254037844377084, 0.000000000000000000, -0.5000000000000017764 ) ) ;
#286 = ORIENTED_EDGE ( 'NONE', *, *, #1892, .F. ) ;
#287 = ORIENTED_EDGE ( 'NONE', *, *, #88, .F. ) ;
#288 = ORIENTED_EDGE ( 'NONE', *, *, #268, .F. ) ;
#289 = CYLINDRICAL_SURFACE ( 'NONE', #7126, 4.250000000000003553 ) ;
#290 = CARTESIAN_POINT ( 'NONE',  ( 21.99999999999999289, 8.000000000000000000, -132.5000000000000284 ) ) ;
#291 = LINE ( 'NONE', #2689, #2576 ) ;
#292 = DIRECTION ( 'NONE',  ( 0.000000000000000000, 0.000000000000000000, 1.000000000000000000 ) ) ;
#293 = DIRECTION ( 'NONE',  ( -0.000000000000000000, 1.000000000000000000, -0.000000000000000000 ) ) ;
#294 = ADVANCED_FACE ( 'NONE', ( #7119 ), #5288, .F. ) ;
#295 = ORIENTED_EDGE ( 'NONE', *, *, #4178, .F. ) ;
#296 = CIRCLE ( 'NONE', #7080, 4.250000000000003553 ) ;
#297 = DIRECTION ( 'NONE',  ( -1.000000000000000000, 0.000000000000000000, 0.000000000000000000 ) ) ;
#298 = LINE ( 'NONE', #4552, #3852 ) ;
#299 = EDGE_CURVE ( 'NONE', #6439, #2657, #4616, .T. ) ;
#300 = VERTEX_POINT ( 'NONE', #2884 ) ;
#301 = DIRECTION ( 'NONE',  ( -0.000000000000000000, 1.000000000000000000, -0.000000000000000000 ) ) ;
#302 = DIRECTION ( 'NONE',  ( -0.000000000000000000, 1.000000000000000000, -0.000000000000000000 ) ) ;
#303 = VERTEX_POINT ( 'NONE', #7160 ) ;
#304 = AXIS2_PLACEMENT_3D ( 'NONE', #1325, #634, #5425 ) ;
#305 = EDGE_CURVE ( 'NONE', #2381, #4452, #440, .T. ) ;
#306 = DIRECTION ( 'NONE',  ( 0.6696371217971890388, 0.000000000000000000, 0.7426884441750636334 ) ) ;
#307 = PLANE ( 'NONE',  #3354 ) ;
#308 = EDGE_CURVE ( 'NONE', #3783, #7645, #7118, .T. ) ;
#309 = ORIENTED_EDGE ( 'NONE', *, *, #867, .T. ) ;
#310 = CARTESIAN_POINT ( 'NONE',  ( 158.1337718589785197, 8.000000000000000000, -21.16072575640564324 ) ) ;
#311 = LINE ( 'NONE', #5781, #4488 ) ;
#312 = VECTOR ( 'NONE', #1645, 1000.000000000000000 ) ;
#313 = ORIENTED_EDGE ( 'NONE', *, *, #4879, .F. ) ;
#314 = DIRECTION ( 'NONE',  ( 0.000000000000000000, 1.000000000000000000, 0.000000000000000000 ) ) ;
#315 = EDGE_LOOP ( 'NONE', ( #3000, #7751, #4808, #3514 ) ) ;
#316 = DIRECTION ( 'NONE',  ( 0.000000000000000000, 1.000000000000000000, 0.000000000000000000 ) ) ;
#317 = FACE_OUTER_BOUND ( 'NONE', #3589, .T. ) ;
#318 = ADVANCED_FACE ( 'NONE', ( #6451 ), #2836, .F. ) ;
#319 = DIRECTION ( 'NONE',  ( 0.000000000000000000, 0.000000000000000000, 1.000000000000000000 ) ) ;
#320 = EDGE_CURVE ( 'NONE', #6189, #7768, #4164, .T. ) ;
#321 = ORIENTED_EDGE ( 'NONE', *, *, #5191, .F. ) ;
#322 = DATE_TIME_ROLE ( 'creation_date' ) ;
#323 = CARTESIAN_POINT ( 'NONE',  ( 136.0000000000000284, 0.000000000000000000, -101.0000000000000284 ) ) ;
#324 = LINE ( 'NONE', #5015, #611 ) ;
#325 = VECTOR ( 'NONE', #247, 1000.000000000000000 ) ;
#326 = ORIENTED_EDGE ( 'NONE', *, *, #156, .T. ) ;
#327 = VERTEX_POINT ( 'NONE', #556 ) ;
#328 = AXIS2_PLACEMENT_3D ( 'NONE', #1767, #5942, #6639 ) ;
#329 = ORIENTED_EDGE ( 'NONE', *, *, #3266, .F. ) ;
#330 = EDGE_CURVE ( 'NONE', #4522, #3799, #7234, .T. ) ;
#331 = DIRECTION ( 'NONE',  ( 0.000000000000000000, 1.000000000000000000, 0.000000000000000000 ) ) ;
#332 = CARTESIAN_POINT ( 'NONE',  ( -2.000000000000013767, 8.000000000000000000, -37.50000000000002842 ) ) ;
#333 = FACE_OUTER_BOUND ( 'NONE', #4432, .T. ) ;
#334 = LINE ( 'NONE', #6938, #4253 ) ;
#335 = CARTESIAN_POINT ( 'NONE',  ( 178.0000000000000284, 8.000000000000000000, 4.898587196589418745E-16 ) ) ;
#336 = AXIS2_PLACEMENT_3D ( 'NONE', #2308, #5348, #5388 ) ;
#337 = CIRCLE ( 'NONE', #3357, 4.250000000000003553 ) ;
#338 = VERTEX_POINT ( 'NONE', #4769 ) ;
#339 = VECTOR ( 'NONE', #7727, 1000.000000000000000 ) ;
#340 = CARTESIAN_POINT ( 'NONE',  ( 0.000000000000000000, 8.000000000000000000, -170.0000000000000000 ) ) ;
#341 = CARTESIAN_POINT ( 'NONE',  ( -2.000000000000009770, 4.000000000000000000, -128.2500000000000284 ) ) ;
#342 = ORIENTED_EDGE ( 'NONE', *, *, #5518, .T. ) ;
#343 = CARTESIAN_POINT ( 'NONE',  ( 21.99999999999998579, 8.000000000000000000, -33.25000000000002132 ) ) ;
#344 = VECTOR ( 'NONE', #7545, 1000.000000000000000 ) ;
#345 = DIRECTION ( 'NONE',  ( -0.000000000000000000, 1.000000000000000000, -0.000000000000000000 ) ) ;
#346 = ORIENTED_EDGE ( 'NONE', *, *, #564, .F. ) ;
#347 = AXIS2_PLACEMENT_3D ( 'NONE', #5645, #5679, #850 ) ;
#348 = EDGE_CURVE ( 'NONE', #7339, #531, #7044, .T. ) ;
#349 = DIRECTION ( 'NONE',  ( -0.000000000000000000, 1.000000000000000000, -0.000000000000000000 ) ) ;
#350 = FACE_OUTER_BOUND ( 'NONE', #2449, .T. ) ;
#351 = VECTOR ( 'NONE', #4094, 1000.000000000000000 ) ;
#352 = EDGE_LOOP ( 'NONE', ( #2345, #5180 ) ) ;
#353 = FACE_OUTER_BOUND ( 'NONE', #2283, .T. ) ;
#354 = CARTESIAN_POINT ( 'NONE',  ( 95.15692193816525446, 5.000000000000000000, -75.00000000000002842 ) ) ;
#355 = ORIENTED_EDGE ( 'NONE', *, *, #1100, .F. ) ;
#356 = EDGE_CURVE ( 'NONE', #6667, #53, #4348, .T. ) ;
#357 = LINE ( 'NONE', #6332, #7016 ) ;
#358 = ADVANCED_FACE ( 'NONE', ( #1072 ), #2208, .F. ) ;
#359 = CIRCLE ( 'NONE', #739, 2.000000000000000000 ) ;
#360 = ORIENTED_EDGE ( 'NONE', *, *, #3216, .F. ) ;
#361 = VECTOR ( 'NONE', #6351, 1000.000000000000000 ) ;
#362 = DIRECTION ( 'NONE',  ( -7.564936274135420990E-19, 0.000000000000000000, 1.000000000000000000 ) ) ;
#363 = DIRECTION ( 'NONE',  ( -0.000000000000000000, 1.000000000000000000, -0.000000000000000000 ) ) ;
#364 = DIRECTION ( 'NONE',  ( 0.000000000000000000, 1.000000000000000000, 0.000000000000000000 ) ) ;
#365 = ORIENTED_EDGE ( 'NONE', *, *, #1634, .F. ) ;
#366 = DATE_AND_TIME ( #1002, #6153 ) ;
#367 = VECTOR ( 'NONE', #7488, 999.9999999999998863 ) ;
#368 = DIRECTION ( 'NONE',  ( -1.000000000000000000, 0.000000000000000000, -6.676953772165175354E-15 ) ) ;
#369 = DIRECTION ( 'NONE',  ( 0.000000000000000000, 1.000000000000000000, 0.000000000000000000 ) ) ;
#370 = CIRCLE ( 'NONE', #4357, 2.099999999999989875 ) ;
#371 = EDGE_LOOP ( 'NONE', ( #3175, #1854, #1160, #2512, #6442, #373, #2861 ) ) ;
#372 = ADVANCED_FACE ( 'NONE', ( #4355 ), #6752, .F. ) ;
#373 = ORIENTED_EDGE ( 'NONE', *, *, #6717, .T. ) ;
#374 = CIRCLE ( 'NONE', #7779, 6.000000000000000000 ) ;
#375 = ORIENTED_EDGE ( 'NONE', *, *, #2189, .T. ) ;
#376 = CARTESIAN_POINT ( 'NONE',  ( 172.0000000000000284, 4.000000000000000000, -114.5000000000000426 ) ) ;
#377 = DIRECTION ( 'NONE',  ( 0.000000000000000000, 1.000000000000000000, 0.000000000000000000 ) ) ;
#378 = FACE_BOUND ( 'NONE', #6318, .T. ) ;
#379 = CARTESIAN_POINT ( 'NONE',  ( -2.000000000000016431, -2.000000000000000000, -55.50000000000001421 ) ) ;
#380 = CIRCLE ( 'NONE', #4139, 2.099999999999990763 ) ;
#381 = CARTESIAN_POINT ( 'NONE',  ( -11.72753060904940448, 0.000000000000000000, -119.1500000000000057 ) ) ;
#382 = SECURITY_CLASSIFICATION ( '', '', #3312 ) ;
#383 = EDGE_CURVE ( 'NONE', #2473, #6363, #1097, .T. ) ;
#384 = ORIENTED_EDGE ( 'NONE', *, *, #1180, .F. ) ;
#385 = LINE ( 'NONE', #5189, #4668 ) ;
#386 = FACE_OUTER_BOUND ( 'NONE', #4179, .T. ) ;
#387 = ORIENTED_EDGE ( 'NONE', *, *, #3342, .F. ) ;
#388 = DIRECTION ( 'NONE',  ( 0.4999999999999993894, 0.000000000000000000, 0.8660254037844389297 ) ) ;
#389 = DIRECTION ( 'NONE',  ( -0.6696371217971890388, -0.000000000000000000, -0.7426884441750636334 ) ) ;
#390 = VERTEX_POINT ( 'NONE', #3684 ) ;
#391 = ADVANCED_FACE ( 'NONE', ( #2989 ), #5431, .F. ) ;
#392 = VECTOR ( 'NONE', #1401, 1000.000000000000000 ) ;
#393 = DIRECTION ( 'NONE',  ( -0.000000000000000000, 0.000000000000000000, -1.000000000000000000 ) ) ;
#394 = CARTESIAN_POINT ( 'NONE',  ( 136.0000000000000284, 8.000000000000007105, -63.00000000000002842 ) ) ;
#395 = VERTEX_POINT ( 'NONE', #3574 ) ;
#396 = LINE ( 'NONE', #2004, #6569 ) ;
#397 = DIRECTION ( 'NONE',  ( -0.000000000000000000, 1.000000000000000000, -0.000000000000000000 ) ) ;
#398 = ORIENTED_EDGE ( 'NONE', *, *, #6334, .T. ) ;
#399 = CARTESIAN_POINT ( 'NONE',  ( 21.99999999999999289, 4.000000000000000000, -132.5000000000000284 ) ) ;
#400 = ORIENTED_EDGE ( 'NONE', *, *, #6213, .F. ) ;
#401 = DIRECTION ( 'NONE',  ( 0.8660254037844391517, 0.000000000000000000, 0.4999999999999992228 ) ) ;
#402 = DIRECTION ( 'NONE',  ( 0.000000000000000000, -0.000000000000000000, 1.000000000000000000 ) ) ;
#403 = DIRECTION ( 'NONE',  ( 0.000000000000000000, 0.000000000000000000, 1.000000000000000000 ) ) ;
#404 = EDGE_CURVE ( 'NONE', #390, #4541, #4991, .T. ) ;
#405 = VERTEX_POINT ( 'NONE', #3726 ) ;
#406 = CALENDAR_DATE ( 2022, 4, 2 ) ;
#407 = DIRECTION ( 'NONE',  ( 0.000000000000000000, 0.000000000000000000, 1.000000000000000000 ) ) ;
#408 = PLANE ( 'NONE',  #218 ) ;
#409 = ORIENTED_EDGE ( 'NONE', *, *, #6022, .F. ) ;
#410 = ORIENTED_EDGE ( 'NONE', *, *, #1748, .F. ) ;
#411 = CIRCLE ( 'NONE', #7547, 4.250000000000003553 ) ;
#412 = VERTEX_POINT ( 'NONE', #1878 ) ;
#413 = DIRECTION ( 'NONE',  ( 0.000000000000000000, 0.000000000000000000, -1.000000000000000000 ) ) ;
#414 = EDGE_CURVE ( 'NONE', #2159, #4481, #337, .T. ) ;
#415 = CARTESIAN_POINT ( 'NONE',  ( 148.0000000000000284, -2.000000000000000000, -53.40000000000004121 ) ) ;
#416 = FACE_BOUND ( 'NONE', #7602, .T. ) ;
#417 = CARTESIAN_POINT ( 'NONE',  ( 148.0000000000000284, 8.000000000000000000, -37.50000000000004263 ) ) ;
#418 = ORIENTED_EDGE ( 'NONE', *, *, #6246, .T. ) ;
#419 = DIRECTION ( 'NONE',  ( 0.000000000000000000, 1.000000000000000000, 0.000000000000000000 ) ) ;
#420 = DIRECTION ( 'NONE',  ( 1.000000000000000000, 0.000000000000000000, 0.000000000000000000 ) ) ;
#421 = DIRECTION ( 'NONE',  ( -0.4999999999999981126, 0.000000000000000000, 0.8660254037844397068 ) ) ;
#422 = ADVANCED_FACE ( 'NONE', ( #7191, #6018 ), #2545, .T. ) ;
#423 = ORIENTED_EDGE ( 'NONE', *, *, #1997, .F. ) ;
#424 = CARTESIAN_POINT ( 'NONE',  ( 81.98784867335365334, 8.000000000000000000, -135.0000000000000000 ) ) ;
#425 = DIRECTION ( 'NONE',  ( 0.5000000000000002220, 0.000000000000000000, 0.8660254037844384856 ) ) ;
#426 = ORIENTED_EDGE ( 'NONE', *, *, #4595, .T. ) ;
#427 = CIRCLE ( 'NONE', #4314, 4.250000000000003553 ) ;
#428 = CARTESIAN_POINT ( 'NONE',  ( 30.00000000000003908, 8.000000000000007105, -44.25941951976455613 ) ) ;
#429 = CARTESIAN_POINT ( 'NONE',  ( 148.0000000000000284, 4.000000000000000000, -37.50000000000004263 ) ) ;
#430 = EDGE_CURVE ( 'NONE', #7165, #3665, #7227, .T. ) ;
#431 = ORIENTED_EDGE ( 'NONE', *, *, #2554, .T. ) ;
#432 = CARTESIAN_POINT ( 'NONE',  ( 88.01215132664637508, 8.000000000000000000, -35.00000000000002842 ) ) ;
#433 = FACE_OUTER_BOUND ( 'NONE', #1909, .T. ) ;
#434 = EDGE_CURVE ( 'NONE', #1948, #4255, #973, .T. ) ;
#435 = ORIENTED_EDGE ( 'NONE', *, *, #7756, .T. ) ;
#436 = PLANE ( 'NONE',  #1987 ) ;
#437 = AXIS2_PLACEMENT_3D ( 'NONE', #5868, #5912, #5358 ) ;
#438 = ORIENTED_EDGE ( 'NONE', *, *, #4902, .T. ) ;
#439 = CIRCLE ( 'NONE', #4835, 2.099999999999990763 ) ;
#440 = LINE ( 'NONE', #1690, #6992 ) ;
#441 = CARTESIAN_POINT ( 'NONE',  ( 9.965654883927005159, 0.000000000000000000, -170.8280837726111372 ) ) ;
#442 = ORIENTED_EDGE ( 'NONE', *, *, #7307, .F. ) ;
#443 = DIRECTION ( 'NONE',  ( -1.000000000000000000, -0.000000000000000000, -0.000000000000000000 ) ) ;
#444 = ORIENTED_EDGE ( 'NONE', *, *, #5401, .F. ) ;
#445 = APPROVAL_DATE_TIME ( #366, #1982 ) ;
#446 = FACE_OUTER_BOUND ( 'NONE', #1530, .T. ) ;
#447 = CIRCLE ( 'NONE', #7724, 4.250000000000003553 ) ;
#448 = ORIENTED_EDGE ( 'NONE', *, *, #4017, .T. ) ;
#449 = ORIENTED_EDGE ( 'NONE', *, *, #3134, .T. ) ;
#450 = ADVANCED_FACE ( 'NONE', ( #1911 ), #5542, .F. ) ;
#451 = VERTEX_POINT ( 'NONE', #6053 ) ;
#452 = AXIS2_PLACEMENT_3D ( 'NONE', #4997, #7387, #3220 ) ;
#453 = CARTESIAN_POINT ( 'NONE',  ( 8.000000000000000000, 8.000000000000000000, 0.000000000000000000 ) ) ;
#454 = CARTESIAN_POINT ( 'NONE',  ( 41.51140621703041944, 8.000000000000000000, -63.00000000000001421 ) ) ;
#455 = DIRECTION ( 'NONE',  ( -0.000000000000000000, 1.000000000000000000, -0.000000000000000000 ) ) ;
#456 = VECTOR ( 'NONE', #3276, 1000.000000000000000 ) ;
#457 = CARTESIAN_POINT ( 'NONE',  ( -13.80599157813204059, -2.000000000000000000, -120.6250000000000000 ) ) ;
#458 = APPROVAL ( #3978, 'UNSPECIFIED' ) ;
#459 = EDGE_LOOP ( 'NONE', ( #3141, #4403, #3088, #3931 ) ) ;
#460 = CIRCLE ( 'NONE', #6988, 2.000000000000001776 ) ;
#461 = ADVANCED_FACE ( 'NONE', ( #595 ), #7268, .F. ) ;
#462 = ORIENTED_EDGE ( 'NONE', *, *, #2977, .F. ) ;
#463 = CARTESIAN_POINT ( 'NONE',  ( 34.00000000000003553, 0.000000000000000000, -69.00000000000001421 ) ) ;
#464 = DIRECTION ( 'NONE',  ( 0.000000000000000000, 1.000000000000000000, 0.000000000000000000 ) ) ;
#465 = ORIENTED_EDGE ( 'NONE', *, *, #4283, .F. ) ;
#466 = CARTESIAN_POINT ( 'NONE',  ( 76.92153903091734435, 5.000000000000000000, -91.39999999999997726 ) ) ;
#467 = CARTESIAN_POINT ( 'NONE',  ( 170.0000000000000000, 0.000000000000000000, -156.7951259347809412 ) ) ;
#468 = AXIS2_PLACEMENT_3D ( 'NONE', #7218, #818, #1253 ) ;
#469 = AXIS2_PLACEMENT_3D ( 'NONE', #7594, #5321, #7707 ) ;
#470 = ORIENTED_EDGE ( 'NONE', *, *, #4163, .T. ) ;
#471 = EDGE_CURVE ( 'NONE', #6341, #4255, #6133, .T. ) ;
#472 = AXIS2_PLACEMENT_3D ( 'NONE', #541, #464, #7099 ) ;
#473 = AXIS2_PLACEMENT_3D ( 'NONE', #3532, #5932, #3053 ) ;
#474 = CARTESIAN_POINT ( 'NONE',  ( 170.0000000000000000, 8.000000000000000000, -13.20487406521908547 ) ) ;
#475 = CARTESIAN_POINT ( 'NONE',  ( 0.000000000000000000, 6.000000000000000000, 0.000000000000000000 ) ) ;
#476 = ORIENTED_EDGE ( 'NONE', *, *, #2071, .T. ) ;
#477 = DIRECTION ( 'NONE',  ( -0.000000000000000000, -1.000000000000000000, -0.000000000000000000 ) ) ;
#478 = DIRECTION ( 'NONE',  ( 0.000000000000000000, 0.000000000000000000, 1.000000000000000000 ) ) ;
#479 = ORIENTED_EDGE ( 'NONE', *, *, #5362, .T. ) ;
#480 = CARTESIAN_POINT ( 'NONE',  ( 164.0000000000000000, -28.74456470360965810, -18.50000000000002487 ) ) ;
#481 = EDGE_CURVE ( 'NONE', #5756, #3526, #4475, .T. ) ;
#482 = ORIENTED_EDGE ( 'NONE', *, *, #615, .T. ) ;
#483 = AXIS2_PLACEMENT_3D ( 'NONE', #2551, #4207, #3033 ) ;
#484 = CIRCLE ( 'NONE', #3112, 6.000000000000000000 ) ;
#485 = DIRECTION ( 'NONE',  ( 0.000000000000000000, 1.000000000000000000, 0.000000000000000000 ) ) ;
#486 = DIRECTION ( 'NONE',  ( -0.000000000000000000, -1.000000000000000000, -0.000000000000000000 ) ) ;
#487 = DIRECTION ( 'NONE',  ( -0.000000000000000000, -1.000000000000000000, -0.000000000000000000 ) ) ;
#488 = ORIENTED_EDGE ( 'NONE', *, *, #626, .F. ) ;
#489 = CARTESIAN_POINT ( 'NONE',  ( 88.92153903091735856, 8.000000000000000000, -91.39999999999997726 ) ) ;
#490 = AXIS2_PLACEMENT_3D ( 'NONE', #4865, #4423, #5452 ) ;
#491 = VECTOR ( 'NONE', #26, 1000.000000000000000 ) ;
#492 = ORIENTED_EDGE ( 'NONE', *, *, #3185, .F. ) ;
#493 = EDGE_CURVE ( 'NONE', #6723, #4022, #4838, .T. ) ;
#494 = EDGE_LOOP ( 'NONE', ( #6083, #669, #2206, #4238 ) ) ;
#495 = CIRCLE ( 'NONE', #4127, 2.099999999999990763 ) ;
#496 = AXIS2_PLACEMENT_3D ( 'NONE', #58, #4940, #6194 ) ;
#497 = DIRECTION ( 'NONE',  ( 0.000000000000000000, 0.000000000000000000, 1.000000000000000000 ) ) ;
#498 = CARTESIAN_POINT ( 'NONE',  ( 162.0274760928583930, 8.000000000000000000, -170.6624670180889041 ) ) ;
#499 = FACE_BOUND ( 'NONE', #5417, .T. ) ;
#500 = CYLINDRICAL_SURFACE ( 'NONE', #1741, 4.250000000000003553 ) ;
#501 = CIRCLE ( 'NONE', #3630, 2.100000000000004530 ) ;
#502 = ORIENTED_EDGE ( 'NONE', *, *, #4342, .F. ) ;
#503 = EDGE_CURVE ( 'NONE', #3971, #4093, #718, .T. ) ;
#504 = ORIENTED_EDGE ( 'NONE', *, *, #1100, .T. ) ;
#505 = DIRECTION ( 'NONE',  ( -0.000000000000000000, -1.000000000000000000, -0.000000000000000000 ) ) ;
#506 = CARTESIAN_POINT ( 'NONE',  ( 7.972523907141606969, 8.000000000000000000, -170.6624670180889041 ) ) ;
#507 = ORIENTED_EDGE ( 'NONE', *, *, #1525, .F. ) ;
#508 = DIRECTION ( 'NONE',  ( -1.000000000000000000, 0.000000000000000000, 0.000000000000000000 ) ) ;
#509 = DIRECTION ( 'NONE',  ( 0.000000000000000000, 0.000000000000000000, 1.000000000000000000 ) ) ;
#510 = ADVANCED_FACE ( 'NONE', ( #6638 ), #1260, .T. ) ;
#511 = ORIENTED_EDGE ( 'NONE', *, *, #6086, .F. ) ;
#512 = DIRECTION ( 'NONE',  ( 1.000000000000000000, -0.000000000000000000, 0.000000000000000000 ) ) ;
#513 = CYLINDRICAL_SURFACE ( 'NONE', #6236, 6.000000000000005329 ) ;
#514 = VERTEX_POINT ( 'NONE', #3299 ) ;
#515 = DIRECTION ( 'NONE',  ( -0.000000000000000000, -1.000000000000000000, -0.000000000000000000 ) ) ;
#516 = LINE ( 'NONE', #6528, #2868 ) ;
#517 = VECTOR ( 'NONE', #2107, 1000.000000000000000 ) ;
#518 = EDGE_CURVE ( 'NONE', #1329, #6545, #5483, .T. ) ;
#519 = VERTEX_POINT ( 'NONE', #5162 ) ;
#520 = CYLINDRICAL_SURFACE ( 'NONE', #7642, 2.000000000000001776 ) ;
#521 = ORIENTED_EDGE ( 'NONE', *, *, #5414, .T. ) ;
#522 = CIRCLE ( 'NONE', #2148, 4.250000000000003553 ) ;
#523 = DIRECTION ( 'NONE',  ( -0.000000000000000000, 1.000000000000000000, -0.000000000000000000 ) ) ;
#524 = CARTESIAN_POINT ( 'NONE',  ( 0.000000000000000000, 6.000000000000000000, -170.0000000000000000 ) ) ;
#525 = ORIENTED_EDGE ( 'NONE', *, *, #7274, .F. ) ;
#526 = DIRECTION ( 'NONE',  ( 0.000000000000000000, 0.000000000000000000, 1.000000000000000000 ) ) ;
#527 = ADVANCED_FACE ( 'NONE', ( #4559 ), #3268, .T. ) ;
#528 = ORIENTED_EDGE ( 'NONE', *, *, #7526, .F. ) ;
#529 = DIRECTION ( 'NONE',  ( 0.000000000000000000, 0.000000000000000000, -1.000000000000000000 ) ) ;
#530 = EDGE_CURVE ( 'NONE', #805, #5090, #3980, .T. ) ;
#531 = VERTEX_POINT ( 'NONE', #6292 ) ;
#532 = EDGE_LOOP ( 'NONE', ( #5179, #2856, #1210, #5054 ) ) ;
#533 = FACE_OUTER_BOUND ( 'NONE', #7193, .T. ) ;
#534 = CARTESIAN_POINT ( 'NONE',  ( -2.000000000000007105, 4.000000000000000000, -114.5000000000000426 ) ) ;
#535 = FACE_BOUND ( 'NONE', #3128, .T. ) ;
#536 = DIRECTION ( 'NONE',  ( 0.000000000000000000, 0.000000000000000000, -1.000000000000000000 ) ) ;
#537 = EDGE_LOOP ( 'NONE', ( #1121, #4319, #6321, #7112 ) ) ;
#538 = EDGE_LOOP ( 'NONE', ( #2769, #2626, #770, #7737 ) ) ;
#539 = CIRCLE ( 'NONE', #4933, 2.099999999999990763 ) ;
#540 = LINE ( 'NONE', #799, #4140 ) ;
#541 = CARTESIAN_POINT ( 'NONE',  ( -2.000000000000009770, 0.000000000000000000, -132.5000000000000284 ) ) ;
#542 = VERTEX_POINT ( 'NONE', #2667 ) ;
#543 = CARTESIAN_POINT ( 'NONE',  ( 21.85910819620918133, 8.000000000000000000, -5.999999999999999112 ) ) ;
#544 = CARTESIAN_POINT ( 'NONE',  ( -23.80599157813204059, 0.000000000000000000, -115.0000000000000000 ) ) ;
#545 = ORIENTED_EDGE ( 'NONE', *, *, #6067, .F. ) ;
#546 = EDGE_CURVE ( 'NONE', #6712, #3374, #1410, .T. ) ;
#547 = DIRECTION ( 'NONE',  ( -0.000000000000000000, 1.000000000000000000, -0.000000000000000000 ) ) ;
#548 = CARTESIAN_POINT ( 'NONE',  ( 170.0000000000000000, 0.000000000000000000, -170.0000000000000000 ) ) ;
#549 = ORIENTED_EDGE ( 'NONE', *, *, #185, .F. ) ;
#550 = CYLINDRICAL_SURFACE ( 'NONE', #4826, 2.100000000000004530 ) ;
#551 = CARTESIAN_POINT ( 'NONE',  ( 21.99999999999998579, 4.000000000000000000, -35.40000000000002700 ) ) ;
#552 = EDGE_LOOP ( 'NONE', ( #688, #2413 ) ) ;
#553 = EDGE_CURVE ( 'NONE', #3804, #6723, #5581, .T. ) ;
#554 = ORIENTED_EDGE ( 'NONE', *, *, #4495, .F. ) ;
#555 = EDGE_CURVE ( 'NONE', #4906, #7615, #3095, .T. ) ;
#556 = CARTESIAN_POINT ( 'NONE',  ( -7.943183087842177884E-18, 8.000000000000000000, -151.5000000000000284 ) ) ;
#557 = DIRECTION ( 'NONE',  ( -0.000000000000000000, -1.000000000000000000, -0.000000000000000000 ) ) ;
#558 = DIRECTION ( 'NONE',  ( 0.000000000000000000, 0.000000000000000000, 1.000000000000000000 ) ) ;
#559 = AXIS2_PLACEMENT_3D ( 'NONE', #1263, #119, #5545 ) ;
#560 = VERTEX_POINT ( 'NONE', #5071 ) ;
#561 = PLANE ( 'NONE',  #5754 ) ;
#562 = EDGE_LOOP ( 'NONE', ( #3206, #1205 ) ) ;
#563 = CIRCLE ( 'NONE', #1926, 4.250000000000003553 ) ;
#564 = EDGE_CURVE ( 'NONE', #6346, #4034, #2589, .T. ) ;
#565 = ORIENTED_EDGE ( 'NONE', *, *, #962, .F. ) ;
#566 = LINE ( 'NONE', #4738, #219 ) ;
#567 = DIRECTION ( 'NONE',  ( 0.000000000000000000, 0.000000000000000000, 1.000000000000000000 ) ) ;
#568 = DIRECTION ( 'NONE',  ( -0.000000000000000000, 1.000000000000000000, -0.000000000000000000 ) ) ;
#569 = CARTESIAN_POINT ( 'NONE',  ( 78.99999999999997158, 0.000000000000000000, -97.10000000000000853 ) ) ;
#570 = VECTOR ( 'NONE', #578, 1000.000000000000000 ) ;
#571 = ORIENTED_EDGE ( 'NONE', *, *, #1560, .T. ) ;
#572 = VECTOR ( 'NONE', #4980, 1000.000000000000000 ) ;
#573 = ORIENTED_EDGE ( 'NONE', *, *, #1408, .F. ) ;
#574 = AXIS2_PLACEMENT_3D ( 'NONE', #1229, #2556, #7351 ) ;
#575 = LINE ( 'NONE', #3190, #3619 ) ;
#576 = CARTESIAN_POINT ( 'NONE',  ( -13.99999999999999112, 0.000000000000000000, -114.9999999999999858 ) ) ;
#577 = ORIENTED_EDGE ( 'NONE', *, *, #5916, .T. ) ;
#578 = DIRECTION ( 'NONE',  ( -0.000000000000000000, 1.000000000000000000, -0.000000000000000000 ) ) ;
#579 = CARTESIAN_POINT ( 'NONE',  ( 172.0000000000000284, 4.000000000000000000, -130.4000000000000341 ) ) ;
#580 = CIRCLE ( 'NONE', #452, 5.999999999999998224 ) ;
#581 = ORIENTED_EDGE ( 'NONE', *, *, #898, .T. ) ;
#582 = CIRCLE ( 'NONE', #4211, 2.100000000000004530 ) ;
#583 = DIRECTION ( 'NONE',  ( -0.5000000000000002220, 0.000000000000000000, 0.8660254037844384856 ) ) ;
#584 = EDGE_CURVE ( 'NONE', #514, #4126, #7461, .T. ) ;
#585 = DIRECTION ( 'NONE',  ( -0.000000000000000000, 1.000000000000000000, -0.000000000000000000 ) ) ;
#586 = ADVANCED_FACE ( 'NONE', ( #7501 ), #1466, .F. ) ;
#587 = VERTEX_POINT ( 'NONE', #191 ) ;
#588 = CARTESIAN_POINT ( 'NONE',  ( -2.000000000000009326, 0.000000000000000000, -134.6000000000000227 ) ) ;
#589 = DIRECTION ( 'NONE',  ( 1.000000000000000000, 0.000000000000000000, 0.000000000000000000 ) ) ;
#590 = ORIENTED_EDGE ( 'NONE', *, *, #7159, .T. ) ;
#591 = EDGE_CURVE ( 'NONE', #4533, #5041, #7497, .T. ) ;
#592 = ORIENTED_EDGE ( 'NONE', *, *, #5744, .T. ) ;
#593 = AXIS2_PLACEMENT_3D ( 'NONE', #107, #2502, #6165 ) ;
#594 = AXIS2_PLACEMENT_3D ( 'NONE', #6562, #485, #1621 ) ;
#595 = FACE_OUTER_BOUND ( 'NONE', #4713, .T. ) ;
#596 = DIRECTION ( 'NONE',  ( -0.000000000000000000, 1.000000000000000000, -0.000000000000000000 ) ) ;
#597 = CC_DESIGN_PERSON_AND_ORGANIZATION_ASSIGNMENT ( #5210, #4615, ( #382 ) ) ;
#598 = CARTESIAN_POINT ( 'NONE',  ( -4.614611127222605668E-17, 0.000000000000000000, -69.00000000000001421 ) ) ;
#599 = CIRCLE ( 'NONE', #5992, 2.000000000000001776 ) ;
#600 = VERTEX_POINT ( 'NONE', #6326 ) ;
#601 = AXIS2_PLACEMENT_3D ( 'NONE', #631, #4828, #4758 ) ;
#602 = FACE_OUTER_BOUND ( 'NONE', #5670, .T. ) ;
#603 = EDGE_CURVE ( 'NONE', #2916, #300, #6206, .T. ) ;
#604 = CIRCLE ( 'NONE', #2985, 2.000000000000001776 ) ;
#605 = ORIENTED_EDGE ( 'NONE', *, *, #3582, .T. ) ;
#606 = CIRCLE ( 'NONE', #1606, 2.100000000000004530 ) ;
#607 = ORIENTED_EDGE ( 'NONE', *, *, #1812, .F. ) ;
#608 = APPLICATION_CONTEXT ( 'configuration controlled 3d designs of mechanical parts and assemblies' ) ;
#609 = CARTESIAN_POINT ( 'NONE',  ( 136.0000000000000284, 8.000000000000000000, -69.00000000000002842 ) ) ;
#610 = CARTESIAN_POINT ( 'NONE',  ( 21.99999999999999645, 8.000000000000000000, -114.5000000000000426 ) ) ;
#611 = VECTOR ( 'NONE', #6343, 1000.000000000000000 ) ;
#612 = FACE_OUTER_BOUND ( 'NONE', #6048, .T. ) ;
#613 = DIRECTION ( 'NONE',  ( 0.000000000000000000, 1.000000000000000000, 0.000000000000000000 ) ) ;
#614 = VECTOR ( 'NONE', #7154, 1000.000000000000000 ) ;
#615 = EDGE_CURVE ( 'NONE', #168, #3093, #4401, .T. ) ;
#616 = ORIENTED_EDGE ( 'NONE', *, *, #6607, .T. ) ;
#617 = AXIS2_PLACEMENT_3D ( 'NONE', #2337, #6547, #6183 ) ;
#618 = AXIS2_PLACEMENT_3D ( 'NONE', #2281, #4087, #1067 ) ;
#619 = VECTOR ( 'NONE', #1095, 1000.000000000000000 ) ;
#620 = EDGE_LOOP ( 'NONE', ( #1908, #207, #7406, #6754 ) ) ;
#621 = FACE_BOUND ( 'NONE', #2128, .T. ) ;
#622 = CARTESIAN_POINT ( 'NONE',  ( 161.4927196495483201, 0.000000000000000000, -169.4594553642727988 ) ) ;
#623 = ORIENTED_EDGE ( 'NONE', *, *, #5518, .F. ) ;
#624 = CYLINDRICAL_SURFACE ( 'NONE', #7209, 4.000000000000003553 ) ;
#625 = LINE ( 'NONE', #7064, #6012 ) ;
#626 = EDGE_CURVE ( 'NONE', #7716, #7047, #3340, .T. ) ;
#627 = AXIS2_PLACEMENT_3D ( 'NONE', #6262, #6677, #2480 ) ;
#628 = CIRCLE ( 'NONE', #7777, 4.250000000000003553 ) ;
#629 = ORIENTED_EDGE ( 'NONE', *, *, #6587, .F. ) ;
#630 = AXIS2_PLACEMENT_3D ( 'NONE', #1889, #1421, #2013 ) ;
#631 = CARTESIAN_POINT ( 'NONE',  ( 21.99999999999999289, -2.000000000000000000, -132.5000000000000284 ) ) ;
#632 = CARTESIAN_POINT ( 'NONE',  ( 45.96753688208080746, 0.000000000000000000, -58.98217726921688353 ) ) ;
#633 = ORIENTED_EDGE ( 'NONE', *, *, #2104, .T. ) ;
#634 = DIRECTION ( 'NONE',  ( -0.7426884441750638555, 0.000000000000000000, -0.6696371217971888168 ) ) ;
#635 = LINE ( 'NONE', #7070, #5386 ) ;
#636 = ORIENTED_EDGE ( 'NONE', *, *, #6617, .F. ) ;
#637 = ORIENTED_EDGE ( 'NONE', *, *, #1561, .F. ) ;
#638 = EDGE_CURVE ( 'NONE', #2535, #2203, #7123, .T. ) ;
#639 = DIRECTION ( 'NONE',  ( -0.000000000000000000, 1.000000000000000000, -0.000000000000000000 ) ) ;
#640 = LINE ( 'NONE', #1838, #6716 ) ;
#641 = ORIENTED_EDGE ( 'NONE', *, *, #4232, .T. ) ;
#642 = FACE_OUTER_BOUND ( 'NONE', #7479, .T. ) ;
#643 = ORIENTED_EDGE ( 'NONE', *, *, #5904, .T. ) ;
#644 = PLANE ( 'NONE',  #2356 ) ;
#645 = ORIENTED_EDGE ( 'NONE', *, *, #7314, .F. ) ;
#646 = EDGE_LOOP ( 'NONE', ( #6660, #4196 ) ) ;
#647 = EDGE_CURVE ( 'NONE', #6498, #6918, #3222, .T. ) ;
#648 = DIRECTION ( 'NONE',  ( 0.000000000000000000, -0.000000000000000000, 1.000000000000000000 ) ) ;
#649 = CARTESIAN_POINT ( 'NONE',  ( 168.0000000000000000, 8.000000000000000000, -13.20487406521907481 ) ) ;
#650 = CARTESIAN_POINT ( 'NONE',  ( 21.99999999999998579, -2.000000000000000000, -37.50000000000002842 ) ) ;
#651 = FACE_OUTER_BOUND ( 'NONE', #3273, .T. ) ;
#652 = ADVANCED_FACE ( 'NONE', ( #1528 ), #233, .F. ) ;
#653 = ORIENTED_EDGE ( 'NONE', *, *, #3807, .T. ) ;
#654 = ORIENTED_EDGE ( 'NONE', *, *, #3134, .F. ) ;
#655 = EDGE_CURVE ( 'NONE', #3320, #5294, #4435, .T. ) ;
#656 = FACE_OUTER_BOUND ( 'NONE', #1087, .T. ) ;
#657 = LINE ( 'NONE', #4298, #5120 ) ;
#658 = ORIENTED_EDGE ( 'NONE', *, *, #6959, .T. ) ;
#659 = CARTESIAN_POINT ( 'NONE',  ( -19.80599157813204059, 8.000000000000000000, -141.0000000000000000 ) ) ;
#660 = DIRECTION ( 'NONE',  ( 0.000000000000000000, 0.000000000000000000, 1.000000000000000000 ) ) ;
#661 = DIRECTION ( 'NONE',  ( 0.000000000000000000, -1.000000000000000000, 0.000000000000000000 ) ) ;
#662 = ORIENTED_EDGE ( 'NONE', *, *, #7354, .F. ) ;
#663 = EDGE_CURVE ( 'NONE', #4566, #6325, #4744, .T. ) ;
#664 = FACE_OUTER_BOUND ( 'NONE', #4230, .T. ) ;
#665 = DIRECTION ( 'NONE',  ( 0.000000000000000000, 0.000000000000000000, 1.000000000000000000 ) ) ;
#666 = ORIENTED_EDGE ( 'NONE', *, *, #786, .F. ) ;
#667 = CYLINDRICAL_SURFACE ( 'NONE', #6077, 8.000000000000007105 ) ;
#668 = FACE_BOUND ( 'NONE', #5820, .T. ) ;
#669 = ORIENTED_EDGE ( 'NONE', *, *, #7103, .F. ) ;
#670 = ORIENTED_EDGE ( 'NONE', *, *, #5844, .F. ) ;
#671 = EDGE_CURVE ( 'NONE', #6400, #1880, #1835, .T. ) ;
#672 = DIRECTION ( 'NONE',  ( 0.000000000000000000, 0.000000000000000000, -1.000000000000000000 ) ) ;
#673 = CARTESIAN_POINT ( 'NONE',  ( 28.00000000000003908, 0.000000000000000000, -62.50000000000002842 ) ) ;
#674 = ORIENTED_EDGE ( 'NONE', *, *, #2726, .T. ) ;
#675 = CARTESIAN_POINT ( 'NONE',  ( 0.000000000000000000, 8.000000000000000000, -170.0000000000000000 ) ) ;
#676 = ORIENTED_EDGE ( 'NONE', *, *, #3505, .F. ) ;
#677 = DIRECTION ( 'NONE',  ( 0.000000000000000000, 0.000000000000000000, 1.000000000000000000 ) ) ;
#678 = VERTEX_POINT ( 'NONE', #6367 ) ;
#679 = TOROIDAL_SURFACE ( 'NONE', #3443, 3.500000000000007550, 2.000000000000000000 ) ;
#680 = CARTESIAN_POINT ( 'NONE',  ( 6.000000000000000000, 8.000000000000000000, -18.50000000000000355 ) ) ;
#681 = DIRECTION ( 'NONE',  ( -0.000000000000000000, 1.000000000000000000, -0.000000000000000000 ) ) ;
#682 = DIRECTION ( 'NONE',  ( -0.5000000000000036637, 0.000000000000000000, -0.8660254037844364872 ) ) ;
#683 = CARTESIAN_POINT ( 'NONE',  ( 21.99999999999999645, 8.000000000000000000, -114.5000000000000426 ) ) ;
#684 = CARTESIAN_POINT ( 'NONE',  ( 170.0000000000000000, 0.000000000000000000, 0.000000000000000000 ) ) ;
#685 = CIRCLE ( 'NONE', #3947, 5.999999999999998224 ) ;
#686 = EDGE_CURVE ( 'NONE', #3172, #4171, #2347, .T. ) ;
#687 = ORIENTED_EDGE ( 'NONE', *, *, #2142, .T. ) ;
#688 = ORIENTED_EDGE ( 'NONE', *, *, #6076, .T. ) ;
#689 = ADVANCED_FACE ( 'NONE', ( #5347 ), #1061, .F. ) ;
#690 = VECTOR ( 'NONE', #7662, 1000.000000000000000 ) ;
#691 = DIRECTION ( 'NONE',  ( 1.000000000000000000, 0.000000000000000000, 0.000000000000000000 ) ) ;
#692 = ORIENTED_EDGE ( 'NONE', *, *, #1194, .T. ) ;
#693 = CYLINDRICAL_SURFACE ( 'NONE', #1931, 2.099999999999990763 ) ;
#694 = DIRECTION ( 'NONE',  ( 0.000000000000000000, 0.000000000000000000, 1.000000000000000000 ) ) ;
#695 = DIRECTION ( 'NONE',  ( 0.000000000000000000, 0.000000000000000000, 1.000000000000000000 ) ) ;
#696 = EDGE_CURVE ( 'NONE', #5018, #901, #1720, .T. ) ;
#697 = ORIENTED_EDGE ( 'NONE', *, *, #2681, .F. ) ;
#698 = CIRCLE ( 'NONE', #3199, 30.00000000000000000 ) ;
#699 = CARTESIAN_POINT ( 'NONE',  ( 164.0000000000000000, 0.000000000000000000, -151.5000000000000284 ) ) ;
#700 = CARTESIAN_POINT ( 'NONE',  ( 74.84307806183467449, 8.000000000000000000, -74.99999999999997158 ) ) ;
#701 = ORIENTED_EDGE ( 'NONE', *, *, #7033, .T. ) ;
#702 = DIRECTION ( 'NONE',  ( -0.000000000000000000, 1.000000000000000000, -0.000000000000000000 ) ) ;
#703 = CARTESIAN_POINT ( 'NONE',  ( -2.000000000000013323, -2.000000000000000000, -39.60000000000002274 ) ) ;
#704 = CIRCLE ( 'NONE', #1327, 2.099999999999990763 ) ;
#705 = ORIENTED_EDGE ( 'NONE', *, *, #6213, .T. ) ;
#706 = ADVANCED_FACE ( 'NONE', ( #2824 ), #5777, .F. ) ;
#707 = ORIENTED_EDGE ( 'NONE', *, *, #772, .F. ) ;
#708 = ADVANCED_FACE ( 'NONE', ( #2786 ), #7066, .F. ) ;
#709 = VECTOR ( 'NONE', #6089, 1000.000000000000000 ) ;
#710 = DIRECTION ( 'NONE',  ( 0.000000000000000000, 0.000000000000000000, 1.000000000000000000 ) ) ;
#711 = DIRECTION ( 'NONE',  ( 0.000000000000000000, 1.000000000000000000, 0.000000000000000000 ) ) ;
#712 = ORIENTED_EDGE ( 'NONE', *, *, #434, .F. ) ;
#713 = CYLINDRICAL_SURFACE ( 'NONE', #2305, 4.250000000000003553 ) ;
#714 = ORIENTED_EDGE ( 'NONE', *, *, #3618, .F. ) ;
#715 = CARTESIAN_POINT ( 'NONE',  ( 170.0000000000000000, 8.000000000000000000, -5.500000000000016875 ) ) ;
#716 = VECTOR ( 'NONE', #4273, 1000.000000000000000 ) ;
#717 = ADVANCED_FACE ( 'NONE', ( #4044 ), #6480, .F. ) ;
#718 = CIRCLE ( 'NONE', #1961, 6.000000000000000000 ) ;
#719 = ORIENTED_EDGE ( 'NONE', *, *, #4412, .T. ) ;
#720 = VECTOR ( 'NONE', #1643, 1000.000000000000000 ) ;
#721 = EDGE_LOOP ( 'NONE', ( #3328, #2200 ) ) ;
#722 = CARTESIAN_POINT ( 'NONE',  ( 90.99999999999997158, 5.000000000000000000, -75.00000000000000000 ) ) ;
#723 = AXIS2_PLACEMENT_3D ( 'NONE', #5236, #2908, #7107 ) ;
#724 = DIRECTION ( 'NONE',  ( 0.000000000000000000, 0.000000000000000000, 1.000000000000000000 ) ) ;
#725 = DIRECTION ( 'NONE',  ( 0.000000000000000000, 1.000000000000000000, 0.000000000000000000 ) ) ;
#726 = CARTESIAN_POINT ( 'NONE',  ( 5.510910596163104347E-16, 6.000000000000000000, -173.5000000000000284 ) ) ;
#727 = CIRCLE ( 'NONE', #5125, 2.000000000000001776 ) ;
#728 = VERTEX_POINT ( 'NONE', #474 ) ;
#729 = ORIENTED_EDGE ( 'NONE', *, *, #3712, .F. ) ;
#730 = AXIS2_PLACEMENT_3D ( 'NONE', #6058, #1185, #3148 ) ;
#731 = AXIS2_PLACEMENT_3D ( 'NONE', #7498, #345, #4002 ) ;
#732 = DIRECTION ( 'NONE',  ( -1.000000000000000000, 0.000000000000000000, 1.508455196501571922E-16 ) ) ;
#733 = CARTESIAN_POINT ( 'NONE',  ( 0.000000000000000000, 8.000000000000000000, -170.0000000000000000 ) ) ;
#734 = ORIENTED_EDGE ( 'NONE', *, *, #3667, .T. ) ;
#735 = CARTESIAN_POINT ( 'NONE',  ( 160.0343451160730126, 8.000000000000000000, -170.8280837726111372 ) ) ;
#736 = CARTESIAN_POINT ( 'NONE',  ( 148.0000000000000568, 0.000000000000000000, -132.5000000000000284 ) ) ;
#737 = MANIFOLD_SOLID_BREP ( 'Fillet6', #7740 ) ;
#738 = DIRECTION ( 'NONE',  ( 0.000000000000000000, 0.000000000000000000, -1.000000000000000000 ) ) ;
#739 = AXIS2_PLACEMENT_3D ( 'NONE', #1266, #2474, #913 ) ;
#740 = ORIENTED_EDGE ( 'NONE', *, *, #6747, .T. ) ;
#741 = AXIS2_PLACEMENT_3D ( 'NONE', #4908, #1358, #3049 ) ;
#742 = CARTESIAN_POINT ( 'NONE',  ( 88.92153903091727329, 8.000000000000000000, -78.60000000000000853 ) ) ;
#743 = CARTESIAN_POINT ( 'NONE',  ( 28.00000000000003908, 8.000000000000007105, -63.00000000000001421 ) ) ;
#744 = EDGE_CURVE ( 'NONE', #6979, #5750, #4485, .T. ) ;
#745 = VECTOR ( 'NONE', #894, 1000.000000000000000 ) ;
#746 = ORIENTED_EDGE ( 'NONE', *, *, #7073, .T. ) ;
#747 = CARTESIAN_POINT ( 'NONE',  ( 172.0000000000000284, 4.000000000000000000, -114.5000000000000426 ) ) ;
#749 = FACE_BOUND ( 'NONE', #5105, .T. ) ;
#748 = AXIS2_PLACEMENT_3D ( 'NONE', #91, #2407, #4215 ) ;
#750 = ORIENTED_EDGE ( 'NONE', *, *, #7569, .F. ) ;
#751 = ORIENTED_EDGE ( 'NONE', *, *, #6334, .F. ) ;
#752 = VECTOR ( 'NONE', #2370, 1000.000000000000000 ) ;
#753 = DIRECTION ( 'NONE',  ( 0.000000000000000000, 1.000000000000000000, 0.000000000000000000 ) ) ;
#754 = DIRECTION ( 'NONE',  ( 0.000000000000000000, 0.000000000000000000, 1.000000000000000000 ) ) ;
#755 = EDGE_CURVE ( 'NONE', #4317, #1181, #7752, .T. ) ;
#756 = ORIENTED_EDGE ( 'NONE', *, *, #6940, .T. ) ;
#757 = CARTESIAN_POINT ( 'NONE',  ( 172.0000000000000284, 4.000000000000000000, -55.50000000000002842 ) ) ;
#758 = ORIENTED_EDGE ( 'NONE', *, *, #7116, .F. ) ;
#759 = DIRECTION ( 'NONE',  ( 0.000000000000000000, 0.000000000000000000, -1.000000000000000000 ) ) ;
#760 = ORIENTED_EDGE ( 'NONE', *, *, #5159, .F. ) ;
#761 = CIRCLE ( 'NONE', #4398, 2.000000000000000000 ) ;
#762 = DIRECTION ( 'NONE',  ( 0.000000000000000000, 0.000000000000000000, 1.000000000000000000 ) ) ;
#763 = DIRECTION ( 'NONE',  ( 0.000000000000000000, 0.000000000000000000, 1.000000000000000000 ) ) ;
#764 = EDGE_CURVE ( 'NONE', #5915, #3297, #4353, .T. ) ;
#765 = LINE ( 'NONE', #3154, #4360 ) ;
#766 = DIRECTION ( 'NONE',  ( 1.000000000000000000, 0.000000000000000000, 0.000000000000000000 ) ) ;
#767 = DIRECTION ( 'NONE',  ( 0.000000000000000000, 0.000000000000000000, 1.000000000000000000 ) ) ;
#768 = DIRECTION ( 'NONE',  ( 0.000000000000000000, 1.000000000000000000, 0.000000000000000000 ) ) ;
#769 = VERTEX_POINT ( 'NONE', #4644 ) ;
#770 = ORIENTED_EDGE ( 'NONE', *, *, #3823, .F. ) ;
#771 = ORIENTED_EDGE ( 'NONE', *, *, #2455, .F. ) ;
#772 = EDGE_CURVE ( 'NONE', #2916, #6200, #4599, .T. ) ;
#773 = DIRECTION ( 'NONE',  ( -0.000000000000000000, 0.000000000000000000, -1.000000000000000000 ) ) ;
#774 = CARTESIAN_POINT ( 'NONE',  ( 148.0000000000000568, 8.000000000000000000, -110.2500000000000426 ) ) ;
#775 = ORIENTED_EDGE ( 'NONE', *, *, #5137, .F. ) ;
#776 = DIRECTION ( 'NONE',  ( 0.000000000000000000, 1.000000000000000000, 0.000000000000000000 ) ) ;
#777 = CARTESIAN_POINT ( 'NONE',  ( 28.00000000000001776, 0.000000000000000000, -107.0000000000000284 ) ) ;
#778 = DIRECTION ( 'NONE',  ( 0.000000000000000000, 0.000000000000000000, 1.000000000000000000 ) ) ;
#779 = EDGE_LOOP ( 'NONE', ( #195, #645, #590, #7042 ) ) ;
#780 = DIRECTION ( 'NONE',  ( 0.000000000000000000, 0.000000000000000000, 1.000000000000000000 ) ) ;
#781 = DIRECTION ( 'NONE',  ( 0.000000000000000000, 0.000000000000000000, 1.000000000000000000 ) ) ;
#782 = EDGE_LOOP ( 'NONE', ( #5609, #6023 ) ) ;
#783 = DIRECTION ( 'NONE',  ( 0.000000000000000000, 1.000000000000000000, 0.000000000000000000 ) ) ;
#784 = DIRECTION ( 'NONE',  ( 0.000000000000000000, 1.000000000000000000, 0.000000000000000000 ) ) ;
#785 = ORIENTED_EDGE ( 'NONE', *, *, #1128, .F. ) ;
#786 = EDGE_CURVE ( 'NONE', #6238, #5823, #1966, .T. ) ;
#787 = CARTESIAN_POINT ( 'NONE',  ( 21.99999999999998224, -2.000000000000000000, -55.50000000000001421 ) ) ;
#788 = CARTESIAN_POINT ( 'NONE',  ( 0.000000000000000000, 8.000000000000000000, -162.0000000000000000 ) ) ;
#789 = DIRECTION ( 'NONE',  ( 7.564936274135416175E-19, 0.000000000000000000, 1.000000000000000000 ) ) ;
#790 = EDGE_LOOP ( 'NONE', ( #931, #4776, #4767, #581 ) ) ;
#791 = DIRECTION ( 'NONE',  ( -0.000000000000000000, 1.000000000000000000, -0.000000000000000000 ) ) ;
#792 = EDGE_LOOP ( 'NONE', ( #2309, #6965 ) ) ;
#793 = EDGE_CURVE ( 'NONE', #5268, #2397, #1026, .T. ) ;
#794 = CARTESIAN_POINT ( 'NONE',  ( 148.1408918037908222, 8.000000000000000000, -6.000000000000000000 ) ) ;
#795 = EDGE_CURVE ( 'NONE', #1070, #805, #4119, .T. ) ;
#796 = ORIENTED_EDGE ( 'NONE', *, *, #5983, .F. ) ;
#797 = CYLINDRICAL_SURFACE ( 'NONE', #574, 2.099999999999990763 ) ;
#798 = PLANE ( 'NONE',  #1003 ) ;
#799 = CARTESIAN_POINT ( 'NONE',  ( 88.92153903091735856, 5.000000000000000000, -91.39999999999997726 ) ) ;
#800 =( LENGTH_UNIT ( ) NAMED_UNIT ( * ) SI_UNIT ( .MILLI., .METRE. ) );
#801 = CARTESIAN_POINT ( 'NONE',  ( 88.92153903091727329, 5.000000000000000000, -78.60000000000000853 ) ) ;
#802 = FACE_OUTER_BOUND ( 'NONE', #7703, .T. ) ;
#803 = ORIENTED_EDGE ( 'NONE', *, *, #5651, .T. ) ;
#804 = EDGE_CURVE ( 'NONE', #7250, #6331, #1101, .T. ) ;
#805 = VERTEX_POINT ( 'NONE', #2239 ) ;
#806 = VECTOR ( 'NONE', #3225, 1000.000000000000000 ) ;
#807 = ORIENTED_EDGE ( 'NONE', *, *, #1974, .F. ) ;
#808 = CYLINDRICAL_SURFACE ( 'NONE', #2238, 5.999999999999998224 ) ;
#809 = LINE ( 'NONE', #2570, #4257 ) ;
#810 = CARTESIAN_POINT ( 'NONE',  ( 3.485376888350121050, 0.000000000000000000, -158.1344001783753299 ) ) ;
#811 = CARTESIAN_POINT ( 'NONE',  ( 148.1408918037908222, 8.000000000000000000, -6.000000000000000000 ) ) ;
#812 = VECTOR ( 'NONE', #4831, 1000.000000000000000 ) ;
#813 = PLANE ( 'NONE',  #5629 ) ;
#814 = ADVANCED_FACE ( 'NONE', ( #1102 ), #3496, .F. ) ;
#815 = ORIENTED_EDGE ( 'NONE', *, *, #6113, .F. ) ;
#816 = AXIS2_PLACEMENT_3D ( 'NONE', #5025, #776, #5647 ) ;
#817 = CARTESIAN_POINT ( 'NONE',  ( 21.99999999999999645, 8.000000000000000000, -118.7500000000000568 ) ) ;
#818 = DIRECTION ( 'NONE',  ( 0.7426884441750638555, 0.000000000000000000, -0.6696371217971889278 ) ) ;
#819 = ORIENTED_EDGE ( 'NONE', *, *, #5906, .F. ) ;
#820 = DIRECTION ( 'NONE',  ( -0.6843142041691718802, -0.000000000000000000, -0.7291872667376418926 ) ) ;
#821 = CARTESIAN_POINT ( 'NONE',  ( 21.99999999999999289, 0.000000000000000000, -134.6000000000000227 ) ) ;
#822 = CIRCLE ( 'NONE', #2830, 2.099999999999990763 ) ;
#823 = ORIENTED_EDGE ( 'NONE', *, *, #1236, .T. ) ;
#824 = CARTESIAN_POINT ( 'NONE',  ( 172.0000000000000284, 4.000000000000000000, -57.60000000000002274 ) ) ;
#825 = AXIS2_PLACEMENT_3D ( 'NONE', #5014, #284, #5596 ) ;
#826 = CARTESIAN_POINT ( 'NONE',  ( -2.000000000000013767, 4.000000000000000000, -37.50000000000002842 ) ) ;
#827 = CARTESIAN_POINT ( 'NONE',  ( 170.0000000000000000, 8.000000000000000000, -69.00000000000001421 ) ) ;
#828 = EDGE_LOOP ( 'NONE', ( #3224, #4779, #6683, #654 ) ) ;
#829 = DIRECTION ( 'NONE',  ( -0.4999999999999981126, 0.000000000000000000, -0.8660254037844397068 ) ) ;
#830 = ORIENTED_EDGE ( 'NONE', *, *, #5547, .F. ) ;
#831 = DIRECTION ( 'NONE',  ( 0.000000000000000000, 0.000000000000000000, 1.000000000000000000 ) ) ;
#832 = PRODUCT ( 'Ender3 Bed Mount', 'Ender3 Bed Mount', '', ( #6265 ) ) ;
#833 = CIRCLE ( 'NONE', #5853, 5.999999999999998224 ) ;
#834 = ORIENTED_EDGE ( 'NONE', *, *, #2865, .T. ) ;
#835 = APPROVAL ( #5131, 'UNSPECIFIED' ) ;
#836 = CARTESIAN_POINT ( 'NONE',  ( 164.0000000000000000, 8.000000000000000000, -24.50000000000002132 ) ) ;
#837 = FACE_OUTER_BOUND ( 'NONE', #7081, .T. ) ;
#838 = DIRECTION ( 'NONE',  ( -0.8660254037844393737, 0.000000000000000000, -0.4999999999999987788 ) ) ;
#839 = AXIS2_PLACEMENT_3D ( 'NONE', #2872, #7151, #3601 ) ;
#840 = EDGE_CURVE ( 'NONE', #6200, #6712, #5491, .T. ) ;
#841 = FACE_OUTER_BOUND ( 'NONE', #2163, .T. ) ;
#842 = LINE ( 'NONE', #4493, #1441 ) ;
#843 = VECTOR ( 'NONE', #639, 1000.000000000000000 ) ;
#844 = DIRECTION ( 'NONE',  ( -0.000000000000000000, -1.000000000000000000, -0.000000000000000000 ) ) ;
#845 = ORIENTED_EDGE ( 'NONE', *, *, #6381, .T. ) ;
#846 = ORIENTED_EDGE ( 'NONE', *, *, #6180, .F. ) ;
#847 = VECTOR ( 'NONE', #5142, 1000.000000000000000 ) ;
#848 = AXIS2_PLACEMENT_3D ( 'NONE', #2001, #2118, #941 ) ;
#849 = VERTEX_POINT ( 'NONE', #6045 ) ;
#850 = DIRECTION ( 'NONE',  ( 0.000000000000000000, 0.000000000000000000, 1.000000000000000000 ) ) ;
#851 = EDGE_CURVE ( 'NONE', #6346, #1214, #6078, .T. ) ;
#852 = DIRECTION ( 'NONE',  ( 0.000000000000000000, 0.000000000000000000, 1.000000000000000000 ) ) ;
#853 = DIRECTION ( 'NONE',  ( -0.000000000000000000, 1.000000000000000000, -0.000000000000000000 ) ) ;
#854 = DIRECTION ( 'NONE',  ( 0.000000000000000000, 0.000000000000000000, 1.000000000000000000 ) ) ;
#855 = AXIS2_PLACEMENT_3D ( 'NONE', #3331, #3916, #5771 ) ;
#856 = DIRECTION ( 'NONE',  ( 0.000000000000000000, -1.000000000000000000, -0.000000000000000000 ) ) ;
#857 = EDGE_LOOP ( 'NONE', ( #4284, #6211, #2998, #7013, #4993, #974 ) ) ;
#858 = VECTOR ( 'NONE', #121, 1000.000000000000000 ) ;
#859 = AXIS2_PLACEMENT_3D ( 'NONE', #2404, #6679, #648 ) ;
#860 = DIRECTION ( 'NONE',  ( 0.000000000000000000, 0.000000000000000000, 1.000000000000000000 ) ) ;
#861 = DIRECTION ( 'NONE',  ( 0.000000000000000000, 1.000000000000000000, 0.000000000000000000 ) ) ;
#862 = ADVANCED_FACE ( 'NONE', ( #664 ), #4306, .F. ) ;
#863 = ORIENTED_EDGE ( 'NONE', *, *, #5430, .T. ) ;
#864 = CARTESIAN_POINT ( 'NONE',  ( 81.98784867335363913, 8.000000000000000000, -35.00000000000002842 ) ) ;
#865 = DIRECTION ( 'NONE',  ( 1.000000000000000000, 0.000000000000000000, -1.084202172485504064E-16 ) ) ;
#866 = VECTOR ( 'NONE', #3753, 1000.000000000000000 ) ;
#867 = EDGE_CURVE ( 'NONE', #5973, #6214, #7183, .T. ) ;
#868 = ORIENTED_EDGE ( 'NONE', *, *, #2, .F. ) ;
#869 = AXIS2_PLACEMENT_3D ( 'NONE', #5024, #4937, #3789 ) ;
#870 = CIRCLE ( 'NONE', #3255, 2.000000000000001776 ) ;
#871 = DIRECTION ( 'NONE',  ( -0.5000000000000016653, 0.000000000000000000, -0.8660254037844377084 ) ) ;
#872 = PLANE ( 'NONE',  #2088 ) ;
#873 = ORIENTED_EDGE ( 'NONE', *, *, #7174, .F. ) ;
#874 = CARTESIAN_POINT ( 'NONE',  ( 3.485376888350128155, 0.000000000000000000, -11.86559982162468962 ) ) ;
#875 = ORIENTED_EDGE ( 'NONE', *, *, #7139, .F. ) ;
#876 = DIRECTION ( 'NONE',  ( -0.000000000000000000, 1.000000000000000000, -0.000000000000000000 ) ) ;
#877 = ORIENTED_EDGE ( 'NONE', *, *, #1510, .F. ) ;
#878 = CARTESIAN_POINT ( 'NONE',  ( 168.0000000000000000, 8.000000000000000000, -156.7951259347809412 ) ) ;
#879 = DIRECTION ( 'NONE',  ( -0.000000000000000000, 1.000000000000000000, -0.000000000000000000 ) ) ;
#880 = CARTESIAN_POINT ( 'NONE',  ( 148.0000000000000284, 4.000000000000000000, -33.25000000000003553 ) ) ;
#881 = SHAPE_DEFINITION_REPRESENTATION ( #3209, #3703 ) ;
#882 = DIRECTION ( 'NONE',  ( 0.000000000000000000, 0.000000000000000000, 1.000000000000000000 ) ) ;
#883 = CARTESIAN_POINT ( 'NONE',  ( -11.72753060904939559, 0.000000000000000000, -126.3499999999999659 ) ) ;
#884 = EDGE_LOOP ( 'NONE', ( #2353, #2446 ) ) ;
#885 = AXIS2_PLACEMENT_3D ( 'NONE', #160, #6620, #3592 ) ;
#886 = ORIENTED_EDGE ( 'NONE', *, *, #2826, .T. ) ;
#887 = EDGE_CURVE ( 'NONE', #1557, #6177, #7150, .T. ) ;
#888 = ORIENTED_EDGE ( 'NONE', *, *, #5443, .T. ) ;
#889 = PLANE ( 'NONE',  #4743 ) ;
#890 = LINE ( 'NONE', #5563, #5513 ) ;
#891 = EDGE_CURVE ( 'NONE', #5257, #6498, #1868, .T. ) ;
#892 = DIRECTION ( 'NONE',  ( 0.000000000000000000, 1.000000000000000000, 0.000000000000000000 ) ) ;
#893 = CARTESIAN_POINT ( 'NONE',  ( 172.0000000000000284, 0.000000000000000000, -132.5000000000000284 ) ) ;
#894 = DIRECTION ( 'NONE',  ( -0.000000000000000000, 1.000000000000000000, -0.000000000000000000 ) ) ;
#895 = EDGE_CURVE ( 'NONE', #2701, #3320, #6628, .T. ) ;
#896 = ORIENTED_EDGE ( 'NONE', *, *, #7609, .F. ) ;
#897 = CIRCLE ( 'NONE', #5537, 2.000000000000001776 ) ;
#898 = EDGE_CURVE ( 'NONE', #1772, #6655, #3715, .T. ) ;
#899 = CARTESIAN_POINT ( 'NONE',  ( 140.0000000000000284, 8.000000000000007105, -44.25941951976449218 ) ) ;
#900 = CARTESIAN_POINT ( 'NONE',  ( 166.5146231116498825, 0.000000000000000000, -158.1344001783753583 ) ) ;
#901 = VERTEX_POINT ( 'NONE', #3091 ) ;
#902 = CARTESIAN_POINT ( 'NONE',  ( 172.0000000000000284, 4.000000000000000000, -132.5000000000000284 ) ) ;
#903 = CARTESIAN_POINT ( 'NONE',  ( 86.84307806183468870, 5.000000000000000000, -95.00000000000000000 ) ) ;
#904 = ORIENTED_EDGE ( 'NONE', *, *, #4210, .F. ) ;
#905 = ADVANCED_FACE ( 'NONE', ( #4870 ), #7257, .F. ) ;
#906 = CARTESIAN_POINT ( 'NONE',  ( 76.92153903091731593, 5.000000000000000000, -98.59999999999999432 ) ) ;
#907 = DIRECTION ( 'NONE',  ( -0.000000000000000000, -0.000000000000000000, -1.000000000000000000 ) ) ;
#908 = CARTESIAN_POINT ( 'NONE',  ( 95.15692193816525446, 8.000000000000000000, -94.99999999999998579 ) ) ;
#909 = ORIENTED_EDGE ( 'NONE', *, *, #6059, .T. ) ;
#910 = FACE_OUTER_BOUND ( 'NONE', #6501, .T. ) ;
#911 = PLANE ( 'NONE',  #6877 ) ;
#912 = VERTEX_POINT ( 'NONE', #6661 ) ;
#913 = DIRECTION ( 'NONE',  ( 1.734723475976807094E-15, 0.000000000000000000, 1.000000000000000000 ) ) ;
#914 = EDGE_CURVE ( 'NONE', #2575, #2403, #3675, .T. ) ;
#915 = ORIENTED_EDGE ( 'NONE', *, *, #3270, .F. ) ;
#916 = DIRECTION ( 'NONE',  ( -0.000000000000000000, -1.000000000000000000, -0.000000000000000000 ) ) ;
#917 = DIRECTION ( 'NONE',  ( 8.780080477212639459E-16, 0.000000000000000000, -1.000000000000000000 ) ) ;
#918 = LINE ( 'NONE', #282, #3764 ) ;
#919 = ORIENTED_EDGE ( 'NONE', *, *, #4299, .T. ) ;
#920 = CARTESIAN_POINT ( 'NONE',  ( 148.0000000000000284, 4.000000000000000000, -55.50000000000002842 ) ) ;
#921 = DIRECTION ( 'NONE',  ( -0.000000000000000000, 1.000000000000000000, -0.000000000000000000 ) ) ;
#922 = ORIENTED_EDGE ( 'NONE', *, *, #1287, .F. ) ;
#923 = ORIENTED_EDGE ( 'NONE', *, *, #5927, .T. ) ;
#924 = ORIENTED_EDGE ( 'NONE', *, *, #4484, .T. ) ;
#925 = DIRECTION ( 'NONE',  ( 0.000000000000000000, 1.000000000000000000, 0.000000000000000000 ) ) ;
#926 = DIRECTION ( 'NONE',  ( 0.000000000000000000, 0.000000000000000000, 1.000000000000000000 ) ) ;
#927 = CARTESIAN_POINT ( 'NONE',  ( -19.80599157813204059, 8.000000000000000000, -145.0000000000000284 ) ) ;
#928 = CYLINDRICAL_SURFACE ( 'NONE', #3620, 2.099999999999997868 ) ;
#929 = EDGE_CURVE ( 'NONE', #7495, #7339, #2307, .T. ) ;
#930 = DIRECTION ( 'NONE',  ( -0.000000000000000000, -1.000000000000000000, -0.000000000000000000 ) ) ;
#931 = ORIENTED_EDGE ( 'NONE', *, *, #2999, .F. ) ;
#932 = VECTOR ( 'NONE', #2077, 1000.000000000000000 ) ;
#933 = CARTESIAN_POINT ( 'NONE',  ( 21.99999999999998579, 4.000000000000000000, -37.50000000000002842 ) ) ;
#934 = CARTESIAN_POINT ( 'NONE',  ( 148.0000000000000568, 0.000000000000000000, -114.5000000000000426 ) ) ;
#935 = ORIENTED_EDGE ( 'NONE', *, *, #3483, .F. ) ;
#936 = PLANE ( 'NONE',  #3812 ) ;
#937 = CARTESIAN_POINT ( 'NONE',  ( 28.00000000000003908, -63.63175307973214956, -62.50000000000002842 ) ) ;
#938 = EDGE_CURVE ( 'NONE', #3693, #6837, #106, .T. ) ;
#939 = EDGE_LOOP ( 'NONE', ( #2585, #5782 ) ) ;
#940 = CIRCLE ( 'NONE', #7205, 4.250000000000003553 ) ;
#941 = DIRECTION ( 'NONE',  ( 0.000000000000000000, 0.000000000000000000, 1.000000000000000000 ) ) ;
#942 = CARTESIAN_POINT ( 'NONE',  ( 31.48537688835016723, 8.000000000000000000, -42.92014527617017450 ) ) ;
#943 = ORIENTED_EDGE ( 'NONE', *, *, #2593, .T. ) ;
#944 = DIRECTION ( 'NONE',  ( 1.000000000000000000, 0.000000000000000000, 0.000000000000000000 ) ) ;
#945 = CARTESIAN_POINT ( 'NONE',  ( 21.85910819620918133, 0.000000000000000000, 0.000000000000000000 ) ) ;
#946 = CIRCLE ( 'NONE', #7338, 4.250000000000003553 ) ;
#947 = EDGE_CURVE ( 'NONE', #1516, #3018, #4157, .T. ) ;
#948 = ORIENTED_EDGE ( 'NONE', *, *, #4705, .T. ) ;
#949 = VECTOR ( 'NONE', #7278, 1000.000000000000000 ) ;
#950 = FACE_OUTER_BOUND ( 'NONE', #828, .T. ) ;
#951 = ORIENTED_EDGE ( 'NONE', *, *, #1696, .T. ) ;
#952 = VECTOR ( 'NONE', #4505, 1000.000000000000000 ) ;
#953 = DIRECTION ( 'NONE',  ( 1.000000000000000000, 0.000000000000000000, -0.000000000000000000 ) ) ;
#954 = CARTESIAN_POINT ( 'NONE',  ( 148.0000000000000284, 0.000000000000000000, -35.40000000000004832 ) ) ;
#955 = DIRECTION ( 'NONE',  ( -0.6843142041691717692, -0.000000000000000000, 0.7291872667376420036 ) ) ;
#956 = EDGE_CURVE ( 'NONE', #4601, #6756, #5798, .T. ) ;
#957 = VERTEX_POINT ( 'NONE', #6554 ) ;
#958 = APPROVAL_STATUS ( 'not_yet_approved' ) ;
#959 = CARTESIAN_POINT ( 'NONE',  ( 41.51140621703041234, 0.000000000000000000, -107.0000000000000284 ) ) ;
#960 = CARTESIAN_POINT ( 'NONE',  ( -13.80599157813204059, 3.000000000000000000, -139.3750000000000284 ) ) ;
#961 = VECTOR ( 'NONE', #5580, 1000.000000000000000 ) ;
#962 = EDGE_CURVE ( 'NONE', #5167, #6445, #1825, .T. ) ;
#963 = ORIENTED_EDGE ( 'NONE', *, *, #5183, .F. ) ;
#964 = ORIENTED_EDGE ( 'NONE', *, *, #6324, .T. ) ;
#965 = AXIS2_PLACEMENT_3D ( 'NONE', #1376, #1954, #3767 ) ;
#966 = ORIENTED_EDGE ( 'NONE', *, *, #7174, .T. ) ;
#967 = FACE_BOUND ( 'NONE', #5213, .T. ) ;
#968 = CARTESIAN_POINT ( 'NONE',  ( 170.0000000000000000, 8.000000000000000000, -101.0000000000000142 ) ) ;
#969 = CARTESIAN_POINT ( 'NONE',  ( 109.8877693287756188, 8.000000000000000000, -114.4705738749248809 ) ) ;
#970 = CARTESIAN_POINT ( 'NONE',  ( -15.88445254721469801, 3.000000000000000000, -133.6500000000000057 ) ) ;
#971 = DIRECTION ( 'NONE',  ( -0.5000000000000003331, 0.000000000000000000, 0.8660254037844384856 ) ) ;
#972 = CIRCLE ( 'NONE', #1338, 2.099999999999997868 ) ;
#973 = CIRCLE ( 'NONE', #7620, 4.250000000000003553 ) ;
#974 = ORIENTED_EDGE ( 'NONE', *, *, #1823, .T. ) ;
#975 = CARTESIAN_POINT ( 'NONE',  ( 7.972523907141606969, 0.000000000000000000, -170.6624670180889041 ) ) ;
#976 = CARTESIAN_POINT ( 'NONE',  ( 168.0000000000000000, 0.000000000000000000, -13.20487406521907481 ) ) ;
#977 = ORIENTED_EDGE ( 'NONE', *, *, #6530, .F. ) ;
#978 = CARTESIAN_POINT ( 'NONE',  ( -15.88445254721470512, 3.000000000000000000, -119.1500000000000057 ) ) ;
#979 = AXIS2_PLACEMENT_3D ( 'NONE', #2198, #2871, #4715 ) ;
#980 = EDGE_CURVE ( 'NONE', #253, #7579, #6789, .T. ) ;
#981 = DIRECTION ( 'NONE',  ( 6.122553444624025474E-17, 0.000000000000000000, -1.000000000000000000 ) ) ;
#982 = CIRCLE ( 'NONE', #1972, 2.099999999999990763 ) ;
#983 = EDGE_LOOP ( 'NONE', ( #923, #2741 ) ) ;
#984 = AXIS2_PLACEMENT_3D ( 'NONE', #1230, #4780, #724 ) ;
#985 = EDGE_CURVE ( 'NONE', #3886, #5600, #4795, .T. ) ;
#986 = CARTESIAN_POINT ( 'NONE',  ( 88.01215132664637508, 8.000000000000000000, -135.0000000000000000 ) ) ;
#987 = DIRECTION ( 'NONE',  ( 0.4999999999999988898, 0.000000000000000000, -0.8660254037844393737 ) ) ;
#988 = AXIS2_PLACEMENT_3D ( 'NONE', #7048, #1628, #7010 ) ;
#989 = ORIENTED_EDGE ( 'NONE', *, *, #4254, .T. ) ;
#990 = DIRECTION ( 'NONE',  ( -0.000000000000000000, -1.000000000000000000, -0.000000000000000000 ) ) ;
#991 = DIRECTION ( 'NONE',  ( 0.000000000000000000, 0.000000000000000000, 1.000000000000000000 ) ) ;
#992 = EDGE_LOOP ( 'NONE', ( #3718, #6256 ) ) ;
#993 = PLANE ( 'NONE',  #5140 ) ;
#994 = VECTOR ( 'NONE', #3640, 1000.000000000000000 ) ;
#995 = ORIENTED_EDGE ( 'NONE', *, *, #4192, .F. ) ;
#996 = CIRCLE ( 'NONE', #6884, 4.250000000000003553 ) ;
#997 = ADVANCED_FACE ( 'NONE', ( #6588 ), #29, .F. ) ;
#998 = CARTESIAN_POINT ( 'NONE',  ( 21.99999999999998579, 4.000000000000000000, -41.75000000000002842 ) ) ;
#999 = LINE ( 'NONE', #6420, #1331 ) ;
#1000 = FACE_OUTER_BOUND ( 'NONE', #7443, .T. ) ;
#1001 = ORIENTED_EDGE ( 'NONE', *, *, #3922, .T. ) ;
#1002 = CALENDAR_DATE ( 2022, 4, 2 ) ;
#1003 = AXIS2_PLACEMENT_3D ( 'NONE', #3233, #1965, #1887 ) ;
#1004 = CARTESIAN_POINT ( 'NONE',  ( 148.0000000000000568, 4.000000000000000000, -110.2500000000000426 ) ) ;
#1005 = DIRECTION ( 'NONE',  ( 0.5000000000000016653, 0.000000000000000000, -0.8660254037844375974 ) ) ;
#1006 = AXIS2_PLACEMENT_3D ( 'NONE', #5675, #204, #2015 ) ;
#1007 = ORIENTED_EDGE ( 'NONE', *, *, #320, .T. ) ;
#1008 = ORIENTED_EDGE ( 'NONE', *, *, #4454, .T. ) ;
#1009 = EDGE_CURVE ( 'NONE', #4126, #4510, #6931, .T. ) ;
#1010 = AXIS2_PLACEMENT_3D ( 'NONE', #4740, #5877, #2895 ) ;
#1011 = VERTEX_POINT ( 'NONE', #2695 ) ;
#1012 = FACE_OUTER_BOUND ( 'NONE', #2969, .T. ) ;
#1013 = DIRECTION ( 'NONE',  ( 0.000000000000000000, -1.000000000000000000, 0.000000000000000000 ) ) ;
#1014 = DIRECTION ( 'NONE',  ( -0.000000000000000000, 1.000000000000000000, -0.000000000000000000 ) ) ;
#1015 = DIRECTION ( 'NONE',  ( 0.6696371217971888168, -0.000000000000000000, -0.7426884441750638555 ) ) ;
#1016 = CARTESIAN_POINT ( 'NONE',  ( 17.48398459578333330, 0.000000000000000000, -10.10588522501502950 ) ) ;
#1017 = ORIENTED_EDGE ( 'NONE', *, *, #4941, .T. ) ;
#1018 = EDGE_CURVE ( 'NONE', #4746, #300, #6739, .T. ) ;
#1019 = CARTESIAN_POINT ( 'NONE',  ( 60.11223067122439545, 0.000000000000000000, -114.4705738749248667 ) ) ;
#1020 = CYLINDRICAL_SURFACE ( 'NONE', #1963, 4.250000000000003553 ) ;
#1021 = EDGE_LOOP ( 'NONE', ( #6799, #7690, #6270, #7629 ) ) ;
#1022 = LINE ( 'NONE', #2193, #2317 ) ;
#1023 = CARTESIAN_POINT ( 'NONE',  ( -17.96291351629733413, 0.000000000000000000, -137.2499999999999716 ) ) ;
#1024 = VECTOR ( 'NONE', #4426, 1000.000000000000000 ) ;
#1025 = EDGE_LOOP ( 'NONE', ( #5736, #7155, #2527, #6960 ) ) ;
#1026 = LINE ( 'NONE', #3418, #4995 ) ;
#1027 = DIRECTION ( 'NONE',  ( 0.000000000000000000, -1.000000000000000000, 0.000000000000000000 ) ) ;
#1028 = VERTEX_POINT ( 'NONE', #3330 ) ;
#1029 = CARTESIAN_POINT ( 'NONE',  ( 172.0000000000000284, 4.000000000000000000, -37.50000000000004263 ) ) ;
#1030 = CARTESIAN_POINT ( 'NONE',  ( -13.80599157813204059, 8.000000000000000000, -137.2500000000000000 ) ) ;
#1031 = ORIENTED_EDGE ( 'NONE', *, *, #7128, .T. ) ;
#1032 = CARTESIAN_POINT ( 'NONE',  ( 152.5160154042166880, 0.000000000000000000, -10.10588522501500108 ) ) ;
#1033 = EDGE_CURVE ( 'NONE', #1771, #4665, #380, .T. ) ;
#1034 = EDGE_LOOP ( 'NONE', ( #4629, #3940 ) ) ;
#1035 = LINE ( 'NONE', #5909, #5987 ) ;
#1036 = PLANE ( 'NONE',  #2703 ) ;
#1037 = EDGE_CURVE ( 'NONE', #2443, #6640, #2892, .T. ) ;
#1038 = CARTESIAN_POINT ( 'NONE',  ( 6.000000000000000000, 8.000000000000000000, -151.5000000000000284 ) ) ;
#1039 = VERTEX_POINT ( 'NONE', #262 ) ;
#1040 = CALENDAR_DATE ( 2022, 4, 2 ) ;
#1041 = FACE_OUTER_BOUND ( 'NONE', #5696, .T. ) ;
#1042 = ADVANCED_FACE ( 'NONE', ( #221 ), #3915, .F. ) ;
#1043 = ORIENTED_EDGE ( 'NONE', *, *, #5586, .T. ) ;
#1044 = ORIENTED_EDGE ( 'NONE', *, *, #3327, .T. ) ;
#1045 = ORIENTED_EDGE ( 'NONE', *, *, #7363, .T. ) ;
#1046 = FACE_OUTER_BOUND ( 'NONE', #5624, .T. ) ;
#1047 = CARTESIAN_POINT ( 'NONE',  ( 81.07846096908262723, 5.000000000000000000, -71.39999999999997726 ) ) ;
#1048 = CARTESIAN_POINT ( 'NONE',  ( 95.15692193816525446, 5.000000000000000000, -75.00000000000002842 ) ) ;
#1049 = CARTESIAN_POINT ( 'NONE',  ( 148.0000000000000284, 8.000000000000000000, -59.75000000000003553 ) ) ;
#1050 = ADVANCED_FACE ( 'NONE', ( #3257 ), #6240, .T. ) ;
#1051 = ORIENTED_EDGE ( 'NONE', *, *, #4972, .F. ) ;
#1052 = LINE ( 'NONE', #2227, #4598 ) ;
#1053 = DIRECTION ( 'NONE',  ( 0.000000000000000000, 0.000000000000000000, -1.000000000000000000 ) ) ;
#1054 = LINE ( 'NONE', #2968, #1465 ) ;
#1055 = ORIENTED_EDGE ( 'NONE', *, *, #20, .T. ) ;
#1056 = CARTESIAN_POINT ( 'NONE',  ( 170.0000000000000000, 6.000000000000000000, -2.099999999999989875 ) ) ;
#1057 = DIRECTION ( 'NONE',  ( -0.000000000000000000, -1.000000000000000000, -0.000000000000000000 ) ) ;
#1058 = EDGE_CURVE ( 'NONE', #6756, #1329, #761, .T. ) ;
#1059 = ORIENTED_EDGE ( 'NONE', *, *, #6794, .T. ) ;
#1060 = VECTOR ( 'NONE', #3510, 1000.000000000000000 ) ;
#1061 = CYLINDRICAL_SURFACE ( 'NONE', #5121, 30.00000000000000000 ) ;
#1062 = CARTESIAN_POINT ( 'NONE',  ( 76.92153903091731593, 8.000000000000000000, -71.39999999999997726 ) ) ;
#1063 = ORIENTED_EDGE ( 'NONE', *, *, #1484, .F. ) ;
#1064 = FACE_OUTER_BOUND ( 'NONE', #1080, .T. ) ;
#1065 = DIRECTION ( 'NONE',  ( -0.000000000000000000, 1.000000000000000000, -0.000000000000000000 ) ) ;
#1066 = ORIENTED_EDGE ( 'NONE', *, *, #603, .T. ) ;
#1067 = DIRECTION ( 'NONE',  ( 0.000000000000000000, 0.000000000000000000, -1.000000000000000000 ) ) ;
#1068 = AXIS2_PLACEMENT_3D ( 'NONE', #4275, #702, #7784 ) ;
#1069 = EDGE_CURVE ( 'NONE', #5003, #1827, #2623, .T. ) ;
#1070 = VERTEX_POINT ( 'NONE', #7452 ) ;
#1071 = CIRCLE ( 'NONE', #1689, 4.250000000000003553 ) ;
#1072 = FACE_OUTER_BOUND ( 'NONE', #2017, .T. ) ;
#1073 = DIRECTION ( 'NONE',  ( 0.000000000000000000, -1.000000000000000000, 0.000000000000000000 ) ) ;
#1074 = DIRECTION ( 'NONE',  ( 0.5000000000000003331, 0.000000000000000000, 0.8660254037844384856 ) ) ;
#1075 = EDGE_LOOP ( 'NONE', ( #2955, #1761 ) ) ;
#1076 = DIRECTION ( 'NONE',  ( 0.8660254037844377084, 0.000000000000000000, 0.5000000000000017764 ) ) ;
#1077 = VECTOR ( 'NONE', #3191, 1000.000000000000000 ) ;
#1078 = VERTEX_POINT ( 'NONE', #3291 ) ;
#1079 = ORIENTED_EDGE ( 'NONE', *, *, #6246, .F. ) ;
#1080 = EDGE_LOOP ( 'NONE', ( #4957, #5539 ) ) ;
#1081 = ADVANCED_FACE ( 'NONE', ( #5724 ), #6863, .T. ) ;
#1082 = VECTOR ( 'NONE', #4655, 1000.000000000000000 ) ;
#1083 = DIRECTION ( 'NONE',  ( -0.000000000000000000, 1.000000000000000000, -0.000000000000000000 ) ) ;
#1084 = CARTESIAN_POINT ( 'NONE',  ( -17.96291351629734834, 3.000000000000000000, -122.7500000000000000 ) ) ;
#1085 = FACE_OUTER_BOUND ( 'NONE', #7723, .T. ) ;
#1086 = LINE ( 'NONE', #5370, #4999 ) ;
#1087 = EDGE_LOOP ( 'NONE', ( #2079, #7135, #6807, #1747 ) ) ;
#1088 = AXIS2_PLACEMENT_3D ( 'NONE', #394, #6411, #2705 ) ;
#1089 = ORIENTED_EDGE ( 'NONE', *, *, #2569, .T. ) ;
#1090 = EDGE_CURVE ( 'NONE', #152, #3035, #1479, .T. ) ;
#1091 = DIRECTION ( 'NONE',  ( -0.000000000000000000, -1.000000000000000000, -0.000000000000000000 ) ) ;
#1092 = CARTESIAN_POINT ( 'NONE',  ( -3.937454061828240095E-18, 0.000000000000000000, -13.20487406521907126 ) ) ;
#1093 = VERTEX_POINT ( 'NONE', #5687 ) ;
#1094 = CARTESIAN_POINT ( 'NONE',  ( 81.07846096908262723, 5.000000000000000000, -78.59999999999999432 ) ) ;
#1095 = DIRECTION ( 'NONE',  ( -0.000000000000000000, 1.000000000000000000, -0.000000000000000000 ) ) ;
#1096 = VECTOR ( 'NONE', #4947, 1000.000000000000000 ) ;
#1097 = CIRCLE ( 'NONE', #6859, 8.000000000000000000 ) ;
#1098 = ORIENTED_EDGE ( 'NONE', *, *, #7414, .F. ) ;
#1099 = AXIS2_PLACEMENT_3D ( 'NONE', #5960, #2901, #421 ) ;
#1100 = EDGE_CURVE ( 'NONE', #4439, #3018, #4512, .T. ) ;
#1101 = CIRCLE ( 'NONE', #3725, 2.000000000000001776 ) ;
#1102 = FACE_OUTER_BOUND ( 'NONE', #2259, .T. ) ;
#1103 = CARTESIAN_POINT ( 'NONE',  ( 170.0000000000000853, 8.000000000000000000, 8.000000000000010658 ) ) ;
#1104 = ORIENTED_EDGE ( 'NONE', *, *, #200, .T. ) ;
#1105 = CYLINDRICAL_SURFACE ( 'NONE', #3066, 4.250000000000003553 ) ;
#1106 = LINE ( 'NONE', #1212, #7643 ) ;
#1107 = EDGE_LOOP ( 'NONE', ( #6956, #1644, #5335, #4075 ) ) ;
#1108 = LINE ( 'NONE', #2915, #7512 ) ;
#1109 = ORIENTED_EDGE ( 'NONE', *, *, #6218, .F. ) ;
#1110 = CIRCLE ( 'NONE', #3110, 2.000000000000001776 ) ;
#1111 = CIRCLE ( 'NONE', #7011, 6.000000000000000000 ) ;
#1112 = DIRECTION ( 'NONE',  ( -0.000000000000000000, 1.000000000000000000, -0.000000000000000000 ) ) ;
#1113 = CARTESIAN_POINT ( 'NONE',  ( 90.99999999999997158, -2.000000000000000000, -92.89999999999999147 ) ) ;
#1114 = ORIENTED_EDGE ( 'NONE', *, *, #320, .F. ) ;
#1115 = DIRECTION ( 'NONE',  ( -0.000000000000000000, -1.000000000000000000, -0.000000000000000000 ) ) ;
#1116 = EDGE_LOOP ( 'NONE', ( #4309, #4358, #2083, #2798 ) ) ;
#1117 = DIRECTION ( 'NONE',  ( -0.000000000000000000, 1.000000000000000000, -0.000000000000000000 ) ) ;
#1118 = AXIS2_PLACEMENT_3D ( 'NONE', #177, #1360, #3792 ) ;
#1119 = AXIS2_PLACEMENT_3D ( 'NONE', #736, #7370, #6657 ) ;
#1120 = ORIENTED_EDGE ( 'NONE', *, *, #2846, .T. ) ;
#1121 = ORIENTED_EDGE ( 'NONE', *, *, #6027, .F. ) ;
#1122 = VECTOR ( 'NONE', #930, 1000.000000000000000 ) ;
#1123 = AXIS2_PLACEMENT_3D ( 'NONE', #3991, #6855, #3408 ) ;
#1124 = PLANE ( 'NONE',  #3992 ) ;
#1125 = CARTESIAN_POINT ( 'NONE',  ( -2.000000000000013323, 8.000000000000000000, -41.75000000000002842 ) ) ;
#1126 = FACE_BOUND ( 'NONE', #5021, .T. ) ;
#1127 = FACE_OUTER_BOUND ( 'NONE', #7014, .T. ) ;
#1128 = EDGE_CURVE ( 'NONE', #5277, #2956, #2641, .T. ) ;
#1129 = ORIENTED_EDGE ( 'NONE', *, *, #5508, .T. ) ;
#1130 = EDGE_LOOP ( 'NONE', ( #2827, #5722, #3140, #5458 ) ) ;
#1131 = DIRECTION ( 'NONE',  ( -0.4999999999999996114, 0.000000000000000000, -0.8660254037844389297 ) ) ;
#1132 = DIRECTION ( 'NONE',  ( 0.000000000000000000, 1.000000000000000000, 0.000000000000000000 ) ) ;
#1133 = ORIENTED_EDGE ( 'NONE', *, *, #3041, .T. ) ;
#1134 = EDGE_CURVE ( 'NONE', #4985, #2664, #7331, .T. ) ;
#1135 = CARTESIAN_POINT ( 'NONE',  ( 0.000000000000000000, 8.000000000000000000, 0.000000000000000000 ) ) ;
#1136 = CARTESIAN_POINT ( 'NONE',  ( 78.99999999999997158, -2.000000000000000000, -75.00000000000000000 ) ) ;
#1137 = EDGE_CURVE ( 'NONE', #5757, #3576, #3530, .T. ) ;
#1138 = ORIENTED_EDGE ( 'NONE', *, *, #7021, .F. ) ;
#1139 = CARTESIAN_POINT ( 'NONE',  ( 81.07846096908264144, 5.000000000000000000, -98.59999999999999432 ) ) ;
#1140 = LINE ( 'NONE', #1062, #6487 ) ;
#1141 = ORIENTED_EDGE ( 'NONE', *, *, #4330, .F. ) ;
#1142 = DIRECTION ( 'NONE',  ( 0.000000000000000000, 0.000000000000000000, 1.000000000000000000 ) ) ;
#1143 = CYLINDRICAL_SURFACE ( 'NONE', #5267, 6.000000000000005329 ) ;
#1144 = ORIENTED_EDGE ( 'NONE', *, *, #2, .T. ) ;
#1145 = EDGE_CURVE ( 'NONE', #2620, #3307, #6781, .T. ) ;
#1146 = ORIENTED_EDGE ( 'NONE', *, *, #6658, .F. ) ;
#1147 = DIRECTION ( 'NONE',  ( 0.4999999999999991673, 0.000000000000000000, -0.8660254037844390407 ) ) ;
#1148 = PLANE ( 'NONE',  #328 ) ;
#1149 = CYLINDRICAL_SURFACE ( 'NONE', #7451, 2.100000000000004530 ) ;
#1150 = EDGE_LOOP ( 'NONE', ( #1153, #7311, #676, #623 ) ) ;
#1151 = CARTESIAN_POINT ( 'NONE',  ( 0.000000000000000000, 8.000000000000000000, 8.000000000000000000 ) ) ;
#1152 = EDGE_CURVE ( 'NONE', #7587, #3917, #3773, .T. ) ;
#1153 = ORIENTED_EDGE ( 'NONE', *, *, #200, .F. ) ;
#1154 = VERTEX_POINT ( 'NONE', #5572 ) ;
#1155 = CARTESIAN_POINT ( 'NONE',  ( 172.0000000000000284, -2.000000000000000000, -114.5000000000000426 ) ) ;
#1156 = DIRECTION ( 'NONE',  ( 0.000000000000000000, 0.000000000000000000, 1.000000000000000000 ) ) ;
#1157 = DIRECTION ( 'NONE',  ( 0.000000000000000000, 1.000000000000000000, 0.000000000000000000 ) ) ;
#1158 = CARTESIAN_POINT ( 'NONE',  ( 76.92153903091731593, 5.000000000000000000, -78.59999999999999432 ) ) ;
#1159 = VERTEX_POINT ( 'NONE', #817 ) ;
#1160 = ORIENTED_EDGE ( 'NONE', *, *, #2197, .T. ) ;
#1161 = CIRCLE ( 'NONE', #5557, 2.099999999999990763 ) ;
#1162 = DIRECTION ( 'NONE',  ( 0.000000000000000000, 0.000000000000000000, 1.000000000000000000 ) ) ;
#1163 = CARTESIAN_POINT ( 'NONE',  ( 0.000000000000000000, 8.000000000000000000, -178.0000000000000284 ) ) ;
#1164 = ADVANCED_FACE ( 'NONE', ( #3210 ), #7539, .F. ) ;
#1165 = EDGE_LOOP ( 'NONE', ( #2939, #674 ) ) ;
#1166 = FACE_OUTER_BOUND ( 'NONE', #3025, .T. ) ;
#1167 = DIRECTION ( 'NONE',  ( 0.000000000000000000, 1.000000000000000000, 0.000000000000000000 ) ) ;
#1168 = ORIENTED_EDGE ( 'NONE', *, *, #4397, .T. ) ;
#1169 = EDGE_CURVE ( 'NONE', #7772, #4522, #2268, .T. ) ;
#1170 = CARTESIAN_POINT ( 'NONE',  ( 86.84307806183468870, 8.000000000000000000, -95.00000000000000000 ) ) ;
#1171 = CARTESIAN_POINT ( 'NONE',  ( 4.286263797015742018E-16, 8.000000000000000000, -3.500000000000004885 ) ) ;
#1172 = ADVANCED_FACE ( 'NONE', ( #7577, #1642 ), #2230, .T. ) ;
#1173 = ORIENTED_EDGE ( 'NONE', *, *, #1921, .T. ) ;
#1174 = CARTESIAN_POINT ( 'NONE',  ( 21.99999999999998224, 4.000000000000000000, -55.50000000000001421 ) ) ;
#1175 = PLANE ( 'NONE',  #4244 ) ;
#1176 = EDGE_LOOP ( 'NONE', ( #5352, #135, #868, #7237 ) ) ;
#1177 = AXIS2_PLACEMENT_3D ( 'NONE', #3421, #6483, #5350 ) ;
#1178 = DIRECTION ( 'NONE',  ( 0.000000000000000000, 1.000000000000000000, -0.000000000000000000 ) ) ;
#1179 = DIRECTION ( 'NONE',  ( 0.000000000000000000, 1.000000000000000000, 0.000000000000000000 ) ) ;
#1180 = EDGE_CURVE ( 'NONE', #1880, #6400, #5794, .T. ) ;
#1181 = VERTEX_POINT ( 'NONE', #2739 ) ;
#1182 = DIRECTION ( 'NONE',  ( 0.000000000000000000, 0.000000000000000000, 1.000000000000000000 ) ) ;
#1183 = AXIS2_PLACEMENT_3D ( 'NONE', #1906, #6591, #2390 ) ;
#1184 = ORIENTED_EDGE ( 'NONE', *, *, #2857, .T. ) ;
#1185 = DIRECTION ( 'NONE',  ( 0.000000000000000000, 1.000000000000000000, 0.000000000000000000 ) ) ;
#1186 = ORIENTED_EDGE ( 'NONE', *, *, #6263, .T. ) ;
#1187 = ORIENTED_EDGE ( 'NONE', *, *, #7782, .F. ) ;
#1188 = EDGE_CURVE ( 'NONE', #5315, #6860, #4110, .T. ) ;
#1189 = CARTESIAN_POINT ( 'NONE',  ( 76.92153903091731593, 5.000000000000000000, -98.59999999999999432 ) ) ;
#1190 = DIRECTION ( 'NONE',  ( -0.000000000000000000, -1.000000000000000000, -0.000000000000000000 ) ) ;
#1191 = CARTESIAN_POINT ( 'NONE',  ( 2.000000000000000000, 8.000000000000000000, -13.20487406521907126 ) ) ;
#1192 = FACE_OUTER_BOUND ( 'NONE', #5726, .T. ) ;
#1193 = VECTOR ( 'NONE', #4292, 1000.000000000000000 ) ;
#1194 = EDGE_CURVE ( 'NONE', #728, #4093, #2149, .T. ) ;
#1195 = VECTOR ( 'NONE', #362, 1000.000000000000000 ) ;
#1196 = EDGE_LOOP ( 'NONE', ( #4938, #6568 ) ) ;
#1197 = CIRCLE ( 'NONE', #7216, 2.099999999999989875 ) ;
#1198 = VERTEX_POINT ( 'NONE', #2778 ) ;
#1199 = CARTESIAN_POINT ( 'NONE',  ( -13.99999999999999645, 0.000000000000000000, -108.9999999999999858 ) ) ;
#1200 = DIRECTION ( 'NONE',  ( 0.000000000000000000, 0.000000000000000000, 1.000000000000000000 ) ) ;
#1201 = ORIENTED_EDGE ( 'NONE', *, *, #7266, .F. ) ;
#1202 = DIRECTION ( 'NONE',  ( -0.000000000000000000, 1.000000000000000000, -0.000000000000000000 ) ) ;
#1203 = CYLINDRICAL_SURFACE ( 'NONE', #3121, 2.100000000000004530 ) ;
#1204 = VECTOR ( 'NONE', #1727, 1000.000000000000000 ) ;
#1205 = ORIENTED_EDGE ( 'NONE', *, *, #6942, .T. ) ;
#1206 = VECTOR ( 'NONE', #6019, 1000.000000000000114 ) ;
#1207 = CARTESIAN_POINT ( 'NONE',  ( 148.0000000000000568, -2.000000000000000000, -114.5000000000000426 ) ) ;
#1208 = FACE_OUTER_BOUND ( 'NONE', #1293, .T. ) ;
#1209 = EDGE_CURVE ( 'NONE', #5938, #2831, #3920, .T. ) ;
#1210 = ORIENTED_EDGE ( 'NONE', *, *, #5191, .T. ) ;
#1211 = LINE ( 'NONE', #6743, #7086 ) ;
#1212 = CARTESIAN_POINT ( 'NONE',  ( -17.96291351629733413, 3.000000000000000000, -137.2499999999999716 ) ) ;
#1213 = ORIENTED_EDGE ( 'NONE', *, *, #2425, .F. ) ;
#1214 = VERTEX_POINT ( 'NONE', #1019 ) ;
#1215 = AXIS2_PLACEMENT_3D ( 'NONE', #3963, #2787, #7546 ) ;
#1216 = EDGE_CURVE ( 'NONE', #3774, #6070, #5228, .T. ) ;
#1217 = AXIS2_PLACEMENT_3D ( 'NONE', #6599, #1795, #4315 ) ;
#1218 = DIRECTION ( 'NONE',  ( -0.000000000000000000, 1.000000000000000000, -0.000000000000000000 ) ) ;
#1219 = DIRECTION ( 'NONE',  ( -0.000000000000000000, 1.000000000000000000, -0.000000000000000000 ) ) ;
#1220 = ORIENTED_EDGE ( 'NONE', *, *, #28, .F. ) ;
#1221 = CARTESIAN_POINT ( 'NONE',  ( 170.0000000000000000, 6.000000000000000000, -167.9000000000000341 ) ) ;
#1222 = VECTOR ( 'NONE', #6241, 1000.000000000000000 ) ;
#1223 = VERTEX_POINT ( 'NONE', #2190 ) ;
#1224 = ADVANCED_FACE ( 'NONE', ( #6355 ), #2299, .F. ) ;
#1225 = DIRECTION ( 'NONE',  ( -0.000000000000000000, 1.000000000000000000, -0.000000000000000000 ) ) ;
#1226 = EDGE_CURVE ( 'NONE', #5260, #7622, #4038, .T. ) ;
#1227 = VECTOR ( 'NONE', #7164, 1000.000000000000000 ) ;
#1228 = ORIENTED_EDGE ( 'NONE', *, *, #6981, .F. ) ;
#1229 = CARTESIAN_POINT ( 'NONE',  ( 148.0000000000000284, -2.000000000000000000, -55.50000000000002842 ) ) ;
#1230 = CARTESIAN_POINT ( 'NONE',  ( 90.99999999999997158, -2.000000000000000000, -75.00000000000000000 ) ) ;
#1231 = FACE_BOUND ( 'NONE', #1075, .T. ) ;
#1232 = AXIS2_PLACEMENT_3D ( 'NONE', #2533, #4942, #695 ) ;
#1233 = DIRECTION ( 'NONE',  ( 0.000000000000000000, 1.000000000000000000, 0.000000000000000000 ) ) ;
#1234 = CARTESIAN_POINT ( 'NONE',  ( -23.80599157813204059, 8.000000000000000000, -141.0000000000000000 ) ) ;
#1235 = AXIS2_PLACEMENT_3D ( 'NONE', #3335, #5728, #2743 ) ;
#1236 = EDGE_CURVE ( 'NONE', #2777, #1831, #539, .T. ) ;
#1237 = ORIENTED_EDGE ( 'NONE', *, *, #4397, .F. ) ;
#1238 = AXIS2_PLACEMENT_3D ( 'NONE', #243, #4410, #4369 ) ;
#1239 = CIRCLE ( 'NONE', #3501, 2.099999999999997868 ) ;
#1240 = VERTEX_POINT ( 'NONE', #7657 ) ;
#1241 = DIRECTION ( 'NONE',  ( -0.000000000000000000, -1.000000000000000000, -0.000000000000000000 ) ) ;
#1242 = FACE_OUTER_BOUND ( 'NONE', #4736, .T. ) ;
#1243 = ORIENTED_EDGE ( 'NONE', *, *, #3998, .T. ) ;
#1244 = CARTESIAN_POINT ( 'NONE',  ( -11.72753060904940092, 0.000000000000000000, -140.8499999999999659 ) ) ;
#1245 = CYLINDRICAL_SURFACE ( 'NONE', #496, 4.250000000000003553 ) ;
#1246 = FACE_OUTER_BOUND ( 'NONE', #1351, .T. ) ;
#1247 = AXIS2_PLACEMENT_3D ( 'NONE', #3236, #246, #5050 ) ;
#1248 = CIRCLE ( 'NONE', #5150, 2.000000000000001776 ) ;
#1249 = EDGE_CURVE ( 'NONE', #4884, #2443, #6561, .T. ) ;
#1250 = VERTEX_POINT ( 'NONE', #975 ) ;
#1251 = CIRCLE ( 'NONE', #2255, 4.250000000000003553 ) ;
#1252 = CARTESIAN_POINT ( 'NONE',  ( 60.11223067122439545, 0.000000000000000000, -114.4705738749248667 ) ) ;
#1253 = DIRECTION ( 'NONE',  ( -0.6696371217971888168, 0.000000000000000000, -0.7426884441750637444 ) ) ;
#1254 = ORIENTED_EDGE ( 'NONE', *, *, #6682, .T. ) ;
#1255 = DIRECTION ( 'NONE',  ( -0.000000000000000000, 1.000000000000000000, -0.000000000000000000 ) ) ;
#1256 = DIRECTION ( 'NONE',  ( 0.000000000000000000, -1.000000000000000000, 0.000000000000000000 ) ) ;
#1257 = ORIENTED_EDGE ( 'NONE', *, *, #2992, .F. ) ;
#1258 = ORIENTED_EDGE ( 'NONE', *, *, #4586, .T. ) ;
#1259 = CIRCLE ( 'NONE', #1877, 4.250000000000003553 ) ;
#1260 = PLANE ( 'NONE',  #6366 ) ;
#1261 = CARTESIAN_POINT ( 'NONE',  ( 88.92153903091727329, 5.000000000000000000, -78.60000000000000853 ) ) ;
#1262 = ORIENTED_EDGE ( 'NONE', *, *, #3194, .F. ) ;
#1263 = CARTESIAN_POINT ( 'NONE',  ( 172.0000000000000284, -2.000000000000000000, -37.50000000000004263 ) ) ;
#1264 = EDGE_CURVE ( 'NONE', #7339, #7495, #6937, .T. ) ;
#1265 = VERTEX_POINT ( 'NONE', #4073 ) ;
#1266 = CARTESIAN_POINT ( 'NONE',  ( 2.000000000000000000, 8.000000000000000000, -13.20487406521907126 ) ) ;
#1267 = ORIENTED_EDGE ( 'NONE', *, *, #1520, .T. ) ;
#1268 = PRODUCT_RELATED_PRODUCT_CATEGORY ( 'detail', '', ( #832 ) ) ;
#1269 = VERTEX_POINT ( 'NONE', #4551 ) ;
#1270 = AXIS2_PLACEMENT_3D ( 'NONE', #2501, #1285, #4911 ) ;
#1271 = DIRECTION ( 'NONE',  ( -0.000000000000000000, 1.000000000000000000, -0.000000000000000000 ) ) ;
#1272 = EDGE_CURVE ( 'NONE', #7454, #5471, #5886, .T. ) ;
#1273 = DIRECTION ( 'NONE',  ( 0.000000000000000000, 0.000000000000000000, 1.000000000000000000 ) ) ;
#1274 = CARTESIAN_POINT ( 'NONE',  ( 88.01215132664637508, 0.000000000000000000, -135.0000000000000000 ) ) ;
#1275 = DIRECTION ( 'NONE',  ( -0.000000000000000000, -1.000000000000000000, -0.000000000000000000 ) ) ;
#1276 = EDGE_LOOP ( 'NONE', ( #6896, #6347 ) ) ;
#1277 = EDGE_LOOP ( 'NONE', ( #6825, #4761, #4049, #1659 ) ) ;
#1278 = FACE_OUTER_BOUND ( 'NONE', #5961, .T. ) ;
#1279 = EDGE_CURVE ( 'NONE', #4665, #1771, #1161, .T. ) ;
#1280 = EDGE_LOOP ( 'NONE', ( #6448, #2156, #7508, #4408 ) ) ;
#1281 = CARTESIAN_POINT ( 'NONE',  ( 148.0000000000000284, 4.000000000000000000, -55.50000000000002842 ) ) ;
#1282 = DIRECTION ( 'NONE',  ( -1.000000000000000000, 0.000000000000000000, 0.000000000000000000 ) ) ;
#1283 = FACE_OUTER_BOUND ( 'NONE', #7700, .T. ) ;
#1284 = ORIENTED_EDGE ( 'NONE', *, *, #2376, .F. ) ;
#1285 = DIRECTION ( 'NONE',  ( 0.000000000000000000, 1.000000000000000000, 0.000000000000000000 ) ) ;
#1286 = FACE_OUTER_BOUND ( 'NONE', #2426, .T. ) ;
#1287 = EDGE_CURVE ( 'NONE', #1717, #2539, #385, .T. ) ;
#1288 = EDGE_LOOP ( 'NONE', ( #4658, #71, #6422, #3581 ) ) ;
#1289 = DIRECTION ( 'NONE',  ( 0.000000000000000000, 1.000000000000000000, 0.000000000000000000 ) ) ;
#1290 = DIRECTION ( 'NONE',  ( 0.000000000000000000, 0.000000000000000000, 1.000000000000000000 ) ) ;
#1291 = VERTEX_POINT ( 'NONE', #4589 ) ;
#1292 = EDGE_CURVE ( 'NONE', #1640, #1653, #6787, .T. ) ;
#1293 = EDGE_LOOP ( 'NONE', ( #815, #2591, #1583, #1650 ) ) ;
#1294 = CARTESIAN_POINT ( 'NONE',  ( 170.0000000000000000, 8.000000000000000000, -172.0999999999999943 ) ) ;
#1295 = DIRECTION ( 'NONE',  ( 0.000000000000000000, 0.000000000000000000, -1.000000000000000000 ) ) ;
#1296 = ORIENTED_EDGE ( 'NONE', *, *, #4634, .T. ) ;
#1297 = DIRECTION ( 'NONE',  ( 0.000000000000000000, 1.000000000000000000, 0.000000000000000000 ) ) ;
#1298 = ORIENTED_EDGE ( 'NONE', *, *, #5661, .F. ) ;
#1299 = DIRECTION ( 'NONE',  ( -0.4999999999999996114, 0.000000000000000000, -0.8660254037844388186 ) ) ;
#1300 = EDGE_LOOP ( 'NONE', ( #1729, #2697, #5813, #3632, #1595, #2758 ) ) ;
#1301 = VECTOR ( 'NONE', #1531, 1000.000000000000000 ) ;
#1302 = DIRECTION ( 'NONE',  ( 0.000000000000000000, 0.000000000000000000, -1.000000000000000000 ) ) ;
#1303 = LINE ( 'NONE', #3694, #1627 ) ;
#1304 = FACE_OUTER_BOUND ( 'NONE', #779, .T. ) ;
#1305 = EDGE_CURVE ( 'NONE', #2945, #2178, #897, .T. ) ;
#1306 = PLANE ( 'NONE',  #630 ) ;
#1307 = CARTESIAN_POINT ( 'NONE',  ( 168.0000000000000000, 8.000000000000000000, -11.20487406521907481 ) ) ;
#1308 = DIRECTION ( 'NONE',  ( -0.000000000000000000, 1.000000000000000000, -0.000000000000000000 ) ) ;
#1309 = CIRCLE ( 'NONE', #6204, 2.000000000000001776 ) ;
#1310 = ORIENTED_EDGE ( 'NONE', *, *, #7641, .F. ) ;
#1311 = EDGE_CURVE ( 'NONE', #6325, #4566, #522, .T. ) ;
#1312 = ORIENTED_EDGE ( 'NONE', *, *, #5099, .T. ) ;
#1313 = VECTOR ( 'NONE', #7213, 1000.000000000000000 ) ;
#1314 = DIRECTION ( 'NONE',  ( 0.000000000000000000, 0.000000000000000000, 1.000000000000000000 ) ) ;
#1315 = FACE_OUTER_BOUND ( 'NONE', #4278, .T. ) ;
#1316 = ORIENTED_EDGE ( 'NONE', *, *, #3854, .F. ) ;
#1317 = DIRECTION ( 'NONE',  ( 0.000000000000000000, -0.000000000000000000, 1.000000000000000000 ) ) ;
#1318 = CARTESIAN_POINT ( 'NONE',  ( 0.000000000000000000, 0.000000000000000000, -170.0000000000000000 ) ) ;
#1319 = CARTESIAN_POINT ( 'NONE',  ( -13.80599157813204059, 3.000000000000000000, -120.6250000000000000 ) ) ;
#1320 = ORIENTED_EDGE ( 'NONE', *, *, #4833, .F. ) ;
#1321 = EDGE_CURVE ( 'NONE', #6795, #5268, #3778, .T. ) ;
#1322 = DIRECTION ( 'NONE',  ( 0.000000000000000000, -1.000000000000000000, 0.000000000000000000 ) ) ;
#1323 = DIRECTION ( 'NONE',  ( -0.000000000000000000, 1.000000000000000000, -0.000000000000000000 ) ) ;
#1324 = ORIENTED_EDGE ( 'NONE', *, *, #696, .F. ) ;
#1325 = CARTESIAN_POINT ( 'NONE',  ( 55.00000000000002842, 8.000000000000000000, -69.00000000000001421 ) ) ;
#1326 = CARTESIAN_POINT ( 'NONE',  ( 161.4927196495483201, 8.000000000000000000, -169.4594553642728272 ) ) ;
#1327 = AXIS2_PLACEMENT_3D ( 'NONE', #5175, #2173, #407 ) ;
#1328 = ORIENTED_EDGE ( 'NONE', *, *, #5084, .F. ) ;
#1329 = VERTEX_POINT ( 'NONE', #1967 ) ;
#1330 = ADVANCED_FACE ( 'NONE', ( #656 ), #2602, .F. ) ;
#1331 = VECTOR ( 'NONE', #3428, 1000.000000000000000 ) ;
#1332 = CARTESIAN_POINT ( 'NONE',  ( 148.0000000000000284, 4.000000000000000000, -55.50000000000002842 ) ) ;
#1333 = CARTESIAN_POINT ( 'NONE',  ( 172.0000000000000284, -2.000000000000000000, -132.5000000000000284 ) ) ;
#1334 = ORIENTED_EDGE ( 'NONE', *, *, #5069, .F. ) ;
#1335 = DIRECTION ( 'NONE',  ( 0.000000000000000000, 1.000000000000000000, 0.000000000000000000 ) ) ;
#1336 = VERTEX_POINT ( 'NONE', #4221 ) ;
#1337 = DIRECTION ( 'NONE',  ( 0.8660254037844388186, 0.000000000000000000, -0.4999999999999996114 ) ) ;
#1338 = AXIS2_PLACEMENT_3D ( 'NONE', #6251, #3341, #1609 ) ;
#1339 = AXIS2_PLACEMENT_3D ( 'NONE', #5824, #401, #1147 ) ;
#1340 = VERTEX_POINT ( 'NONE', #1385 ) ;
#1341 = VECTOR ( 'NONE', #6984, 1000.000000000000000 ) ;
#1342 = FACE_OUTER_BOUND ( 'NONE', #6295, .T. ) ;
#1343 = CARTESIAN_POINT ( 'NONE',  ( -2.000000000000007105, 4.000000000000000000, -112.4000000000000483 ) ) ;
#1344 = AXIS2_PLACEMENT_3D ( 'NONE', #1139, #393, #2940 ) ;
#1345 = DIRECTION ( 'NONE',  ( -0.6696371217971890388, -0.000000000000000000, -0.7426884441750636334 ) ) ;
#1346 = CARTESIAN_POINT ( 'NONE',  ( -9.649069639966763035, 0.000000000000000000, -137.2500000000000284 ) ) ;
#1347 = DIRECTION ( 'NONE',  ( -0.000000000000000000, 1.000000000000000000, -0.000000000000000000 ) ) ;
#1348 = DIRECTION ( 'NONE',  ( -0.000000000000000000, -1.000000000000000000, 0.000000000000000000 ) ) ;
#1349 = VECTOR ( 'NONE', #3476, 1000.000000000000000 ) ;
#1350 = ORIENTED_EDGE ( 'NONE', *, *, #414, .T. ) ;
#1351 = EDGE_LOOP ( 'NONE', ( #4286, #492, #4223, #4478 ) ) ;
#1352 = AXIS2_PLACEMENT_3D ( 'NONE', #1916, #5980, #677 ) ;
#1353 = VECTOR ( 'NONE', #7581, 1000.000000000000000 ) ;
#1354 = LINE ( 'NONE', #1979, #5489 ) ;
#1355 = CARTESIAN_POINT ( 'NONE',  ( 2.571758278209438999E-16, 8.000000000000000000, -167.9000000000000341 ) ) ;
#1356 = ORIENTED_EDGE ( 'NONE', *, *, #7668, .T. ) ;
#1357 = DIRECTION ( 'NONE',  ( 0.000000000000000000, 1.000000000000000000, 0.000000000000000000 ) ) ;
#1358 = DIRECTION ( 'NONE',  ( 0.000000000000000000, 1.000000000000000000, 0.000000000000000000 ) ) ;
#1359 = EDGE_CURVE ( 'NONE', #5750, #6979, #1875, .T. ) ;
#1360 = DIRECTION ( 'NONE',  ( -0.7426884441750636334, 0.000000000000000000, 0.6696371217971890388 ) ) ;
#1361 = CIRCLE ( 'NONE', #2744, 2.000000000000001776 ) ;
#1362 = ORIENTED_EDGE ( 'NONE', *, *, #1451, .T. ) ;
#1363 = ADVANCED_FACE ( 'NONE', ( #7402, #621 ), #4370, .T. ) ;
#1364 = CARTESIAN_POINT ( 'NONE',  ( -13.99999999999999822, 0.000000000000000000, -151.0000000000000284 ) ) ;
#1365 = DIRECTION ( 'NONE',  ( 0.000000000000000000, 1.000000000000000000, 0.000000000000000000 ) ) ;
#1366 = AXIS2_PLACEMENT_3D ( 'NONE', #2776, #4547, #7574 ) ;
#1367 = ORIENTED_EDGE ( 'NONE', *, *, #4433, .F. ) ;
#1368 = LINE ( 'NONE', #4798, #1687 ) ;
#1370 = FACE_BOUND ( 'NONE', #1276, .T. ) ;
#1369 = AXIS2_PLACEMENT_3D ( 'NONE', #6101, #2441, #4855 ) ;
#1371 = EDGE_CURVE ( 'NONE', #2844, #4394, #5910, .T. ) ;
#1372 = ORIENTED_EDGE ( 'NONE', *, *, #5669, .T. ) ;
#1373 = AXIS2_PLACEMENT_3D ( 'NONE', #610, #6503, #2927 ) ;
#1374 = CARTESIAN_POINT ( 'NONE',  ( 78.99999999999997158, -2.000000000000000000, -72.89999999999999147 ) ) ;
#1375 = DIRECTION ( 'NONE',  ( -0.7426884441750636334, 0.000000000000000000, 0.6696371217971890388 ) ) ;
#1376 = CARTESIAN_POINT ( 'NONE',  ( 0.000000000000000000, 6.000000000000000000, -170.0000000000000000 ) ) ;
#1377 = ORIENTED_EDGE ( 'NONE', *, *, #2045, .T. ) ;
#1378 = DIRECTION ( 'NONE',  ( 0.000000000000000000, 0.000000000000000000, 1.000000000000000000 ) ) ;
#1379 = EDGE_CURVE ( 'NONE', #6770, #6808, #2558, .T. ) ;
#1380 = VERTEX_POINT ( 'NONE', #5378 ) ;
#1381 = CARTESIAN_POINT ( 'NONE',  ( 55.00000000000002842, 0.000000000000000000, -101.0000000000000142 ) ) ;
#1382 = ORIENTED_EDGE ( 'NONE', *, *, #4367, .T. ) ;
#1383 = CYLINDRICAL_SURFACE ( 'NONE', #1952, 2.099999999999997868 ) ;
#1384 = DIRECTION ( 'NONE',  ( 0.000000000000000000, 1.000000000000000000, 0.000000000000000000 ) ) ;
#1385 = CARTESIAN_POINT ( 'NONE',  ( 148.0000000000000568, 0.000000000000000000, -116.6000000000000369 ) ) ;
#1386 = EDGE_CURVE ( 'NONE', #3, #3503, #201, .T. ) ;
#1387 = FACE_BOUND ( 'NONE', #7212, .T. ) ;
#1388 = CARTESIAN_POINT ( 'NONE',  ( 172.0000000000000284, 4.000000000000000000, -118.7500000000000568 ) ) ;
#1389 = FACE_OUTER_BOUND ( 'NONE', #12, .T. ) ;
#1390 = EDGE_CURVE ( 'NONE', #1154, #6445, #540, .T. ) ;
#1391 = EDGE_LOOP ( 'NONE', ( #605, #3456, #4756, #465 ) ) ;
#1392 = ORIENTED_EDGE ( 'NONE', *, *, #1400, .T. ) ;
#1393 = ORIENTED_EDGE ( 'NONE', *, *, #4366, .F. ) ;
#1394 = CARTESIAN_POINT ( 'NONE',  ( 0.000000000000000000, 8.000000000000000000, 8.000000000000000000 ) ) ;
#1395 = DIRECTION ( 'NONE',  ( 0.000000000000000000, -1.000000000000000000, -0.000000000000000000 ) ) ;
#1396 = DIRECTION ( 'NONE',  ( 0.000000000000000000, 0.000000000000000000, 1.000000000000000000 ) ) ;
#1397 = DIRECTION ( 'NONE',  ( 0.000000000000000000, 1.000000000000000000, 0.000000000000000000 ) ) ;
#1398 = CYLINDRICAL_SURFACE ( 'NONE', #3868, 2.000000000000001776 ) ;
#1399 = ORIENTED_EDGE ( 'NONE', *, *, #4777, .F. ) ;
#1400 = EDGE_CURVE ( 'NONE', #2956, #5277, #7156, .T. ) ;
#1401 = DIRECTION ( 'NONE',  ( -0.000000000000000000, 1.000000000000000000, -0.000000000000000000 ) ) ;
#1402 = LINE ( 'NONE', #2578, #1593 ) ;
#1403 = ORIENTED_EDGE ( 'NONE', *, *, #4484, .F. ) ;
#1404 = FACE_OUTER_BOUND ( 'NONE', #5037, .T. ) ;
#1405 = FACE_BOUND ( 'NONE', #562, .T. ) ;
#1406 = ADVANCED_FACE ( 'NONE', ( #3011 ), #2378, .F. ) ;
#1407 = EDGE_LOOP ( 'NONE', ( #4772, #3152, #6138, #1017 ) ) ;
#1408 = EDGE_CURVE ( 'NONE', #1181, #1929, #1752, .T. ) ;
#1409 = CARTESIAN_POINT ( 'NONE',  ( 34.00000000000003553, -63.63175307973214956, -63.00000000000001421 ) ) ;
#1410 = LINE ( 'NONE', #6829, #2090 ) ;
#1411 = CARTESIAN_POINT ( 'NONE',  ( 81.07846096908261302, 5.000000000000000000, -91.39999999999997726 ) ) ;
#1412 = VERTEX_POINT ( 'NONE', #3555 ) ;
#1413 = FACE_BOUND ( 'NONE', #3122, .T. ) ;
#1414 = ORIENTED_EDGE ( 'NONE', *, *, #5795, .T. ) ;
#1415 = CARTESIAN_POINT ( 'NONE',  ( -23.80599157813204059, 8.000000000000000000, -119.0000000000000142 ) ) ;
#1416 = ORIENTED_EDGE ( 'NONE', *, *, #7558, .T. ) ;
#1417 = EDGE_CURVE ( 'NONE', #7579, #7250, #575, .T. ) ;
#1418 = DIRECTION ( 'NONE',  ( -0.000000000000000000, 1.000000000000000000, -0.000000000000000000 ) ) ;
#1419 = DIRECTION ( 'NONE',  ( 0.000000000000000000, 1.000000000000000000, 0.000000000000000000 ) ) ;
#1420 = CARTESIAN_POINT ( 'NONE',  ( 152.5160154042166880, 8.000000000000000000, -10.10588522501502240 ) ) ;
#1421 = DIRECTION ( 'NONE',  ( 0.000000000000000000, 1.000000000000000000, 0.000000000000000000 ) ) ;
#1422 = LINE ( 'NONE', #3237, #325 ) ;
#1423 = CARTESIAN_POINT ( 'NONE',  ( -9.649069639966763035, 3.000000000000000000, -137.2500000000000284 ) ) ;
#1424 = VERTEX_POINT ( 'NONE', #7769 ) ;
#1425 = ORIENTED_EDGE ( 'NONE', *, *, #6998, .F. ) ;
#1426 = VECTOR ( 'NONE', #829, 1000.000000000000000 ) ;
#1427 = EDGE_CURVE ( 'NONE', #2640, #3728, #4788, .T. ) ;
#1428 = VECTOR ( 'NONE', #64, 1000.000000000000114 ) ;
#1429 = ORIENTED_EDGE ( 'NONE', *, *, #2291, .F. ) ;
#1430 = DIRECTION ( 'NONE',  ( 0.000000000000000000, -0.000000000000000000, 1.000000000000000000 ) ) ;
#1431 = CYLINDRICAL_SURFACE ( 'NONE', #7096, 2.100000000000004530 ) ;
#1432 = PLANE ( 'NONE',  #1123 ) ;
#1433 = DIRECTION ( 'NONE',  ( -3.469446951953611033E-15, 0.000000000000000000, 1.000000000000000000 ) ) ;
#1434 = ORIENTED_EDGE ( 'NONE', *, *, #1226, .T. ) ;
#1435 = CIRCLE ( 'NONE', #190, 4.250000000000003553 ) ;
#1436 = DIRECTION ( 'NONE',  ( -1.000000000000000000, 0.000000000000000000, 0.000000000000000000 ) ) ;
#1437 = DIRECTION ( 'NONE',  ( -0.6843142041691715471, -0.000000000000000000, -0.7291872667376422257 ) ) ;
#1438 = ORIENTED_EDGE ( 'NONE', *, *, #1784, .F. ) ;
#1439 = FACE_OUTER_BOUND ( 'NONE', #2042, .T. ) ;
#1440 = FACE_BOUND ( 'NONE', #5305, .T. ) ;
#1441 = VECTOR ( 'NONE', #4414, 1000.000000000000000 ) ;
#1442 = CIRCLE ( 'NONE', #4460, 6.000000000000000000 ) ;
#1443 = ORIENTED_EDGE ( 'NONE', *, *, #980, .F. ) ;
#1444 = CARTESIAN_POINT ( 'NONE',  ( 1.999999999999999112, 0.000000000000000000, -156.7951259347809412 ) ) ;
#1445 = CARTESIAN_POINT ( 'NONE',  ( -2.000000000000009770, 0.000000000000000000, -132.5000000000000284 ) ) ;
#1446 = DIRECTION ( 'NONE',  ( 0.000000000000000000, 0.000000000000000000, 1.000000000000000000 ) ) ;
#1447 = VERTEX_POINT ( 'NONE', #7175 ) ;
#1448 = DIRECTION ( 'NONE',  ( 0.000000000000000000, 0.000000000000000000, 1.000000000000000000 ) ) ;
#1449 = EDGE_LOOP ( 'NONE', ( #275, #3186, #118, #1133 ) ) ;
#1450 = DIRECTION ( 'NONE',  ( -1.734723475976805517E-14, 0.000000000000000000, 1.000000000000000000 ) ) ;
#1451 = EDGE_CURVE ( 'NONE', #303, #3022, #1779, .T. ) ;
#1452 = VECTOR ( 'NONE', #7502, 1000.000000000000000 ) ;
#1453 = VERTEX_POINT ( 'NONE', #3310 ) ;
#1454 = DIRECTION ( 'NONE',  ( 0.000000000000000000, 0.000000000000000000, 1.000000000000000000 ) ) ;
#1455 = LINE ( 'NONE', #2520, #3382 ) ;
#1456 = ADVANCED_FACE ( 'NONE', ( #2716 ), #3934, .F. ) ;
#1457 = DIRECTION ( 'NONE',  ( 0.7426884441750637444, -0.000000000000000000, 0.6696371217971889278 ) ) ;
#1458 = VECTOR ( 'NONE', #1323, 1000.000000000000000 ) ;
#1459 = CARTESIAN_POINT ( 'NONE',  ( 148.0000000000000284, 0.000000000000000000, -55.50000000000002842 ) ) ;
#1460 = AXIS2_PLACEMENT_3D ( 'NONE', #3508, #4654, #4090 ) ;
#1461 = CARTESIAN_POINT ( 'NONE',  ( 83.15692193816528288, 5.000000000000000000, -95.00000000000001421 ) ) ;
#1462 = ADVANCED_FACE ( 'NONE', ( #6887 ), #2087, .T. ) ;
#1463 = ORIENTED_EDGE ( 'NONE', *, *, #7584, .F. ) ;
#1464 = ORIENTED_EDGE ( 'NONE', *, *, #3821, .F. ) ;
#1465 = VECTOR ( 'NONE', #3448, 1000.000000000000114 ) ;
#1466 = TOROIDAL_SURFACE ( 'NONE', #848, 3.500000000000004885, 2.000000000000000000 ) ;
#1467 = ORIENTED_EDGE ( 'NONE', *, *, #4192, .T. ) ;
#1468 = DIRECTION ( 'NONE',  ( 0.000000000000000000, 0.000000000000000000, 1.000000000000000000 ) ) ;
#1469 = DIRECTION ( 'NONE',  ( 0.000000000000000000, 0.000000000000000000, 1.000000000000000000 ) ) ;
#1470 = CYLINDRICAL_SURFACE ( 'NONE', #5466, 4.250000000000003553 ) ;
#1471 = CARTESIAN_POINT ( 'NONE',  ( 178.0000000000000284, 0.000000000000000000, -170.0000000000000000 ) ) ;
#1472 = AXIS2_PLACEMENT_3D ( 'NONE', #7649, #7053, #3987 ) ;
#1473 = ADVANCED_FACE ( 'NONE', ( #2046 ), #5207, .F. ) ;
#1474 = CARTESIAN_POINT ( 'NONE',  ( 81.07846096908261302, 8.000000000000000000, -91.39999999999997726 ) ) ;
#1475 = EDGE_CURVE ( 'NONE', #217, #5986, #3755, .T. ) ;
#1476 = ORIENTED_EDGE ( 'NONE', *, *, #1927, .F. ) ;
#1477 = AXIS2_PLACEMENT_3D ( 'NONE', #7753, #4774, #7681 ) ;
#1478 = CIRCLE ( 'NONE', #4117, 30.00000000000000000 ) ;
#1479 = LINE ( 'NONE', #6284, #1024 ) ;
#1480 = LINE ( 'NONE', #2659, #4351 ) ;
#1481 = ORIENTED_EDGE ( 'NONE', *, *, #755, .T. ) ;
#1482 = CYLINDRICAL_SURFACE ( 'NONE', #5834, 4.250000000000003553 ) ;
#1483 = DIRECTION ( 'NONE',  ( -0.000000000000000000, -1.000000000000000000, -0.000000000000000000 ) ) ;
#1484 = EDGE_CURVE ( 'NONE', #170, #6578, #1259, .T. ) ;
#1485 = AXIS2_PLACEMENT_3D ( 'NONE', #937, #865, #3264 ) ;
#1486 = ORIENTED_EDGE ( 'NONE', *, *, #493, .T. ) ;
#1487 = FACE_OUTER_BOUND ( 'NONE', #4217, .T. ) ;
#1488 = CIRCLE ( 'NONE', #5892, 2.100000000000004530 ) ;
#1489 = VECTOR ( 'NONE', #3007, 1000.000000000000000 ) ;
#1490 = CARTESIAN_POINT ( 'NONE',  ( 88.92153903091733014, 5.000000000000000000, -98.59999999999998010 ) ) ;
#1491 = CARTESIAN_POINT ( 'NONE',  ( 81.98784867335363913, 8.000000000000000000, -35.00000000000002842 ) ) ;
#1492 = EDGE_LOOP ( 'NONE', ( #5285, #4785 ) ) ;
#1493 = DIRECTION ( 'NONE',  ( 1.000000000000000000, 0.000000000000000000, -2.775557561562898254E-16 ) ) ;
#1494 = DIRECTION ( 'NONE',  ( -0.000000000000000000, -1.000000000000000000, -0.000000000000000000 ) ) ;
#1495 = ORIENTED_EDGE ( 'NONE', *, *, #3021, .T. ) ;
#1496 = FACE_OUTER_BOUND ( 'NONE', #6970, .T. ) ;
#1497 = VERTEX_POINT ( 'NONE', #2677 ) ;
#1498 = AXIS2_PLACEMENT_3D ( 'NONE', #5103, #6198, #4987 ) ;
#1499 = CARTESIAN_POINT ( 'NONE',  ( 6.000000000000000000, 8.000000000000000000, -18.50000000000000355 ) ) ;
#1500 = CARTESIAN_POINT ( 'NONE',  ( 21.99999999999999289, 8.000000000000000000, -128.2500000000000284 ) ) ;
#1501 = EDGE_CURVE ( 'NONE', #4533, #1011, #5172, .T. ) ;
#1502 = CYLINDRICAL_SURFACE ( 'NONE', #6497, 2.100000000000004530 ) ;
#1503 = ORIENTED_EDGE ( 'NONE', *, *, #938, .T. ) ;
#1504 = LINE ( 'NONE', #2523, #2214 ) ;
#1505 = DIRECTION ( 'NONE',  ( 1.000000000000000000, -0.000000000000000000, 1.224646799147353207E-16 ) ) ;
#1506 = VERTEX_POINT ( 'NONE', #6340 ) ;
#1507 = AXIS2_PLACEMENT_3D ( 'NONE', #2411, #4149, #5446 ) ;
#1508 = ORIENTED_EDGE ( 'NONE', *, *, #5036, .F. ) ;
#1509 = ORIENTED_EDGE ( 'NONE', *, *, #5036, .T. ) ;
#1510 = EDGE_CURVE ( 'NONE', #514, #4522, #918, .T. ) ;
#1511 = DIRECTION ( 'NONE',  ( -0.000000000000000000, -1.000000000000000000, -0.000000000000000000 ) ) ;
#1512 = CYLINDRICAL_SURFACE ( 'NONE', #5642, 2.099999999999990763 ) ;
#1513 = FACE_OUTER_BOUND ( 'NONE', #5245, .T. ) ;
#1514 = DIRECTION ( 'NONE',  ( 0.000000000000000000, 0.000000000000000000, 1.000000000000000000 ) ) ;
#1515 = LINE ( 'NONE', #3911, #1122 ) ;
#1516 = VERTEX_POINT ( 'NONE', #6264 ) ;
#1517 = ADVANCED_FACE ( 'NONE', ( #4492 ), #1502, .F. ) ;
#1518 = DIRECTION ( 'NONE',  ( -1.000000000000000000, 0.000000000000000000, 0.000000000000000000 ) ) ;
#1519 = CARTESIAN_POINT ( 'NONE',  ( 170.0000000000000000, 0.000000000000000000, -170.0000000000000000 ) ) ;
#1520 = EDGE_CURVE ( 'NONE', #1506, #1223, #2170, .T. ) ;
#1521 = ORIENTED_EDGE ( 'NONE', *, *, #2997, .T. ) ;
#1522 = DIRECTION ( 'NONE',  ( 0.000000000000000000, 0.000000000000000000, 1.000000000000000000 ) ) ;
#1523 = CARTESIAN_POINT ( 'NONE',  ( 81.07846096908264144, 5.000000000000000000, -98.59999999999999432 ) ) ;
#1524 = VECTOR ( 'NONE', #583, 1000.000000000000227 ) ;
#1525 = EDGE_CURVE ( 'NONE', #4005, #4943, #4532, .T. ) ;
#1526 = ORIENTED_EDGE ( 'NONE', *, *, #985, .T. ) ;
#1527 = ADVANCED_FACE ( 'NONE', ( #5673 ), #5634, .T. ) ;
#1528 = FACE_OUTER_BOUND ( 'NONE', #3051, .T. ) ;
#1529 = CARTESIAN_POINT ( 'NONE',  ( 136.0000000000000284, 0.000000000000000000, -69.00000000000002842 ) ) ;
#1530 = EDGE_LOOP ( 'NONE', ( #2898, #4525, #6635, #5139 ) ) ;
#1531 = DIRECTION ( 'NONE',  ( -0.000000000000000000, 1.000000000000000000, -0.000000000000000000 ) ) ;
#1532 = CARTESIAN_POINT ( 'NONE',  ( 28.00000000000001776, 8.000000000000000000, -125.7405804802355078 ) ) ;
#1533 = ORIENTED_EDGE ( 'NONE', *, *, #268, .T. ) ;
#1534 = DIRECTION ( 'NONE',  ( 0.000000000000000000, 1.000000000000000000, 0.000000000000000000 ) ) ;
#1535 = EDGE_LOOP ( 'NONE', ( #5437, #3198, #5685, #6253 ) ) ;
#1536 = LINE ( 'NONE', #2129, #4333 ) ;
#1537 = CARTESIAN_POINT ( 'NONE',  ( 93.07846096908262723, 5.000000000000000000, -98.59999999999998010 ) ) ;
#1538 = DIRECTION ( 'NONE',  ( -0.000000000000000000, 1.000000000000000000, -0.000000000000000000 ) ) ;
#1539 = ORIENTED_EDGE ( 'NONE', *, *, #4216, .F. ) ;
#1540 = DATE_TIME_ROLE ( 'classification_date' ) ;
#1541 = CARTESIAN_POINT ( 'NONE',  ( 0.000000000000000000, 0.000000000000000000, 0.000000000000000000 ) ) ;
#1542 = DIRECTION ( 'NONE',  ( 0.000000000000000000, 1.000000000000000000, 0.000000000000000000 ) ) ;
#1543 = ORIENTED_EDGE ( 'NONE', *, *, #3976, .T. ) ;
#1544 = ORIENTED_EDGE ( 'NONE', *, *, #546, .F. ) ;
#1545 = ORIENTED_EDGE ( 'NONE', *, *, #5473, .F. ) ;
#1546 = DIRECTION ( 'NONE',  ( 0.000000000000000000, 0.000000000000000000, 1.000000000000000000 ) ) ;
#1547 = CYLINDRICAL_SURFACE ( 'NONE', #4773, 5.999999999999998224 ) ;
#1548 = FACE_BOUND ( 'NONE', #7683, .T. ) ;
#1549 = CARTESIAN_POINT ( 'NONE',  ( 0.000000000000000000, 6.000000000000000000, 0.000000000000000000 ) ) ;
#1550 = CARTESIAN_POINT ( 'NONE',  ( 81.07846096908261302, 5.000000000000000000, -91.39999999999997726 ) ) ;
#1551 = CIRCLE ( 'NONE', #6950, 2.000000000000001776 ) ;
#1552 = EDGE_CURVE ( 'NONE', #4481, #217, #2762, .T. ) ;
#1553 = VERTEX_POINT ( 'NONE', #2797 ) ;
#1554 = AXIS2_PLACEMENT_3D ( 'NONE', #3770, #1335, #40 ) ;
#1555 = DIRECTION ( 'NONE',  ( 0.000000000000000000, 0.000000000000000000, 1.000000000000000000 ) ) ;
#1556 = DIRECTION ( 'NONE',  ( -0.000000000000000000, -1.000000000000000000, -0.000000000000000000 ) ) ;
#1557 = VERTEX_POINT ( 'NONE', #5749 ) ;
#1558 = CARTESIAN_POINT ( 'NONE',  ( 8.000000000000001776, 0.000000000000000000, -170.0000000000000000 ) ) ;
#1559 = CARTESIAN_POINT ( 'NONE',  ( 0.000000000000000000, 0.000000000000000000, -145.5000000000000284 ) ) ;
#1560 = EDGE_CURVE ( 'NONE', #3526, #3935, #3278, .T. ) ;
#1561 = EDGE_CURVE ( 'NONE', #2443, #4884, #4866, .T. ) ;
#1562 = ORIENTED_EDGE ( 'NONE', *, *, #4146, .F. ) ;
#1563 = AXIS2_PLACEMENT_3D ( 'NONE', #6699, #145, #7186 ) ;
#1564 = CARTESIAN_POINT ( 'NONE',  ( -2.000000000000013767, 4.000000000000000000, -37.50000000000002842 ) ) ;
#1565 = DIRECTION ( 'NONE',  ( 0.000000000000000000, 0.000000000000000000, 1.000000000000000000 ) ) ;
#1566 = ORIENTED_EDGE ( 'NONE', *, *, #6802, .F. ) ;
#1567 = CARTESIAN_POINT ( 'NONE',  ( 172.0000000000000284, 4.000000000000000000, -116.6000000000000369 ) ) ;
#1568 = CARTESIAN_POINT ( 'NONE',  ( 86.84307806183468870, 8.000000000000000000, -95.00000000000000000 ) ) ;
#1569 = AXIS2_PLACEMENT_3D ( 'NONE', #1135, #4636, #7030 ) ;
#1570 = VERTEX_POINT ( 'NONE', #880 ) ;
#1571 = FACE_OUTER_BOUND ( 'NONE', #4151, .T. ) ;
#1572 = ADVANCED_FACE ( 'NONE', ( #1000 ), #7474, .T. ) ;
#1573 = ORIENTED_EDGE ( 'NONE', *, *, #603, .F. ) ;
#1574 = AXIS2_PLACEMENT_3D ( 'NONE', #5144, #455, #6431 ) ;
#1575 = CARTESIAN_POINT ( 'NONE',  ( 34.00000000000001421, 0.000000000000000000, -107.0000000000000284 ) ) ;
#1576 = LINE ( 'NONE', #5787, #2445 ) ;
#1577 = CARTESIAN_POINT ( 'NONE',  ( 148.0000000000000284, 4.000000000000000000, -51.25000000000002132 ) ) ;
#1578 = ORIENTED_EDGE ( 'NONE', *, *, #2071, .F. ) ;
#1579 = APPLICATION_PROTOCOL_DEFINITION ( 'international standard', 'config_control_design', 1994, #2870 ) ;
#1580 = DIRECTION ( 'NONE',  ( 0.000000000000000000, 0.000000000000000000, 1.000000000000000000 ) ) ;
#1581 = CARTESIAN_POINT ( 'NONE',  ( -2.000000000000013767, -2.000000000000000000, -35.40000000000002700 ) ) ;
#1582 = AXIS2_PLACEMENT_3D ( 'NONE', #2169, #7006, #3897 ) ;
#1583 = ORIENTED_EDGE ( 'NONE', *, *, #3430, .F. ) ;
#1584 = EDGE_LOOP ( 'NONE', ( #7682, #2550, #6875, #7286 ) ) ;
#1585 = EDGE_CURVE ( 'NONE', #4171, #1380, #3466, .T. ) ;
#1586 = VECTOR ( 'NONE', #5543, 1000.000000000000000 ) ;
#1587 = ORIENTED_EDGE ( 'NONE', *, *, #3823, .T. ) ;
#1588 = CARTESIAN_POINT ( 'NONE',  ( -2.000000000000007105, 4.000000000000000000, -110.2500000000000426 ) ) ;
#1589 = DIRECTION ( 'NONE',  ( 0.000000000000000000, 0.000000000000000000, 1.000000000000000000 ) ) ;
#1590 = FACE_BOUND ( 'NONE', #3301, .T. ) ;
#1591 = CARTESIAN_POINT ( 'NONE',  ( 81.07846096908262723, 5.000000000000000000, -78.59999999999999432 ) ) ;
#1592 = LINE ( 'NONE', #3369, #2116 ) ;
#1593 = VECTOR ( 'NONE', #3211, 999.9999999999998863 ) ;
#1594 = AXIS2_PLACEMENT_3D ( 'NONE', #3923, #6872, #3766 ) ;
#1595 = ORIENTED_EDGE ( 'NONE', *, *, #546, .T. ) ;
#1596 = CIRCLE ( 'NONE', #5741, 5.500000000000005329 ) ;
#1597 = DIRECTION ( 'NONE',  ( 0.000000000000000000, 0.000000000000000000, 1.000000000000000000 ) ) ;
#1598 = DIRECTION ( 'NONE',  ( 0.000000000000000000, 0.000000000000000000, 1.000000000000000000 ) ) ;
#1599 = EDGE_CURVE ( 'NONE', #6428, #6539, #6741, .T. ) ;
#1600 = ORIENTED_EDGE ( 'NONE', *, *, #3332, .F. ) ;
#1601 = DIRECTION ( 'NONE',  ( 0.000000000000000000, 0.000000000000000000, 1.000000000000000000 ) ) ;
#1602 = VECTOR ( 'NONE', #2157, 1000.000000000000000 ) ;
#1603 = LINE ( 'NONE', #1023, #5631 ) ;
#1604 = AXIS2_PLACEMENT_3D ( 'NONE', #1971, #18, #3157 ) ;
#1605 = ORIENTED_EDGE ( 'NONE', *, *, #2481, .T. ) ;
#1606 = AXIS2_PLACEMENT_3D ( 'NONE', #5837, #6502, #4142 ) ;
#1607 = EDGE_CURVE ( 'NONE', #7513, #7654, #411, .T. ) ;
#1608 = DIRECTION ( 'NONE',  ( -0.000000000000000000, 1.000000000000000000, -0.000000000000000000 ) ) ;
#1609 = DIRECTION ( 'NONE',  ( 0.000000000000000000, 0.000000000000000000, 1.000000000000000000 ) ) ;
#1610 = EDGE_CURVE ( 'NONE', #3728, #327, #5922, .T. ) ;
#1611 = CIRCLE ( 'NONE', #4496, 2.125000000000015987 ) ;
#1612 = ORIENTED_EDGE ( 'NONE', *, *, #5844, .T. ) ;
#1613 = DIRECTION ( 'NONE',  ( 0.000000000000000000, -1.000000000000000000, 0.000000000000000000 ) ) ;
#1615 = CARTESIAN_POINT ( 'NONE',  ( -2.000000000000016431, -2.000000000000000000, -55.50000000000001421 ) ) ;
#1614 = AXIS2_PLACEMENT_3D ( 'NONE', #6558, #1830, #5392 ) ;
#1616 = EDGE_LOOP ( 'NONE', ( #5899, #4059 ) ) ;
#1617 = DIRECTION ( 'NONE',  ( 0.000000000000000000, 1.000000000000000000, 0.000000000000000000 ) ) ;
#1618 = AXIS2_PLACEMENT_3D ( 'NONE', #2007, #276, #7432 ) ;
#1619 = ORIENTED_EDGE ( 'NONE', *, *, #2865, .F. ) ;
#1620 = AXIS2_PLACEMENT_3D ( 'NONE', #3251, #2023, #2101 ) ;
#1621 = DIRECTION ( 'NONE',  ( 0.000000000000000000, 0.000000000000000000, 1.000000000000000000 ) ) ;
#1622 = FACE_OUTER_BOUND ( 'NONE', #6060, .T. ) ;
#1623 = EDGE_CURVE ( 'NONE', #7318, #7622, #2991, .T. ) ;
#1624 = DIRECTION ( 'NONE',  ( 0.000000000000000000, 1.000000000000000000, 0.000000000000000000 ) ) ;
#1625 = EDGE_LOOP ( 'NONE', ( #7450, #1915, #904, #3594 ) ) ;
#1626 = COORDINATED_UNIVERSAL_TIME_OFFSET ( 6, 0, .BEHIND. ) ;
#1627 = VECTOR ( 'NONE', #6763, 1000.000000000000000 ) ;
#1628 = DIRECTION ( 'NONE',  ( 0.000000000000000000, 1.000000000000000000, 0.000000000000000000 ) ) ;
#1629 = AXIS2_PLACEMENT_3D ( 'NONE', #5098, #6278, #7534 ) ;
#1630 = ORIENTED_EDGE ( 'NONE', *, *, #786, .T. ) ;
#1631 = EDGE_LOOP ( 'NONE', ( #3867, #6701, #896, #1839 ) ) ;
#1632 = VECTOR ( 'NONE', #3816, 1000.000000000000114 ) ;
#1633 = EDGE_LOOP ( 'NONE', ( #592, #125 ) ) ;
#1634 = EDGE_CURVE ( 'NONE', #2507, #1078, #5400, .T. ) ;
#1635 = CYLINDRICAL_SURFACE ( 'NONE', #4747, 2.000000000000000000 ) ;
#1636 = DIRECTION ( 'NONE',  ( 0.000000000000000000, 1.000000000000000000, 0.000000000000000000 ) ) ;
#1637 = FACE_BOUND ( 'NONE', #352, .T. ) ;
#1638 = DIRECTION ( 'NONE',  ( 0.5000000000000006661, 0.000000000000000000, 0.8660254037844382635 ) ) ;
#1639 = ORGANIZATION ( 'UNSPECIFIED', 'UNSPECIFIED', '' ) ;
#1640 = VERTEX_POINT ( 'NONE', #7079 ) ;
#1641 = LINE ( 'NONE', #5541, #4331 ) ;
#1642 = FACE_BOUND ( 'NONE', #939, .T. ) ;
#1643 = DIRECTION ( 'NONE',  ( -0.000000000000000000, -0.000000000000000000, -1.000000000000000000 ) ) ;
#1644 = ORIENTED_EDGE ( 'NONE', *, *, #2151, .F. ) ;
#1645 = DIRECTION ( 'NONE',  ( 0.000000000000000000, -1.000000000000000000, 0.000000000000000000 ) ) ;
#1646 = CARTESIAN_POINT ( 'NONE',  ( 93.07846096908262723, 5.000000000000000000, -98.59999999999998010 ) ) ;
#1647 = ORIENTED_EDGE ( 'NONE', *, *, #4125, .T. ) ;
#1648 = DIRECTION ( 'NONE',  ( 0.000000000000000000, 1.000000000000000000, 0.000000000000000000 ) ) ;
#1649 = CARTESIAN_POINT ( 'NONE',  ( 170.0000000000000853, 8.000000000000000000, 8.000000000000010658 ) ) ;
#1650 = ORIENTED_EDGE ( 'NONE', *, *, #6169, .F. ) ;
#1651 = FACE_OUTER_BOUND ( 'NONE', #7142, .T. ) ;
#1652 = CARTESIAN_POINT ( 'NONE',  ( -17.96291351629734834, 0.000000000000000000, -122.7500000000000000 ) ) ;
#1653 = VERTEX_POINT ( 'NONE', #5323 ) ;
#1654 = DIRECTION ( 'NONE',  ( 0.000000000000000000, 0.000000000000000000, 1.000000000000000000 ) ) ;
#1655 = ADVANCED_FACE ( 'NONE', ( #4092 ), #7207, .F. ) ;
#1656 = VERTEX_POINT ( 'NONE', #4023 ) ;
#1657 = CARTESIAN_POINT ( 'NONE',  ( 30.00000000000003908, -63.63175307973214956, -44.25941951976455613 ) ) ;
#1658 = DIRECTION ( 'NONE',  ( -0.6696371217971890388, -0.000000000000000000, -0.7426884441750636334 ) ) ;
#1659 = ORIENTED_EDGE ( 'NONE', *, *, #2060, .F. ) ;
#1660 = DIRECTION ( 'NONE',  ( 0.000000000000000000, 0.000000000000000000, 1.000000000000000000 ) ) ;
#1661 = ORIENTED_EDGE ( 'NONE', *, *, #5594, .T. ) ;
#1662 = DIRECTION ( 'NONE',  ( 0.000000000000000000, 1.000000000000000000, 0.000000000000000000 ) ) ;
#1663 = ORIENTED_EDGE ( 'NONE', *, *, #1264, .F. ) ;
#1664 = EDGE_CURVE ( 'NONE', #7778, #2138, #2321, .T. ) ;
#1665 = EDGE_LOOP ( 'NONE', ( #6259, #1495 ) ) ;
#1666 = ORIENTED_EDGE ( 'NONE', *, *, #6736, .F. ) ;
#1667 = LINE ( 'NONE', #4667, #2354 ) ;
#1668 = DIRECTION ( 'NONE',  ( -0.6696371217971889278, -0.000000000000000000, 0.7426884441750637444 ) ) ;
#1669 = FACE_BOUND ( 'NONE', #3426, .T. ) ;
#1670 = FACE_OUTER_BOUND ( 'NONE', #4620, .T. ) ;
#1671 = ADVANCED_FACE ( 'NONE', ( #2838 ), #2252, .F. ) ;
#1672 = ORIENTED_EDGE ( 'NONE', *, *, #185, .T. ) ;
#1673 = ORIENTED_EDGE ( 'NONE', *, *, #655, .T. ) ;
#1674 = DIRECTION ( 'NONE',  ( -0.000000000000000000, -1.000000000000000000, -0.000000000000000000 ) ) ;
#1675 = CARTESIAN_POINT ( 'NONE',  ( -15.88445254721470512, 3.000000000000000000, -119.1500000000000057 ) ) ;
#1676 = EDGE_LOOP ( 'NONE', ( #734, #1120 ) ) ;
#1677 = DIRECTION ( 'NONE',  ( 0.000000000000000000, 1.000000000000000000, 0.000000000000000000 ) ) ;
#1678 = DIRECTION ( 'NONE',  ( 0.000000000000000000, 0.000000000000000000, 1.000000000000000000 ) ) ;
#1679 = VERTEX_POINT ( 'NONE', #2361 ) ;
#1680 = DIRECTION ( 'NONE',  ( 0.000000000000000000, 0.000000000000000000, 1.000000000000000000 ) ) ;
#1681 = CARTESIAN_POINT ( 'NONE',  ( 170.0000000000000000, 0.000000000000000000, -101.0000000000000142 ) ) ;
#1682 = ORIENTED_EDGE ( 'NONE', *, *, #1287, .T. ) ;
#1683 = DIRECTION ( 'NONE',  ( 0.000000000000000000, 0.000000000000000000, 1.000000000000000000 ) ) ;
#1684 = LINE ( 'NONE', #2983, #2106 ) ;
#1685 = VERTEX_POINT ( 'NONE', #3577 ) ;
#1686 = CARTESIAN_POINT ( 'NONE',  ( 172.0000000000000284, 4.000000000000000000, -114.5000000000000426 ) ) ;
#1687 = VECTOR ( 'NONE', #6049, 1000.000000000000000 ) ;
#1688 = EDGE_LOOP ( 'NONE', ( #5420, #995, #2009, #7463 ) ) ;
#1689 = AXIS2_PLACEMENT_3D ( 'NONE', #6440, #1677, #1601 ) ;
#1690 = CARTESIAN_POINT ( 'NONE',  ( 172.0000000000000284, -2.000000000000000000, -39.60000000000002984 ) ) ;
#1691 = DIRECTION ( 'NONE',  ( -0.000000000000000000, -1.000000000000000000, 0.000000000000000000 ) ) ;
#1692 = CARTESIAN_POINT ( 'NONE',  ( 170.0000000000000000, 0.000000000000000000, 0.000000000000000000 ) ) ;
#1693 = EDGE_CURVE ( 'NONE', #5319, #6770, #1794, .T. ) ;
#1694 = VERTEX_POINT ( 'NONE', #3429 ) ;
#1695 = FACE_OUTER_BOUND ( 'NONE', #2133, .T. ) ;
#1696 = EDGE_CURVE ( 'NONE', #7289, #678, #6493, .T. ) ;
#1697 = AXIS2_PLACEMENT_3D ( 'NONE', #2896, #4582, #4032 ) ;
#1698 = EDGE_LOOP ( 'NONE', ( #573, #7661, #7431, #2266 ) ) ;
#1699 = EDGE_CURVE ( 'NONE', #6578, #170, #5955, .T. ) ;
#1700 = VERTEX_POINT ( 'NONE', #5827 ) ;
#1701 = CIRCLE ( 'NONE', #2835, 6.000000000000005329 ) ;
#1702 = LINE ( 'NONE', #4101, #5874 ) ;
#1703 = EDGE_CURVE ( 'NONE', #1070, #7163, #5334, .T. ) ;
#1704 = CARTESIAN_POINT ( 'NONE',  ( 6.000000000000000000, 0.000000000000000000, -18.50000000000000355 ) ) ;
#1705 = DIRECTION ( 'NONE',  ( 0.000000000000000000, 0.000000000000000000, 1.000000000000000000 ) ) ;
#1706 = DIRECTION ( 'NONE',  ( 0.000000000000000000, 0.000000000000000000, 1.000000000000000000 ) ) ;
#1707 = EDGE_LOOP ( 'NONE', ( #4029, #2923, #2460, #2421 ) ) ;
#1708 = EDGE_LOOP ( 'NONE', ( #1184, #5805 ) ) ;
#1709 = CARTESIAN_POINT ( 'NONE',  ( -2.000000000000013767, 0.000000000000000000, -37.50000000000002842 ) ) ;
#1710 = FACE_OUTER_BOUND ( 'NONE', #4313, .T. ) ;
#1711 = EDGE_CURVE ( 'NONE', #1497, #7125, #3682, .T. ) ;
#1712 = ORIENTED_EDGE ( 'NONE', *, *, #5559, .T. ) ;
#1713 = DIRECTION ( 'NONE',  ( 0.000000000000000000, 1.000000000000000000, -0.000000000000000000 ) ) ;
#1714 = CARTESIAN_POINT ( 'NONE',  ( 148.0000000000000284, 0.000000000000000000, -55.50000000000002842 ) ) ;
#1715 = VECTOR ( 'NONE', #6079, 1000.000000000000114 ) ;
#1716 = AXIS2_PLACEMENT_3D ( 'NONE', #37, #74, #4919 ) ;
#1717 = VERTEX_POINT ( 'NONE', #5290 ) ;
#1718 = CIRCLE ( 'NONE', #7001, 4.250000000000003553 ) ;
#1719 = AXIS2_PLACEMENT_3D ( 'NONE', #1564, #5310, #4682 ) ;
#1720 = LINE ( 'NONE', #2348, #6735 ) ;
#1721 = CARTESIAN_POINT ( 'NONE',  ( 93.07846096908262723, 5.000000000000000000, -98.59999999999998010 ) ) ;
#1722 = ADVANCED_FACE ( 'NONE', ( #4728 ), #2287, .F. ) ;
#1723 = ORIENTED_EDGE ( 'NONE', *, *, #1607, .T. ) ;
#1724 = DIRECTION ( 'NONE',  ( 0.000000000000000000, 0.000000000000000000, 1.000000000000000000 ) ) ;
#1725 = FACE_OUTER_BOUND ( 'NONE', #2649, .T. ) ;
#1726 = EDGE_LOOP ( 'NONE', ( #4442, #326, #4096, #5324 ) ) ;
#1727 = DIRECTION ( 'NONE',  ( -0.000000000000000000, 1.000000000000000000, -0.000000000000000000 ) ) ;
#1728 = VECTOR ( 'NONE', #6852, 1000.000000000000000 ) ;
#1729 = ORIENTED_EDGE ( 'NONE', *, *, #2999, .T. ) ;
#1730 = AXIS2_PLACEMENT_3D ( 'NONE', #5597, #844, #3238 ) ;
#1731 = VECTOR ( 'NONE', #6013, 1000.000000000000000 ) ;
#1732 = CARTESIAN_POINT ( 'NONE',  ( 170.0000000000000000, 6.000000000000000000, -170.0000000000000000 ) ) ;
#1733 = CARTESIAN_POINT ( 'NONE',  ( 21.99999999999999645, 4.000000000000000000, -112.4000000000000483 ) ) ;
#1734 = DIRECTION ( 'NONE',  ( 0.000000000000000000, 1.000000000000000000, 0.000000000000000000 ) ) ;
#1735 = EDGE_LOOP ( 'NONE', ( #2301, #4056 ) ) ;
#1736 = DIRECTION ( 'NONE',  ( -0.000000000000000000, 1.000000000000000000, -0.000000000000000000 ) ) ;
#1737 = EDGE_LOOP ( 'NONE', ( #2477, #5859 ) ) ;
#1738 = ADVANCED_FACE ( 'NONE', ( #6534 ), #1149, .F. ) ;
#1739 = ORIENTED_EDGE ( 'NONE', *, *, #3787, .T. ) ;
#1740 = AXIS2_PLACEMENT_3D ( 'NONE', #1901, #3710, #738 ) ;
#1741 = AXIS2_PLACEMENT_3D ( 'NONE', #7688, #4703, #7020 ) ;
#1742 = CARTESIAN_POINT ( 'NONE',  ( 172.0000000000000284, 8.000000000000000000, -37.50000000000004263 ) ) ;
#1743 = LINE ( 'NONE', #5951, #3132 ) ;
#1744 = CARTESIAN_POINT ( 'NONE',  ( -2.000000000000016431, 4.000000000000000000, -55.50000000000001421 ) ) ;
#1745 = DIRECTION ( 'NONE',  ( 0.7291872667376420036, -0.000000000000000000, 0.6843142041691717692 ) ) ;
#1746 = VECTOR ( 'NONE', #48, 1000.000000000000000 ) ;
#1747 = ORIENTED_EDGE ( 'NONE', *, *, #2151, .T. ) ;
#1748 = EDGE_CURVE ( 'NONE', #7582, #5041, #4067, .T. ) ;
#1749 = ORIENTED_EDGE ( 'NONE', *, *, #3590, .T. ) ;
#1750 = DIRECTION ( 'NONE',  ( 0.000000000000000000, 0.000000000000000000, 1.000000000000000000 ) ) ;
#1751 = LINE ( 'NONE', #7693, #339 ) ;
#1752 = CIRCLE ( 'NONE', #2488, 2.000000000000000000 ) ;
#1753 = APPROVAL_PERSON_ORGANIZATION ( #6384, #1982, #2799 ) ;
#1754 = ORIENTED_EDGE ( 'NONE', *, *, #4088, .F. ) ;
#1755 = FACE_OUTER_BOUND ( 'NONE', #144, .T. ) ;
#1756 = FACE_OUTER_BOUND ( 'NONE', #2066, .T. ) ;
#1757 = ORIENTED_EDGE ( 'NONE', *, *, #3967, .F. ) ;
#1758 = ADVANCED_FACE ( 'NONE', ( #6755 ), #679, .F. ) ;
#1759 = DIRECTION ( 'NONE',  ( 0.000000000000000000, 0.000000000000000000, 1.000000000000000000 ) ) ;
#1760 = LINE ( 'NONE', #5280, #3473 ) ;
#1761 = ORIENTED_EDGE ( 'NONE', *, *, #5309, .T. ) ;
#1762 = CARTESIAN_POINT ( 'NONE',  ( -2.000000000000016431, 4.000000000000000000, -55.50000000000001421 ) ) ;
#1763 = CARTESIAN_POINT ( 'NONE',  ( 81.07846096908262723, 8.000000000000000000, -78.59999999999999432 ) ) ;
#1764 = VERTEX_POINT ( 'NONE', #2548 ) ;
#1765 = ADVANCED_FACE ( 'NONE', ( #6671 ), #713, .F. ) ;
#1766 = DIRECTION ( 'NONE',  ( 0.000000000000000000, 0.000000000000000000, 1.000000000000000000 ) ) ;
#1767 = CARTESIAN_POINT ( 'NONE',  ( 28.00000000000001776, -63.63175307973214956, -139.5000000000000000 ) ) ;
#1768 = DIRECTION ( 'NONE',  ( 0.000000000000000000, 1.000000000000000000, 0.000000000000000000 ) ) ;
#1769 = EDGE_LOOP ( 'NONE', ( #6485, #1310, #2003, #6103 ) ) ;
#1770 = CARTESIAN_POINT ( 'NONE',  ( 172.0000000000000284, 8.000000000000000000, -128.2500000000000284 ) ) ;
#1771 = VERTEX_POINT ( 'NONE', #3688 ) ;
#1772 = VERTEX_POINT ( 'NONE', #6176 ) ;
#1773 = PLANE ( 'NONE',  #859 ) ;
#1774 = DIRECTION ( 'NONE',  ( 0.000000000000000000, 0.000000000000000000, 1.000000000000000000 ) ) ;
#1775 = DIRECTION ( 'NONE',  ( 0.000000000000000000, 1.000000000000000000, 0.000000000000000000 ) ) ;
#1776 = LINE ( 'NONE', #5265, #7396 ) ;
#1777 = ORIENTED_EDGE ( 'NONE', *, *, #6644, .T. ) ;
#1778 = ORIENTED_EDGE ( 'NONE', *, *, #7679, .T. ) ;
#1779 = LINE ( 'NONE', #4180, #6522 ) ;
#1780 = FACE_OUTER_BOUND ( 'NONE', #7105, .T. ) ;
#1781 = ORIENTED_EDGE ( 'NONE', *, *, #4155, .F. ) ;
#1782 = LINE ( 'NONE', #2970, #570 ) ;
#1783 = CARTESIAN_POINT ( 'NONE',  ( 142.0000000000000568, 0.000000000000000000, -125.7405804802355362 ) ) ;
#1784 = EDGE_CURVE ( 'NONE', #5074, #542, #1551, .T. ) ;
#1785 = VERTEX_POINT ( 'NONE', #3729 ) ;
#1786 = CARTESIAN_POINT ( 'NONE',  ( 30.00000000000003908, 0.000000000000000000, -44.25941951976455613 ) ) ;
#1787 = DIRECTION ( 'NONE',  ( 1.000000000000000000, -0.000000000000000000, 8.780080477212640445E-16 ) ) ;
#1788 = ORIENTED_EDGE ( 'NONE', *, *, #5949, .F. ) ;
#1789 = CYLINDRICAL_SURFACE ( 'NONE', #1563, 4.250000000000003553 ) ;
#1790 = LINE ( 'NONE', #2352, #4497 ) ;
#1791 = EDGE_CURVE ( 'NONE', #4093, #5454, #7305, .T. ) ;
#1792 = ORIENTED_EDGE ( 'NONE', *, *, #5225, .F. ) ;
#1793 = VERTEX_POINT ( 'NONE', #4318 ) ;
#1794 = CIRCLE ( 'NONE', #6197, 2.099999999999990763 ) ;
#1795 = DIRECTION ( 'NONE',  ( 0.000000000000000000, 1.000000000000000000, 0.000000000000000000 ) ) ;
#1796 = DIRECTION ( 'NONE',  ( -0.000000000000000000, 1.000000000000000000, -0.000000000000000000 ) ) ;
#1797 = ORIENTED_EDGE ( 'NONE', *, *, #1090, .T. ) ;
#1798 = DIRECTION ( 'NONE',  ( 0.000000000000000000, 1.000000000000000000, 0.000000000000000000 ) ) ;
#1799 = AXIS2_PLACEMENT_3D ( 'NONE', #2110, #6785, #183 ) ;
#1800 = EDGE_CURVE ( 'NONE', #6860, #1497, #6691, .T. ) ;
#1801 = ORIENTED_EDGE ( 'NONE', *, *, #5274, .T. ) ;
#1802 = LINE ( 'NONE', #5548, #7247 ) ;
#1803 = ORIENTED_EDGE ( 'NONE', *, *, #615, .F. ) ;
#1804 = AXIS2_PLACEMENT_3D ( 'NONE', #7063, #6406, #4041 ) ;
#1805 = VERTEX_POINT ( 'NONE', #2592 ) ;
#1806 = DIRECTION ( 'NONE',  ( 0.000000000000000000, -1.000000000000000000, 0.000000000000000000 ) ) ;
#1807 = ADVANCED_FACE ( 'NONE', ( #642, #6021 ), #5510, .T. ) ;
#1808 = CARTESIAN_POINT ( 'NONE',  ( 21.99999999999998579, -2.000000000000000000, -37.50000000000002842 ) ) ;
#1809 = DIRECTION ( 'NONE',  ( 0.000000000000000000, 0.000000000000000000, 1.000000000000000000 ) ) ;
#1810 = CARTESIAN_POINT ( 'NONE',  ( 10.38085125267133968, 0.000000000000000000, -147.5000000000000284 ) ) ;
#1811 = CIRCLE ( 'NONE', #4837, 2.099999999999990763 ) ;
#1812 = EDGE_CURVE ( 'NONE', #4576, #6373, #4441, .T. ) ;
#1813 = ORIENTED_EDGE ( 'NONE', *, *, #5198, .T. ) ;
#1814 = AXIS2_PLACEMENT_3D ( 'NONE', #7562, #4574, #3313 ) ;
#1815 = ORIENTED_EDGE ( 'NONE', *, *, #6989, .F. ) ;
#1816 = DIRECTION ( 'NONE',  ( 0.4999999999999991673, 0.000000000000000000, -0.8660254037844390407 ) ) ;
#1817 = PLANE ( 'NONE',  #7236 ) ;
#1818 = ORIENTED_EDGE ( 'NONE', *, *, #4078, .T. ) ;
#1819 = CARTESIAN_POINT ( 'NONE',  ( 0.000000000000000000, 6.000000000000000000, -2.100000000000000089 ) ) ;
#1820 = FACE_OUTER_BOUND ( 'NONE', #6883, .T. ) ;
#1821 = FACE_OUTER_BOUND ( 'NONE', #6248, .T. ) ;
#1822 = ORIENTED_EDGE ( 'NONE', *, *, #5822, .T. ) ;
#1823 = EDGE_CURVE ( 'NONE', #4675, #3212, #5079, .T. ) ;
#1824 = CIRCLE ( 'NONE', #839, 2.099999999999990763 ) ;
#1825 = LINE ( 'NONE', #1170, #2783 ) ;
#1826 = DIRECTION ( 'NONE',  ( 0.000000000000000000, -0.000000000000000000, 1.000000000000000000 ) ) ;
#1827 = VERTEX_POINT ( 'NONE', #5434 ) ;
#1828 = FACE_OUTER_BOUND ( 'NONE', #1625, .T. ) ;
#1829 = AXIS2_PLACEMENT_3D ( 'NONE', #7302, #1218, #3612 ) ;
#1830 = DIRECTION ( 'NONE',  ( 0.000000000000000000, 1.000000000000000000, 0.000000000000000000 ) ) ;
#1831 = VERTEX_POINT ( 'NONE', #6091 ) ;
#1832 = ADVANCED_FACE ( 'NONE', ( #6641 ), #1881, .F. ) ;
#1833 = VERTEX_POINT ( 'NONE', #4359 ) ;
#1834 = AXIS2_PLACEMENT_3D ( 'NONE', #376, #925, #1430 ) ;
#1835 = CIRCLE ( 'NONE', #5373, 2.099999999999997868 ) ;
#1836 = ADVANCED_FACE ( 'NONE', ( #3654 ), #6454, .F. ) ;
#1837 = DIRECTION ( 'NONE',  ( 0.000000000000000000, -1.000000000000000000, 0.000000000000000000 ) ) ;
#1838 = CARTESIAN_POINT ( 'NONE',  ( 76.92153903091731593, 5.000000000000000000, -98.59999999999999432 ) ) ;
#1839 = ORIENTED_EDGE ( 'NONE', *, *, #4966, .F. ) ;
#1840 = VECTOR ( 'NONE', #5988, 1000.000000000000000 ) ;
#1841 = ORIENTED_EDGE ( 'NONE', *, *, #5568, .T. ) ;
#1842 = DIRECTION ( 'NONE',  ( 0.000000000000000000, -0.000000000000000000, 1.000000000000000000 ) ) ;
#1843 = CIRCLE ( 'NONE', #6252, 4.250000000000003553 ) ;
#1844 = EDGE_LOOP ( 'NONE', ( #2115, #6779, #4724, #98 ) ) ;
#1845 = CIRCLE ( 'NONE', #7500, 2.099999999999990763 ) ;
#1846 = EDGE_CURVE ( 'NONE', #4681, #3360, #427, .T. ) ;
#1847 = CYLINDRICAL_SURFACE ( 'NONE', #4205, 4.250000000000003553 ) ;
#1848 = CARTESIAN_POINT ( 'NONE',  ( 172.0000000000000284, 4.000000000000000000, -41.75000000000004263 ) ) ;
#1849 = CARTESIAN_POINT ( 'NONE',  ( 34.00000000000003553, 0.000000000000000000, -69.00000000000001421 ) ) ;
#1850 = AXIS2_PLACEMENT_3D ( 'NONE', #794, #1534, #196 ) ;
#1851 = DIRECTION ( 'NONE',  ( 0.000000000000000000, 0.000000000000000000, 1.000000000000000000 ) ) ;
#1852 = CARTESIAN_POINT ( 'NONE',  ( 81.07846096908264144, 5.000000000000000000, -98.59999999999999432 ) ) ;
#1853 = CIRCLE ( 'NONE', #7134, 3.500000000000003109 ) ;
#1854 = ORIENTED_EDGE ( 'NONE', *, *, #356, .T. ) ;
#1855 = EDGE_CURVE ( 'NONE', #6214, #3035, #3560, .T. ) ;
#1856 = CIRCLE ( 'NONE', #3876, 2.099999999999990763 ) ;
#1857 = CIRCLE ( 'NONE', #7514, 2.100000000000004530 ) ;
#1858 = VERTEX_POINT ( 'NONE', #1221 ) ;
#1859 = EDGE_CURVE ( 'NONE', #7163, #1070, #296, .T. ) ;
#1860 = CARTESIAN_POINT ( 'NONE',  ( 148.0000000000000568, 4.000000000000000000, -118.7500000000000568 ) ) ;
#1861 = ORIENTED_EDGE ( 'NONE', *, *, #7782, .T. ) ;
#1862 = DIRECTION ( 'NONE',  ( 0.000000000000000000, 0.000000000000000000, 1.000000000000000000 ) ) ;
#1863 = FACE_OUTER_BOUND ( 'NONE', #3145, .T. ) ;
#1864 = CARTESIAN_POINT ( 'NONE',  ( -2.000000000000006661, 8.000000000000000000, -118.7500000000000568 ) ) ;
#1865 = CIRCLE ( 'NONE', #5650, 3.500000000000003109 ) ;
#1866 = ORIENTED_EDGE ( 'NONE', *, *, #2226, .T. ) ;
#1867 = CC_DESIGN_APPROVAL ( #458, ( #4784 ) ) ;
#1869 = EDGE_CURVE ( 'NONE', #2914, #957, #6136, .T. ) ;
#1868 = LINE ( 'NONE', #3564, #3319 ) ;
#1870 = DIRECTION ( 'NONE',  ( 0.5000000000000038858, 0.000000000000000000, 0.8660254037844363761 ) ) ;
#1871 = ORIENTED_EDGE ( 'NONE', *, *, #4430, .T. ) ;
#1872 = FACE_OUTER_BOUND ( 'NONE', #2683, .T. ) ;
#1873 = FACE_BOUND ( 'NONE', #3689, .T. ) ;
#1874 = ORIENTED_EDGE ( 'NONE', *, *, #5904, .F. ) ;
#1875 = CIRCLE ( 'NONE', #1507, 4.250000000000003553 ) ;
#1876 = ORIENTED_EDGE ( 'NONE', *, *, #122, .T. ) ;
#1877 = AXIS2_PLACEMENT_3D ( 'NONE', #7007, #6964, #319 ) ;
#1878 = CARTESIAN_POINT ( 'NONE',  ( 170.0000000000000000, 8.000000000000000000, -175.5000000000000568 ) ) ;
#1879 = CARTESIAN_POINT ( 'NONE',  ( 159.6191487473286656, 8.000000000000000000, -22.50000000000002132 ) ) ;
#1880 = VERTEX_POINT ( 'NONE', #5625 ) ;
#1881 = CYLINDRICAL_SURFACE ( 'NONE', #559, 2.099999999999990763 ) ;
#1882 = ORIENTED_EDGE ( 'NONE', *, *, #6067, .T. ) ;
#1883 = CARTESIAN_POINT ( 'NONE',  ( 0.000000000000000000, 5.000000000000000000, 0.000000000000000000 ) ) ;
#1884 = ADVANCED_FACE ( 'NONE', ( #910 ), #3387, .F. ) ;
#1885 = ORIENTED_EDGE ( 'NONE', *, *, #4132, .T. ) ;
#1886 = CARTESIAN_POINT ( 'NONE',  ( 172.0000000000000284, 4.000000000000000000, -41.75000000000004263 ) ) ;
#1887 = DIRECTION ( 'NONE',  ( 0.000000000000000000, -0.000000000000000000, 1.000000000000000000 ) ) ;
#1888 = FACE_OUTER_BOUND ( 'NONE', #7232, .T. ) ;
#1889 = CARTESIAN_POINT ( 'NONE',  ( -2.000000000000016431, 4.000000000000000000, -55.50000000000001421 ) ) ;
#1890 = CARTESIAN_POINT ( 'NONE',  ( 0.000000000000000000, 8.000000000000000000, -170.0000000000000000 ) ) ;
#1891 = CARTESIAN_POINT ( 'NONE',  ( 81.07846096908264144, 5.000000000000000000, -98.59999999999999432 ) ) ;
#1892 = EDGE_CURVE ( 'NONE', #3022, #3977, #2637, .T. ) ;
#1893 = VERTEX_POINT ( 'NONE', #6371 ) ;
#1894 = ORIENTED_EDGE ( 'NONE', *, *, #1950, .T. ) ;
#1895 = LINE ( 'NONE', #5447, #6494 ) ;
#1896 = DIRECTION ( 'NONE',  ( -0.000000000000000000, 1.000000000000000000, -0.000000000000000000 ) ) ;
#1897 = VERTEX_POINT ( 'NONE', #1567 ) ;
#1898 = LINE ( 'NONE', #6071, #4584 ) ;
#1899 = CARTESIAN_POINT ( 'NONE',  ( 109.8877693287756472, 0.000000000000000000, -55.52942612507517595 ) ) ;
#1900 = ADVANCED_FACE ( 'NONE', ( #6916 ), #2707, .F. ) ;
#1901 = CARTESIAN_POINT ( 'NONE',  ( 170.0000000000000000, 8.000000000000000000, 0.000000000000000000 ) ) ;
#1902 = ORIENTED_EDGE ( 'NONE', *, *, #6658, .T. ) ;
#1903 = CARTESIAN_POINT ( 'NONE',  ( -11.72753060904940448, 3.000000000000000000, -119.1500000000000057 ) ) ;
#1904 = CARTESIAN_POINT ( 'NONE',  ( 34.00000000000001421, 8.000000000000000000, -101.0000000000000142 ) ) ;
#1905 = ORIENTED_EDGE ( 'NONE', *, *, #5881, .F. ) ;
#1906 = CARTESIAN_POINT ( 'NONE',  ( 0.000000000000000000, 8.000000000000000000, 0.000000000000000000 ) ) ;
#1907 = DIRECTION ( 'NONE',  ( -0.000000000000000000, 1.000000000000000000, -0.000000000000000000 ) ) ;
#1908 = ORIENTED_EDGE ( 'NONE', *, *, #5568, .F. ) ;
#1909 = EDGE_LOOP ( 'NONE', ( #3883, #6553, #3735, #3771 ) ) ;
#1910 = ADVANCED_FACE ( 'NONE', ( #2039 ), #7549, .F. ) ;
#1911 = FACE_OUTER_BOUND ( 'NONE', #3605, .T. ) ;
#1912 = CARTESIAN_POINT ( 'NONE',  ( 6.000000000000000000, 0.000000000000000000, -24.50000000000000000 ) ) ;
#1913 = EDGE_LOOP ( 'NONE', ( #1757, #966, #6187, #1778 ) ) ;
#1914 = DIRECTION ( 'NONE',  ( 0.000000000000000000, 1.000000000000000000, 0.000000000000000000 ) ) ;
#1915 = ORIENTED_EDGE ( 'NONE', *, *, #4170, .T. ) ;
#1916 = CARTESIAN_POINT ( 'NONE',  ( 172.0000000000000284, 4.000000000000000000, -55.50000000000002842 ) ) ;
#1917 = ORIENTED_EDGE ( 'NONE', *, *, #4618, .F. ) ;
#1918 = CIRCLE ( 'NONE', #7583, 2.000000000000001776 ) ;
#1919 = ORIENTED_EDGE ( 'NONE', *, *, #2839, .T. ) ;
#1920 = DIRECTION ( 'NONE',  ( 0.8660254037844363761, 0.000000000000000000, -0.5000000000000039968 ) ) ;
#1921 = EDGE_CURVE ( 'NONE', #3282, #6474, #7199, .T. ) ;
#1922 = DIRECTION ( 'NONE',  ( -0.000000000000000000, 1.000000000000000000, -0.000000000000000000 ) ) ;
#1923 = DIRECTION ( 'NONE',  ( -0.5000000000000002220, 0.000000000000000000, 0.8660254037844384856 ) ) ;
#1924 = CARTESIAN_POINT ( 'NONE',  ( 172.0000000000000284, 4.000000000000000000, -112.4000000000000625 ) ) ;
#1925 = EDGE_CURVE ( 'NONE', #2432, #5260, #396, .T. ) ;
#1926 = AXIS2_PLACEMENT_3D ( 'NONE', #2242, #5200, #5936 ) ;
#1927 = EDGE_CURVE ( 'NONE', #4277, #5454, #3344, .T. ) ;
#1928 = VERTEX_POINT ( 'NONE', #5737 ) ;
#1929 = VERTEX_POINT ( 'NONE', #874 ) ;
#1930 = EDGE_CURVE ( 'NONE', #3793, #4277, #4823, .T. ) ;
#1931 = AXIS2_PLACEMENT_3D ( 'NONE', #4939, #3595, #6623 ) ;
#1932 = CARTESIAN_POINT ( 'NONE',  ( 140.0000000000000284, -63.63175307973214956, -125.7405804802355362 ) ) ;
#1933 = CYLINDRICAL_SURFACE ( 'NONE', #6145, 4.250000000000003553 ) ;
#1934 = ORIENTED_EDGE ( 'NONE', *, *, #7632, .T. ) ;
#1935 = DIRECTION ( 'NONE',  ( 0.000000000000000000, 1.000000000000000000, 0.000000000000000000 ) ) ;
#1936 = CYLINDRICAL_SURFACE ( 'NONE', #6633, 2.000000000000001776 ) ;
#1937 = DIRECTION ( 'NONE',  ( 0.000000000000000000, 1.000000000000000000, 0.000000000000000000 ) ) ;
#1938 = ORIENTED_EDGE ( 'NONE', *, *, #7189, .F. ) ;
#1939 = AXIS2_PLACEMENT_3D ( 'NONE', #5479, #2484, #3006 ) ;
#1940 = EDGE_CURVE ( 'NONE', #4510, #4690, #6954, .T. ) ;
#1941 = CARTESIAN_POINT ( 'NONE',  ( -19.80599157813204059, 8.000000000000000000, -145.0000000000000284 ) ) ;
#1942 = CARTESIAN_POINT ( 'NONE',  ( 170.0000000000000000, 8.000000000000000000, -151.5000000000000284 ) ) ;
#1943 = EDGE_LOOP ( 'NONE', ( #943, #1350 ) ) ;
#1944 = PLANE ( 'NONE',  #5958 ) ;
#1945 = FACE_BOUND ( 'NONE', #5365, .T. ) ;
#1946 = VECTOR ( 'NONE', #2212, 1000.000000000000000 ) ;
#1947 = ORIENTED_EDGE ( 'NONE', *, *, #7584, .T. ) ;
#1948 = VERTEX_POINT ( 'NONE', #4523 ) ;
#1949 = CIRCLE ( 'NONE', #2711, 2.100000000000004530 ) ;
#1950 = EDGE_CURVE ( 'NONE', #1412, #5257, #5697, .T. ) ;
#1951 = DIRECTION ( 'NONE',  ( 0.000000000000000000, 1.000000000000000000, 0.000000000000000000 ) ) ;
#1952 = AXIS2_PLACEMENT_3D ( 'NONE', #3113, #4964, #762 ) ;
#1953 = DIRECTION ( 'NONE',  ( 0.000000000000000000, 0.000000000000000000, 1.000000000000000000 ) ) ;
#1954 = DIRECTION ( 'NONE',  ( 0.000000000000000000, 1.000000000000000000, 0.000000000000000000 ) ) ;
#1955 = ORIENTED_EDGE ( 'NONE', *, *, #6595, .T. ) ;
#1956 = DIRECTION ( 'NONE',  ( 0.000000000000000000, 0.000000000000000000, 1.000000000000000000 ) ) ;
#1957 = ADVANCED_FACE ( 'NONE', ( #3849, #1413 ), #5780, .T. ) ;
#1958 = ORIENTED_EDGE ( 'NONE', *, *, #7084, .T. ) ;
#1959 = CARTESIAN_POINT ( 'NONE',  ( 172.0000000000000284, 8.000000000000000000, -114.5000000000000426 ) ) ;
#1960 = VECTOR ( 'NONE', #7108, 1000.000000000000000 ) ;
#1961 = AXIS2_PLACEMENT_3D ( 'NONE', #4245, #150, #1953 ) ;
#1962 = VERTEX_POINT ( 'NONE', #7505 ) ;
#1963 = AXIS2_PLACEMENT_3D ( 'NONE', #4427, #4513, #3880 ) ;
#1964 = LINE ( 'NONE', #5438, #949 ) ;
#1965 = DIRECTION ( 'NONE',  ( 0.000000000000000000, 1.000000000000000000, 0.000000000000000000 ) ) ;
#1966 = CIRCLE ( 'NONE', #7373, 2.125000000000015987 ) ;
#1967 = CARTESIAN_POINT ( 'NONE',  ( 170.0000000000000000, 8.000000000000000000, 5.500000000000016875 ) ) ;
#1968 = ADVANCED_FACE ( 'NONE', ( #353 ), #274, .F. ) ;
#1969 = LINE ( 'NONE', #4448, #5028 ) ;
#1970 = CARTESIAN_POINT ( 'NONE',  ( -15.88445254721469801, 3.000000000000000000, -126.3499999999999943 ) ) ;
#1971 = CARTESIAN_POINT ( 'NONE',  ( -19.80599157813204059, 8.000000000000000000, -119.0000000000000142 ) ) ;
#1972 = AXIS2_PLACEMENT_3D ( 'NONE', #893, #3287, #5682 ) ;
#1973 = ORIENTED_EDGE ( 'NONE', *, *, #6587, .T. ) ;
#1974 = EDGE_CURVE ( 'NONE', #1679, #3804, #7392, .T. ) ;
#1975 = ORIENTED_EDGE ( 'NONE', *, *, #2189, .F. ) ;
#1976 = ORIENTED_EDGE ( 'NONE', *, *, #7576, .F. ) ;
#1977 = CIRCLE ( 'NONE', #1352, 2.099999999999990763 ) ;
#1978 = VECTOR ( 'NONE', #5819, 1000.000000000000000 ) ;
#1979 = CARTESIAN_POINT ( 'NONE',  ( 166.5146231116498825, 8.000000000000000000, -158.1344001783753299 ) ) ;
#1980 = DIRECTION ( 'NONE',  ( 0.000000000000000000, 0.000000000000000000, 1.000000000000000000 ) ) ;
#1981 = ORIENTED_EDGE ( 'NONE', *, *, #6509, .T. ) ;
#1982 = APPROVAL ( #958, 'UNSPECIFIED' ) ;
#1983 = DIRECTION ( 'NONE',  ( -0.000000000000000000, 1.000000000000000000, -0.000000000000000000 ) ) ;
#1984 = DIRECTION ( 'NONE',  ( -1.000000000000000000, 0.000000000000000000, 0.000000000000000000 ) ) ;
#1985 = FACE_BOUND ( 'NONE', #7374, .T. ) ;
#1986 = EDGE_CURVE ( 'NONE', #2535, #223, #5165, .T. ) ;
#1987 = AXIS2_PLACEMENT_3D ( 'NONE', #2879, #4651, #1654 ) ;
#1988 = VERTEX_POINT ( 'NONE', #3926 ) ;
#1989 = VECTOR ( 'NONE', #2905, 1000.000000000000000 ) ;
#1990 = DIRECTION ( 'NONE',  ( 0.000000000000000000, 0.000000000000000000, 1.000000000000000000 ) ) ;
#1991 = EDGE_CURVE ( 'NONE', #2350, #6142, #1918, .T. ) ;
#1992 = CARTESIAN_POINT ( 'NONE',  ( -11.72753060904940092, 0.000000000000000000, -140.8499999999999659 ) ) ;
#1993 = AXIS2_PLACEMENT_3D ( 'NONE', #3830, #6235, #3085 ) ;
#1994 = ORIENTED_EDGE ( 'NONE', *, *, #7376, .T. ) ;
#1995 = DIRECTION ( 'NONE',  ( 0.000000000000000000, 0.000000000000000000, 1.000000000000000000 ) ) ;
#1996 = CYLINDRICAL_SURFACE ( 'NONE', #7764, 2.000000000000001776 ) ;
#1997 = EDGE_CURVE ( 'NONE', #4943, #901, #4953, .T. ) ;
#1998 = ORIENTED_EDGE ( 'NONE', *, *, #2508, .F. ) ;
#1999 = CIRCLE ( 'NONE', #6404, 4.000000000000003553 ) ;
#2000 = CARTESIAN_POINT ( 'NONE',  ( 0.000000000000000000, 8.000000000000000000, 5.500000000000005329 ) ) ;
#2001 = CARTESIAN_POINT ( 'NONE',  ( 0.000000000000000000, 8.000000000000000000, 0.000000000000000000 ) ) ;
#2002 = CYLINDRICAL_SURFACE ( 'NONE', #3219, 2.100000000000000089 ) ;
#2003 = ORIENTED_EDGE ( 'NONE', *, *, #591, .F. ) ;
#2004 = CARTESIAN_POINT ( 'NONE',  ( -4.614611127222605668E-17, 8.000000000000000000, -69.00000000000001421 ) ) ;
#2005 = ORIENTED_EDGE ( 'NONE', *, *, #638, .F. ) ;
#2006 = AXIS2_PLACEMENT_3D ( 'NONE', #3155, #5554, #2561 ) ;
#2007 = CARTESIAN_POINT ( 'NONE',  ( 21.99999999999999289, -2.000000000000000000, -132.5000000000000284 ) ) ;
#2008 = ADVANCED_FACE ( 'NONE', ( #7627 ), #4186, .F. ) ;
#2009 = ORIENTED_EDGE ( 'NONE', *, *, #6617, .T. ) ;
#2010 = DIRECTION ( 'NONE',  ( 0.000000000000000000, 0.000000000000000000, 1.000000000000000000 ) ) ;
#2011 = CARTESIAN_POINT ( 'NONE',  ( 6.735557395310448926E-16, 8.000000000000000000, -5.500000000000005329 ) ) ;
#2012 = CARTESIAN_POINT ( 'NONE',  ( 21.99999999999999289, -2.000000000000000000, -130.4000000000000341 ) ) ;
#2013 = DIRECTION ( 'NONE',  ( 0.000000000000000000, -0.000000000000000000, 1.000000000000000000 ) ) ;
#2014 = DIRECTION ( 'NONE',  ( -0.000000000000000000, 0.000000000000000000, -1.000000000000000000 ) ) ;
#2015 = DIRECTION ( 'NONE',  ( -8.673617379884027583E-16, 0.000000000000000000, 1.000000000000000000 ) ) ;
#2016 = AXIS2_PLACEMENT_3D ( 'NONE', #1199, #5925, #1162 ) ;
#2017 = EDGE_LOOP ( 'NONE', ( #7520, #2292, #1815, #807 ) ) ;
#2018 = ORIENTED_EDGE ( 'NONE', *, *, #5669, .F. ) ;
#2019 = ORIENTED_EDGE ( 'NONE', *, *, #1390, .T. ) ;
#2020 = CARTESIAN_POINT ( 'NONE',  ( -2.000000000000009770, 4.000000000000000000, -132.5000000000000284 ) ) ;
#2021 = DIRECTION ( 'NONE',  ( 0.7426884441750637444, -0.000000000000000000, 0.6696371217971889278 ) ) ;
#2022 = DIRECTION ( 'NONE',  ( 0.000000000000000000, 0.000000000000000000, 1.000000000000000000 ) ) ;
#2023 = DIRECTION ( 'NONE',  ( 0.000000000000000000, 0.000000000000000000, -1.000000000000000000 ) ) ;
#2024 = DIRECTION ( 'NONE',  ( -0.000000000000000000, -1.000000000000000000, -0.000000000000000000 ) ) ;
#2025 = ORIENTED_EDGE ( 'NONE', *, *, #6290, .F. ) ;
#2026 = DIRECTION ( 'NONE',  ( 0.000000000000000000, 0.000000000000000000, -1.000000000000000000 ) ) ;
#2027 = CARTESIAN_POINT ( 'NONE',  ( 74.84307806183467449, 5.000000000000000000, -74.99999999999997158 ) ) ;
#2028 = ADVANCED_FACE ( 'NONE', ( #1651 ), #1105, .F. ) ;
#2029 = ORIENTED_EDGE ( 'NONE', *, *, #2671, .T. ) ;
#2030 = CARTESIAN_POINT ( 'NONE',  ( 164.0000000000000000, 8.000000000000000000, -151.5000000000000284 ) ) ;
#2031 = FACE_BOUND ( 'NONE', #371, .T. ) ;
#2032 = ORIENTED_EDGE ( 'NONE', *, *, #6324, .F. ) ;
#2033 = ADVANCED_FACE ( 'NONE', ( #5900 ), #4160, .F. ) ;
#2034 = DIRECTION ( 'NONE',  ( 0.4999999999999991673, 0.000000000000000000, -0.8660254037844390407 ) ) ;
#2035 = DIRECTION ( 'NONE',  ( -0.4999999999999996114, 0.000000000000000000, 0.8660254037844389297 ) ) ;
#2036 = LINE ( 'NONE', #5040, #6597 ) ;
#2037 = ADVANCED_FACE ( 'NONE', ( #5239 ), #6527, .F. ) ;
#2038 = ORIENTED_EDGE ( 'NONE', *, *, #3699, .T. ) ;
#2039 = FACE_OUTER_BOUND ( 'NONE', #3841, .T. ) ;
#2040 = ORIENTED_EDGE ( 'NONE', *, *, #6572, .T. ) ;
#2041 = DIRECTION ( 'NONE',  ( 0.000000000000000000, 0.000000000000000000, 1.000000000000000000 ) ) ;
#2042 = EDGE_LOOP ( 'NONE', ( #4901, #7504, #1666, #2638 ) ) ;
#2043 = DIRECTION ( 'NONE',  ( -0.000000000000000000, -1.000000000000000000, -0.000000000000000000 ) ) ;
#2044 = DIRECTION ( 'NONE',  ( -0.000000000000000000, 1.000000000000000000, -0.000000000000000000 ) ) ;
#2045 = EDGE_CURVE ( 'NONE', #1653, #1640, #563, .T. ) ;
#2046 = FACE_OUTER_BOUND ( 'NONE', #1176, .T. ) ;
#2047 = DIRECTION ( 'NONE',  ( 0.000000000000000000, 1.000000000000000000, 0.000000000000000000 ) ) ;
#2048 = DIRECTION ( 'NONE',  ( -1.000000000000000000, 0.000000000000000000, 0.000000000000000000 ) ) ;
#2049 = CARTESIAN_POINT ( 'NONE',  ( 28.00000000000004263, 8.000000000000000000, -44.25941951976455613 ) ) ;
#2050 = EDGE_LOOP ( 'NONE', ( #549, #4208, #2040, #321 ) ) ;
#2051 = ORIENTED_EDGE ( 'NONE', *, *, #2434, .F. ) ;
#2052 = VECTOR ( 'NONE', #7121, 1000.000000000000000 ) ;
#2053 = ORIENTED_EDGE ( 'NONE', *, *, #7518, .T. ) ;
#2054 = EDGE_CURVE ( 'NONE', #4452, #2660, #5455, .T. ) ;
#2055 = FACE_OUTER_BOUND ( 'NONE', #7783, .T. ) ;
#2056 = LINE ( 'NONE', #6231, #6630 ) ;
#2057 = DIRECTION ( 'NONE',  ( 0.000000000000000000, 0.000000000000000000, 1.000000000000000000 ) ) ;
#2058 = CARTESIAN_POINT ( 'NONE',  ( 21.99999999999998579, 8.000000000000000000, -41.75000000000002842 ) ) ;
#2059 = CIRCLE ( 'NONE', #51, 4.250000000000003553 ) ;
#2060 = EDGE_CURVE ( 'NONE', #1380, #4323, #6826, .T. ) ;
#2061 = DIRECTION ( 'NONE',  ( -2.775557561562891351E-15, 0.000000000000000000, 1.000000000000000000 ) ) ;
#2062 = EDGE_LOOP ( 'NONE', ( #525, #4011, #3614, #511 ) ) ;
#2063 = AXIS2_PLACEMENT_3D ( 'NONE', #864, #3262, #3294 ) ;
#2064 = DIRECTION ( 'NONE',  ( -0.000000000000000000, -1.000000000000000000, -0.000000000000000000 ) ) ;
#2065 = DIRECTION ( 'NONE',  ( 1.000000000000000000, 0.000000000000000000, 6.676953772165158788E-15 ) ) ;
#2066 = EDGE_LOOP ( 'NONE', ( #1109, #1894, #4927, #7564 ) ) ;
#2067 = DIRECTION ( 'NONE',  ( 0.5000000000000006661, 0.000000000000000000, 0.8660254037844382635 ) ) ;
#2068 = CARTESIAN_POINT ( 'NONE',  ( 88.01215132664637508, 8.000000000000000000, -35.00000000000002842 ) ) ;
#2069 = VECTOR ( 'NONE', #4144, 1000.000000000000000 ) ;
#2070 = ORIENTED_EDGE ( 'NONE', *, *, #229, .F. ) ;
#2071 = EDGE_CURVE ( 'NONE', #2640, #5046, #7588, .T. ) ;
#2072 = DIRECTION ( 'NONE',  ( -0.000000000000000000, 1.000000000000000000, 0.000000000000000000 ) ) ;
#2073 = VECTOR ( 'NONE', #6302, 1000.000000000000000 ) ;
#2074 = DIRECTION ( 'NONE',  ( 0.000000000000000000, 1.000000000000000000, 0.000000000000000000 ) ) ;
#2075 = DIRECTION ( 'NONE',  ( -0.000000000000000000, 1.000000000000000000, -0.000000000000000000 ) ) ;
#2076 = ORIENTED_EDGE ( 'NONE', *, *, #5394, .F. ) ;
#2077 = DIRECTION ( 'NONE',  ( -0.000000000000000000, 1.000000000000000000, -0.000000000000000000 ) ) ;
#2078 = CARTESIAN_POINT ( 'NONE',  ( 172.0000000000000284, -2.000000000000000000, -35.40000000000004832 ) ) ;
#2079 = ORIENTED_EDGE ( 'NONE', *, *, #3930, .T. ) ;
#2080 = CARTESIAN_POINT ( 'NONE',  ( 170.0000000000000000, 0.000000000000000000, -151.5000000000000284 ) ) ;
#2081 = VECTOR ( 'NONE', #6952, 1000.000000000000000 ) ;
#2082 = ADVANCED_FACE ( 'NONE', ( #4648 ), #550, .F. ) ;
#2083 = ORIENTED_EDGE ( 'NONE', *, *, #5744, .F. ) ;
#2084 = AXIS2_PLACEMENT_3D ( 'NONE', #5047, #5126, #7434 ) ;
#2085 = DIRECTION ( 'NONE',  ( 0.000000000000000000, 0.000000000000000000, -1.000000000000000000 ) ) ;
#2086 = LINE ( 'NONE', #6886, #1082 ) ;
#2087 = PLANE ( 'NONE',  #5154 ) ;
#2088 = AXIS2_PLACEMENT_3D ( 'NONE', #7625, #1446, #6830 ) ;
#2089 = DIRECTION ( 'NONE',  ( 0.000000000000000000, 1.000000000000000000, 0.000000000000000000 ) ) ;
#2090 = VECTOR ( 'NONE', #907, 1000.000000000000000 ) ;
#2091 = LINE ( 'NONE', #4536, #5397 ) ;
#2092 = ORIENTED_EDGE ( 'NONE', *, *, #3571, .F. ) ;
#2093 = ADVANCED_FACE ( 'NONE', ( #1064, #6413 ), #5313, .T. ) ;
#2094 = ORIENTED_EDGE ( 'NONE', *, *, #1386, .T. ) ;
#2095 = AXIS2_PLACEMENT_3D ( 'NONE', #5999, #773, #5562 ) ;
#2096 = VECTOR ( 'NONE', #5734, 1000.000000000000000 ) ;
#2097 = VERTEX_POINT ( 'NONE', #2875 ) ;
#2098 = CARTESIAN_POINT ( 'NONE',  ( -7.999999999999998224, 8.000000000000000000, -151.0000000000000284 ) ) ;
#2099 = LINE ( 'NONE', #415, #3008 ) ;
#2100 = FACE_OUTER_BOUND ( 'NONE', #1277, .T. ) ;
#2101 = DIRECTION ( 'NONE',  ( -1.000000000000000000, 0.000000000000000000, -0.000000000000000000 ) ) ;
#2102 = VECTOR ( 'NONE', #3388, 1000.000000000000000 ) ;
#2103 = DIRECTION ( 'NONE',  ( -1.084202172485503941E-16, -0.000000000000000000, -1.000000000000000000 ) ) ;
#2104 = EDGE_CURVE ( 'NONE', #2432, #6723, #685, .T. ) ;
#2105 = ORIENTED_EDGE ( 'NONE', *, *, #5982, .F. ) ;
#2106 = VECTOR ( 'NONE', #6484, 1000.000000000000000 ) ;
#2107 = DIRECTION ( 'NONE',  ( -0.000000000000000000, -1.000000000000000000, -0.000000000000000000 ) ) ;
#2108 = LINE ( 'NONE', #4590, #2976 ) ;
#2109 = EDGE_LOOP ( 'NONE', ( #2693, #3986 ) ) ;
#2110 = CARTESIAN_POINT ( 'NONE',  ( 142.0000000000000568, -63.63175307973214956, -139.5000000000000000 ) ) ;
#2111 = DIRECTION ( 'NONE',  ( 1.000000000000000000, -0.000000000000000000, 0.000000000000000000 ) ) ;
#2112 = VECTOR ( 'NONE', #876, 1000.000000000000000 ) ;
#2113 = AXIS2_PLACEMENT_3D ( 'NONE', #2820, #302, #2699 ) ;
#2114 = EDGE_CURVE ( 'NONE', #1028, #7230, #2431, .T. ) ;
#2115 = ORIENTED_EDGE ( 'NONE', *, *, #3777, .T. ) ;
#2116 = VECTOR ( 'NONE', #293, 1000.000000000000000 ) ;
#2117 = AXIS2_PLACEMENT_3D ( 'NONE', #258, #5765, #7487 ) ;
#2118 = DIRECTION ( 'NONE',  ( 0.000000000000000000, 1.000000000000000000, 0.000000000000000000 ) ) ;
#2119 = CARTESIAN_POINT ( 'NONE',  ( 90.99999999999997158, 0.000000000000000000, -97.10000000000000853 ) ) ;
#2120 = ORIENTED_EDGE ( 'NONE', *, *, #7178, .F. ) ;
#2121 = DIRECTION ( 'NONE',  ( 0.000000000000000000, 0.000000000000000000, 1.000000000000000000 ) ) ;
#2122 = DIRECTION ( 'NONE',  ( 0.000000000000000000, 0.000000000000000000, 1.000000000000000000 ) ) ;
#2123 = ORIENTED_EDGE ( 'NONE', *, *, #142, .T. ) ;
#2124 = CARTESIAN_POINT ( 'NONE',  ( 172.0000000000000284, 4.000000000000000000, -114.5000000000000426 ) ) ;
#2125 = AXIS2_PLACEMENT_3D ( 'NONE', #3908, #4669, #2181 ) ;
#2126 = EDGE_CURVE ( 'NONE', #4005, #5018, #2059, .T. ) ;
#2127 = EDGE_CURVE ( 'NONE', #2138, #2746, #4444, .T. ) ;
#2128 = EDGE_LOOP ( 'NONE', ( #3666, #1630 ) ) ;
#2129 = CARTESIAN_POINT ( 'NONE',  ( 170.0000000000000000, 8.000000000000000000, -178.0000000000000284 ) ) ;
#2130 = PLANE ( 'NONE',  #1582 ) ;
#2131 = DIRECTION ( 'NONE',  ( -0.000000000000000000, 1.000000000000000000, -0.000000000000000000 ) ) ;
#2132 = EDGE_CURVE ( 'NONE', #5703, #2844, #4602, .T. ) ;
#2133 = EDGE_LOOP ( 'NONE', ( #2399, #2297, #7068, #641 ) ) ;
#2134 = CALENDAR_DATE ( 2022, 4, 2 ) ;
#2135 = CARTESIAN_POINT ( 'NONE',  ( 172.0000000000000284, 0.000000000000000000, -112.4000000000000625 ) ) ;
#2136 = FACE_OUTER_BOUND ( 'NONE', #7368, .T. ) ;
#2137 = ORIENTED_EDGE ( 'NONE', *, *, #3976, .F. ) ;
#2138 = VERTEX_POINT ( 'NONE', #5499 ) ;
#2139 = ORIENTED_EDGE ( 'NONE', *, *, #5570, .F. ) ;
#2140 = PLANE ( 'NONE',  #1834 ) ;
#2141 = ADVANCED_FACE ( 'NONE', ( #67 ), #3719, .F. ) ;
#2142 = EDGE_CURVE ( 'NONE', #3297, #7152, #6460, .T. ) ;
#2143 = DIRECTION ( 'NONE',  ( -0.000000000000000000, 1.000000000000000000, -0.000000000000000000 ) ) ;
#2144 = LINE ( 'NONE', #969, #4720 ) ;
#2145 = DIRECTION ( 'NONE',  ( -1.000000000000000000, 0.000000000000000000, 0.000000000000000000 ) ) ;
#2146 = CARTESIAN_POINT ( 'NONE',  ( 78.99999999999997158, 5.000000000000000000, -95.00000000000000000 ) ) ;
#2147 = EDGE_LOOP ( 'NONE', ( #7638, #1362, #4148, #803, #482, #521 ) ) ;
#2148 = AXIS2_PLACEMENT_3D ( 'NONE', #5415, #6580, #4411 ) ;
#2149 = LINE ( 'NONE', #3524, #5316 ) ;
#2150 = CARTESIAN_POINT ( 'NONE',  ( 170.0000000000000000, 0.000000000000000000, -13.20487406521908547 ) ) ;
#2151 = EDGE_CURVE ( 'NONE', #6492, #4948, #1368, .T. ) ;
#2152 = ORIENTED_EDGE ( 'NONE', *, *, #7554, .F. ) ;
#2153 = DIRECTION ( 'NONE',  ( 0.000000000000000000, -0.000000000000000000, 1.000000000000000000 ) ) ;
#2154 = CYLINDRICAL_SURFACE ( 'NONE', #731, 2.099999999999990763 ) ;
#2155 = EDGE_CURVE ( 'NONE', #6945, #5957, #4959, .T. ) ;
#2156 = ORIENTED_EDGE ( 'NONE', *, *, #4869, .F. ) ;
#2157 = DIRECTION ( 'NONE',  ( -0.000000000000000000, 1.000000000000000000, 0.000000000000000000 ) ) ;
#2158 = CARTESIAN_POINT ( 'NONE',  ( -2.000000000000013323, 4.000000000000000000, -41.75000000000002842 ) ) ;
#2159 = VERTEX_POINT ( 'NONE', #6081 ) ;
#2160 = DIRECTION ( 'NONE',  ( 0.000000000000000000, 0.000000000000000000, 1.000000000000000000 ) ) ;
#2161 = FACE_OUTER_BOUND ( 'NONE', #7195, .T. ) ;
#2162 = ADVANCED_FACE ( 'NONE', ( #1872 ), #667, .T. ) ;
#2163 = EDGE_LOOP ( 'NONE', ( #398, #1051, #4806, #4787 ) ) ;
#2164 = FACE_OUTER_BOUND ( 'NONE', #1726, .T. ) ;
#2165 = EDGE_CURVE ( 'NONE', #1962, #1506, #6576, .T. ) ;
#2166 = ORIENTED_EDGE ( 'NONE', *, *, #851, .T. ) ;
#2167 = AXIS2_PLACEMENT_3D ( 'NONE', #340, #3447, #7026 ) ;
#2168 = CARTESIAN_POINT ( 'NONE',  ( 78.99999999999997158, 0.000000000000000000, -92.89999999999999147 ) ) ;
#2169 = CARTESIAN_POINT ( 'NONE',  ( -15.88445254721469446, 3.000000000000000000, -140.8499999999999659 ) ) ;
#2170 = LINE ( 'NONE', #4447, #5124 ) ;
#2171 = ORIENTED_EDGE ( 'NONE', *, *, #3216, .T. ) ;
#2172 = CALENDAR_DATE ( 2022, 4, 2 ) ;
#2173 = DIRECTION ( 'NONE',  ( -0.000000000000000000, -1.000000000000000000, -0.000000000000000000 ) ) ;
#2174 = CARTESIAN_POINT ( 'NONE',  ( 0.000000000000000000, 6.000000000000000000, -166.5000000000000000 ) ) ;
#2175 = ORIENTED_EDGE ( 'NONE', *, *, #647, .F. ) ;
#2176 = ORIENTED_EDGE ( 'NONE', *, *, #2554, .F. ) ;
#2177 = EDGE_CURVE ( 'NONE', #1685, #5501, #1211, .T. ) ;
#2178 = VERTEX_POINT ( 'NONE', #4310 ) ;
#2179 = ADVANCED_FACE ( 'NONE', ( #110 ), #1789, .F. ) ;
#2180 = CARTESIAN_POINT ( 'NONE',  ( 0.000000000000000000, 8.000000000000000000, -178.0000000000000284 ) ) ;
#2181 = DIRECTION ( 'NONE',  ( 0.000000000000000000, 0.000000000000000000, 1.000000000000000000 ) ) ;
#2182 = FACE_BOUND ( 'NONE', #3015, .T. ) ;
#2183 = DIRECTION ( 'NONE',  ( -0.5000000000000011102, 0.000000000000000000, -0.8660254037844380415 ) ) ;
#2184 = CARTESIAN_POINT ( 'NONE',  ( 148.0000000000000284, -2.000000000000000000, -39.60000000000002984 ) ) ;
#2185 = ADVANCED_FACE ( 'NONE', ( #5459, #3678 ), #1944, .T. ) ;
#2186 = AXIS2_PLACEMENT_3D ( 'NONE', #757, #77, #194 ) ;
#2187 = ORIENTED_EDGE ( 'NONE', *, *, #5443, .F. ) ;
#2188 = VECTOR ( 'NONE', #1322, 1000.000000000000000 ) ;
#2189 = EDGE_CURVE ( 'NONE', #6390, #1833, #6011, .T. ) ;
#2190 = CARTESIAN_POINT ( 'NONE',  ( 21.99999999999999645, 8.000000000000000000, -110.2500000000000426 ) ) ;
#2191 = LINE ( 'NONE', #2696, #3714 ) ;
#2192 = ORIENTED_EDGE ( 'NONE', *, *, #2678, .T. ) ;
#2193 = CARTESIAN_POINT ( 'NONE',  ( 60.11223067122436703, 8.000000000000000000, -55.52942612507517595 ) ) ;
#2194 = PLANE ( 'NONE',  #6746 ) ;
#2195 = ORIENTED_EDGE ( 'NONE', *, *, #3316, .T. ) ;
#2196 = ADVANCED_FACE ( 'NONE', ( #7221 ), #2540, .T. ) ;
#2197 = EDGE_CURVE ( 'NONE', #53, #39, #5339, .T. ) ;
#2198 = CARTESIAN_POINT ( 'NONE',  ( 0.000000000000000000, 8.000000000000000000, 3.500000000000004885 ) ) ;
#2199 = DIRECTION ( 'NONE',  ( -0.4999999999999977240, 0.000000000000000000, 0.8660254037844399289 ) ) ;
#2200 = ORIENTED_EDGE ( 'NONE', *, *, #6381, .F. ) ;
#2201 = DIRECTION ( 'NONE',  ( 0.000000000000000000, 0.000000000000000000, 1.000000000000000000 ) ) ;
#2202 = DIRECTION ( 'NONE',  ( 0.000000000000000000, 1.000000000000000000, -0.000000000000000000 ) ) ;
#2203 = VERTEX_POINT ( 'NONE', #588 ) ;
#2204 = CARTESIAN_POINT ( 'NONE',  ( -2.000000000000007105, 8.000000000000000000, -114.5000000000000426 ) ) ;
#2205 = ADVANCED_FACE ( 'NONE', ( #32 ), #6124, .F. ) ;
#2206 = ORIENTED_EDGE ( 'NONE', *, *, #481, .F. ) ;
#2207 = VECTOR ( 'NONE', #7113, 1000.000000000000000 ) ;
#2208 = CYLINDRICAL_SURFACE ( 'NONE', #3229, 2.000000000000001776 ) ;
#2209 = CARTESIAN_POINT ( 'NONE',  ( 0.000000000000000000, 8.000000000000000000, -162.0000000000000000 ) ) ;
#2210 = DIRECTION ( 'NONE',  ( -0.6696371217971888168, 0.000000000000000000, 0.7426884441750638555 ) ) ;
#2211 = ORIENTED_EDGE ( 'NONE', *, *, #1152, .T. ) ;
#2212 = DIRECTION ( 'NONE',  ( -0.000000000000000000, 1.000000000000000000, -0.000000000000000000 ) ) ;
#2213 = CARTESIAN_POINT ( 'NONE',  ( -2.000000000000015987, 4.000000000000000000, -57.60000000000001563 ) ) ;
#2214 = VECTOR ( 'NONE', #3156, 1000.000000000000000 ) ;
#2215 = ORIENTED_EDGE ( 'NONE', *, *, #4824, .F. ) ;
#2216 = ORIENTED_EDGE ( 'NONE', *, *, #4673, .T. ) ;
#2217 = CIRCLE ( 'NONE', #4340, 2.099999999999990763 ) ;
#2218 = ORIENTED_EDGE ( 'NONE', *, *, #6455, .T. ) ;
#2219 = EDGE_CURVE ( 'NONE', #6106, #5938, #1309, .T. ) ;
#2220 = DIRECTION ( 'NONE',  ( 0.6843142041691716582, 0.000000000000000000, -0.7291872667376422257 ) ) ;
#2221 = DIRECTION ( 'NONE',  ( 0.000000000000000000, 0.000000000000000000, 1.000000000000000000 ) ) ;
#2222 = DIRECTION ( 'NONE',  ( 0.000000000000000000, 0.000000000000000000, 1.000000000000000000 ) ) ;
#2223 = DIRECTION ( 'NONE',  ( 0.000000000000000000, 0.000000000000000000, 1.000000000000000000 ) ) ;
#2224 = CIRCLE ( 'NONE', #7362, 8.000000000000007105 ) ;
#2225 = ORIENTED_EDGE ( 'NONE', *, *, #3217, .T. ) ;
#2226 = EDGE_CURVE ( 'NONE', #6860, #5913, #4347, .T. ) ;
#2227 = CARTESIAN_POINT ( 'NONE',  ( 164.0000000000000000, 0.000000000000000000, -145.5000000000000284 ) ) ;
#2228 = CC_DESIGN_PERSON_AND_ORGANIZATION_ASSIGNMENT ( #4661, #7521, ( #832 ) ) ;
#2229 = AXIS2_PLACEMENT_3D ( 'NONE', #3321, #1511, #1546 ) ;
#2230 = PLANE ( 'NONE',  #267 ) ;
#2231 = DIRECTION ( 'NONE',  ( -0.000000000000000000, -1.000000000000000000, -0.000000000000000000 ) ) ;
#2232 = EDGE_LOOP ( 'NONE', ( #1372, #6930 ) ) ;
#2233 = CARTESIAN_POINT ( 'NONE',  ( 172.0000000000000284, 4.000000000000000000, -128.2500000000000284 ) ) ;
#2234 = CARTESIAN_POINT ( 'NONE',  ( 168.0000000000000000, 8.000000000000000000, -11.20487406521907481 ) ) ;
#2235 = ADVANCED_FACE ( 'NONE', ( #1828 ), #4236, .T. ) ;
#2236 = AXIS2_PLACEMENT_3D ( 'NONE', #6386, #3546, #5360 ) ;
#2237 = ORIENTED_EDGE ( 'NONE', *, *, #2126, .F. ) ;
#2238 = AXIS2_PLACEMENT_3D ( 'NONE', #5717, #331, #1468 ) ;
#2239 = CARTESIAN_POINT ( 'NONE',  ( 148.0000000000000568, 8.000000000000000000, -136.7500000000000284 ) ) ;
#2240 = CYLINDRICAL_SURFACE ( 'NONE', #5108, 2.000000000000001776 ) ;
#2241 = ORIENTED_EDGE ( 'NONE', *, *, #2880, .T. ) ;
#2242 = CARTESIAN_POINT ( 'NONE',  ( -2.000000000000009770, 8.000000000000000000, -132.5000000000000284 ) ) ;
#2244 = DIRECTION ( 'NONE',  ( 0.000000000000000000, 1.000000000000000000, 0.000000000000000000 ) ) ;
#2243 = AXIS2_PLACEMENT_3D ( 'NONE', #6947, #981, #6288 ) ;
#2245 = EDGE_CURVE ( 'NONE', #4249, #7381, #3325, .T. ) ;
#2246 = ORIENTED_EDGE ( 'NONE', *, *, #4108, .T. ) ;
#2247 = LINE ( 'NONE', #7552, #994 ) ;
#2248 = AXIS2_PLACEMENT_3D ( 'NONE', #6853, #4420, #3127 ) ;
#2249 = ORIENTED_EDGE ( 'NONE', *, *, #3810, .F. ) ;
#2250 = DIRECTION ( 'NONE',  ( -0.000000000000000000, 1.000000000000000000, -0.000000000000000000 ) ) ;
#2251 = PLANE ( 'NONE',  #4464 ) ;
#2252 = PLANE ( 'NONE',  #2869 ) ;
#2253 = ADVANCED_FACE ( 'NONE', ( #1439 ), #3884, .F. ) ;
#2254 = ORIENTED_EDGE ( 'NONE', *, *, #471, .F. ) ;
#2255 = AXIS2_PLACEMENT_3D ( 'NONE', #332, #5143, #6349 ) ;
#2256 = CARTESIAN_POINT ( 'NONE',  ( 95.15692193816525446, 5.000000000000000000, -75.00000000000002842 ) ) ;
#2257 = VECTOR ( 'NONE', #2183, 1000.000000000000114 ) ;
#2258 = ORIENTED_EDGE ( 'NONE', *, *, #3204, .T. ) ;
#2259 = EDGE_LOOP ( 'NONE', ( #4952, #7277, #2215, #4847 ) ) ;
#2260 = AXIS2_PLACEMENT_3D ( 'NONE', #3835, #297, #1990 ) ;
#2261 = ORIENTED_EDGE ( 'NONE', *, *, #2928, .T. ) ;
#2262 = CARTESIAN_POINT ( 'NONE',  ( 170.0000000000000000, 6.000000000000000000, -173.5000000000000568 ) ) ;
#2263 = CARTESIAN_POINT ( 'NONE',  ( 172.0000000000000284, -2.000000000000000000, -55.50000000000002842 ) ) ;
#2264 = DIRECTION ( 'NONE',  ( -0.000000000000000000, 1.000000000000000000, -0.000000000000000000 ) ) ;
#2265 = DIRECTION ( 'NONE',  ( 0.000000000000000000, 1.000000000000000000, 0.000000000000000000 ) ) ;
#2266 = ORIENTED_EDGE ( 'NONE', *, *, #6417, .F. ) ;
#2267 = ORIENTED_EDGE ( 'NONE', *, *, #1855, .F. ) ;
#2268 = LINE ( 'NONE', #6943, #3650 ) ;
#2269 = CARTESIAN_POINT ( 'NONE',  ( 170.0000000000000000, 8.000000000000000000, 0.000000000000000000 ) ) ;
#2270 = ORIENTED_EDGE ( 'NONE', *, *, #1018, .T. ) ;
#2271 = LINE ( 'NONE', #3527, #2436 ) ;
#2272 = DIRECTION ( 'NONE',  ( 0.000000000000000000, 0.000000000000000000, 1.000000000000000000 ) ) ;
#2273 = VERTEX_POINT ( 'NONE', #3173 ) ;
#2274 = ADVANCED_FACE ( 'NONE', ( #4395 ), #2661, .T. ) ;
#2275 = CARTESIAN_POINT ( 'NONE',  ( 172.0000000000000284, 4.000000000000000000, -55.50000000000002842 ) ) ;
#2276 = CARTESIAN_POINT ( 'NONE',  ( -4.614611127222605668E-17, 8.000000000000000000, -69.00000000000001421 ) ) ;
#2277 = ORIENTED_EDGE ( 'NONE', *, *, #4803, .F. ) ;
#2278 = CARTESIAN_POINT ( 'NONE',  ( 76.92153903091734435, 5.000000000000000000, -91.39999999999997726 ) ) ;
#2279 = FACE_BOUND ( 'NONE', #1300, .T. ) ;
#2280 = VERTEX_POINT ( 'NONE', #343 ) ;
#2281 = CARTESIAN_POINT ( 'NONE',  ( 0.000000000000000000, 8.000000000000000000, 0.000000000000000000 ) ) ;
#2282 = ADVANCED_FACE ( 'NONE', ( #1404 ), #6822, .F. ) ;
#2283 = EDGE_LOOP ( 'NONE', ( #3837, #4650, #4086, #989 ) ) ;
#2284 = ADVANCED_FACE ( 'NONE', ( #4990 ), #4516, .F. ) ;
#2285 = DIRECTION ( 'NONE',  ( -0.000000000000000000, -1.000000000000000000, -0.000000000000000000 ) ) ;
#2286 = LINE ( 'NONE', #1113, #6479 ) ;
#2287 = PLANE ( 'NONE',  #5702 ) ;
#2288 = EDGE_LOOP ( 'NONE', ( #2171, #3482, #288, #5895 ) ) ;
#2289 = CARTESIAN_POINT ( 'NONE',  ( 170.0000000000000000, 6.000000000000000000, -170.0000000000000000 ) ) ;
#2290 = ORIENTED_EDGE ( 'NONE', *, *, #4227, .T. ) ;
#2291 = EDGE_CURVE ( 'NONE', #1214, #7360, #6946, .T. ) ;
#2292 = ORIENTED_EDGE ( 'NONE', *, *, #1417, .T. ) ;
#2293 = CARTESIAN_POINT ( 'NONE',  ( 168.0000000000000000, 8.000000000000000000, -13.20487406521907481 ) ) ;
#2294 = CARTESIAN_POINT ( 'NONE',  ( 148.0000000000000284, 4.000000000000000000, -35.40000000000004832 ) ) ;
#2295 = FACE_BOUND ( 'NONE', #5776, .T. ) ;
#2296 = DIRECTION ( 'NONE',  ( -0.000000000000000000, 1.000000000000000000, -0.000000000000000000 ) ) ;
#2297 = ORIENTED_EDGE ( 'NONE', *, *, #6682, .F. ) ;
#2298 = ORIENTED_EDGE ( 'NONE', *, *, #5084, .T. ) ;
#2299 = CYLINDRICAL_SURFACE ( 'NONE', #7306, 4.250000000000003553 ) ;
#2300 = DIRECTION ( 'NONE',  ( -0.000000000000000000, 1.000000000000000000, -0.000000000000000000 ) ) ;
#2301 = ORIENTED_EDGE ( 'NONE', *, *, #4869, .T. ) ;
#2302 = CARTESIAN_POINT ( 'NONE',  ( 170.0000000000000000, 8.000000000000000000, -170.0000000000000000 ) ) ;
#2303 = DIRECTION ( 'NONE',  ( 0.000000000000000000, 0.000000000000000000, -1.000000000000000000 ) ) ;
#2304 = ORIENTED_EDGE ( 'NONE', *, *, #6035, .T. ) ;
#2305 = AXIS2_PLACEMENT_3D ( 'NONE', #2430, #791, #1378 ) ;
#2306 = CARTESIAN_POINT ( 'NONE',  ( 148.0000000000000568, 4.000000000000000000, -114.5000000000000426 ) ) ;
#2307 = CIRCLE ( 'NONE', #5336, 2.100000000000004530 ) ;
#2308 = CARTESIAN_POINT ( 'NONE',  ( 9.965654883927005159, 8.000000000000000000, -170.8280837726111372 ) ) ;
#2309 = ORIENTED_EDGE ( 'NONE', *, *, #7354, .T. ) ;
#2310 = DIRECTION ( 'NONE',  ( 0.000000000000000000, 0.000000000000000000, 1.000000000000000000 ) ) ;
#2311 = DIRECTION ( 'NONE',  ( -0.000000000000000000, 1.000000000000000000, -0.000000000000000000 ) ) ;
#2312 = VERTEX_POINT ( 'NONE', #3918 ) ;
#2313 = CYLINDRICAL_SURFACE ( 'NONE', #226, 8.000000000000007105 ) ;
#2314 = AXIS2_PLACEMENT_3D ( 'NONE', #2504, #3094, #4194 ) ;
#2315 = EDGE_CURVE ( 'NONE', #4122, #7716, #6287, .T. ) ;
#2316 = ORIENTED_EDGE ( 'NONE', *, *, #980, .T. ) ;
#2317 = VECTOR ( 'NONE', #5193, 1000.000000000000000 ) ;
#2318 = DIRECTION ( 'NONE',  ( 0.000000000000000000, 1.000000000000000000, 0.000000000000000000 ) ) ;
#2319 = DIRECTION ( 'NONE',  ( 0.000000000000000000, 0.000000000000000000, 1.000000000000000000 ) ) ;
#2320 = CC_DESIGN_DATE_AND_TIME_ASSIGNMENT ( #7598, #1540, ( #382 ) ) ;
#2321 = LINE ( 'NONE', #7162, #1060 ) ;
#2322 = ORIENTED_EDGE ( 'NONE', *, *, #503, .F. ) ;
#2323 = DIRECTION ( 'NONE',  ( -0.6843142041691716582, -0.000000000000000000, 0.7291872667376422257 ) ) ;
#2324 = EDGE_CURVE ( 'NONE', #5882, #2280, #940, .T. ) ;
#2325 = AXIS2_PLACEMENT_3D ( 'NONE', #650, #6100, #3627 ) ;
#2326 = ORIENTED_EDGE ( 'NONE', *, *, #3544, .F. ) ;
#2327 = ORIENTED_EDGE ( 'NONE', *, *, #3522, .F. ) ;
#2328 = AXIS2_PLACEMENT_3D ( 'NONE', #2633, #5662, #3177 ) ;
#2329 = CARTESIAN_POINT ( 'NONE',  ( 0.000000000000000000, -28.74456470360965810, -145.5000000000000284 ) ) ;
#2330 = DIRECTION ( 'NONE',  ( 0.000000000000000000, 0.000000000000000000, 1.000000000000000000 ) ) ;
#2331 = CARTESIAN_POINT ( 'NONE',  ( 21.99999999999998579, 0.000000000000000000, -35.40000000000002700 ) ) ;
#2332 = CARTESIAN_POINT ( 'NONE',  ( 142.0000000000000568, 8.000000000000000000, -62.50000000000002842 ) ) ;
#2333 = ADVANCED_FACE ( 'NONE', ( #3838, #224 ), #936, .T. ) ;
#2334 = VERTEX_POINT ( 'NONE', #2627 ) ;
#2335 = VECTOR ( 'NONE', #1219, 1000.000000000000000 ) ;
#2336 = EDGE_LOOP ( 'NONE', ( #6645, #1141, #3499, #2763, #705, #3042, #470, #4817, #5249, #7592, #5832, #5817, #5428, #1429, #7560, #1138, #7334, #4235, #5433, #410, #5544, #502, #2389, #3521 ) ) ;
#2337 = CARTESIAN_POINT ( 'NONE',  ( 21.99999999999999645, 4.000000000000000000, -114.5000000000000426 ) ) ;
#2338 = LINE ( 'NONE', #1675, #4483 ) ;
#2339 = ORIENTED_EDGE ( 'NONE', *, *, #2977, .T. ) ;
#2340 = LINE ( 'NONE', #466, #54 ) ;
#2341 = CARTESIAN_POINT ( 'NONE',  ( 170.0000000000000000, 8.000000000000000000, -8.000000000000012434 ) ) ;
#2342 = CIRCLE ( 'NONE', #4473, 2.099999999999997868 ) ;
#2343 = ADVANCED_FACE ( 'NONE', ( #5034 ), #1482, .F. ) ;
#2344 = VECTOR ( 'NONE', #2250, 1000.000000000000000 ) ;
#2345 = ORIENTED_EDGE ( 'NONE', *, *, #518, .F. ) ;
#2346 = AXIS2_PLACEMENT_3D ( 'NONE', #5926, #1132, #5341 ) ;
#2347 = CIRCLE ( 'NONE', #723, 2.100000000000004530 ) ;
#2348 = CARTESIAN_POINT ( 'NONE',  ( 21.99999999999998224, 4.000000000000000000, -51.25000000000001421 ) ) ;
#2349 = CARTESIAN_POINT ( 'NONE',  ( 81.98784867335363913, 0.000000000000000000, -65.00000000000002842 ) ) ;
#2350 = VERTEX_POINT ( 'NONE', #6167 ) ;
#2351 = DIRECTION ( 'NONE',  ( -0.000000000000000000, -1.000000000000000000, -0.000000000000000000 ) ) ;
#2352 = CARTESIAN_POINT ( 'NONE',  ( 41.51140621703041944, 8.000000000000000000, -69.00000000000001421 ) ) ;
#2353 = ORIENTED_EDGE ( 'NONE', *, *, #5182, .T. ) ;
#2354 = VECTOR ( 'NONE', #1083, 1000.000000000000000 ) ;
#2355 = ORIENTED_EDGE ( 'NONE', *, *, #4972, .T. ) ;
#2356 = AXIS2_PLACEMENT_3D ( 'NONE', #3109, #1337, #1299 ) ;
#2357 = VECTOR ( 'NONE', #425, 1000.000000000000227 ) ;
#2358 = DIRECTION ( 'NONE',  ( 0.000000000000000000, 1.000000000000000000, 0.000000000000000000 ) ) ;
#2359 = DIRECTION ( 'NONE',  ( 0.000000000000000000, 0.000000000000000000, 1.000000000000000000 ) ) ;
#2360 = ORIENTED_EDGE ( 'NONE', *, *, #6815, .F. ) ;
#2361 = CARTESIAN_POINT ( 'NONE',  ( 31.48537688835016723, 0.000000000000000000, -42.92014527617017450 ) ) ;
#2362 = EDGE_LOOP ( 'NONE', ( #2070, #7710, #3271, #4765 ) ) ;
#2363 = DIRECTION ( 'NONE',  ( 0.000000000000000000, 1.000000000000000000, 0.000000000000000000 ) ) ;
#2364 = AXIS2_PLACEMENT_3D ( 'NONE', #4981, #6111, #7291 ) ;
#2365 = EDGE_LOOP ( 'NONE', ( #5481, #19, #3921, #2076, #1562, #7039 ) ) ;
#2366 = ORIENTED_EDGE ( 'NONE', *, *, #7621, .T. ) ;
#2367 = ADVANCED_FACE ( 'NONE', ( #3334 ), #5575, .F. ) ;
#2368 = VECTOR ( 'NONE', #5060, 1000.000000000000000 ) ;
#2369 = DIRECTION ( 'NONE',  ( 0.000000000000000000, 1.000000000000000000, 0.000000000000000000 ) ) ;
#2370 = DIRECTION ( 'NONE',  ( 0.000000000000000000, -1.000000000000000000, -0.000000000000000000 ) ) ;
#2371 = DIRECTION ( 'NONE',  ( 0.000000000000000000, 1.000000000000000000, 0.000000000000000000 ) ) ;
#2372 = CARTESIAN_POINT ( 'NONE',  ( 86.84307806183461764, 5.000000000000000000, -74.99999999999998579 ) ) ;
#2373 = AXIS2_PLACEMENT_3D ( 'NONE', #3440, #1013, #5838 ) ;
#2374 = ORIENTED_EDGE ( 'NONE', *, *, #2919, .F. ) ;
#2375 = VERTEX_POINT ( 'NONE', #4429 ) ;
#2376 = EDGE_CURVE ( 'NONE', #3644, #4297, #3692, .T. ) ;
#2377 = EDGE_CURVE ( 'NONE', #7224, #4172, #186, .T. ) ;
#2378 = CYLINDRICAL_SURFACE ( 'NONE', #617, 4.250000000000003553 ) ;
#2379 = DIRECTION ( 'NONE',  ( -0.000000000000000000, -1.000000000000000000, -0.000000000000000000 ) ) ;
#2380 = APPROVAL_PERSON_ORGANIZATION ( #2719, #835, #5751 ) ;
#2381 = VERTEX_POINT ( 'NONE', #6322 ) ;
#2382 = CARTESIAN_POINT ( 'NONE',  ( 172.0000000000000284, 4.000000000000000000, -33.25000000000003553 ) ) ;
#2383 = DIRECTION ( 'NONE',  ( 0.000000000000000000, 0.000000000000000000, 1.000000000000000000 ) ) ;
#2384 = AXIS2_PLACEMENT_3D ( 'NONE', #6219, #3396, #403 ) ;
#2385 = ORIENTED_EDGE ( 'NONE', *, *, #5414, .F. ) ;
#2386 = EDGE_CURVE ( 'NONE', #7289, #2499, #6344, .T. ) ;
#2387 = DIRECTION ( 'NONE',  ( 0.000000000000000000, 0.000000000000000000, 1.000000000000000000 ) ) ;
#2388 = LINE ( 'NONE', #4796, #4735 ) ;
#2389 = ORIENTED_EDGE ( 'NONE', *, *, #1599, .F. ) ;
#2390 = DIRECTION ( 'NONE',  ( 0.000000000000000000, 0.000000000000000000, 1.000000000000000000 ) ) ;
#2391 = CARTESIAN_POINT ( 'NONE',  ( 158.1337718589785197, 8.000000000000000000, -21.16072575640564324 ) ) ;
#2392 = ORIENTED_EDGE ( 'NONE', *, *, #1145, .F. ) ;
#2393 = ORIENTED_EDGE ( 'NONE', *, *, #6171, .T. ) ;
#2394 = ADVANCED_FACE ( 'NONE', ( #7617 ), #2781, .F. ) ;
#2395 = DIRECTION ( 'NONE',  ( 0.000000000000000000, 0.000000000000000000, -1.000000000000000000 ) ) ;
#2396 = CARTESIAN_POINT ( 'NONE',  ( -17.96291351629733413, 3.000000000000000000, -137.2499999999999716 ) ) ;
#2397 = VERTEX_POINT ( 'NONE', #5272 ) ;
#2398 = CARTESIAN_POINT ( 'NONE',  ( 78.99999999999997158, -2.000000000000000000, -77.10000000000000853 ) ) ;
#2399 = ORIENTED_EDGE ( 'NONE', *, *, #895, .T. ) ;
#2400 = DIRECTION ( 'NONE',  ( 0.000000000000000000, 1.000000000000000000, 0.000000000000000000 ) ) ;
#2401 = ORIENTED_EDGE ( 'NONE', *, *, #7515, .T. ) ;
#2402 = EDGE_CURVE ( 'NONE', #3069, #3644, #1022, .T. ) ;
#2403 = VERTEX_POINT ( 'NONE', #5848 ) ;
#2404 = CARTESIAN_POINT ( 'NONE',  ( 170.0000000000000000, 6.000000000000000000, -170.0000000000000000 ) ) ;
#2405 = DIRECTION ( 'NONE',  ( -0.000000000000000000, 1.000000000000000000, -0.000000000000000000 ) ) ;
#2406 = DIRECTION ( 'NONE',  ( 0.000000000000000000, 0.000000000000000000, 1.000000000000000000 ) ) ;
#2407 = DIRECTION ( 'NONE',  ( 0.000000000000000000, 1.000000000000000000, 0.000000000000000000 ) ) ;
#2408 = EDGE_CURVE ( 'NONE', #1833, #3702, #2340, .T. ) ;
#2409 = ORIENTED_EDGE ( 'NONE', *, *, #555, .F. ) ;
#2410 = EDGE_LOOP ( 'NONE', ( #4147, #4695, #103, #1526 ) ) ;
#2411 = CARTESIAN_POINT ( 'NONE',  ( -2.000000000000013767, 4.000000000000000000, -37.50000000000002842 ) ) ;
#2412 = DIRECTION ( 'NONE',  ( 0.000000000000000000, 1.000000000000000000, 0.000000000000000000 ) ) ;
#2413 = ORIENTED_EDGE ( 'NONE', *, *, #956, .T. ) ;
#2414 = EDGE_CURVE ( 'NONE', #4579, #4317, #3415, .T. ) ;
#2415 = CARTESIAN_POINT ( 'NONE',  ( 172.0000000000000284, -2.000000000000000000, -134.6000000000000227 ) ) ;
#2416 = LINE ( 'NONE', #1646, #1989 ) ;
#2417 = EDGE_CURVE ( 'NONE', #1506, #1962, #1071, .T. ) ;
#2418 = EDGE_LOOP ( 'NONE', ( #707, #1066, #3855, #5300 ) ) ;
#2419 = CARTESIAN_POINT ( 'NONE',  ( -15.88445254721469801, 3.000000000000000000, -133.6500000000000057 ) ) ;
#2420 = CARTESIAN_POINT ( 'NONE',  ( 124.0324631179192352, 0.000000000000000000, -111.0178227307831804 ) ) ;
#2421 = ORIENTED_EDGE ( 'NONE', *, *, #7759, .F. ) ;
#2422 = DIRECTION ( 'NONE',  ( 1.224646799147352221E-16, 0.000000000000000000, -1.000000000000000000 ) ) ;
#2423 = DIRECTION ( 'NONE',  ( -0.000000000000000000, -1.000000000000000000, -0.000000000000000000 ) ) ;
#2424 = ORIENTED_EDGE ( 'NONE', *, *, #7322, .F. ) ;
#2425 = EDGE_CURVE ( 'NONE', #2203, #5835, #4679, .T. ) ;
#2426 = EDGE_LOOP ( 'NONE', ( #1356, #6166, #3680, #3554 ) ) ;
#2427 = CARTESIAN_POINT ( 'NONE',  ( 88.01215132664637508, 0.000000000000000000, -35.00000000000002842 ) ) ;
#2428 = CARTESIAN_POINT ( 'NONE',  ( 88.01215132664637508, 8.000000000000000000, -65.00000000000002842 ) ) ;
#2429 = ORIENTED_EDGE ( 'NONE', *, *, #299, .T. ) ;
#2430 = CARTESIAN_POINT ( 'NONE',  ( -2.000000000000009770, 4.000000000000000000, -132.5000000000000284 ) ) ;
#2431 = CIRCLE ( 'NONE', #3446, 2.100000000000004530 ) ;
#2432 = VERTEX_POINT ( 'NONE', #2863 ) ;
#2433 = CARTESIAN_POINT ( 'NONE',  ( -2.000000000000006661, 4.000000000000000000, -118.7500000000000568 ) ) ;
#2434 = EDGE_CURVE ( 'NONE', #5995, #2178, #7580, .T. ) ;
#2435 = ORIENTED_EDGE ( 'NONE', *, *, #4187, .F. ) ;
#2436 = VECTOR ( 'NONE', #4076, 999.9999999999998863 ) ;
#2437 = LINE ( 'NONE', #6762, #187 ) ;
#2438 = DIRECTION ( 'NONE',  ( -0.000000000000000000, -1.000000000000000000, -0.000000000000000000 ) ) ;
#2439 = CARTESIAN_POINT ( 'NONE',  ( -19.80599157813204059, 8.000000000000000000, -119.0000000000000142 ) ) ;
#2440 = CARTESIAN_POINT ( 'NONE',  ( 28.00000000000003908, 0.000000000000000000, -63.00000000000001421 ) ) ;
#2441 = DIRECTION ( 'NONE',  ( 0.000000000000000000, 1.000000000000000000, 0.000000000000000000 ) ) ;
#2442 = CIRCLE ( 'NONE', #3459, 4.250000000000003553 ) ;
#2443 = VERTEX_POINT ( 'NONE', #7695 ) ;
#2444 = EDGE_CURVE ( 'NONE', #6135, #6389, #2271, .T. ) ;
#2445 = VECTOR ( 'NONE', #1073, 1000.000000000000000 ) ;
#2446 = ORIENTED_EDGE ( 'NONE', *, *, #7511, .T. ) ;
#2447 = AXIS2_PLACEMENT_3D ( 'NONE', #5170, #7556, #2010 ) ;
#2448 = DIRECTION ( 'NONE',  ( 0.000000000000000000, 0.000000000000000000, 1.000000000000000000 ) ) ;
#2449 = EDGE_LOOP ( 'NONE', ( #1284, #4264, #7491, #935 ) ) ;
#2450 = CYLINDRICAL_SURFACE ( 'NONE', #4451, 6.000000000000005329 ) ;
#2451 = CYLINDRICAL_SURFACE ( 'NONE', #3869, 4.250000000000003553 ) ;
#2452 = DIRECTION ( 'NONE',  ( -0.000000000000000000, 1.000000000000000000, -0.000000000000000000 ) ) ;
#2453 = AXIS2_PLACEMENT_3D ( 'NONE', #1491, #5237, #5778 ) ;
#2454 = ORIENTED_EDGE ( 'NONE', *, *, #5274, .F. ) ;
#2455 = EDGE_CURVE ( 'NONE', #6995, #7778, #5089, .T. ) ;
#2456 = AXIS2_PLACEMENT_3D ( 'NONE', #6782, #6740, #3054 ) ;
#2457 = DIRECTION ( 'NONE',  ( -0.000000000000000000, -1.000000000000000000, -0.000000000000000000 ) ) ;
#2458 = PLANE ( 'NONE',  #5111 ) ;
#2459 = ADVANCED_FACE ( 'NONE', ( #2937 ), #6475, .F. ) ;
#2460 = ORIENTED_EDGE ( 'NONE', *, *, #142, .F. ) ;
#2461 = DIRECTION ( 'NONE',  ( 0.000000000000000000, 1.000000000000000000, 0.000000000000000000 ) ) ;
#2462 = FACE_BOUND ( 'NONE', #7036, .T. ) ;
#2463 = ORIENTED_EDGE ( 'NONE', *, *, #7750, .F. ) ;
#2464 = ORIENTED_EDGE ( 'NONE', *, *, #5122, .T. ) ;
#2465 = CIRCLE ( 'NONE', #6862, 2.100000000000004530 ) ;
#2466 = VECTOR ( 'NONE', #7389, 1000.000000000000114 ) ;
#2467 = VECTOR ( 'NONE', #1538, 1000.000000000000000 ) ;
#2468 = CARTESIAN_POINT ( 'NONE',  ( 0.000000000000000000, 8.000000000000000000, 0.000000000000000000 ) ) ;
#2469 = CARTESIAN_POINT ( 'NONE',  ( 170.0000000000000000, 0.000000000000000000, -167.9000000000000341 ) ) ;
#2470 = EDGE_CURVE ( 'NONE', #542, #53, #6986, .T. ) ;
#2471 = ORIENTED_EDGE ( 'NONE', *, *, #2165, .F. ) ;
#2472 = DIRECTION ( 'NONE',  ( 0.000000000000000000, 0.000000000000000000, 1.000000000000000000 ) ) ;
#2473 = VERTEX_POINT ( 'NONE', #5306 ) ;
#2474 = DIRECTION ( 'NONE',  ( -0.000000000000000000, -1.000000000000000000, -0.000000000000000000 ) ) ;
#2475 = AXIS2_PLACEMENT_3D ( 'NONE', #6303, #7596, #2210 ) ;
#2476 = CIRCLE ( 'NONE', #2236, 4.250000000000003553 ) ;
#2477 = ORIENTED_EDGE ( 'NONE', *, *, #1561, .T. ) ;
#2478 = VECTOR ( 'NONE', #2753, 1000.000000000000000 ) ;
#2479 = ORIENTED_EDGE ( 'NONE', *, *, #2775, .F. ) ;
#2480 = DIRECTION ( 'NONE',  ( 0.000000000000000000, 0.000000000000000000, 1.000000000000000000 ) ) ;
#2481 = EDGE_CURVE ( 'NONE', #6640, #412, #3573, .T. ) ;
#2482 = CARTESIAN_POINT ( 'NONE',  ( 90.99999999999997158, 5.000000000000000000, -77.10000000000000853 ) ) ;
#2483 = CIRCLE ( 'NONE', #2995, 4.250000000000003553 ) ;
#2484 = DIRECTION ( 'NONE',  ( -0.000000000000000000, 1.000000000000000000, -0.000000000000000000 ) ) ;
#2485 = CARTESIAN_POINT ( 'NONE',  ( 9.965654883927005159, 8.000000000000000000, -170.8280837726111372 ) ) ;
#2486 = AXIS2_PLACEMENT_3D ( 'NONE', #5930, #6517, #1678 ) ;
#2487 = ORIENTED_EDGE ( 'NONE', *, *, #7238, .F. ) ;
#2488 = AXIS2_PLACEMENT_3D ( 'NONE', #4748, #4818, #5998 ) ;
#2489 = AXIS2_PLACEMENT_3D ( 'NONE', #7448, #3910, #4461 ) ;
#2490 = ORIENTED_EDGE ( 'NONE', *, *, #4507, .T. ) ;
#2491 = LINE ( 'NONE', #4977, #6375 ) ;
#2492 = ADVANCED_FACE ( 'NONE', ( #7143 ), #7101, .F. ) ;
#2493 = CARTESIAN_POINT ( 'NONE',  ( -8.000000000000000000, 0.000000000000000000, 5.586370142149013368E-14 ) ) ;
#2494 = ORIENTED_EDGE ( 'NONE', *, *, #3582, .F. ) ;
#2495 = DIRECTION ( 'NONE',  ( 0.000000000000000000, 0.000000000000000000, -1.000000000000000000 ) ) ;
#2496 = FACE_OUTER_BOUND ( 'NONE', #7185, .T. ) ;
#2497 = CARTESIAN_POINT ( 'NONE',  ( 21.99999999999998579, 4.000000000000000000, -37.50000000000002842 ) ) ;
#2498 = AXIS2_PLACEMENT_3D ( 'NONE', #16, #4102, #5989 ) ;
#2499 = VERTEX_POINT ( 'NONE', #5231 ) ;
#2500 = CC_DESIGN_APPROVAL ( #835, ( #382 ) ) ;
#2501 = CARTESIAN_POINT ( 'NONE',  ( 170.0000000000000000, 6.000000000000000000, 0.000000000000000000 ) ) ;
#2502 = DIRECTION ( 'NONE',  ( -0.000000000000000000, -1.000000000000000000, -0.000000000000000000 ) ) ;
#2503 = ORIENTED_EDGE ( 'NONE', *, *, #5788, .T. ) ;
#2504 = CARTESIAN_POINT ( 'NONE',  ( 21.99999999999999289, 4.000000000000000000, -132.5000000000000284 ) ) ;
#2505 = FACE_BOUND ( 'NONE', #7173, .T. ) ;
#2506 = VERTEX_POINT ( 'NONE', #2233 ) ;
#2507 = VERTEX_POINT ( 'NONE', #1056 ) ;
#2508 = EDGE_CURVE ( 'NONE', #7152, #3297, #5965, .T. ) ;
#2509 = VECTOR ( 'NONE', #6319, 1000.000000000000000 ) ;
#2510 = CARTESIAN_POINT ( 'NONE',  ( 45.96753688208080746, 0.000000000000000000, -58.98217726921688353 ) ) ;
#2511 = LINE ( 'NONE', #673, #709 ) ;
#2512 = ORIENTED_EDGE ( 'NONE', *, *, #4187, .T. ) ;
#2513 = CARTESIAN_POINT ( 'NONE',  ( 148.0000000000000568, 4.000000000000000000, -132.5000000000000284 ) ) ;
#2514 = ORIENTED_EDGE ( 'NONE', *, *, #1194, .F. ) ;
#2515 = ADVANCED_FACE ( 'NONE', ( #4113 ), #3956, .F. ) ;
#2516 = CARTESIAN_POINT ( 'NONE',  ( 172.0000000000000284, 4.000000000000000000, -114.5000000000000426 ) ) ;
#2517 = EDGE_CURVE ( 'NONE', #303, #451, #5381, .T. ) ;
#2518 = ORIENTED_EDGE ( 'NONE', *, *, #4641, .T. ) ;
#2519 = EDGE_LOOP ( 'NONE', ( #3721, #2123, #2270, #1258, #1917, #1104 ) ) ;
#2520 = CARTESIAN_POINT ( 'NONE',  ( 128.4885937829696161, 8.000000000000000000, -101.0000000000000284 ) ) ;
#2521 = CARTESIAN_POINT ( 'NONE',  ( -9.649069639966763035, 3.000000000000000000, -137.2500000000000284 ) ) ;
#2522 =( NAMED_UNIT ( * ) PLANE_ANGLE_UNIT ( ) SI_UNIT ( $, .RADIAN. ) );
#2523 = CARTESIAN_POINT ( 'NONE',  ( -11.72753060904939559, 3.000000000000000000, -126.3499999999999659 ) ) ;
#2524 = CARTESIAN_POINT ( 'NONE',  ( 0.000000000000000000, 8.000000000000000000, -170.0000000000000000 ) ) ;
#2525 = EDGE_CURVE ( 'NONE', #4566, #4249, #1782, .T. ) ;
#2526 = ORIENTED_EDGE ( 'NONE', *, *, #6391, .T. ) ;
#2527 = ORIENTED_EDGE ( 'NONE', *, *, #2890, .T. ) ;
#2528 = FACE_BOUND ( 'NONE', #5550, .T. ) ;
#2529 = CARTESIAN_POINT ( 'NONE',  ( 8.507280350451706497, 0.000000000000000000, -169.4594553642727988 ) ) ;
#2530 = VERTEX_POINT ( 'NONE', #2382 ) ;
#2531 = DIRECTION ( 'NONE',  ( 0.000000000000000000, 1.000000000000000000, 0.000000000000000000 ) ) ;
#2532 = DIRECTION ( 'NONE',  ( 0.000000000000000000, 0.000000000000000000, 1.000000000000000000 ) ) ;
#2533 = CARTESIAN_POINT ( 'NONE',  ( 172.0000000000000284, 4.000000000000000000, -114.5000000000000426 ) ) ;
#2534 = EDGE_CURVE ( 'NONE', #7646, #3576, #1898, .T. ) ;
#2535 = VERTEX_POINT ( 'NONE', #3048 ) ;
#2536 = ADVANCED_FACE ( 'NONE', ( #7290 ), #693, .F. ) ;
#2537 = DIRECTION ( 'NONE',  ( -0.000000000000000000, -1.000000000000000000, -0.000000000000000000 ) ) ;
#2538 = LINE ( 'NONE', #743, #5610 ) ;
#2539 = VERTEX_POINT ( 'NONE', #1244 ) ;
#2540 = PLANE ( 'NONE',  #304 ) ;
#2541 = FACE_OUTER_BOUND ( 'NONE', #4274, .T. ) ;
#2542 = ORIENTED_EDGE ( 'NONE', *, *, #3116, .F. ) ;
#2543 = VERTEX_POINT ( 'NONE', #3082 ) ;
#2544 = CARTESIAN_POINT ( 'NONE',  ( 148.0000000000000284, 4.000000000000000000, -33.25000000000003553 ) ) ;
#2545 = PLANE ( 'NONE',  #1217 ) ;
#2546 = CARTESIAN_POINT ( 'NONE',  ( -2.000000000000015987, 0.000000000000000000, -57.60000000000001563 ) ) ;
#2547 = ORIENTED_EDGE ( 'NONE', *, *, #2054, .T. ) ;
#2548 = CARTESIAN_POINT ( 'NONE',  ( 2.571758278209441957E-16, 6.000000000000000000, 2.100000000000000089 ) ) ;
#2549 = ADVANCED_FACE ( 'NONE', ( #6583 ), #4791, .F. ) ;
#2550 = ORIENTED_EDGE ( 'NONE', *, *, #2663, .F. ) ;
#2551 = CARTESIAN_POINT ( 'NONE',  ( 81.98784867335363913, 0.000000000000000000, -35.00000000000002842 ) ) ;
#2552 = AXIS2_PLACEMENT_3D ( 'NONE', #7637, #1734, #526 ) ;
#2553 = ORIENTED_EDGE ( 'NONE', *, *, #4088, .T. ) ;
#2554 = EDGE_CURVE ( 'NONE', #1785, #4801, #4302, .T. ) ;
#2555 = AXIS2_PLACEMENT_3D ( 'NONE', #7382, #7496, #5727 ) ;
#2556 = DIRECTION ( 'NONE',  ( -0.000000000000000000, 1.000000000000000000, -0.000000000000000000 ) ) ;
#2557 = DIRECTION ( 'NONE',  ( -0.000000000000000000, 1.000000000000000000, -0.000000000000000000 ) ) ;
#2558 = LINE ( 'NONE', #2012, #6911 ) ;
#2559 = DIRECTION ( 'NONE',  ( 0.000000000000000000, 0.000000000000000000, 1.000000000000000000 ) ) ;
#2560 = ADVANCED_FACE ( 'NONE', ( #7251 ), #624, .T. ) ;
#2561 = DIRECTION ( 'NONE',  ( 0.000000000000000000, 0.000000000000000000, 1.000000000000000000 ) ) ;
#2562 = CARTESIAN_POINT ( 'NONE',  ( -13.80599157813204059, 8.000000000000000000, -122.7500000000000000 ) ) ;
#2563 = CARTESIAN_POINT ( 'NONE',  ( 21.99999999999999645, -2.000000000000000000, -116.6000000000000512 ) ) ;
#2564 = ORIENTED_EDGE ( 'NONE', *, *, #4430, .F. ) ;
#2565 = EDGE_LOOP ( 'NONE', ( #3311, #7049 ) ) ;
#2566 = ADVANCED_FACE ( 'NONE', ( #99 ), #4184, .F. ) ;
#2567 = EDGE_LOOP ( 'NONE', ( #1874, #1792 ) ) ;
#2568 = CYLINDRICAL_SURFACE ( 'NONE', #5372, 2.000000000000001776 ) ;
#2569 = EDGE_CURVE ( 'NONE', #901, #4943, #6702, .T. ) ;
#2570 = CARTESIAN_POINT ( 'NONE',  ( 159.6191487473286656, 0.000000000000000000, -24.50000000000002132 ) ) ;
#2571 = ORIENTED_EDGE ( 'NONE', *, *, #3107, .T. ) ;
#2572 = CARTESIAN_POINT ( 'NONE',  ( 21.99999999999999645, 4.000000000000000000, -114.5000000000000426 ) ) ;
#2573 = CARTESIAN_POINT ( 'NONE',  ( 140.0000000000000284, -63.63175307973214956, -44.25941951976449218 ) ) ;
#2574 = DIRECTION ( 'NONE',  ( -0.000000000000000000, -1.000000000000000000, -0.000000000000000000 ) ) ;
#2575 = VERTEX_POINT ( 'NONE', #1819 ) ;
#2576 = VECTOR ( 'NONE', #3323, 1000.000000000000000 ) ;
#2577 = DIRECTION ( 'NONE',  ( 0.000000000000000000, 0.000000000000000000, 1.000000000000000000 ) ) ;
#2578 = CARTESIAN_POINT ( 'NONE',  ( 93.07846096908259881, 8.000000000000000000, -71.39999999999999147 ) ) ;
#2579 = ADVANCED_FACE ( 'NONE', ( #4907 ), #6001, .F. ) ;
#2580 = ORIENTED_EDGE ( 'NONE', *, *, #6758, .T. ) ;
#2581 = DIRECTION ( 'NONE',  ( 0.000000000000000000, 0.000000000000000000, -1.000000000000000000 ) ) ;
#2582 = FACE_BOUND ( 'NONE', #120, .T. ) ;
#2583 = AXIS2_PLACEMENT_3D ( 'NONE', #4954, #7425, #5227 ) ;
#2584 = ADVANCED_FACE ( 'NONE', ( #1755 ), #2450, .F. ) ;
#2585 = ORIENTED_EDGE ( 'NONE', *, *, #7750, .T. ) ;
#2586 = AXIS2_PLACEMENT_3D ( 'NONE', #1333, #3179, #4280 ) ;
#2587 = DIRECTION ( 'NONE',  ( 0.000000000000000000, 0.000000000000000000, 1.000000000000000000 ) ) ;
#2588 = AXIS2_PLACEMENT_3D ( 'NONE', #4209, #3036, #6714 ) ;
#2589 = LINE ( 'NONE', #5694, #2466 ) ;
#2590 = LINE ( 'NONE', #7390, #5361 ) ;
#2591 = ORIENTED_EDGE ( 'NONE', *, *, #3699, .F. ) ;
#2592 = CARTESIAN_POINT ( 'NONE',  ( 172.0000000000000284, 4.000000000000000000, -59.75000000000003553 ) ) ;
#2593 = EDGE_CURVE ( 'NONE', #4481, #2159, #7721, .T. ) ;
#2594 = ORIENTED_EDGE ( 'NONE', *, *, #7481, .T. ) ;
#2595 = CARTESIAN_POINT ( 'NONE',  ( 31.48537688835013881, 0.000000000000000000, -127.0798547238298823 ) ) ;
#2596 = AXIS2_PLACEMENT_3D ( 'NONE', #5688, #6864, #6356 ) ;
#2597 = CIRCLE ( 'NONE', #4858, 2.000000000000001776 ) ;
#2598 = EDGE_LOOP ( 'NONE', ( #607, #3417, #2503, #5271 ) ) ;
#2599 = AXIS2_PLACEMENT_3D ( 'NONE', #4181, #4633, #6581 ) ;
#2600 = DIRECTION ( 'NONE',  ( 0.000000000000000000, 0.000000000000000000, 1.000000000000000000 ) ) ;
#2601 = DIRECTION ( 'NONE',  ( 0.000000000000000000, 0.000000000000000000, 1.000000000000000000 ) ) ;
#2602 = PLANE ( 'NONE',  #5 ) ;
#2603 = CARTESIAN_POINT ( 'NONE',  ( -11.72753060904939559, 3.000000000000000000, -126.3499999999999659 ) ) ;
#2604 = LINE ( 'NONE', #4449, #1077 ) ;
#2605 = DIRECTION ( 'NONE',  ( 0.000000000000000000, 0.000000000000000000, 1.000000000000000000 ) ) ;
#2606 = AXIS2_PLACEMENT_3D ( 'NONE', #5403, #7275, #759 ) ;
#2607 = VECTOR ( 'NONE', #3200, 1000.000000000000000 ) ;
#2608 = ORIENTED_EDGE ( 'NONE', *, *, #7679, .F. ) ;
#2609 = ORIENTED_EDGE ( 'NONE', *, *, #4705, .F. ) ;
#2610 = EDGE_CURVE ( 'NONE', #6004, #6346, #6833, .T. ) ;
#2611 = ORIENTED_EDGE ( 'NONE', *, *, #1216, .T. ) ;
#2612 = AXIS2_PLACEMENT_3D ( 'NONE', #2289, #4696, #7082 ) ;
#2613 = DIRECTION ( 'NONE',  ( -0.000000000000000000, 1.000000000000000000, -0.000000000000000000 ) ) ;
#2614 = DIRECTION ( 'NONE',  ( 0.6696371217971889278, 0.000000000000000000, -0.7426884441750637444 ) ) ;
#2615 = DIRECTION ( 'NONE',  ( 0.000000000000000000, 0.000000000000000000, 1.000000000000000000 ) ) ;
#2616 = FACE_OUTER_BOUND ( 'NONE', #1535, .T. ) ;
#2617 = DIRECTION ( 'NONE',  ( 0.000000000000000000, 0.000000000000000000, 1.000000000000000000 ) ) ;
#2618 = EDGE_CURVE ( 'NONE', #7125, #5363, #2948, .T. ) ;
#2619 = AXIS2_PLACEMENT_3D ( 'NONE', #2124, #6178, #2041 ) ;
#2620 = VERTEX_POINT ( 'NONE', #6550 ) ;
#2621 = VECTOR ( 'NONE', #2145, 1000.000000000000000 ) ;
#2622 = ADVANCED_FACE ( 'NONE', ( #1166 ), #3558, .F. ) ;
#2623 = LINE ( 'NONE', #180, #517 ) ;
#2624 = LINE ( 'NONE', #5063, #3480 ) ;
#2625 = CIRCLE ( 'NONE', #869, 4.000000000000003553 ) ;
#2626 = ORIENTED_EDGE ( 'NONE', *, *, #7012, .T. ) ;
#2627 = CARTESIAN_POINT ( 'NONE',  ( 21.99999999999999645, 4.000000000000000000, -116.6000000000000512 ) ) ;
#2629 = FACE_OUTER_BOUND ( 'NONE', #7697, .T. ) ;
#2628 = CIRCLE ( 'NONE', #240, 2.000000000000001776 ) ;
#2630 = VERTEX_POINT ( 'NONE', #4385 ) ;
#2631 = ADVANCED_FACE ( 'NONE', ( #1513 ), #6731, .F. ) ;
#2632 = AXIS2_PLACEMENT_3D ( 'NONE', #6804, #4371, #6220 ) ;
#2633 = CARTESIAN_POINT ( 'NONE',  ( 0.000000000000000000, 8.000000000000000000, -170.0000000000000000 ) ) ;
#2634 = CARTESIAN_POINT ( 'NONE',  ( 148.0000000000000284, 4.000000000000000000, -37.50000000000004263 ) ) ;
#2635 = CARTESIAN_POINT ( 'NONE',  ( 168.0000000000000000, 8.000000000000000000, -13.20487406521907481 ) ) ;
#2636 = ORIENTED_EDGE ( 'NONE', *, *, #1188, .T. ) ;
#2637 = LINE ( 'NONE', #6329, #1426 ) ;
#2638 = ORIENTED_EDGE ( 'NONE', *, *, #4108, .F. ) ;
#2639 = DIRECTION ( 'NONE',  ( -0.000000000000000000, -1.000000000000000000, -0.000000000000000000 ) ) ;
#2640 = VERTEX_POINT ( 'NONE', #4459 ) ;
#2641 = CIRCLE ( 'NONE', #4035, 2.099999999999997868 ) ;
#2642 = FACE_OUTER_BOUND ( 'NONE', #3420, .T. ) ;
#2643 = LINE ( 'NONE', #85, #4766 ) ;
#2644 = CARTESIAN_POINT ( 'NONE',  ( 115.0000000000000000, 8.000000000000000000, -101.0000000000000284 ) ) ;
#2645 = LINE ( 'NONE', #1346, #7157 ) ;
#2646 = CARTESIAN_POINT ( 'NONE',  ( 78.99999999999997158, 5.000000000000000000, -92.89999999999999147 ) ) ;
#2647 = CARTESIAN_POINT ( 'NONE',  ( 21.99999999999998224, -2.000000000000000000, -57.60000000000001563 ) ) ;
#2648 = EDGE_LOOP ( 'NONE', ( #4000, #157 ) ) ;
#2649 = EDGE_LOOP ( 'NONE', ( #6123, #3557, #2672, #5924 ) ) ;
#2650 = ORIENTED_EDGE ( 'NONE', *, *, #1058, .F. ) ;
#2651 = CARTESIAN_POINT ( 'NONE',  ( 21.99999999999998579, 4.000000000000000000, -33.25000000000002132 ) ) ;
#2652 = DIRECTION ( 'NONE',  ( 0.000000000000000000, 0.000000000000000000, 1.000000000000000000 ) ) ;
#2653 = CARTESIAN_POINT ( 'NONE',  ( 148.0000000000000568, 4.000000000000000000, -134.6000000000000227 ) ) ;
#2654 = CARTESIAN_POINT ( 'NONE',  ( 83.15692193816528288, 8.000000000000000000, -95.00000000000001421 ) ) ;
#2655 = EDGE_CURVE ( 'NONE', #6566, #7428, #946, .T. ) ;
#2656 = LINE ( 'NONE', #1474, #367 ) ;
#2657 = VERTEX_POINT ( 'NONE', #2731 ) ;
#2658 = CARTESIAN_POINT ( 'NONE',  ( 0.000000000000000000, 8.000000000000000000, -170.0000000000000000 ) ) ;
#2659 = CARTESIAN_POINT ( 'NONE',  ( -8.000000000000003553, 8.000000000000000000, -169.9999999999999432 ) ) ;
#2660 = VERTEX_POINT ( 'NONE', #6159 ) ;
#2661 = PLANE ( 'NONE',  #1799 ) ;
#2662 = DIRECTION ( 'NONE',  ( 0.000000000000000000, -1.000000000000000000, 0.000000000000000000 ) ) ;
#2663 = EDGE_CURVE ( 'NONE', #1336, #3769, #7466, .T. ) ;
#2664 = VERTEX_POINT ( 'NONE', #927 ) ;
#2665 = EDGE_CURVE ( 'NONE', #4690, #514, #6210, .T. ) ;
#2666 = FACE_OUTER_BOUND ( 'NONE', #1698, .T. ) ;
#2667 = CARTESIAN_POINT ( 'NONE',  ( 30.00000000000001776, 8.000000000000007105, -127.7405804802355078 ) ) ;
#2668 = CARTESIAN_POINT ( 'NONE',  ( 30.00000000000001776, -63.63175307973214956, -125.7405804802355078 ) ) ;
#2669 = EDGE_LOOP ( 'NONE', ( #4917, #3895 ) ) ;
#2670 = DIRECTION ( 'NONE',  ( 0.000000000000000000, 0.000000000000000000, 1.000000000000000000 ) ) ;
#2671 = EDGE_CURVE ( 'NONE', #6142, #4878, #5681, .T. ) ;
#2672 = ORIENTED_EDGE ( 'NONE', *, *, #1137, .F. ) ;
#2673 = LINE ( 'NONE', #3274, #5013 ) ;
#2674 = ORIENTED_EDGE ( 'NONE', *, *, #6836, .F. ) ;
#2675 = DIRECTION ( 'NONE',  ( 0.000000000000000000, 0.000000000000000000, 1.000000000000000000 ) ) ;
#2676 = FACE_OUTER_BOUND ( 'NONE', #2891, .T. ) ;
#2677 = CARTESIAN_POINT ( 'NONE',  ( 170.0000000000000000, 8.000000000000000000, -178.0000000000000284 ) ) ;
#2678 = EDGE_CURVE ( 'NONE', #2620, #5354, #439, .T. ) ;
#2679 = CARTESIAN_POINT ( 'NONE',  ( 93.07846096908262723, 5.000000000000000000, -78.60000000000000853 ) ) ;
#2680 = PLANE ( 'NONE',  #5005 ) ;
#2681 = EDGE_CURVE ( 'NONE', #2914, #1570, #1435, .T. ) ;
#2682 = ORIENTED_EDGE ( 'NONE', *, *, #206, .T. ) ;
#2683 = EDGE_LOOP ( 'NONE', ( #1393, #4026, #5017, #2803 ) ) ;
#2684 = VECTOR ( 'NONE', #3105, 1000.000000000000000 ) ;
#2685 = VECTOR ( 'NONE', #443, 1000.000000000000000 ) ;
#2686 = EDGE_LOOP ( 'NONE', ( #6353, #387, #4923, #7538 ) ) ;
#2687 = DIRECTION ( 'NONE',  ( -0.000000000000000000, 1.000000000000000000, -0.000000000000000000 ) ) ;
#2688 = DIRECTION ( 'NONE',  ( 0.000000000000000000, 1.000000000000000000, 0.000000000000000000 ) ) ;
#2689 = CARTESIAN_POINT ( 'NONE',  ( 31.48537688835013881, 0.000000000000000000, -127.0798547238298823 ) ) ;
#2690 = LINE ( 'NONE', #4506, #7767 ) ;
#2691 = VECTOR ( 'NONE', #6557, 1000.000000000000000 ) ;
#2692 = CARTESIAN_POINT ( 'NONE',  ( 11.86622814102146428, 0.000000000000000000, -21.16072575640561837 ) ) ;
#2693 = ORIENTED_EDGE ( 'NONE', *, *, #7609, .T. ) ;
#2694 = AXIS2_PLACEMENT_3D ( 'NONE', #2302, #4752, #4711 ) ;
#2695 = CARTESIAN_POINT ( 'NONE',  ( 109.8877693287756330, 0.000000000000000000, -114.4705738749248667 ) ) ;
#2696 = CARTESIAN_POINT ( 'NONE',  ( 28.00000000000001776, 0.000000000000000000, -139.5000000000000000 ) ) ;
#2697 = ORIENTED_EDGE ( 'NONE', *, *, #3061, .T. ) ;
#2698 = DIRECTION ( 'NONE',  ( 0.000000000000000000, 1.000000000000000000, 0.000000000000000000 ) ) ;
#2699 = DIRECTION ( 'NONE',  ( 0.000000000000000000, 0.000000000000000000, 1.000000000000000000 ) ) ;
#2700 = AXIS2_PLACEMENT_3D ( 'NONE', #683, #2371, #1809 ) ;
#2701 = VERTEX_POINT ( 'NONE', #6277 ) ;
#2702 = EDGE_CURVE ( 'NONE', #1833, #5471, #5565, .T. ) ;
#2703 = AXIS2_PLACEMENT_3D ( 'NONE', #5248, #7595, #402 ) ;
#2704 = CARTESIAN_POINT ( 'NONE',  ( 55.00000000000002842, 8.000000000000000000, -69.00000000000001421 ) ) ;
#2705 = DIRECTION ( 'NONE',  ( 0.000000000000000000, 0.000000000000000000, 1.000000000000000000 ) ) ;
#2706 = EDGE_LOOP ( 'NONE', ( #6020, #7385, #3077, #6383 ) ) ;
#2707 = PLANE ( 'NONE',  #6818 ) ;
#2708 = CARTESIAN_POINT ( 'NONE',  ( 10.38085125267133968, 0.000000000000000000, -145.5000000000000284 ) ) ;
#2709 = EDGE_LOOP ( 'NONE', ( #5602, #6529, #4960, #1813 ) ) ;
#2710 = DIRECTION ( 'NONE',  ( 0.000000000000000000, 0.000000000000000000, 1.000000000000000000 ) ) ;
#2711 = AXIS2_PLACEMENT_3D ( 'NONE', #5865, #486, #5289 ) ;
#2712 = ORIENTED_EDGE ( 'NONE', *, *, #2823, .T. ) ;
#2713 = EDGE_CURVE ( 'NONE', #6373, #4608, #174, .T. ) ;
#2714 = DIRECTION ( 'NONE',  ( -0.000000000000000000, 1.000000000000000000, -0.000000000000000000 ) ) ;
#2715 = LINE ( 'NONE', #2209, #5102 ) ;
#2716 = FACE_OUTER_BOUND ( 'NONE', #2709, .T. ) ;
#2717 = VECTOR ( 'NONE', #3954, 1000.000000000000000 ) ;
#2718 = ORIENTED_EDGE ( 'NONE', *, *, #3410, .F. ) ;
#2719 = PERSON_AND_ORGANIZATION ( #4848, #1639 ) ;
#2720 = CARTESIAN_POINT ( 'NONE',  ( -11.72753060904940625, 3.000000000000000000, -133.6499999999999773 ) ) ;
#2721 = AXIS2_PLACEMENT_3D ( 'NONE', #1732, #3427, #5786 ) ;
#2722 = LINE ( 'NONE', #1423, #7503 ) ;
#2723 = EDGE_LOOP ( 'NONE', ( #1079, #5569, #2564, #241 ) ) ;
#2724 = ORIENTED_EDGE ( 'NONE', *, *, #165, .T. ) ;
#2725 = AXIS2_PLACEMENT_3D ( 'NONE', #3704, #7211, #2448 ) ;
#2726 = EDGE_CURVE ( 'NONE', #2334, #3608, #3959, .T. ) ;
#2727 = VECTOR ( 'NONE', #512, 1000.000000000000000 ) ;
#2728 = ORIENTED_EDGE ( 'NONE', *, *, #1846, .T. ) ;
#2729 = CARTESIAN_POINT ( 'NONE',  ( -3.937454061828240095E-18, 8.000000000000000000, -13.20487406521907126 ) ) ;
#2730 = DIRECTION ( 'NONE',  ( 0.000000000000000000, 0.000000000000000000, -1.000000000000000000 ) ) ;
#2731 = CARTESIAN_POINT ( 'NONE',  ( 142.0000000000000568, 8.000000000000000000, -125.7405804802355362 ) ) ;
#2732 = CARTESIAN_POINT ( 'NONE',  ( 21.99999999999998579, 8.000000000000000000, -37.50000000000002842 ) ) ;
#2733 = CIRCLE ( 'NONE', #3106, 5.999999999999998224 ) ;
#2734 = CYLINDRICAL_SURFACE ( 'NONE', #1366, 4.250000000000003553 ) ;
#2735 = ORIENTED_EDGE ( 'NONE', *, *, #4944, .F. ) ;
#2736 = VECTOR ( 'NONE', #5085, 1000.000000000000000 ) ;
#2737 = AXIS2_PLACEMENT_3D ( 'NONE', #5638, #6222, #5753 ) ;
#2738 = AXIS2_PLACEMENT_3D ( 'NONE', #1615, #5858, #2559 ) ;
#2739 = CARTESIAN_POINT ( 'NONE',  ( 2.000000000000000000, 0.000000000000000000, -11.20487406521907126 ) ) ;
#2740 = LINE ( 'NONE', #2027, #3724 ) ;
#2741 = ORIENTED_EDGE ( 'NONE', *, *, #5654, .T. ) ;
#2742 = DIRECTION ( 'NONE',  ( -0.4999999999999977240, 0.000000000000000000, 0.8660254037844399289 ) ) ;
#2743 = DIRECTION ( 'NONE',  ( 0.000000000000000000, 0.000000000000000000, -1.000000000000000000 ) ) ;
#2744 = AXIS2_PLACEMENT_3D ( 'NONE', #3227, #6798, #1450 ) ;
#2745 = VECTOR ( 'NONE', #1984, 1000.000000000000000 ) ;
#2746 = VERTEX_POINT ( 'NONE', #6775 ) ;
#2747 = AXIS2_PLACEMENT_3D ( 'NONE', #5027, #2024, #1433 ) ;
#2748 = VECTOR ( 'NONE', #3697, 1000.000000000000000 ) ;
#2749 = DIRECTION ( 'NONE',  ( 0.000000000000000000, 0.000000000000000000, 1.000000000000000000 ) ) ;
#2750 = FACE_OUTER_BOUND ( 'NONE', #3631, .T. ) ;
#2751 = ORIENTED_EDGE ( 'NONE', *, *, #3052, .T. ) ;
#2752 = DIRECTION ( 'NONE',  ( -2.775557561562898254E-16, 0.000000000000000000, -1.000000000000000000 ) ) ;
#2753 = DIRECTION ( 'NONE',  ( -0.4999999999999996114, 0.000000000000000000, -0.8660254037844389297 ) ) ;
#2754 = ORIENTED_EDGE ( 'NONE', *, *, #1145, .T. ) ;
#2755 = CYLINDRICAL_SURFACE ( 'NONE', #1850, 6.000000000000000000 ) ;
#2756 = EDGE_CURVE ( 'NONE', #395, #6667, #291, .T. ) ;
#2757 = AXIS2_PLACEMENT_3D ( 'NONE', #6542, #7718, #2330 ) ;
#2758 = ORIENTED_EDGE ( 'NONE', *, *, #3505, .T. ) ;
#2759 = LINE ( 'NONE', #836, #456 ) ;
#2760 = LINE ( 'NONE', #7192, #2335 ) ;
#2761 = EDGE_CURVE ( 'NONE', #168, #4751, #5058, .T. ) ;
#2762 = LINE ( 'NONE', #1577, #2736 ) ;
#2763 = ORIENTED_EDGE ( 'NONE', *, *, #7363, .F. ) ;
#2764 = DATE_AND_TIME ( #2134, #4778 ) ;
#2765 = CARTESIAN_POINT ( 'NONE',  ( 78.99999999999997158, 0.000000000000000000, -72.89999999999999147 ) ) ;
#2766 = LINE ( 'NONE', #1581, #6874 ) ;
#2767 = ADVANCED_FACE ( 'NONE', ( #2100 ), #1431, .F. ) ;
#2768 = ORIENTED_EDGE ( 'NONE', *, *, #260, .T. ) ;
#2769 = ORIENTED_EDGE ( 'NONE', *, *, #7616, .F. ) ;
#2770 = ORIENTED_EDGE ( 'NONE', *, *, #3402, .T. ) ;
#2771 = LINE ( 'NONE', #6311, #5002 ) ;
#2772 = CARTESIAN_POINT ( 'NONE',  ( 172.0000000000000284, 8.000000000000000000, -41.75000000000004263 ) ) ;
#2773 = FACE_OUTER_BOUND ( 'NONE', #3700, .T. ) ;
#2774 = DIRECTION ( 'NONE',  ( 0.000000000000000000, 0.000000000000000000, 1.000000000000000000 ) ) ;
#2775 = EDGE_CURVE ( 'NONE', #3655, #6370, #4421, .T. ) ;
#2776 = CARTESIAN_POINT ( 'NONE',  ( -2.000000000000007105, 4.000000000000000000, -114.5000000000000426 ) ) ;
#2777 = VERTEX_POINT ( 'NONE', #2653 ) ;
#2778 = CARTESIAN_POINT ( 'NONE',  ( 88.92153903091725908, 8.000000000000000000, -71.39999999999999147 ) ) ;
#2779 = LINE ( 'NONE', #3258, #5258 ) ;
#2780 = ORIENTED_EDGE ( 'NONE', *, *, #6552, .F. ) ;
#2781 = CYLINDRICAL_SURFACE ( 'NONE', #1804, 2.099999999999990763 ) ;
#2782 = LINE ( 'NONE', #1523, #1353 ) ;
#2783 = VECTOR ( 'NONE', #6007, 1000.000000000000227 ) ;
#2784 = ADVANCED_FACE ( 'NONE', ( #333 ), #1470, .F. ) ;
#2785 = ORIENTED_EDGE ( 'NONE', *, *, #804, .F. ) ;
#2786 = FACE_OUTER_BOUND ( 'NONE', #2936, .T. ) ;
#2787 = DIRECTION ( 'NONE',  ( 0.000000000000000000, 1.000000000000000000, 0.000000000000000000 ) ) ;
#2788 = VERTEX_POINT ( 'NONE', #3873 ) ;
#2789 = DIRECTION ( 'NONE',  ( 0.000000000000000000, 1.000000000000000000, -0.000000000000000000 ) ) ;
#2790 = CARTESIAN_POINT ( 'NONE',  ( 140.0000000000000284, 0.000000000000000000, -125.7405804802355362 ) ) ;
#2791 = EDGE_LOOP ( 'NONE', ( #3621, #4875, #1975, #6014 ) ) ;
#2792 = CARTESIAN_POINT ( 'NONE',  ( 172.0000000000000284, 8.000000000000000000, -55.50000000000002842 ) ) ;
#2793 = VERTEX_POINT ( 'NONE', #3790 ) ;
#2794 = CARTESIAN_POINT ( 'NONE',  ( 90.99999999999997158, -2.000000000000000000, -72.89999999999999147 ) ) ;
#2795 = LINE ( 'NONE', #5127, #3463 ) ;
#2796 = ADVANCED_FACE ( 'NONE', ( #6193 ), #3202, .F. ) ;
#2797 = CARTESIAN_POINT ( 'NONE',  ( -2.000000000000007105, 8.000000000000000000, -110.2500000000000426 ) ) ;
#2798 = ORIENTED_EDGE ( 'NONE', *, *, #1379, .F. ) ;
#2799 = APPROVAL_ROLE ( '' ) ;
#2800 = FACE_OUTER_BOUND ( 'NONE', #237, .T. ) ;
#2801 = DIRECTION ( 'NONE',  ( 0.000000000000000000, 0.000000000000000000, 1.000000000000000000 ) ) ;
#2802 = ORIENTED_EDGE ( 'NONE', *, *, #277, .F. ) ;
#2803 = ORIENTED_EDGE ( 'NONE', *, *, #6565, .T. ) ;
#2804 = ORIENTED_EDGE ( 'NONE', *, *, #2197, .F. ) ;
#2805 = ADVANCED_FACE ( 'NONE', ( #7091 ), #6466, .F. ) ;
#2806 = LINE ( 'NONE', #5950, #5494 ) ;
#2807 = DIRECTION ( 'NONE',  ( 1.000000000000000000, -0.000000000000000000, 0.000000000000000000 ) ) ;
#2808 = FACE_BOUND ( 'NONE', #2567, .T. ) ;
#2809 = DIRECTION ( 'NONE',  ( -1.000000000000000000, 0.000000000000000000, -6.676953772165158788E-15 ) ) ;
#2810 = AXIS2_PLACEMENT_3D ( 'NONE', #6296, #990, #2121 ) ;
#2811 = EDGE_CURVE ( 'NONE', #1011, #1928, #2144, .T. ) ;
#2812 = EDGE_LOOP ( 'NONE', ( #3763, #5713 ) ) ;
#2813 = DIRECTION ( 'NONE',  ( -0.000000000000000000, 1.000000000000000000, -0.000000000000000000 ) ) ;
#2814 = ADVANCED_FACE ( 'NONE', ( #1085 ), #3407, .F. ) ;
#2815 = AXIS2_PLACEMENT_3D ( 'NONE', #4554, #6866, #5106 ) ;
#2816 = DIRECTION ( 'NONE',  ( 0.000000000000000000, 1.000000000000000000, 0.000000000000000000 ) ) ;
#2817 = CYLINDRICAL_SURFACE ( 'NONE', #2599, 2.100000000000004530 ) ;
#2818 = ORIENTED_EDGE ( 'NONE', *, *, #4019, .F. ) ;
#2819 = DIRECTION ( 'NONE',  ( 0.000000000000000000, 0.000000000000000000, 1.000000000000000000 ) ) ;
#2820 = CARTESIAN_POINT ( 'NONE',  ( -2.000000000000009770, -2.000000000000000000, -132.5000000000000284 ) ) ;
#2821 = ORIENTED_EDGE ( 'NONE', *, *, #2681, .T. ) ;
#2822 = AXIS2_PLACEMENT_3D ( 'NONE', #6232, #3286, #2057 ) ;
#2823 = EDGE_CURVE ( 'NONE', #4206, #1805, #6972, .T. ) ;
#2824 = FACE_OUTER_BOUND ( 'NONE', #2050, .T. ) ;
#2825 = FACE_OUTER_BOUND ( 'NONE', #123, .T. ) ;
#2826 = EDGE_CURVE ( 'NONE', #6389, #7109, #4064, .T. ) ;
#2827 = ORIENTED_EDGE ( 'NONE', *, *, #6730, .T. ) ;
#2828 = CARTESIAN_POINT ( 'NONE',  ( 170.0000000000000000, 8.000000000000000000, 0.000000000000000000 ) ) ;
#2829 = CARTESIAN_POINT ( 'NONE',  ( 86.84307806183461764, 8.000000000000000000, -74.99999999999998579 ) ) ;
#2830 = AXIS2_PLACEMENT_3D ( 'NONE', #6032, #4782, #2406 ) ;
#2831 = VERTEX_POINT ( 'NONE', #5221 ) ;
#2832 = AXIS2_PLACEMENT_3D ( 'NONE', #680, #6676, #1302 ) ;
#2833 = DIRECTION ( 'NONE',  ( 0.000000000000000000, 1.000000000000000000, 0.000000000000000000 ) ) ;
#2834 = ORIENTED_EDGE ( 'NONE', *, *, #5906, .T. ) ;
#2835 = AXIS2_PLACEMENT_3D ( 'NONE', #959, #3979, #1580 ) ;
#2836 = CYLINDRICAL_SURFACE ( 'NONE', #3845, 2.099999999999997868 ) ;
#2837 = DIRECTION ( 'NONE',  ( 0.000000000000000000, 1.000000000000000000, 0.000000000000000000 ) ) ;
#2838 = FACE_OUTER_BOUND ( 'NONE', #2791, .T. ) ;
#2839 = EDGE_CURVE ( 'NONE', #678, #2312, #3366, .T. ) ;
#2840 = ORIENTED_EDGE ( 'NONE', *, *, #2324, .T. ) ;
#2841 = CYLINDRICAL_SURFACE ( 'NONE', #1477, 2.099999999999990763 ) ;
#2842 = CIRCLE ( 'NONE', #7226, 4.250000000000003553 ) ;
#2843 = ORIENTED_EDGE ( 'NONE', *, *, #5411, .T. ) ;
#2844 = VERTEX_POINT ( 'NONE', #4702 ) ;
#2845 = EDGE_LOOP ( 'NONE', ( #3423, #5136, #963, #2019 ) ) ;
#2846 = EDGE_CURVE ( 'NONE', #4499, #7441, #3698, .T. ) ;
#2847 = AXIS2_PLACEMENT_3D ( 'NONE', #2949, #7005, #4053 ) ;
#2848 = DIRECTION ( 'NONE',  ( -1.000000000000000000, 0.000000000000000000, -0.000000000000000000 ) ) ;
#2849 = FACE_OUTER_BOUND ( 'NONE', #4707, .T. ) ;
#2850 = FACE_BOUND ( 'NONE', #24, .T. ) ;
#2851 = CARTESIAN_POINT ( 'NONE',  ( 172.0000000000000284, 4.000000000000000000, -136.7500000000000284 ) ) ;
#2852 = AXIS2_PLACEMENT_3D ( 'NONE', #3413, #6320, #6403 ) ;
#2853 = ADVANCED_FACE ( 'NONE', ( #1637, #2850, #4670, #7533, #2182, #6505, #4545, #2808, #3478, #1126, #4626, #1669, #3519, #6936, #5879, #499, #5298, #7687, #2295, #7019, #5920, #535, #1548, #3945, #5764, #378, #5802, #2773, #5185, #6975, #1590, #3990, #6396, #416, #5369, #7241 ), #6613, .T. ) ;
#2854 = AXIS2_PLACEMENT_3D ( 'NONE', #7585, #6410, #1680 ) ;
#2855 = ORIENTED_EDGE ( 'NONE', *, *, #6674, .F. ) ;
#2856 = ORIENTED_EDGE ( 'NONE', *, *, #2823, .F. ) ;
#2857 = EDGE_CURVE ( 'NONE', #2506, #5964, #6704, .T. ) ;
#2858 = AXIS2_PLACEMENT_3D ( 'NONE', #127, #3115, #5519 ) ;
#2859 = DIRECTION ( 'NONE',  ( 0.000000000000000000, 0.000000000000000000, 1.000000000000000000 ) ) ;
#2860 = LINE ( 'NONE', #6472, #7492 ) ;
#2861 = ORIENTED_EDGE ( 'NONE', *, *, #3160, .T. ) ;
#2862 = EDGE_CURVE ( 'NONE', #6341, #4106, #447, .T. ) ;
#2863 = CARTESIAN_POINT ( 'NONE',  ( 41.51140621703041944, 8.000000000000000000, -69.00000000000001421 ) ) ;
#2864 = CARTESIAN_POINT ( 'NONE',  ( -11.72753060904939559, 0.000000000000000000, -126.3499999999999659 ) ) ;
#2865 = EDGE_CURVE ( 'NONE', #3793, #5448, #6543, .T. ) ;
#2866 = AXIS2_PLACEMENT_3D ( 'NONE', #3280, #285, #6806 ) ;
#2867 = ORIENTED_EDGE ( 'NONE', *, *, #1869, .T. ) ;
#2868 = VECTOR ( 'NONE', #1256, 1000.000000000000000 ) ;
#2869 = AXIS2_PLACEMENT_3D ( 'NONE', #6453, #5250, #1074 ) ;
#2870 = APPLICATION_CONTEXT ( 'configuration controlled 3d designs of mechanical parts and assemblies' ) ;
#2871 = DIRECTION ( 'NONE',  ( -1.000000000000000000, 0.000000000000000000, 0.000000000000000000 ) ) ;
#2872 = CARTESIAN_POINT ( 'NONE',  ( 172.0000000000000284, 0.000000000000000000, -114.5000000000000426 ) ) ;
#2873 = VECTOR ( 'NONE', #2452, 1000.000000000000000 ) ;
#2874 = EDGE_LOOP ( 'NONE', ( #7225, #3444, #719, #2650 ) ) ;
#2875 = CARTESIAN_POINT ( 'NONE',  ( -2.000000000000006661, 4.000000000000000000, -116.6000000000000512 ) ) ;
#2877 = DIRECTION ( 'NONE',  ( -0.000000000000000000, 0.000000000000000000, 1.000000000000000000 ) ) ;
#2876 = CIRCLE ( 'NONE', #1614, 4.250000000000003553 ) ;
#2878 = ORIENTED_EDGE ( 'NONE', *, *, #2470, .F. ) ;
#2879 = CARTESIAN_POINT ( 'NONE',  ( 170.0000000000000000, 8.000000000000000000, -162.0000000000000000 ) ) ;
#2880 = EDGE_CURVE ( 'NONE', #1223, #1159, #6087, .T. ) ;
#2881 = AXIS2_PLACEMENT_3D ( 'NONE', #4965, #1384, #852 ) ;
#2882 = ORIENTED_EDGE ( 'NONE', *, *, #7116, .T. ) ;
#2883 = AXIS2_PLACEMENT_3D ( 'NONE', #1318, #6624, #694 ) ;
#2884 = CARTESIAN_POINT ( 'NONE',  ( 159.6191487473286941, 8.000000000000000000, -145.5000000000000284 ) ) ;
#2885 = CYLINDRICAL_SURFACE ( 'NONE', #3348, 4.250000000000003553 ) ;
#2886 = CARTESIAN_POINT ( 'NONE',  ( 8.000000000000000000, 8.000000000000000000, 0.000000000000000000 ) ) ;
#2887 = ORIENTED_EDGE ( 'NONE', *, *, #5473, .T. ) ;
#2888 = VECTOR ( 'NONE', #7090, 1000.000000000000000 ) ;
#2889 = CARTESIAN_POINT ( 'NONE',  ( -8.000000000000000000, 8.000000000000000000, 5.586370142149013368E-14 ) ) ;
#2890 = EDGE_CURVE ( 'NONE', #2530, #7654, #5409, .T. ) ;
#2891 = EDGE_LOOP ( 'NONE', ( #1682, #5826, #1545, #1031 ) ) ;
#2892 = CIRCLE ( 'NONE', #2260, 2.000000000000001776 ) ;
#2893 = ORIENTED_EDGE ( 'NONE', *, *, #78, .T. ) ;
#2894 = FACE_OUTER_BOUND ( 'NONE', #3677, .T. ) ;
#2895 = DIRECTION ( 'NONE',  ( 0.000000000000000000, 0.000000000000000000, 1.000000000000000000 ) ) ;
#2896 = CARTESIAN_POINT ( 'NONE',  ( 172.0000000000000284, 4.000000000000000000, -37.50000000000004263 ) ) ;
#2897 = LINE ( 'NONE', #457, #4511 ) ;
#2898 = ORIENTED_EDGE ( 'NONE', *, *, #3217, .F. ) ;
#2899 = ORIENTED_EDGE ( 'NONE', *, *, #5394, .T. ) ;
#2900 = DIRECTION ( 'NONE',  ( 0.000000000000000000, 1.000000000000000000, 0.000000000000000000 ) ) ;
#2901 = DIRECTION ( 'NONE',  ( -0.8660254037844397068, 0.000000000000000000, -0.4999999999999981126 ) ) ;
#2902 = ADVANCED_FACE ( 'NONE', ( #5441 ), #7762, .F. ) ;
#2903 = VERTEX_POINT ( 'NONE', #2440 ) ;
#2904 = DIRECTION ( 'NONE',  ( 1.000000000000000000, 0.000000000000000000, 0.000000000000000000 ) ) ;
#2905 = DIRECTION ( 'NONE',  ( -1.000000000000000000, 0.000000000000000000, 0.000000000000000000 ) ) ;
#2906 = ORIENTED_EDGE ( 'NONE', *, *, #6336, .F. ) ;
#2907 = CC_DESIGN_PERSON_AND_ORGANIZATION_ASSIGNMENT ( #3398, #7561, ( #7660 ) ) ;
#2908 = DIRECTION ( 'NONE',  ( 0.000000000000000000, 1.000000000000000000, 0.000000000000000000 ) ) ;
#2909 = CARTESIAN_POINT ( 'NONE',  ( 128.4885937829696161, 8.000000000000000000, -107.0000000000000426 ) ) ;
#2910 = ADVANCED_FACE ( 'NONE', ( #612 ), #6649, .F. ) ;
#2911 = VERTEX_POINT ( 'NONE', #4214 ) ;
#2912 = CARTESIAN_POINT ( 'NONE',  ( -2.000000000000007105, -2.000000000000000000, -114.5000000000000426 ) ) ;
#2913 = CARTESIAN_POINT ( 'NONE',  ( 78.99999999999997158, -2.000000000000000000, -95.00000000000000000 ) ) ;
#2914 = VERTEX_POINT ( 'NONE', #17 ) ;
#2915 = CARTESIAN_POINT ( 'NONE',  ( 88.92153903091733014, 8.000000000000000000, -98.59999999999998010 ) ) ;
#2916 = VERTEX_POINT ( 'NONE', #4260 ) ;
#2917 = CARTESIAN_POINT ( 'NONE',  ( 148.0000000000000284, 4.000000000000000000, -37.50000000000004263 ) ) ;
#2918 = DIRECTION ( 'NONE',  ( 0.000000000000000000, 1.000000000000000000, 0.000000000000000000 ) ) ;
#2919 = EDGE_CURVE ( 'NONE', #4801, #5503, #822, .T. ) ;
#2920 = DIRECTION ( 'NONE',  ( 0.000000000000000000, 1.000000000000000000, 0.000000000000000000 ) ) ;
#2921 = ORIENTED_EDGE ( 'NONE', *, *, #3327, .F. ) ;
#2922 = DIRECTION ( 'NONE',  ( 0.000000000000000000, 0.000000000000000000, 1.000000000000000000 ) ) ;
#2923 = ORIENTED_EDGE ( 'NONE', *, *, #3193, .F. ) ;
#2924 = ORIENTED_EDGE ( 'NONE', *, *, #1599, .T. ) ;
#2925 = EDGE_CURVE ( 'NONE', #1685, #3098, #4899, .T. ) ;
#2926 = DIRECTION ( 'NONE',  ( -0.000000000000000000, 1.000000000000000000, -0.000000000000000000 ) ) ;
#2927 = DIRECTION ( 'NONE',  ( 0.000000000000000000, 0.000000000000000000, 1.000000000000000000 ) ) ;
#2928 = EDGE_CURVE ( 'NONE', #3531, #4297, #4853, .T. ) ;
#2929 = CYLINDRICAL_SURFACE ( 'NONE', #3076, 2.000000000000001776 ) ;
#2930 = FACE_OUTER_BOUND ( 'NONE', #459, .T. ) ;
#2931 = EDGE_CURVE ( 'NONE', #3197, #1011, #698, .T. ) ;
#2932 = EDGE_LOOP ( 'NONE', ( #3547, #2963 ) ) ;
#2933 = ORIENTED_EDGE ( 'NONE', *, *, #2417, .T. ) ;
#2934 = DIRECTION ( 'NONE',  ( -0.000000000000000000, 1.000000000000000000, -0.000000000000000000 ) ) ;
#2935 = CARTESIAN_POINT ( 'NONE',  ( 81.98784867335363913, 8.000000000000000000, -65.00000000000002842 ) ) ;
#2936 = EDGE_LOOP ( 'NONE', ( #1861, #6459, #5574, #6666 ) ) ;
#2937 = FACE_OUTER_BOUND ( 'NONE', #7728, .T. ) ;
#2938 = LINE ( 'NONE', #7180, #4123 ) ;
#2939 = ORIENTED_EDGE ( 'NONE', *, *, #4824, .T. ) ;
#2940 = DIRECTION ( 'NONE',  ( -1.000000000000000000, 0.000000000000000000, 0.000000000000000000 ) ) ;
#2941 = DIRECTION ( 'NONE',  ( 0.000000000000000000, 0.000000000000000000, 1.000000000000000000 ) ) ;
#2942 = EDGE_LOOP ( 'NONE', ( #653, #342, #1544, #6055 ) ) ;
#2943 = CARTESIAN_POINT ( 'NONE',  ( 41.51140621703041944, 8.000000000000000000, -63.00000000000001421 ) ) ;
#2944 = DIRECTION ( 'NONE',  ( -0.000000000000000000, 1.000000000000000000, 0.000000000000000000 ) ) ;
#2945 = VERTEX_POINT ( 'NONE', #90 ) ;
#2946 = ADVANCED_FACE ( 'NONE', ( #6064 ), #2929, .F. ) ;
#2947 = VERTEX_POINT ( 'NONE', #7719 ) ;
#2948 = CIRCLE ( 'NONE', #3070, 2.000000000000001776 ) ;
#2949 = CARTESIAN_POINT ( 'NONE',  ( 0.000000000000000000, 0.000000000000000000, 0.000000000000000000 ) ) ;
#2950 = CARTESIAN_POINT ( 'NONE',  ( -11.72753060904940625, 3.000000000000000000, -133.6499999999999773 ) ) ;
#2951 = DIRECTION ( 'NONE',  ( 0.000000000000000000, 0.000000000000000000, 1.000000000000000000 ) ) ;
#2952 = VERTEX_POINT ( 'NONE', #2331 ) ;
#2953 = LINE ( 'NONE', #6536, #1227 ) ;
#2954 = EDGE_CURVE ( 'NONE', #5835, #223, #6586, .T. ) ;
#2955 = ORIENTED_EDGE ( 'NONE', *, *, #5604, .T. ) ;
#2956 = VERTEX_POINT ( 'NONE', #2960 ) ;
#2957 = AXIS2_PLACEMENT_3D ( 'NONE', #787, #6436, #6291 ) ;
#2958 = DIRECTION ( 'NONE',  ( -1.000000000000000000, 0.000000000000000000, -2.523234146875355505E-16 ) ) ;
#2959 = LINE ( 'NONE', #498, #4016 ) ;
#2960 = CARTESIAN_POINT ( 'NONE',  ( 21.99999999999998579, 4.000000000000000000, -39.60000000000002274 ) ) ;
#2961 = DIRECTION ( 'NONE',  ( 0.000000000000000000, 1.000000000000000000, 0.000000000000000000 ) ) ;
#2962 = EDGE_CURVE ( 'NONE', #2507, #3964, #1197, .T. ) ;
#2963 = ORIENTED_EDGE ( 'NONE', *, *, #7238, .T. ) ;
#2964 = AXIS2_PLACEMENT_3D ( 'NONE', #3029, #557, #7120 ) ;
#2965 = VECTOR ( 'NONE', #4567, 1000.000000000000000 ) ;
#2966 = EDGE_LOOP ( 'NONE', ( #1673, #2327, #3756, #1254 ) ) ;
#2967 = DIRECTION ( 'NONE',  ( 0.000000000000000000, 1.000000000000000000, 0.000000000000000000 ) ) ;
#2968 = CARTESIAN_POINT ( 'NONE',  ( 81.07846096908262723, 5.000000000000000000, -71.39999999999997726 ) ) ;
#2969 = EDGE_LOOP ( 'NONE', ( #4611, #5931, #977, #2105 ) ) ;
#2970 = CARTESIAN_POINT ( 'NONE',  ( 148.0000000000000568, 4.000000000000000000, -118.7500000000000568 ) ) ;
#2971 = PLANE ( 'NONE',  #6751 ) ;
#2972 = AXIS2_PLACEMENT_3D ( 'NONE', #5735, #7462, #1565 ) ;
#2973 = AXIS2_PLACEMENT_3D ( 'NONE', #6705, #5506, #4279 ) ;
#2974 = EDGE_CURVE ( 'NONE', #1694, #4579, #4588, .T. ) ;
#2975 = ORIENTED_EDGE ( 'NONE', *, *, #3089, .F. ) ;
#2976 = VECTOR ( 'NONE', #1437, 1000.000000000000114 ) ;
#2977 = EDGE_CURVE ( 'NONE', #849, #6179, #6221, .T. ) ;
#2978 = AXIS2_PLACEMENT_3D ( 'NONE', #699, #5387, #5531 ) ;
#2979 = DIRECTION ( 'NONE',  ( -0.000000000000000000, -1.000000000000000000, -0.000000000000000000 ) ) ;
#2980 = CYLINDRICAL_SURFACE ( 'NONE', #336, 2.000000000000001776 ) ;
#2981 = VERTEX_POINT ( 'NONE', #1388 ) ;
#2982 = DIRECTION ( 'NONE',  ( 0.000000000000000000, 0.000000000000000000, 1.000000000000000000 ) ) ;
#2983 = CARTESIAN_POINT ( 'NONE',  ( 172.0000000000000284, 4.000000000000000000, -51.25000000000002132 ) ) ;
#2984 = ORIENTED_EDGE ( 'NONE', *, *, #7051, .F. ) ;
#2985 = AXIS2_PLACEMENT_3D ( 'NONE', #1810, #4374, #7317 ) ;
#2986 = ORIENTED_EDGE ( 'NONE', *, *, #4912, .T. ) ;
#2987 = VECTOR ( 'NONE', #3433, 1000.000000000000114 ) ;
#2988 = AXIS2_PLACEMENT_3D ( 'NONE', #5076, #1065, #2122 ) ;
#2989 = FACE_OUTER_BOUND ( 'NONE', #7527, .T. ) ;
#2990 = LINE ( 'NONE', #5357, #5729 ) ;
#2991 = LINE ( 'NONE', #598, #2685 ) ;
#2992 = EDGE_CURVE ( 'NONE', #1340, #1240, #1811, .T. ) ;
#2993 = ORIENTED_EDGE ( 'NONE', *, *, #6218, .T. ) ;
#2994 = CYLINDRICAL_SURFACE ( 'NONE', #7761, 2.000000000000001776 ) ;
#2995 = AXIS2_PLACEMENT_3D ( 'NONE', #1959, #314, #2710 ) ;
#2996 = VECTOR ( 'NONE', #7663, 1000.000000000000000 ) ;
#2997 = EDGE_CURVE ( 'NONE', #132, #7454, #842, .T. ) ;
#2998 = ORIENTED_EDGE ( 'NONE', *, *, #1510, .T. ) ;
#2999 = EDGE_CURVE ( 'NONE', #4168, #6655, #7357, .T. ) ;
#3000 = ORIENTED_EDGE ( 'NONE', *, *, #4542, .F. ) ;
#3001 = VECTOR ( 'NONE', #2103, 1000.000000000000000 ) ;
#3002 = AXIS2_PLACEMENT_3D ( 'NONE', #3442, #2961, #1706 ) ;
#3003 = LINE ( 'NONE', #5407, #6378 ) ;
#3004 = ADVANCED_FACE ( 'NONE', ( #4327 ), #6843, .F. ) ;
#3005 = CARTESIAN_POINT ( 'NONE',  ( -2.000000000000016431, 0.000000000000000000, -55.50000000000001421 ) ) ;
#3006 = DIRECTION ( 'NONE',  ( 0.000000000000000000, 0.000000000000000000, 1.000000000000000000 ) ) ;
#3007 = DIRECTION ( 'NONE',  ( -0.000000000000000000, -1.000000000000000000, -0.000000000000000000 ) ) ;
#3008 = VECTOR ( 'NONE', #2143, 1000.000000000000000 ) ;
#3009 = EDGE_LOOP ( 'NONE', ( #2401, #1173 ) ) ;
#3010 = ORIENTED_EDGE ( 'NONE', *, *, #2618, .T. ) ;
#3011 = FACE_OUTER_BOUND ( 'NONE', #7566, .T. ) ;
#3012 = CARTESIAN_POINT ( 'NONE',  ( 142.0000000000000568, 0.000000000000000000, -63.00000000000002842 ) ) ;
#3013 = EDGE_CURVE ( 'NONE', #2530, #35, #2442, .T. ) ;
#3014 = LOCAL_TIME ( 18, 43, 21.00000000000000000, #5253 ) ;
#3015 = EDGE_LOOP ( 'NONE', ( #7361, #423 ) ) ;
#3016 = CARTESIAN_POINT ( 'NONE',  ( -13.99999999999999645, 8.000000000000000000, -108.9999999999999858 ) ) ;
#3017 = CARTESIAN_POINT ( 'NONE',  ( -15.88445254721469091, 0.000000000000000000, -133.6500000000000057 ) ) ;
#3018 = VERTEX_POINT ( 'NONE', #3780 ) ;
#3019 = DIRECTION ( 'NONE',  ( -0.000000000000000000, 1.000000000000000000, -0.000000000000000000 ) ) ;
#3020 = CARTESIAN_POINT ( 'NONE',  ( 83.15692193816528288, 8.000000000000000000, -95.00000000000001421 ) ) ;
#3021 = EDGE_CURVE ( 'NONE', #6672, #3899, #62, .T. ) ;
#3022 = VERTEX_POINT ( 'NONE', #4373 ) ;
#3023 = DIRECTION ( 'NONE',  ( 0.000000000000000000, 0.000000000000000000, 1.000000000000000000 ) ) ;
#3024 = DIRECTION ( 'NONE',  ( 1.000000000000000000, 0.000000000000000000, 0.000000000000000000 ) ) ;
#3025 = EDGE_LOOP ( 'NONE', ( #5393, #1, #909, #6034 ) ) ;
#3026 = EDGE_CURVE ( 'NONE', #3774, #4027, #2604, .T. ) ;
#3027 = VERTEX_POINT ( 'NONE', #6149 ) ;
#3028 = DIRECTION ( 'NONE',  ( 0.000000000000000000, 1.000000000000000000, 0.000000000000000000 ) ) ;
#3029 = CARTESIAN_POINT ( 'NONE',  ( -2.000000000000009770, 4.000000000000000000, -132.5000000000000284 ) ) ;
#3030 = ORIENTED_EDGE ( 'NONE', *, *, #4068, .T. ) ;
#3031 = CARTESIAN_POINT ( 'NONE',  ( 30.00000000000001776, 8.000000000000007105, -125.7405804802355078 ) ) ;
#3032 = ORIENTED_EDGE ( 'NONE', *, *, #3563, .F. ) ;
#3033 = DIRECTION ( 'NONE',  ( 0.000000000000000000, 0.000000000000000000, 1.000000000000000000 ) ) ;
#3034 = EDGE_CURVE ( 'NONE', #1764, #1039, #1422, .T. ) ;
#3035 = VERTEX_POINT ( 'NONE', #2646 ) ;
#3036 = DIRECTION ( 'NONE',  ( 0.000000000000000000, 1.000000000000000000, 0.000000000000000000 ) ) ;
#3037 = DIRECTION ( 'NONE',  ( 0.000000000000000000, 1.000000000000000000, 0.000000000000000000 ) ) ;
#3038 = CARTESIAN_POINT ( 'NONE',  ( 172.0000000000000284, 8.000000000000000000, -33.25000000000003553 ) ) ;
#3039 = CARTESIAN_POINT ( 'NONE',  ( 172.0000000000000284, 4.000000000000000000, -132.5000000000000284 ) ) ;
#3040 = CYLINDRICAL_SURFACE ( 'NONE', #4891, 4.250000000000003553 ) ;
#3041 = EDGE_CURVE ( 'NONE', #5090, #805, #5723, .T. ) ;
#3042 = ORIENTED_EDGE ( 'NONE', *, *, #5641, .F. ) ;
#3043 = EDGE_CURVE ( 'NONE', #7158, #5522, #1504, .T. ) ;
#3044 = ORIENTED_EDGE ( 'NONE', *, *, #6461, .F. ) ;
#3045 = DIRECTION ( 'NONE',  ( -8.673617379884027583E-16, 0.000000000000000000, 1.000000000000000000 ) ) ;
#3046 = CARTESIAN_POINT ( 'NONE',  ( 138.5146231116499109, 8.000000000000000000, -42.92014527617011765 ) ) ;
#3047 = VERTEX_POINT ( 'NONE', #163 ) ;
#3048 = CARTESIAN_POINT ( 'NONE',  ( -2.000000000000009770, 0.000000000000000000, -130.4000000000000341 ) ) ;
#3049 = DIRECTION ( 'NONE',  ( 0.000000000000000000, 0.000000000000000000, 1.000000000000000000 ) ) ;
#3050 = CYLINDRICAL_SURFACE ( 'NONE', #1740, 2.099999999999989875 ) ;
#3051 = EDGE_LOOP ( 'NONE', ( #6784, #2718, #4079, #643 ) ) ;
#3052 = EDGE_CURVE ( 'NONE', #2746, #2138, #5601, .T. ) ;
#3053 = DIRECTION ( 'NONE',  ( 0.000000000000000000, 0.000000000000000000, 1.000000000000000000 ) ) ;
#3054 = DIRECTION ( 'NONE',  ( 0.000000000000000000, 0.000000000000000000, 1.000000000000000000 ) ) ;
#3055 = EDGE_LOOP ( 'NONE', ( #2120, #2139, #21, #1228 ) ) ;
#3056 = DIRECTION ( 'NONE',  ( -0.000000000000000000, -1.000000000000000000, -0.000000000000000000 ) ) ;
#3057 = FACE_BOUND ( 'NONE', #4640, .T. ) ;
#3058 = ORIENTED_EDGE ( 'NONE', *, *, #1703, .F. ) ;
#3059 = ORIENTED_EDGE ( 'NONE', *, *, #1855, .T. ) ;
#3060 = AXIS2_PLACEMENT_3D ( 'NONE', #4841, #7194, #3146 ) ;
#3061 = EDGE_CURVE ( 'NONE', #6655, #2916, #3207, .T. ) ;
#3062 = DIRECTION ( 'NONE',  ( -1.000000000000000000, 0.000000000000000000, -0.000000000000000000 ) ) ;
#3063 = CARTESIAN_POINT ( 'NONE',  ( 6.000000000000000000, 8.000000000000000000, -145.5000000000000284 ) ) ;
#3064 = EDGE_LOOP ( 'NONE', ( #5424, #6175, #1377, #6834 ) ) ;
#3065 = DIRECTION ( 'NONE',  ( 0.000000000000000000, 0.000000000000000000, 1.000000000000000000 ) ) ;
#3066 = AXIS2_PLACEMENT_3D ( 'NONE', #1762, #3500, #3567 ) ;
#3067 = ORIENTED_EDGE ( 'NONE', *, *, #3716, .T. ) ;
#3068 = DIRECTION ( 'NONE',  ( 0.000000000000000000, 1.000000000000000000, 0.000000000000000000 ) ) ;
#3069 = VERTEX_POINT ( 'NONE', #4969 ) ;
#3070 = AXIS2_PLACEMENT_3D ( 'NONE', #735, #3129, #4862 ) ;
#3071 = ORIENTED_EDGE ( 'NONE', *, *, #6120, .F. ) ;
#3072 = CARTESIAN_POINT ( 'NONE',  ( -19.80599157813204059, 0.000000000000000000, -145.0000000000000284 ) ) ;
#3073 = DIRECTION ( 'NONE',  ( 0.000000000000000000, -1.000000000000000000, 0.000000000000000000 ) ) ;
#3074 = DIRECTION ( 'NONE',  ( 0.000000000000000000, 1.000000000000000000, 0.000000000000000000 ) ) ;
#3075 = CARTESIAN_POINT ( 'NONE',  ( 3.485376888350125935, 8.000000000000000000, -158.1344001783753299 ) ) ;
#3076 = AXIS2_PLACEMENT_3D ( 'NONE', #5332, #3551, #3662 ) ;
#3077 = ORIENTED_EDGE ( 'NONE', *, *, #2931, .F. ) ;
#3078 = TOROIDAL_SURFACE ( 'NONE', #2328, 3.500000000000007550, 2.000000000000000000 ) ;
#3079 = VERTEX_POINT ( 'NONE', #1970 ) ;
#3080 = CARTESIAN_POINT ( 'NONE',  ( 172.0000000000000284, 4.000000000000000000, -39.60000000000002984 ) ) ;
#3081 = ORIENTED_EDGE ( 'NONE', *, *, #3483, .T. ) ;
#3082 = CARTESIAN_POINT ( 'NONE',  ( 172.0000000000000284, 8.000000000000000000, -59.75000000000003553 ) ) ;
#3083 = DIRECTION ( 'NONE',  ( -0.6696371217971890388, -0.000000000000000000, -0.7426884441750636334 ) ) ;
#3084 = EDGE_CURVE ( 'NONE', #7224, #1653, #5051, .T. ) ;
#3085 = DIRECTION ( 'NONE',  ( 0.000000000000000000, 0.000000000000000000, 1.000000000000000000 ) ) ;
#3086 = VECTOR ( 'NONE', #5399, 1000.000000000000000 ) ;
#3087 = ADVANCED_FACE ( 'NONE', ( #3817 ), #7404, .F. ) ;
#3088 = ORIENTED_EDGE ( 'NONE', *, *, #1610, .F. ) ;
#3089 = EDGE_CURVE ( 'NONE', #5493, #5000, #6711, .T. ) ;
#3090 = VECTOR ( 'NONE', #6994, 1000.000000000000000 ) ;
#3091 = CARTESIAN_POINT ( 'NONE',  ( 21.99999999999998224, 8.000000000000000000, -51.25000000000001421 ) ) ;
#3092 = CARTESIAN_POINT ( 'NONE',  ( -2.000000000000016431, 0.000000000000000000, -53.40000000000001990 ) ) ;
#3093 = VERTEX_POINT ( 'NONE', #3279 ) ;
#3094 = DIRECTION ( 'NONE',  ( 0.000000000000000000, 1.000000000000000000, 0.000000000000000000 ) ) ;
#3095 = CIRCLE ( 'NONE', #4229, 2.099999999999997868 ) ;
#3096 = CARTESIAN_POINT ( 'NONE',  ( 172.0000000000000284, 0.000000000000000000, -53.40000000000004121 ) ) ;
#3097 = EDGE_CURVE ( 'NONE', #4277, #728, #5087, .T. ) ;
#3098 = VERTEX_POINT ( 'NONE', #3356 ) ;
#3099 = ORIENTED_EDGE ( 'NONE', *, *, #5022, .T. ) ;
#3100 = AXIS2_PLACEMENT_3D ( 'NONE', #976, #3373, #5190 ) ;
#3101 = VECTOR ( 'NONE', #2035, 1000.000000000000000 ) ;
#3102 = CARTESIAN_POINT ( 'NONE',  ( 159.6191487473286941, -28.74456470360965810, -147.5000000000000284 ) ) ;
#3103 = DIRECTION ( 'NONE',  ( 0.000000000000000000, 0.000000000000000000, 1.000000000000000000 ) ) ;
#3104 = ORIENTED_EDGE ( 'NONE', *, *, #7705, .T. ) ;
#3105 = DIRECTION ( 'NONE',  ( -0.000000000000000000, -1.000000000000000000, -0.000000000000000000 ) ) ;
#3106 = AXIS2_PLACEMENT_3D ( 'NONE', #4603, #1494, #991 ) ;
#3107 = EDGE_CURVE ( 'NONE', #3467, #3886, #6306, .T. ) ;
#3108 = EDGE_LOOP ( 'NONE', ( #6415, #819, #3241, #687 ) ) ;
#3109 = CARTESIAN_POINT ( 'NONE',  ( 95.15692193816525446, 5.000000000000000000, -75.00000000000002842 ) ) ;
#3110 = AXIS2_PLACEMENT_3D ( 'NONE', #7524, #1505, #3314 ) ;
#3111 = ORIENTED_EDGE ( 'NONE', *, *, #2761, .T. ) ;
#3112 = AXIS2_PLACEMENT_3D ( 'NONE', #5500, #4916, #7298 ) ;
#3113 = CARTESIAN_POINT ( 'NONE',  ( 21.99999999999998224, -2.000000000000000000, -55.50000000000001421 ) ) ;
#3114 = DIRECTION ( 'NONE',  ( 0.000000000000000000, -1.000000000000000000, -0.000000000000000000 ) ) ;
#3115 = DIRECTION ( 'NONE',  ( -0.000000000000000000, 1.000000000000000000, -0.000000000000000000 ) ) ;
#3116 = EDGE_CURVE ( 'NONE', #6325, #7381, #6927, .T. ) ;
#3117 = APPLICATION_PROTOCOL_DEFINITION ( 'international standard', 'config_control_design', 1994, #608 ) ;
#3118 = CIRCLE ( 'NONE', #490, 2.099999999999990763 ) ;
#3119 = CARTESIAN_POINT ( 'NONE',  ( -2.000000000000007105, 0.000000000000000000, -114.5000000000000426 ) ) ;
#3120 = CARTESIAN_POINT ( 'NONE',  ( 21.99999999999998224, 4.000000000000000000, -55.50000000000001421 ) ) ;
#3121 = AXIS2_PLACEMENT_3D ( 'NONE', #1136, #3452, #509 ) ;
#3122 = EDGE_LOOP ( 'NONE', ( #2494, #714 ) ) ;
#3123 = CIRCLE ( 'NONE', #2747, 2.000000000000001776 ) ;
#3124 = CIRCLE ( 'NONE', #3002, 2.099999999999990763 ) ;
#3125 = VERTEX_POINT ( 'NONE', #2135 ) ;
#3126 = CARTESIAN_POINT ( 'NONE',  ( 148.0000000000000284, 4.000000000000000000, -51.25000000000002132 ) ) ;
#3127 = DIRECTION ( 'NONE',  ( 0.000000000000000000, 0.000000000000000000, 1.000000000000000000 ) ) ;
#3128 = EDGE_LOOP ( 'NONE', ( #3359, #1168, #5538, #3506, #3657, #5657 ) ) ;
#3129 = DIRECTION ( 'NONE',  ( -0.000000000000000000, -1.000000000000000000, -0.000000000000000000 ) ) ;
#3130 = CARTESIAN_POINT ( 'NONE',  ( 93.07846096908262723, 8.000000000000000000, -98.59999999999998010 ) ) ;
#3131 = CARTESIAN_POINT ( 'NONE',  ( -13.80599157813204059, 8.000000000000000000, -135.1250000000000000 ) ) ;
#3132 = VECTOR ( 'NONE', #4813, 1000.000000000000114 ) ;
#3133 = EDGE_LOOP ( 'NONE', ( #7408, #5192, #56, #4527 ) ) ;
#3134 = EDGE_CURVE ( 'NONE', #1039, #2403, #3701, .T. ) ;
#3135 = CARTESIAN_POINT ( 'NONE',  ( 0.000000000000000000, 8.000000000000000000, -2.100000000000000089 ) ) ;
#3136 = LINE ( 'NONE', #700, #5482 ) ;
#3137 = ORIENTED_EDGE ( 'NONE', *, *, #3289, .T. ) ;
#3138 = CARTESIAN_POINT ( 'NONE',  ( 0.000000000000000000, 5.000000000000000000, 0.000000000000000000 ) ) ;
#3139 = FACE_OUTER_BOUND ( 'NONE', #2336, .T. ) ;
#3140 = ORIENTED_EDGE ( 'NONE', *, *, #3107, .F. ) ;
#3141 = ORIENTED_EDGE ( 'NONE', *, *, #7659, .F. ) ;
#3142 = ADVANCED_FACE ( 'NONE', ( #5752 ), #4535, .F. ) ;
#3143 = DIRECTION ( 'NONE',  ( 0.000000000000000000, -1.000000000000000000, 0.000000000000000000 ) ) ;
#3144 = FACE_OUTER_BOUND ( 'NONE', #2288, .T. ) ;
#3145 = EDGE_LOOP ( 'NONE', ( #877, #6729, #5856, #5385 ) ) ;
#3146 = DIRECTION ( 'NONE',  ( 0.000000000000000000, 0.000000000000000000, 1.000000000000000000 ) ) ;
#3147 = VERTEX_POINT ( 'NONE', #3399 ) ;
#3148 = DIRECTION ( 'NONE',  ( 0.000000000000000000, 0.000000000000000000, 1.000000000000000000 ) ) ;
#3149 = AXIS2_PLACEMENT_3D ( 'NONE', #1709, #2900, #1555 ) ;
#3150 = ORIENTED_EDGE ( 'NONE', *, *, #1033, .T. ) ;
#3151 = EDGE_CURVE ( 'NONE', #5957, #3360, #5710, .T. ) ;
#3152 = ORIENTED_EDGE ( 'NONE', *, *, #2756, .T. ) ;
#3153 = CARTESIAN_POINT ( 'NONE',  ( 172.0000000000000284, -2.000000000000000000, -116.6000000000000369 ) ) ;
#3154 = CARTESIAN_POINT ( 'NONE',  ( -2.000000000000007105, -2.000000000000000000, -112.4000000000000483 ) ) ;
#3155 = CARTESIAN_POINT ( 'NONE',  ( 21.99999999999998224, 4.000000000000000000, -55.50000000000001421 ) ) ;
#3156 = DIRECTION ( 'NONE',  ( -0.000000000000000000, -1.000000000000000000, -0.000000000000000000 ) ) ;
#3157 = DIRECTION ( 'NONE',  ( 0.000000000000000000, 0.000000000000000000, -1.000000000000000000 ) ) ;
#3158 = VERTEX_POINT ( 'NONE', #6342 ) ;
#3159 = EDGE_LOOP ( 'NONE', ( #6748, #4706, #5968, #4622 ) ) ;
#3160 = EDGE_CURVE ( 'NONE', #6177, #5796, #1701, .T. ) ;
#3161 = EDGE_LOOP ( 'NONE', ( #1938, #6865, #6458, #2518 ) ) ;
#3162 = CARTESIAN_POINT ( 'NONE',  ( 161.4927196495483201, 0.000000000000000000, -169.4594553642728272 ) ) ;
#3163 = DIRECTION ( 'NONE',  ( 0.000000000000000000, 1.000000000000000000, 0.000000000000000000 ) ) ;
#3164 = ORIENTED_EDGE ( 'NONE', *, *, #2177, .F. ) ;
#3165 = DIRECTION ( 'NONE',  ( 0.000000000000000000, 0.000000000000000000, 1.000000000000000000 ) ) ;
#3166 = LINE ( 'NONE', #3130, #2745 ) ;
#3167 = FACE_OUTER_BOUND ( 'NONE', #1150, .T. ) ;
#3168 = EDGE_LOOP ( 'NONE', ( #2435, #5149, #4678, #3099 ) ) ;
#3169 = CARTESIAN_POINT ( 'NONE',  ( 172.0000000000000284, -2.000000000000000000, -57.60000000000002274 ) ) ;
#3170 = EDGE_CURVE ( 'NONE', #600, #6808, #704, .T. ) ;
#3171 = LINE ( 'NONE', #1992, #208 ) ;
#3172 = VERTEX_POINT ( 'NONE', #2765 ) ;
#3173 = CARTESIAN_POINT ( 'NONE',  ( -11.72753060904940092, 3.000000000000000000, -140.8499999999999659 ) ) ;
#3174 = FACE_BOUND ( 'NONE', #5156, .T. ) ;
#3175 = ORIENTED_EDGE ( 'NONE', *, *, #5011, .T. ) ;
#3176 = ADVANCED_FACE ( 'NONE', ( #2800 ), #5211, .F. ) ;
#3177 = DIRECTION ( 'NONE',  ( 0.000000000000000000, 0.000000000000000000, 1.000000000000000000 ) ) ;
#3178 = CARTESIAN_POINT ( 'NONE',  ( 160.0343451160730126, 0.000000000000000000, -170.8280837726111372 ) ) ;
#3179 = DIRECTION ( 'NONE',  ( -0.000000000000000000, 1.000000000000000000, -0.000000000000000000 ) ) ;
#3180 = ORIENTED_EDGE ( 'NONE', *, *, #696, .T. ) ;
#3181 = CARTESIAN_POINT ( 'NONE',  ( 170.0000000000000000, 0.000000000000000000, -18.50000000000002487 ) ) ;
#3182 = VERTEX_POINT ( 'NONE', #323 ) ;
#3183 = LINE ( 'NONE', #5588, #3740 ) ;
#3184 = AXIS2_PLACEMENT_3D ( 'NONE', #3805, #3272, #2670 ) ;
#3185 = EDGE_CURVE ( 'NONE', #2793, #2350, #7599, .T. ) ;
#3186 = ORIENTED_EDGE ( 'NONE', *, *, #1859, .F. ) ;
#3187 = AXIS2_PLACEMENT_3D ( 'NONE', #4949, #2461, #4873 ) ;
#3188 = DIRECTION ( 'NONE',  ( -0.000000000000000000, -1.000000000000000000, -0.000000000000000000 ) ) ;
#3189 = DIRECTION ( 'NONE',  ( -1.000000000000000000, -0.000000000000000000, -0.000000000000000000 ) ) ;
#3190 = CARTESIAN_POINT ( 'NONE',  ( 30.00000000000003908, -63.63175307973214956, -42.25941951976455613 ) ) ;
#3191 = DIRECTION ( 'NONE',  ( -0.000000000000000000, 1.000000000000000000, -0.000000000000000000 ) ) ;
#3192 = CYLINDRICAL_SURFACE ( 'NONE', #1730, 2.099999999999989875 ) ;
#3193 = EDGE_CURVE ( 'NONE', #4746, #6200, #1052, .T. ) ;
#3194 = EDGE_CURVE ( 'NONE', #1831, #2777, #6980, .T. ) ;
#3195 = VECTOR ( 'NONE', #6359, 1000.000000000000000 ) ;
#3196 = ORIENTED_EDGE ( 'NONE', *, *, #5362, .F. ) ;
#3197 = VERTEX_POINT ( 'NONE', #3844 ) ;
#3198 = ORIENTED_EDGE ( 'NONE', *, *, #1940, .F. ) ;
#3199 = AXIS2_PLACEMENT_3D ( 'NONE', #1274, #1157, #4741 ) ;
#3200 = DIRECTION ( 'NONE',  ( 1.000000000000000000, 0.000000000000000000, 0.000000000000000000 ) ) ;
#3201 = CARTESIAN_POINT ( 'NONE',  ( 172.0000000000000284, 0.000000000000000000, -55.50000000000002842 ) ) ;
#3202 = CYLINDRICAL_SURFACE ( 'NONE', #1697, 4.250000000000003553 ) ;
#3203 = DIRECTION ( 'NONE',  ( -0.000000000000000000, -1.000000000000000000, -0.000000000000000000 ) ) ;
#3204 = EDGE_CURVE ( 'NONE', #4878, #2793, #7223, .T. ) ;
#3205 = CARTESIAN_POINT ( 'NONE',  ( 128.4885937829696161, 0.000000000000000000, -101.0000000000000284 ) ) ;
#3206 = ORIENTED_EDGE ( 'NONE', *, *, #3952, .T. ) ;
#3207 = CIRCLE ( 'NONE', #825, 2.000000000000001776 ) ;
#3208 = AXIS2_PLACEMENT_3D ( 'NONE', #3232, #6216, #953 ) ;
#3209 = PRODUCT_DEFINITION_SHAPE ( 'NONE', 'NONE',  #4784 ) ;
#3210 = FACE_OUTER_BOUND ( 'NONE', #6186, .T. ) ;
#3211 = DIRECTION ( 'NONE',  ( 0.4999999999999988898, 0.000000000000000000, -0.8660254037844393737 ) ) ;
#3212 = VERTEX_POINT ( 'NONE', #4434 ) ;
#3213 = DIRECTION ( 'NONE',  ( 0.000000000000000000, 1.000000000000000000, 0.000000000000000000 ) ) ;
#3214 = FACE_BOUND ( 'NONE', #3591, .T. ) ;
#3215 = CIRCLE ( 'NONE', #7611, 4.250000000000003553 ) ;
#3216 = EDGE_CURVE ( 'NONE', #2575, #1764, #6094, .T. ) ;
#3217 = EDGE_CURVE ( 'NONE', #4541, #2777, #4631, .T. ) ;
#3218 = ORIENTED_EDGE ( 'NONE', *, *, #220, .T. ) ;
#3219 = AXIS2_PLACEMENT_3D ( 'NONE', #4436, #6054, #1295 ) ;
#3220 = DIRECTION ( 'NONE',  ( 0.000000000000000000, 0.000000000000000000, 1.000000000000000000 ) ) ;
#3221 = AXIS2_PLACEMENT_3D ( 'NONE', #5398, #5467, #4 ) ;
#3222 = LINE ( 'NONE', #5621, #3481 ) ;
#3223 = DIRECTION ( 'NONE',  ( 1.000000000000000000, -0.000000000000000000, 2.523234146875355505E-16 ) ) ;
#3224 = ORIENTED_EDGE ( 'NONE', *, *, #3034, .F. ) ;
#3225 = DIRECTION ( 'NONE',  ( -0.000000000000000000, 1.000000000000000000, -0.000000000000000000 ) ) ;
#3226 = ORIENTED_EDGE ( 'NONE', *, *, #2315, .F. ) ;
#3227 = CARTESIAN_POINT ( 'NONE',  ( 30.00000000000001776, 8.000000000000007105, -125.7405804802355078 ) ) ;
#3228 = AXIS2_PLACEMENT_3D ( 'NONE', #934, #4466, #3836 ) ;
#3229 = AXIS2_PLACEMENT_3D ( 'NONE', #1657, #2318, #4804 ) ;
#3230 = ORIENTED_EDGE ( 'NONE', *, *, #5320, .F. ) ;
#3231 = CIRCLE ( 'NONE', #3984, 4.250000000000003553 ) ;
#3232 = CARTESIAN_POINT ( 'NONE',  ( 69.00000000000000000, 8.000000000000000000, -65.00000000000002842 ) ) ;
#3233 = CARTESIAN_POINT ( 'NONE',  ( 21.99999999999998224, 4.000000000000000000, -55.50000000000001421 ) ) ;
#3234 = ADVANCED_FACE ( 'NONE', ( #7025 ), #3078, .F. ) ;
#3235 = CARTESIAN_POINT ( 'NONE',  ( -17.96291351629733413, 3.000000000000000000, -137.2499999999999716 ) ) ;
#3236 = CARTESIAN_POINT ( 'NONE',  ( -2.000000000000013767, 4.000000000000000000, -37.50000000000002842 ) ) ;
#3237 = CARTESIAN_POINT ( 'NONE',  ( 2.571758278209441957E-16, 8.000000000000000000, 2.100000000000000089 ) ) ;
#3238 = DIRECTION ( 'NONE',  ( 0.000000000000000000, 0.000000000000000000, -1.000000000000000000 ) ) ;
#3239 = CIRCLE ( 'NONE', #4115, 30.00000000000000000 ) ;
#3240 = EDGE_CURVE ( 'NONE', #3172, #4323, #6172, .T. ) ;
#3241 = ORIENTED_EDGE ( 'NONE', *, *, #764, .T. ) ;
#3242 = EDGE_CURVE ( 'NONE', #451, #4384, #270, .T. ) ;
#3243 = ORIENTED_EDGE ( 'NONE', *, *, #1359, .F. ) ;
#3244 = ORIENTED_EDGE ( 'NONE', *, *, #764, .F. ) ;
#3245 = ADVANCED_FACE ( 'NONE', ( #2666 ), #6828, .F. ) ;
#3246 = VECTOR ( 'NONE', #3929, 1000.000000000000000 ) ;
#3247 = AXIS2_PLACEMENT_3D ( 'NONE', #1030, #2244, #7507 ) ;
#3248 = LINE ( 'NONE', #2651, #3856 ) ;
#3249 = DIRECTION ( 'NONE',  ( 7.564936274135420990E-19, 0.000000000000000000, -1.000000000000000000 ) ) ;
#3250 = CARTESIAN_POINT ( 'NONE',  ( -2.000000000000015987, -2.000000000000000000, -57.60000000000001563 ) ) ;
#3251 = CARTESIAN_POINT ( 'NONE',  ( 55.00000000000002842, 8.000000000000000000, -101.0000000000000142 ) ) ;
#3252 = CARTESIAN_POINT ( 'NONE',  ( 95.15692193816525446, 8.000000000000000000, -75.00000000000002842 ) ) ;
#3253 = VECTOR ( 'NONE', #6316, 1000.000000000000000 ) ;
#3254 = ORIENTED_EDGE ( 'NONE', *, *, #131, .T. ) ;
#3255 = AXIS2_PLACEMENT_3D ( 'NONE', #4114, #1167, #2272 ) ;
#3256 = EDGE_CURVE ( 'NONE', #6879, #7416, #1641, .T. ) ;
#3257 = FACE_OUTER_BOUND ( 'NONE', #2598, .T. ) ;
#3258 = CARTESIAN_POINT ( 'NONE',  ( 76.92153903091731593, 8.000000000000000000, -78.59999999999999432 ) ) ;
#3259 = ADVANCED_FACE ( 'NONE', ( #1487 ), #3887, .F. ) ;
#3260 = VECTOR ( 'NONE', #2047, 1000.000000000000000 ) ;
#3261 = ORIENTED_EDGE ( 'NONE', *, *, #2508, .T. ) ;
#3262 = DIRECTION ( 'NONE',  ( -0.000000000000000000, -1.000000000000000000, -0.000000000000000000 ) ) ;
#3264 = DIRECTION ( 'NONE',  ( -1.084202172485504064E-16, 0.000000000000000000, -1.000000000000000000 ) ) ;
#3263 = VECTOR ( 'NONE', #3742, 1000.000000000000000 ) ;
#3265 = VERTEX_POINT ( 'NONE', #906 ) ;
#3266 = EDGE_CURVE ( 'NONE', #7603, #6474, #4037, .T. ) ;
#3267 = DIRECTION ( 'NONE',  ( 0.000000000000000000, 0.000000000000000000, 1.000000000000000000 ) ) ;
#3268 = PLANE ( 'NONE',  #4100 ) ;
#3269 = CARTESIAN_POINT ( 'NONE',  ( 8.000000000000001776, 8.000000000000000000, -170.0000000000000000 ) ) ;
#3270 = EDGE_CURVE ( 'NONE', #1570, #587, #149, .T. ) ;
#3271 = ORIENTED_EDGE ( 'NONE', *, *, #3667, .F. ) ;
#3272 = DIRECTION ( 'NONE',  ( -0.000000000000000000, 1.000000000000000000, -0.000000000000000000 ) ) ;
#3273 = EDGE_LOOP ( 'NONE', ( #3317, #1328, #400, #3397 ) ) ;
#3274 = CARTESIAN_POINT ( 'NONE',  ( 0.000000000000000000, 8.000000000000000000, -162.0000000000000000 ) ) ;
#3275 = VERTEX_POINT ( 'NONE', #7340 ) ;
#3276 = DIRECTION ( 'NONE',  ( 0.000000000000000000, 1.000000000000000000, 0.000000000000000000 ) ) ;
#3277 = DIRECTION ( 'NONE',  ( -0.000000000000000000, 1.000000000000000000, -0.000000000000000000 ) ) ;
#3278 = LINE ( 'NONE', #7559, #3609 ) ;
#3279 = CARTESIAN_POINT ( 'NONE',  ( 86.84307806183468870, 5.000000000000000000, -95.00000000000000000 ) ) ;
#3280 = CARTESIAN_POINT ( 'NONE',  ( 83.15692193816529709, 5.000000000000000000, -74.99999999999998579 ) ) ;
#3281 = ORIENTED_EDGE ( 'NONE', *, *, #5421, .T. ) ;
#3282 = VERTEX_POINT ( 'NONE', #4354 ) ;
#3283 = EDGE_LOOP ( 'NONE', ( #4046, #2986, #1723, #6282 ) ) ;
#3284 = DIRECTION ( 'NONE',  ( 0.000000000000000000, 1.000000000000000000, -0.000000000000000000 ) ) ;
#3285 = DIRECTION ( 'NONE',  ( 1.000000000000000000, -0.000000000000000000, 8.780080477212640445E-16 ) ) ;
#3286 = DIRECTION ( 'NONE',  ( 0.000000000000000000, 1.000000000000000000, 0.000000000000000000 ) ) ;
#3287 = DIRECTION ( 'NONE',  ( 0.000000000000000000, 1.000000000000000000, 0.000000000000000000 ) ) ;
#3288 = DIRECTION ( 'NONE',  ( -0.000000000000000000, -1.000000000000000000, -0.000000000000000000 ) ) ;
#3289 = EDGE_CURVE ( 'NONE', #4608, #4112, #7348, .T. ) ;
#3290 = ORIENTED_EDGE ( 'NONE', *, *, #5159, .T. ) ;
#3291 = CARTESIAN_POINT ( 'NONE',  ( 170.0000000000000000, 0.000000000000000000, -2.099999999999989875 ) ) ;
#3292 = CARTESIAN_POINT ( 'NONE',  ( 172.0000000000000284, 4.000000000000000000, -51.25000000000002132 ) ) ;
#3293 = ORIENTED_EDGE ( 'NONE', *, *, #3026, .T. ) ;
#3294 = DIRECTION ( 'NONE',  ( 1.850371707708594366E-15, 0.000000000000000000, 1.000000000000000000 ) ) ;
#3295 = FACE_BOUND ( 'NONE', #6590, .T. ) ;
#3296 = EDGE_CURVE ( 'NONE', #4022, #7318, #580, .T. ) ;
#3297 = VERTEX_POINT ( 'NONE', #2000 ) ;
#3298 = CARTESIAN_POINT ( 'NONE',  ( 21.99999999999998224, -2.000000000000000000, -53.40000000000001990 ) ) ;
#3299 = CARTESIAN_POINT ( 'NONE',  ( 142.0000000000000568, 0.000000000000000000, -44.25941951976449218 ) ) ;
#3300 = CARTESIAN_POINT ( 'NONE',  ( 83.15692193816528288, 5.000000000000000000, -95.00000000000001421 ) ) ;
#3301 = EDGE_LOOP ( 'NONE', ( #4660, #3641 ) ) ;
#3302 = DIRECTION ( 'NONE',  ( 0.000000000000000000, -1.000000000000000000, -0.000000000000000000 ) ) ;
#3303 = CARTESIAN_POINT ( 'NONE',  ( -7.999999999999996447, 8.000000000000000000, -114.9999999999999858 ) ) ;
#3304 = ORIENTED_EDGE ( 'NONE', *, *, #4531, .F. ) ;
#3305 = DIRECTION ( 'NONE',  ( 0.000000000000000000, 0.000000000000000000, 1.000000000000000000 ) ) ;
#3306 = ADVANCED_FACE ( 'NONE', ( #4400 ), #6790, .F. ) ;
#3307 = VERTEX_POINT ( 'NONE', #824 ) ;
#3308 = FACE_OUTER_BOUND ( 'NONE', #3159, .T. ) ;
#3309 = CARTESIAN_POINT ( 'NONE',  ( -15.88445254721469801, 3.000000000000000000, -126.3499999999999943 ) ) ;
#3310 = CARTESIAN_POINT ( 'NONE',  ( -15.88445254721469446, 3.000000000000000000, -140.8499999999999659 ) ) ;
#3311 = ORIENTED_EDGE ( 'NONE', *, *, #3544, .T. ) ;
#3312 = SECURITY_CLASSIFICATION_LEVEL ( 'unclassified' ) ;
#3313 = DIRECTION ( 'NONE',  ( 0.000000000000000000, 0.000000000000000000, 1.000000000000000000 ) ) ;
#3314 = DIRECTION ( 'NONE',  ( 0.000000000000000000, 0.000000000000000000, -1.000000000000000000 ) ) ;
#3315 = ORIENTED_EDGE ( 'NONE', *, *, #2663, .T. ) ;
#3316 = EDGE_CURVE ( 'NONE', #3977, #3747, #5620, .T. ) ;
#3317 = ORIENTED_EDGE ( 'NONE', *, *, #7677, .F. ) ;
#3318 = AXIS2_PLACEMENT_3D ( 'NONE', #7345, #5584, #2472 ) ;
#3319 = VECTOR ( 'NONE', #4272, 1000.000000000000114 ) ;
#3320 = VERTEX_POINT ( 'NONE', #5706 ) ;
#3321 = CARTESIAN_POINT ( 'NONE',  ( 159.6191487473286941, 8.000000000000000000, -147.5000000000000284 ) ) ;
#3322 = FACE_OUTER_BOUND ( 'NONE', #6549, .T. ) ;
#3323 = DIRECTION ( 'NONE',  ( -0.000000000000000000, -1.000000000000000000, -0.000000000000000000 ) ) ;
#3324 = DIRECTION ( 'NONE',  ( -0.000000000000000000, 1.000000000000000000, -0.000000000000000000 ) ) ;
#3325 = CIRCLE ( 'NONE', #5215, 4.250000000000003553 ) ;
#3326 = LINE ( 'NONE', #6856, #6140 ) ;
#3327 = EDGE_CURVE ( 'NONE', #2499, #7052, #1576, .T. ) ;
#3328 = ORIENTED_EDGE ( 'NONE', *, *, #7481, .F. ) ;
#3329 = AXIS2_PLACEMENT_3D ( 'NONE', #3016, #2531, #6689 ) ;
#3330 = CARTESIAN_POINT ( 'NONE',  ( 21.99999999999999645, 0.000000000000000000, -116.6000000000000512 ) ) ;
#3331 = CARTESIAN_POINT ( 'NONE',  ( 21.85910819620918133, 8.000000000000000000, -5.999999999999999112 ) ) ;
#3332 = EDGE_CURVE ( 'NONE', #3553, #395, #2715, .T. ) ;
#3333 = ORIENTED_EDGE ( 'NONE', *, *, #122, .F. ) ;
#3334 = FACE_OUTER_BOUND ( 'NONE', #1707, .T. ) ;
#3335 = CARTESIAN_POINT ( 'NONE',  ( 170.0000000000000000, 8.000000000000000000, 0.000000000000000000 ) ) ;
#3336 = AXIS2_PLACEMENT_3D ( 'NONE', #6350, #7055, #5264 ) ;
#3337 = ORIENTED_EDGE ( 'NONE', *, *, #4242, .F. ) ;
#3338 = ADVANCED_FACE ( 'NONE', ( #7473, #3351 ), #1036, .T. ) ;
#3339 = VECTOR ( 'NONE', #2813, 1000.000000000000000 ) ;
#3340 = LINE ( 'NONE', #6791, #2096 ) ;
#3341 = DIRECTION ( 'NONE',  ( 0.000000000000000000, 1.000000000000000000, 0.000000000000000000 ) ) ;
#3342 = EDGE_CURVE ( 'NONE', #4892, #130, #2795, .T. ) ;
#3343 = ORIENTED_EDGE ( 'NONE', *, *, #4118, .T. ) ;
#3344 = LINE ( 'NONE', #4438, #3809 ) ;
#3345 = CARTESIAN_POINT ( 'NONE',  ( 148.0000000000000284, 4.000000000000000000, -55.50000000000002842 ) ) ;
#3346 = ORIENTED_EDGE ( 'NONE', *, *, #4099, .T. ) ;
#3347 = CARTESIAN_POINT ( 'NONE',  ( 158.1337718589785482, 0.000000000000000000, -148.8392742435944172 ) ) ;
#3348 = AXIS2_PLACEMENT_3D ( 'NONE', #4770, #1796, #4201 ) ;
#3349 = VERTEX_POINT ( 'NONE', #954 ) ;
#3350 = DIRECTION ( 'NONE',  ( -0.000000000000000000, -1.000000000000000000, -0.000000000000000000 ) ) ;
#3351 = FACE_BOUND ( 'NONE', #5256, .T. ) ;
#3352 = EDGE_CURVE ( 'NONE', #3079, #7158, #7557, .T. ) ;
#3353 = CARTESIAN_POINT ( 'NONE',  ( 21.99999999999998224, 4.000000000000000000, -59.75000000000002132 ) ) ;
#3354 = AXIS2_PLACEMENT_3D ( 'NONE', #4600, #3889, #987 ) ;
#3355 = ORIENTED_EDGE ( 'NONE', *, *, #2481, .F. ) ;
#3356 = CARTESIAN_POINT ( 'NONE',  ( 142.0000000000000568, 8.000000000000000000, -107.0000000000000426 ) ) ;
#3357 = AXIS2_PLACEMENT_3D ( 'NONE', #1332, #3028, #4882 ) ;
#3358 = FACE_OUTER_BOUND ( 'NONE', #6925, .T. ) ;
#3359 = ORIENTED_EDGE ( 'NONE', *, *, #5795, .F. ) ;
#3360 = VERTEX_POINT ( 'NONE', #1500 ) ;
#3361 = VECTOR ( 'NONE', #5304, 1000.000000000000000 ) ;
#3362 = EDGE_LOOP ( 'NONE', ( #2216, #5469, #6703, #756 ) ) ;
#3363 = ADVANCED_FACE ( 'NONE', ( #317, #7636 ), #4054, .T. ) ;
#3364 = CARTESIAN_POINT ( 'NONE',  ( 170.0000000000000000, 6.000000000000000000, -3.500000000000016875 ) ) ;
#3365 = CARTESIAN_POINT ( 'NONE',  ( 0.000000000000000000, 6.000000000000000000, -170.0000000000000000 ) ) ;
#3366 = LINE ( 'NONE', #3441, #3580 ) ;
#3367 = CARTESIAN_POINT ( 'NONE',  ( -13.80599157813204059, 3.000000000000000000, -135.1250000000000000 ) ) ;
#3368 = VECTOR ( 'NONE', #1271, 1000.000000000000000 ) ;
#3369 = CARTESIAN_POINT ( 'NONE',  ( 172.0000000000000284, 4.000000000000000000, -118.7500000000000568 ) ) ;
#3370 = ORIENTED_EDGE ( 'NONE', *, *, #5508, .F. ) ;
#3371 = AXIS2_PLACEMENT_3D ( 'NONE', #5535, #68, #3679 ) ;
#3372 = DIRECTION ( 'NONE',  ( 0.5000000000000002220, 0.000000000000000000, 0.8660254037844384856 ) ) ;
#3373 = DIRECTION ( 'NONE',  ( 0.000000000000000000, 1.000000000000000000, 0.000000000000000000 ) ) ;
#3374 = VERTEX_POINT ( 'NONE', #5083 ) ;
#3375 = DIRECTION ( 'NONE',  ( 0.6696371217971888168, -0.000000000000000000, -0.7426884441750638555 ) ) ;
#3376 = LINE ( 'NONE', #903, #2357 ) ;
#3377 = AXIS2_PLACEMENT_3D ( 'NONE', #6299, #4440, #3305 ) ;
#3378 = CIRCLE ( 'NONE', #2883, 8.000000000000007105 ) ;
#3379 = EDGE_LOOP ( 'NONE', ( #7271, #1934 ) ) ;
#3380 = ADVANCED_FACE ( 'NONE', ( #2676 ), #2130, .F. ) ;
#3381 = ADVANCED_FACE ( 'NONE', ( #6452 ), #5672, .F. ) ;
#3382 = VECTOR ( 'NONE', #2044, 1000.000000000000000 ) ;
#3383 = VECTOR ( 'NONE', #6544, 1000.000000000000000 ) ;
#3384 = DIRECTION ( 'NONE',  ( -0.000000000000000000, 1.000000000000000000, -0.000000000000000000 ) ) ;
#3385 = LINE ( 'NONE', #5664, #1452 ) ;
#3386 = EDGE_LOOP ( 'NONE', ( #5940, #3796 ) ) ;
#3387 = CYLINDRICAL_SURFACE ( 'NONE', #169, 2.099999999999990763 ) ;
#3388 = DIRECTION ( 'NONE',  ( 0.5000000000000006661, 0.000000000000000000, -0.8660254037844382635 ) ) ;
#3389 = VERTEX_POINT ( 'NONE', #4610 ) ;
#3390 = CC_DESIGN_PERSON_AND_ORGANIZATION_ASSIGNMENT ( #6926, #5830, ( #4784 ) ) ;
#3391 = DIRECTION ( 'NONE',  ( 0.000000000000000000, 1.000000000000000000, -0.000000000000000000 ) ) ;
#3392 = ADVANCED_FACE ( 'NONE', ( #1622 ), #2251, .F. ) ;
#3393 = EDGE_LOOP ( 'NONE', ( #113, #2192 ) ) ;
#3394 = LINE ( 'NONE', #5632, #3834 ) ;
#3395 = DIRECTION ( 'NONE',  ( -0.000000000000000000, 1.000000000000000000, 0.000000000000000000 ) ) ;
#3396 = DIRECTION ( 'NONE',  ( 0.000000000000000000, 1.000000000000000000, 0.000000000000000000 ) ) ;
#3397 = ORIENTED_EDGE ( 'NONE', *, *, #4036, .F. ) ;
#3398 = PERSON_AND_ORGANIZATION ( #4848, #1639 ) ;
#3399 = CARTESIAN_POINT ( 'NONE',  ( 170.0000000000000000, 0.000000000000000000, 2.099999999999989875 ) ) ;
#3400 = DIRECTION ( 'NONE',  ( 0.000000000000000000, 0.000000000000000000, 1.000000000000000000 ) ) ;
#3401 = ORIENTED_EDGE ( 'NONE', *, *, #6027, .T. ) ;
#3402 = EDGE_CURVE ( 'NONE', #5294, #1447, #2086, .T. ) ;
#3403 = EDGE_LOOP ( 'NONE', ( #7733, #7480 ) ) ;
#3404 = ORIENTED_EDGE ( 'NONE', *, *, #2756, .F. ) ;
#3405 = DIRECTION ( 'NONE',  ( -1.000000000000000000, 0.000000000000000000, 0.000000000000000000 ) ) ;
#3406 = FACE_OUTER_BOUND ( 'NONE', #7264, .T. ) ;
#3407 = CYLINDRICAL_SURFACE ( 'NONE', #1574, 2.125000000000001776 ) ;
#3408 = DIRECTION ( 'NONE',  ( -1.000000000000000000, 0.000000000000000000, -2.523234146875355505E-16 ) ) ;
#3409 = CARTESIAN_POINT ( 'NONE',  ( 55.00000000000002842, 0.000000000000000000, -69.00000000000001421 ) ) ;
#3410 = EDGE_CURVE ( 'NONE', #1570, #2914, #6477, .T. ) ;
#3411 = ORIENTED_EDGE ( 'NONE', *, *, #4833, .T. ) ;
#3412 = DIRECTION ( 'NONE',  ( 0.000000000000000000, 0.000000000000000000, 1.000000000000000000 ) ) ;
#3413 = CARTESIAN_POINT ( 'NONE',  ( 41.51140621703041234, 8.000000000000000000, -107.0000000000000284 ) ) ;
#3414 = ORIENTED_EDGE ( 'NONE', *, *, #4697, .F. ) ;
#3415 = LINE ( 'NONE', #5810, #690 ) ;
#3416 = LINE ( 'NONE', #6323, #7506 ) ;
#3417 = ORIENTED_EDGE ( 'NONE', *, *, #4366, .T. ) ;
#3418 = CARTESIAN_POINT ( 'NONE',  ( 101.0000000000000142, 8.000000000000000000, -65.00000000000002842 ) ) ;
#3419 = DIRECTION ( 'NONE',  ( -0.000000000000000000, -1.000000000000000000, -0.000000000000000000 ) ) ;
#3420 = EDGE_LOOP ( 'NONE', ( #2261, #3081, #5660, #93 ) ) ;
#3421 = CARTESIAN_POINT ( 'NONE',  ( 21.99999999999998224, 8.000000000000000000, -55.50000000000001421 ) ) ;
#3422 = CARTESIAN_POINT ( 'NONE',  ( 0.000000000000000000, 0.000000000000000000, -170.0000000000000000 ) ) ;
#3423 = ORIENTED_EDGE ( 'NONE', *, *, #4777, .T. ) ;
#3424 = CARTESIAN_POINT ( 'NONE',  ( -7.943183087842188669E-18, 0.000000000000000000, -18.50000000000000355 ) ) ;
#3425 = EDGE_CURVE ( 'NONE', #6945, #4681, #999, .T. ) ;
#3426 = EDGE_LOOP ( 'NONE', ( #712, #4647 ) ) ;
#3427 = DIRECTION ( 'NONE',  ( 0.000000000000000000, 1.000000000000000000, 0.000000000000000000 ) ) ;
#3428 = DIRECTION ( 'NONE',  ( -0.000000000000000000, 1.000000000000000000, -0.000000000000000000 ) ) ;
#3429 = CARTESIAN_POINT ( 'NONE',  ( 2.000000000000000000, 8.000000000000000000, -11.20487406521907126 ) ) ;
#3430 = EDGE_CURVE ( 'NONE', #1250, #7360, #7106, .T. ) ;
#3431 = VERTEX_POINT ( 'NONE', #7045 ) ;
#3432 = DATE_AND_TIME ( #2172, #5905 ) ;
#3433 = DIRECTION ( 'NONE',  ( 0.5000000000000036637, 0.000000000000000000, 0.8660254037844365982 ) ) ;
#3434 = ORIENTED_EDGE ( 'NONE', *, *, #140, .T. ) ;
#3435 = VERTEX_POINT ( 'NONE', #281 ) ;
#3436 = EDGE_CURVE ( 'NONE', #4162, #1893, #3933, .T. ) ;
#3437 = ORIENTED_EDGE ( 'NONE', *, *, #7276, .T. ) ;
#3438 = LINE ( 'NONE', #4062, #1349 ) ;
#3439 = EDGE_CURVE ( 'NONE', #7245, #5503, #2760, .T. ) ;
#3440 = CARTESIAN_POINT ( 'NONE',  ( 136.0000000000000284, -63.63175307973214956, -63.00000000000002842 ) ) ;
#3441 = CARTESIAN_POINT ( 'NONE',  ( 148.1408918037908222, 0.000000000000000000, 0.000000000000000000 ) ) ;
#3442 = CARTESIAN_POINT ( 'NONE',  ( 170.0000000000000000, 0.000000000000000000, -170.0000000000000000 ) ) ;
#3443 = AXIS2_PLACEMENT_3D ( 'NONE', #675, #1297, #1956 ) ;
#3444 = ORIENTED_EDGE ( 'NONE', *, *, #211, .T. ) ;
#3445 = ORIENTED_EDGE ( 'NONE', *, *, #5822, .F. ) ;
#3446 = AXIS2_PLACEMENT_3D ( 'NONE', #4685, #7069, #1683 ) ;
#3447 = DIRECTION ( 'NONE',  ( 0.000000000000000000, 1.000000000000000000, 0.000000000000000000 ) ) ;
#3448 = DIRECTION ( 'NONE',  ( 0.5000000000000016653, 0.000000000000000000, -0.8660254037844377084 ) ) ;
#3449 = EDGE_CURVE ( 'NONE', #1858, #3653, #4692, .T. ) ;
#3450 = ORIENTED_EDGE ( 'NONE', *, *, #1311, .F. ) ;
#3451 = DIRECTION ( 'NONE',  ( 0.000000000000000000, 0.000000000000000000, 1.000000000000000000 ) ) ;
#3452 = DIRECTION ( 'NONE',  ( -0.000000000000000000, 1.000000000000000000, -0.000000000000000000 ) ) ;
#3453 = ORIENTED_EDGE ( 'NONE', *, *, #5993, .F. ) ;
#3454 = DIRECTION ( 'NONE',  ( -0.6843142041691715471, -0.000000000000000000, -0.7291872667376422257 ) ) ;
#3455 = DIRECTION ( 'NONE',  ( -1.000000000000000000, 0.000000000000000000, 0.000000000000000000 ) ) ;
#3456 = ORIENTED_EDGE ( 'NONE', *, *, #7322, .T. ) ;
#3457 = DIRECTION ( 'NONE',  ( 0.000000000000000000, 1.000000000000000000, 0.000000000000000000 ) ) ;
#3458 = LINE ( 'NONE', #4480, #7256 ) ;
#3459 = AXIS2_PLACEMENT_3D ( 'NONE', #5674, #7316, #6767 ) ;
#3460 = ORIENTED_EDGE ( 'NONE', *, *, #553, .F. ) ;
#3461 = DIRECTION ( 'NONE',  ( 0.000000000000000000, 0.000000000000000000, 1.000000000000000000 ) ) ;
#3462 = VERTEX_POINT ( 'NONE', #7228 ) ;
#3463 = VECTOR ( 'NONE', #6963, 1000.000000000000000 ) ;
#3464 = FACE_OUTER_BOUND ( 'NONE', #6663, .T. ) ;
#3465 = DIRECTION ( 'NONE',  ( -0.4999999999999981126, 0.000000000000000000, 0.8660254037844397068 ) ) ;
#3466 = LINE ( 'NONE', #2398, #3861 ) ;
#3467 = VERTEX_POINT ( 'NONE', #2950 ) ;
#3468 = CARTESIAN_POINT ( 'NONE',  ( -2.000000000000013323, 0.000000000000000000, -39.60000000000002274 ) ) ;
#3469 = VECTOR ( 'NONE', #6134, 1000.000000000000000 ) ;
#3470 = ORIENTED_EDGE ( 'NONE', *, *, #2408, .T. ) ;
#3471 = EDGE_LOOP ( 'NONE', ( #6537, #3150 ) ) ;
#3472 = ADVANCED_FACE ( 'NONE', ( #6563 ), #1148, .T. ) ;
#3473 = VECTOR ( 'NONE', #585, 1000.000000000000000 ) ;
#3474 = EDGE_LOOP ( 'NONE', ( #2176, #5902, #7015, #2374 ) ) ;
#3475 = VECTOR ( 'NONE', #5976, 1000.000000000000000 ) ;
#3476 = DIRECTION ( 'NONE',  ( -0.000000000000000000, -1.000000000000000000, -0.000000000000000000 ) ) ;
#3477 = DIRECTION ( 'NONE',  ( -1.000000000000000000, 0.000000000000000000, -2.523234146875355505E-16 ) ) ;
#3478 = FACE_BOUND ( 'NONE', #3403, .T. ) ;
#3479 = DIRECTION ( 'NONE',  ( 0.000000000000000000, 0.000000000000000000, 1.000000000000000000 ) ) ;
#3480 = VECTOR ( 'NONE', #2065, 1000.000000000000000 ) ;
#3481 = VECTOR ( 'NONE', #6913, 1000.000000000000000 ) ;
#3482 = ORIENTED_EDGE ( 'NONE', *, *, #3034, .T. ) ;
#3483 = EDGE_CURVE ( 'NONE', #4297, #3935, #7746, .T. ) ;
#3484 = ORIENTED_EDGE ( 'NONE', *, *, #229, .T. ) ;
#3485 = VECTOR ( 'NONE', #681, 1000.000000000000000 ) ;
#3486 = DIRECTION ( 'NONE',  ( 0.000000000000000000, 0.000000000000000000, 1.000000000000000000 ) ) ;
#3487 = PLANE ( 'NONE',  #5251 ) ;
#3488 = ORIENTED_EDGE ( 'NONE', *, *, #7414, .T. ) ;
#3489 = DIRECTION ( 'NONE',  ( -0.000000000000000000, 0.000000000000000000, -1.000000000000000000 ) ) ;
#3490 = CARTESIAN_POINT ( 'NONE',  ( 93.07846096908262723, 5.000000000000000000, -78.60000000000000853 ) ) ;
#3491 = ADVANCED_FACE ( 'NONE', ( #3613 ), #4246, .F. ) ;
#3492 = AXIS2_PLACEMENT_3D ( 'NONE', #5212, #1117, #3400 ) ;
#3493 = ORIENTED_EDGE ( 'NONE', *, *, #4146, .T. ) ;
#3494 = AXIS2_PLACEMENT_3D ( 'NONE', #6665, #5035, #4874 ) ;
#3495 = EDGE_CURVE ( 'NONE', #223, #5835, #6098, .T. ) ;
#3496 = CYLINDRICAL_SURFACE ( 'NONE', #473, 2.100000000000004530 ) ;
#3497 = DIRECTION ( 'NONE',  ( 0.000000000000000000, 1.000000000000000000, 0.000000000000000000 ) ) ;
#3498 = AXIS2_PLACEMENT_3D ( 'NONE', #7253, #6816, #60 ) ;
#3499 = ORIENTED_EDGE ( 'NONE', *, *, #1371, .T. ) ;
#3500 = DIRECTION ( 'NONE',  ( -0.000000000000000000, 1.000000000000000000, -0.000000000000000000 ) ) ;
#3502 = FACE_OUTER_BOUND ( 'NONE', #3362, .T. ) ;
#3501 = AXIS2_PLACEMENT_3D ( 'NONE', #5963, #4077, #6584 ) ;
#3503 = VERTEX_POINT ( 'NONE', #7076 ) ;
#3504 = DIRECTION ( 'NONE',  ( 0.000000000000000000, 0.000000000000000000, 1.000000000000000000 ) ) ;
#3505 = EDGE_CURVE ( 'NONE', #3374, #4168, #6228, .T. ) ;
#3506 = ORIENTED_EDGE ( 'NONE', *, *, #1610, .T. ) ;
#3507 = VECTOR ( 'NONE', #2223, 1000.000000000000000 ) ;
#3508 = CARTESIAN_POINT ( 'NONE',  ( 136.0000000000000284, 0.000000000000000000, -63.00000000000002842 ) ) ;
#3509 = DIRECTION ( 'NONE',  ( -0.000000000000000000, 1.000000000000000000, -0.000000000000000000 ) ) ;
#3510 = DIRECTION ( 'NONE',  ( -0.000000000000000000, 1.000000000000000000, -0.000000000000000000 ) ) ;
#3511 = ORIENTED_EDGE ( 'NONE', *, *, #2155, .T. ) ;
#3512 = VECTOR ( 'NONE', #1668, 1000.000000000000000 ) ;
#3513 = FACE_OUTER_BOUND ( 'NONE', #6893, .T. ) ;
#3514 = ORIENTED_EDGE ( 'NONE', *, *, #2132, .F. ) ;
#3515 = EDGE_CURVE ( 'NONE', #1793, #5074, #2990, .T. ) ;
#3516 = ORIENTED_EDGE ( 'NONE', *, *, #7041, .F. ) ;
#3517 = PLANE ( 'NONE',  #5997 ) ;
#3518 = CARTESIAN_POINT ( 'NONE',  ( 8.379555213223520053E-14, 0.000000000000000000, 8.000000000000000000 ) ) ;
#3519 = FACE_BOUND ( 'NONE', #1034, .T. ) ;
#3520 = LINE ( 'NONE', #1158, #4129 ) ;
#3521 = ORIENTED_EDGE ( 'NONE', *, *, #7558, .F. ) ;
#3522 = EDGE_CURVE ( 'NONE', #3503, #5294, #4091, .T. ) ;
#3523 = ORIENTED_EDGE ( 'NONE', *, *, #2713, .T. ) ;
#3524 = CARTESIAN_POINT ( 'NONE',  ( 170.0000000000000000, 8.000000000000000000, -162.0000000000000000 ) ) ;
#3525 = DIRECTION ( 'NONE',  ( 0.4999999999999995004, 0.000000000000000000, -0.8660254037844389297 ) ) ;
#3526 = VERTEX_POINT ( 'NONE', #6491 ) ;
#3527 = CARTESIAN_POINT ( 'NONE',  ( 93.07846096908259881, 5.000000000000000000, -71.39999999999999147 ) ) ;
#3528 = DIRECTION ( 'NONE',  ( -0.000000000000000000, 1.000000000000000000, -0.000000000000000000 ) ) ;
#3529 = EDGE_CURVE ( 'NONE', #6152, #1453, #6, .T. ) ;
#3530 = CIRCLE ( 'NONE', #4537, 6.000000000000005329 ) ;
#3531 = VERTEX_POINT ( 'NONE', #2428 ) ;
#3532 = CARTESIAN_POINT ( 'NONE',  ( 21.99999999999999645, -2.000000000000000000, -114.5000000000000426 ) ) ;
#3533 = DIRECTION ( 'NONE',  ( 1.000000000000000000, 0.000000000000000000, -7.564936274135416175E-19 ) ) ;
#3534 = ORIENTED_EDGE ( 'NONE', *, *, #1623, .F. ) ;
#3535 = CARTESIAN_POINT ( 'NONE',  ( 172.0000000000000284, 4.000000000000000000, -37.50000000000004263 ) ) ;
#3536 = CARTESIAN_POINT ( 'NONE',  ( 88.92153903091725908, 5.000000000000000000, -71.39999999999999147 ) ) ;
#3537 = ADVANCED_FACE ( 'NONE', ( #4839 ), #2885, .F. ) ;
#3538 = ORIENTED_EDGE ( 'NONE', *, *, #7148, .F. ) ;
#3539 = ORIENTED_EDGE ( 'NONE', *, *, #3914, .F. ) ;
#3540 = DIRECTION ( 'NONE',  ( 0.000000000000000000, 0.000000000000000000, 1.000000000000000000 ) ) ;
#3541 = DIRECTION ( 'NONE',  ( 0.000000000000000000, 1.000000000000000000, 0.000000000000000000 ) ) ;
#3542 = CARTESIAN_POINT ( 'NONE',  ( 21.99999999999999645, -2.000000000000000000, -114.5000000000000426 ) ) ;
#3543 = AXIS2_PLACEMENT_3D ( 'NONE', #1207, #3019, #2577 ) ;
#3544 = EDGE_CURVE ( 'NONE', #4106, #6341, #2842, .T. ) ;
#3545 = ORIENTED_EDGE ( 'NONE', *, *, #2593, .F. ) ;
#3546 = DIRECTION ( 'NONE',  ( 0.000000000000000000, 1.000000000000000000, 0.000000000000000000 ) ) ;
#3547 = ORIENTED_EDGE ( 'NONE', *, *, #7333, .T. ) ;
#3548 = ORIENTED_EDGE ( 'NONE', *, *, #4099, .F. ) ;
#3549 = LINE ( 'NONE', #6394, #4240 ) ;
#3550 = DIRECTION ( 'NONE',  ( 0.000000000000000000, 0.000000000000000000, 1.000000000000000000 ) ) ;
#3551 = DIRECTION ( 'NONE',  ( 0.000000000000000000, -1.000000000000000000, 0.000000000000000000 ) ) ;
#3552 = CYLINDRICAL_SURFACE ( 'NONE', #5376, 6.000000000000005329 ) ;
#3553 = VERTEX_POINT ( 'NONE', #4131 ) ;
#3554 = ORIENTED_EDGE ( 'NONE', *, *, #3905, .T. ) ;
#3555 = CARTESIAN_POINT ( 'NONE',  ( 158.1337718589785197, 0.000000000000000000, -21.16072575640564324 ) ) ;
#3556 = DIRECTION ( 'NONE',  ( -0.000000000000000000, -1.000000000000000000, -0.000000000000000000 ) ) ;
#3557 = ORIENTED_EDGE ( 'NONE', *, *, #5291, .F. ) ;
#3558 = PLANE ( 'NONE',  #5585 ) ;
#3559 = CARTESIAN_POINT ( 'NONE',  ( 88.92153903091725908, 5.000000000000000000, -71.39999999999999147 ) ) ;
#3560 = CIRCLE ( 'NONE', #5571, 2.100000000000004530 ) ;
#3561 = ORIENTED_EDGE ( 'NONE', *, *, #7270, .F. ) ;
#3562 = VECTOR ( 'NONE', #820, 1000.000000000000114 ) ;
#3563 = EDGE_CURVE ( 'NONE', #3265, #6390, #640, .T. ) ;
#3564 = CARTESIAN_POINT ( 'NONE',  ( 170.0000000000000000, 8.000000000000000000, -8.000000000000012434 ) ) ;
#3565 = DIRECTION ( 'NONE',  ( 1.000000000000000000, -0.000000000000000000, 1.224646799147353207E-16 ) ) ;
#3566 = ORIENTED_EDGE ( 'NONE', *, *, #4152, .F. ) ;
#3567 = DIRECTION ( 'NONE',  ( 0.000000000000000000, 0.000000000000000000, 1.000000000000000000 ) ) ;
#3568 = CARTESIAN_POINT ( 'NONE',  ( 21.99999999999999289, -2.000000000000000000, -134.6000000000000227 ) ) ;
#3569 = EDGE_LOOP ( 'NONE', ( #1476, #6933, #692, #3939 ) ) ;
#3570 = AXIS2_PLACEMENT_3D ( 'NONE', #543, #5343, #3451 ) ;
#3571 = EDGE_CURVE ( 'NONE', #2097, #7260, #1949, .T. ) ;
#3572 = EDGE_CURVE ( 'NONE', #1336, #7441, #2286, .T. ) ;
#3573 = CIRCLE ( 'NONE', #2694, 5.500000000000005329 ) ;
#3574 = CARTESIAN_POINT ( 'NONE',  ( 31.48537688835013881, 8.000000000000000000, -127.0798547238298823 ) ) ;
#3575 = CARTESIAN_POINT ( 'NONE',  ( 168.0000000000000000, 0.000000000000000000, -156.7951259347809412 ) ) ;
#3576 = VERTEX_POINT ( 'NONE', #5911 ) ;
#3577 = CARTESIAN_POINT ( 'NONE',  ( 142.0000000000000568, 0.000000000000000000, -107.0000000000000426 ) ) ;
#3578 = ORIENTED_EDGE ( 'NONE', *, *, #3716, .F. ) ;
#3579 = CYLINDRICAL_SURFACE ( 'NONE', #2606, 2.000000000000001776 ) ;
#3580 = VECTOR ( 'NONE', #4103, 1000.000000000000000 ) ;
#3581 = ORIENTED_EDGE ( 'NONE', *, *, #59, .T. ) ;
#3582 = EDGE_CURVE ( 'NONE', #6425, #1424, #2217, .T. ) ;
#3583 = ORIENTED_EDGE ( 'NONE', *, *, #5983, .T. ) ;
#3584 = VECTOR ( 'NONE', #203, 1000.000000000000000 ) ;
#3585 = DIRECTION ( 'NONE',  ( -0.000000000000000000, 1.000000000000000000, -0.000000000000000000 ) ) ;
#3586 = CARTESIAN_POINT ( 'NONE',  ( -2.000000000000013767, 4.000000000000000000, -35.40000000000002700 ) ) ;
#3587 = DIRECTION ( 'NONE',  ( -0.000000000000000000, -1.000000000000000000, -0.000000000000000000 ) ) ;
#3588 = CARTESIAN_POINT ( 'NONE',  ( 81.98784867335365334, 8.000000000000000000, -105.0000000000000284 ) ) ;
#3589 = EDGE_LOOP ( 'NONE', ( #3470, #1055, #2611, #1882, #4336, #375 ) ) ;
#3590 = EDGE_CURVE ( 'NONE', #3964, #3147, #7708, .T. ) ;
#3591 = EDGE_LOOP ( 'NONE', ( #4486, #2553 ) ) ;
#3592 = DIRECTION ( 'NONE',  ( 0.000000000000000000, -0.000000000000000000, -1.000000000000000000 ) ) ;
#3593 = FACE_OUTER_BOUND ( 'NONE', #5053, .T. ) ;
#3594 = ORIENTED_EDGE ( 'NONE', *, *, #1321, .T. ) ;
#3595 = DIRECTION ( 'NONE',  ( -0.000000000000000000, -1.000000000000000000, -0.000000000000000000 ) ) ;
#3596 = DIRECTION ( 'NONE',  ( -0.6696371217971888168, 0.000000000000000000, -0.7426884441750637444 ) ) ;
#3597 = AXIS2_PLACEMENT_3D ( 'NONE', #5205, #2285, #5356 ) ;
#3598 = ORIENTED_EDGE ( 'NONE', *, *, #2245, .T. ) ;
#3599 = VECTOR ( 'NONE', #4039, 1000.000000000000000 ) ;
#3600 = DIRECTION ( 'NONE',  ( -0.8660254037844380415, 0.000000000000000000, 0.5000000000000009992 ) ) ;
#3601 = DIRECTION ( 'NONE',  ( 0.000000000000000000, 0.000000000000000000, 1.000000000000000000 ) ) ;
#3602 = EDGE_LOOP ( 'NONE', ( #5199, #11 ) ) ;
#3603 = DIRECTION ( 'NONE',  ( -0.000000000000000000, 1.000000000000000000, 0.000000000000000000 ) ) ;
#3604 = CARTESIAN_POINT ( 'NONE',  ( -13.99999999999999822, 8.000000000000000000, -151.0000000000000284 ) ) ;
#3605 = EDGE_LOOP ( 'NONE', ( #3030, #5515, #27, #5928 ) ) ;
#3606 = CIRCLE ( 'NONE', #4239, 2.100000000000004530 ) ;
#3607 = AXIS2_PLACEMENT_3D ( 'NONE', #6429, #5876, #413 ) ;
#3608 = VERTEX_POINT ( 'NONE', #1733 ) ;
#3609 = VECTOR ( 'NONE', #3859, 1000.000000000000000 ) ;
#3610 = AXIS2_PLACEMENT_3D ( 'NONE', #7114, #2833, #3461 ) ;
#3611 = CIRCLE ( 'NONE', #227, 4.250000000000003553 ) ;
#3612 = DIRECTION ( 'NONE',  ( 0.000000000000000000, 0.000000000000000000, 1.000000000000000000 ) ) ;
#3613 = FACE_OUTER_BOUND ( 'NONE', #6653, .T. ) ;
#3614 = ORIENTED_EDGE ( 'NONE', *, *, #4163, .F. ) ;
#3615 = DIRECTION ( 'NONE',  ( 0.000000000000000000, 0.000000000000000000, 1.000000000000000000 ) ) ;
#3616 = EDGE_LOOP ( 'NONE', ( #7308, #6309, #6412, #4844 ) ) ;
#3617 = CARTESIAN_POINT ( 'NONE',  ( 10.38085125267133968, -28.74456470360965810, -147.5000000000000284 ) ) ;
#3618 = EDGE_CURVE ( 'NONE', #1424, #6425, #3840, .T. ) ;
#3619 = VECTOR ( 'NONE', #2967, 1000.000000000000000 ) ;
#3620 = AXIS2_PLACEMENT_3D ( 'NONE', #379, #3324, #2774 ) ;
#3621 = ORIENTED_EDGE ( 'NONE', *, *, #1272, .T. ) ;
#3622 = VERTEX_POINT ( 'NONE', #4956 ) ;
#3623 = AXIS2_PLACEMENT_3D ( 'NONE', #733, #7288, #7367 ) ;
#3624 = VECTOR ( 'NONE', #1638, 1000.000000000000000 ) ;
#3625 = CARTESIAN_POINT ( 'NONE',  ( 0.000000000000000000, 0.000000000000000000, -172.0999999999999943 ) ) ;
#3626 = DIRECTION ( 'NONE',  ( 0.000000000000000000, 0.000000000000000000, 1.000000000000000000 ) ) ;
#3627 = DIRECTION ( 'NONE',  ( 0.000000000000000000, 0.000000000000000000, 1.000000000000000000 ) ) ;
#3628 = PLANE ( 'NONE',  #6141 ) ;
#3629 = EDGE_CURVE ( 'NONE', #6879, #4317, #2590, .T. ) ;
#3630 = AXIS2_PLACEMENT_3D ( 'NONE', #534, #1190, #1156 ) ;
#3631 = EDGE_LOOP ( 'NONE', ( #7300, #488, #3226, #7433 ) ) ;
#3632 = ORIENTED_EDGE ( 'NONE', *, *, #840, .T. ) ;
#3633 = DIRECTION ( 'NONE',  ( -1.000000000000000000, -0.000000000000000000, -0.000000000000000000 ) ) ;
#3634 = CARTESIAN_POINT ( 'NONE',  ( 90.99999999999997158, 5.000000000000000000, -97.10000000000000853 ) ) ;
#3635 = EDGE_LOOP ( 'NONE', ( #7743, #43 ) ) ;
#3636 = CARTESIAN_POINT ( 'NONE',  ( 21.99999999999998224, 8.000000000000000000, -55.50000000000001421 ) ) ;
#3637 = CARTESIAN_POINT ( 'NONE',  ( 0.000000000000000000, 8.000000000000000000, -162.0000000000000000 ) ) ;
#3638 = EDGE_CURVE ( 'NONE', #2788, #5870, #3727, .T. ) ;
#3639 = AXIS2_PLACEMENT_3D ( 'NONE', #5707, #6841, #4612 ) ;
#3640 = DIRECTION ( 'NONE',  ( -0.000000000000000000, 1.000000000000000000, -0.000000000000000000 ) ) ;
#3641 = ORIENTED_EDGE ( 'NONE', *, *, #2127, .F. ) ;
#3642 = DIRECTION ( 'NONE',  ( 0.000000000000000000, -1.000000000000000000, 0.000000000000000000 ) ) ;
#3643 = CARTESIAN_POINT ( 'NONE',  ( 148.0000000000000568, 4.000000000000000000, -114.5000000000000426 ) ) ;
#3644 = VERTEX_POINT ( 'NONE', #3803 ) ;
#3645 = DIRECTION ( 'NONE',  ( 0.000000000000000000, 0.000000000000000000, -1.000000000000000000 ) ) ;
#3646 = DIRECTION ( 'NONE',  ( 0.000000000000000000, 1.000000000000000000, 0.000000000000000000 ) ) ;
#3647 = ORIENTED_EDGE ( 'NONE', *, *, #663, .F. ) ;
#3648 = EDGE_LOOP ( 'NONE', ( #5589, #4684, #313, #3824 ) ) ;
#3649 = EDGE_CURVE ( 'NONE', #4973, #6520, #4850, .T. ) ;
#3650 = VECTOR ( 'NONE', #505, 1000.000000000000000 ) ;
#3651 = CARTESIAN_POINT ( 'NONE',  ( 169.9999999999999716, -28.74456470360965810, -145.5000000000000284 ) ) ;
#3652 = CARTESIAN_POINT ( 'NONE',  ( 170.0000000000000000, 0.000000000000000000, -172.0999999999999943 ) ) ;
#3653 = VERTEX_POINT ( 'NONE', #2469 ) ;
#3654 = FACE_OUTER_BOUND ( 'NONE', #6631, .T. ) ;
#3655 = VERTEX_POINT ( 'NONE', #2546 ) ;
#3656 = CARTESIAN_POINT ( 'NONE',  ( 166.5146231116498825, 8.000000000000000000, -11.86559982162469851 ) ) ;
#3657 = ORIENTED_EDGE ( 'NONE', *, *, #6644, .F. ) ;
#3658 = DIRECTION ( 'NONE',  ( 0.000000000000000000, 0.000000000000000000, 1.000000000000000000 ) ) ;
#3659 = EDGE_CURVE ( 'NONE', #4635, #4951, #4883, .T. ) ;
#3660 = FACE_BOUND ( 'NONE', #4198, .T. ) ;
#3661 = CARTESIAN_POINT ( 'NONE',  ( 93.07846096908255618, 8.000000000000000000, -71.39999999999999147 ) ) ;
#3662 = DIRECTION ( 'NONE',  ( 0.000000000000000000, 0.000000000000000000, -1.000000000000000000 ) ) ;
#3663 = CARTESIAN_POINT ( 'NONE',  ( 93.07846096908259881, 5.000000000000000000, -71.39999999999999147 ) ) ;
#3664 = EDGE_CURVE ( 'NONE', #5448, #6498, #7355, .T. ) ;
#3665 = VERTEX_POINT ( 'NONE', #3652 ) ;
#3666 = ORIENTED_EDGE ( 'NONE', *, *, #6426, .T. ) ;
#3667 = EDGE_CURVE ( 'NONE', #7441, #4499, #582, .T. ) ;
#3668 = CARTESIAN_POINT ( 'NONE',  ( 28.00000000000004263, 0.000000000000000000, -44.25941951976455613 ) ) ;
#3669 = ORIENTED_EDGE ( 'NONE', *, *, #895, .F. ) ;
#3670 = DIRECTION ( 'NONE',  ( 2.775557561562898254E-16, 0.000000000000000000, 1.000000000000000000 ) ) ;
#3671 = CARTESIAN_POINT ( 'NONE',  ( 86.84307806183468870, 5.000000000000000000, -95.00000000000000000 ) ) ;
#3672 = CARTESIAN_POINT ( 'NONE',  ( 178.0000000000000284, 8.000000000000000000, -170.0000000000000000 ) ) ;
#3673 = ORIENTED_EDGE ( 'NONE', *, *, #105, .F. ) ;
#3674 = EDGE_CURVE ( 'NONE', #5257, #7220, #460, .T. ) ;
#3675 = LINE ( 'NONE', #3135, #7083 ) ;
#3676 = DIRECTION ( 'NONE',  ( 0.000000000000000000, 0.000000000000000000, 1.000000000000000000 ) ) ;
#3677 = EDGE_LOOP ( 'NONE', ( #6095, #476, #147, #1296 ) ) ;
#3678 = FACE_BOUND ( 'NONE', #1676, .T. ) ;
#3679 = DIRECTION ( 'NONE',  ( 0.000000000000000000, -0.000000000000000000, 1.000000000000000000 ) ) ;
#3680 = ORIENTED_EDGE ( 'NONE', *, *, #4739, .F. ) ;
#3681 = EDGE_LOOP ( 'NONE', ( #3343, #5994, #3566, #3925 ) ) ;
#3682 = CIRCLE ( 'NONE', #4570, 8.000000000000007105 ) ;
#3683 = EDGE_CURVE ( 'NONE', #849, #3693, #5622, .T. ) ;
#3684 = CARTESIAN_POINT ( 'NONE',  ( 148.0000000000000568, 0.000000000000000000, -130.4000000000000341 ) ) ;
#3685 = CARTESIAN_POINT ( 'NONE',  ( 11.86622814102146606, 0.000000000000000000, -21.16072575640562192 ) ) ;
#3686 = ADVANCED_FACE ( 'NONE', ( #6706 ), #234, .F. ) ;
#3687 = EDGE_LOOP ( 'NONE', ( #2899, #4107, #5328, #4455 ) ) ;
#3688 = CARTESIAN_POINT ( 'NONE',  ( 148.0000000000000568, 4.000000000000000000, -116.6000000000000369 ) ) ;
#3689 = EDGE_LOOP ( 'NONE', ( #3832, #4116 ) ) ;
#3690 = FACE_OUTER_BOUND ( 'NONE', #6495, .T. ) ;
#3691 = ORIENTED_EDGE ( 'NONE', *, *, #5320, .T. ) ;
#3692 = CIRCLE ( 'NONE', #2063, 30.00000000000000000 ) ;
#3693 = VERTEX_POINT ( 'NONE', #5582 ) ;
#3694 = CARTESIAN_POINT ( 'NONE',  ( -2.000000000000009770, 4.000000000000000000, -128.2500000000000284 ) ) ;
#3695 = FACE_OUTER_BOUND ( 'NONE', #4018, .T. ) ;
#3696 = DIRECTION ( 'NONE',  ( 0.000000000000000000, -0.000000000000000000, 1.000000000000000000 ) ) ;
#3697 = DIRECTION ( 'NONE',  ( -0.000000000000000000, 1.000000000000000000, -0.000000000000000000 ) ) ;
#3698 = CIRCLE ( 'NONE', #3825, 2.100000000000004530 ) ;
#3699 = EDGE_CURVE ( 'NONE', #7360, #4034, #192, .T. ) ;
#3700 = EDGE_LOOP ( 'NONE', ( #4060, #7023, #9, #6300, #6535, #7304, #2636, #7255, #6085, #3010, #1712, #701, #3904, #3820, #5374, #179, #3437, #7088, #3523, #3137, #3955, #5979, #1973, #4733 ) ) ;
#3701 = CIRCLE ( 'NONE', #5850, 2.100000000000000089 ) ;
#3702 = VERTEX_POINT ( 'NONE', #1411 ) ;
#3703 = ADVANCED_BREP_SHAPE_REPRESENTATION ( 'Ender3 Bed Mount', ( #737, #4657 ), #5161 ) ;
#3704 = CARTESIAN_POINT ( 'NONE',  ( -13.99999999999999645, 8.000000000000000000, -108.9999999999999858 ) ) ;
#3705 = DIRECTION ( 'NONE',  ( -0.000000000000000000, 1.000000000000000000, -0.000000000000000000 ) ) ;
#3706 = ORIENTED_EDGE ( 'NONE', *, *, #5732, .T. ) ;
#3707 = ADVANCED_FACE ( 'NONE', ( #3144 ), #2002, .F. ) ;
#3708 = CARTESIAN_POINT ( 'NONE',  ( 136.0000000000000284, -63.63175307973214956, -107.0000000000000426 ) ) ;
#3709 = LINE ( 'NONE', #3637, #7262 ) ;
#3710 = DIRECTION ( 'NONE',  ( -0.000000000000000000, -1.000000000000000000, -0.000000000000000000 ) ) ;
#3711 = VECTOR ( 'NONE', #1691, 1000.000000000000000 ) ;
#3712 = EDGE_CURVE ( 'NONE', #2178, #7095, #4402, .T. ) ;
#3713 = EDGE_LOOP ( 'NONE', ( #5241, #46, #3731, #1573 ) ) ;
#3714 = VECTOR ( 'NONE', #6906, 1000.000000000000000 ) ;
#3715 = LINE ( 'NONE', #7294, #6824 ) ;
#3716 = EDGE_CURVE ( 'NONE', #3799, #4951, #2036, .T. ) ;
#3717 = DIRECTION ( 'NONE',  ( 0.5000000000000006661, 0.000000000000000000, 0.8660254037844382635 ) ) ;
#3718 = ORIENTED_EDGE ( 'NONE', *, *, #1859, .T. ) ;
#3719 = CYLINDRICAL_SURFACE ( 'NONE', #1068, 2.125000000000001776 ) ;
#3720 = FACE_BOUND ( 'NONE', #3379, .T. ) ;
#3721 = ORIENTED_EDGE ( 'NONE', *, *, #3807, .F. ) ;
#3722 = EDGE_CURVE ( 'NONE', #2903, #253, #2511, .T. ) ;
#3723 = EDGE_LOOP ( 'NONE', ( #3044, #6450, #1994, #1044 ) ) ;
#3724 = VECTOR ( 'NONE', #5153, 1000.000000000000000 ) ;
#3725 = AXIS2_PLACEMENT_3D ( 'NONE', #428, #7698, #7624 ) ;
#3726 = CARTESIAN_POINT ( 'NONE',  ( 2.571758278209447873E-16, 0.000000000000000000, -167.9000000000000341 ) ) ;
#3727 = LINE ( 'NONE', #1912, #3469 ) ;
#3728 = VERTEX_POINT ( 'NONE', #3063 ) ;
#3729 = CARTESIAN_POINT ( 'NONE',  ( 172.0000000000000284, 0.000000000000000000, -134.6000000000000227 ) ) ;
#3730 = CIRCLE ( 'NONE', #3247, 2.125000000000015987 ) ;
#3731 = ORIENTED_EDGE ( 'NONE', *, *, #4586, .F. ) ;
#3732 = DIRECTION ( 'NONE',  ( 0.000000000000000000, 0.000000000000000000, 1.000000000000000000 ) ) ;
#3733 = EDGE_CURVE ( 'NONE', #35, #2530, #3215, .T. ) ;
#3734 = CIRCLE ( 'NONE', #2612, 2.099999999999990763 ) ;
#3735 = ORIENTED_EDGE ( 'NONE', *, *, #5604, .F. ) ;
#3736 = VECTOR ( 'NONE', #2111, 1000.000000000000000 ) ;
#3737 = EDGE_LOOP ( 'NONE', ( #6556, #4834 ) ) ;
#3738 = LINE ( 'NONE', #3153, #5636 ) ;
#3739 = CARTESIAN_POINT ( 'NONE',  ( 10.38085125267133613, -28.74456470360965810, -22.50000000000000000 ) ) ;
#3740 = VECTOR ( 'NONE', #5044, 1000.000000000000000 ) ;
#3741 = CARTESIAN_POINT ( 'NONE',  ( 148.0000000000000568, 0.000000000000000000, -114.5000000000000426 ) ) ;
#3742 = DIRECTION ( 'NONE',  ( -1.000000000000000000, 0.000000000000000000, 0.000000000000000000 ) ) ;
#3743 = ORIENTED_EDGE ( 'NONE', *, *, #4697, .T. ) ;
#3744 = ORIENTED_EDGE ( 'NONE', *, *, #6126, .F. ) ;
#3745 = AXIS2_PLACEMENT_3D ( 'NONE', #3993, #5187, #2061 ) ;
#3746 = VECTOR ( 'NONE', #4065, 1000.000000000000000 ) ;
#3747 = VERTEX_POINT ( 'NONE', #5507 ) ;
#3748 = DIRECTION ( 'NONE',  ( -0.000000000000000000, 1.000000000000000000, -0.000000000000000000 ) ) ;
#3749 = CARTESIAN_POINT ( 'NONE',  ( 21.99999999999998224, 0.000000000000000000, -55.50000000000001421 ) ) ;
#3750 = VERTEX_POINT ( 'NONE', #117 ) ;
#3751 = DIRECTION ( 'NONE',  ( -0.000000000000000000, 1.000000000000000000, -0.000000000000000000 ) ) ;
#3752 = DIRECTION ( 'NONE',  ( -0.8660254037844384856, 0.000000000000000000, 0.5000000000000003331 ) ) ;
#3753 = DIRECTION ( 'NONE',  ( -1.000000000000000000, 0.000000000000000000, 0.000000000000000000 ) ) ;
#3754 = CIRCLE ( 'NONE', #1373, 4.250000000000003553 ) ;
#3755 = CIRCLE ( 'NONE', #2384, 4.250000000000003553 ) ;
#3756 = ORIENTED_EDGE ( 'NONE', *, *, #1386, .F. ) ;
#3757 = DIRECTION ( 'NONE',  ( 0.000000000000000000, 1.000000000000000000, 0.000000000000000000 ) ) ;
#3758 = LINE ( 'NONE', #4345, #1458 ) ;
#3759 = EDGE_CURVE ( 'NONE', #3275, #4635, #833, .T. ) ;
#3760 = ORIENTED_EDGE ( 'NONE', *, *, #7459, .F. ) ;
#3761 = DIRECTION ( 'NONE',  ( 0.000000000000000000, 0.000000000000000000, -1.000000000000000000 ) ) ;
#3762 = FACE_BOUND ( 'NONE', #6953, .T. ) ;
#3763 = ORIENTED_EDGE ( 'NONE', *, *, #5069, .T. ) ;
#3764 = VECTOR ( 'NONE', #245, 1000.000000000000000 ) ;
#3765 = CARTESIAN_POINT ( 'NONE',  ( -13.99999999999999822, 8.000000000000000000, -151.0000000000000284 ) ) ;
#3766 = DIRECTION ( 'NONE',  ( 0.000000000000000000, 0.000000000000000000, 1.000000000000000000 ) ) ;
#3767 = DIRECTION ( 'NONE',  ( 0.000000000000000000, 0.000000000000000000, 1.000000000000000000 ) ) ;
#3768 = ADVANCED_FACE ( 'NONE', ( #350 ), #6914, .F. ) ;
#3769 = VERTEX_POINT ( 'NONE', #2119 ) ;
#3770 = CARTESIAN_POINT ( 'NONE',  ( 170.0000000000000000, 0.000000000000000000, -170.0000000000000000 ) ) ;
#3771 = ORIENTED_EDGE ( 'NONE', *, *, #3436, .F. ) ;
#3772 = CYLINDRICAL_SURFACE ( 'NONE', #618, 2.100000000000000089 ) ;
#3773 = CIRCLE ( 'NONE', #5536, 4.250000000000003553 ) ;
#3774 = VERTEX_POINT ( 'NONE', #3300 ) ;
#3775 = EDGE_LOOP ( 'NONE', ( #7499, #5178, #5689, #4519 ) ) ;
#3776 = DIRECTION ( 'NONE',  ( 0.000000000000000000, 1.000000000000000000, 0.000000000000000000 ) ) ;
#3777 = EDGE_CURVE ( 'NONE', #7416, #4579, #3385, .T. ) ;
#3778 = LINE ( 'NONE', #1420, #6541 ) ;
#3779 = CARTESIAN_POINT ( 'NONE',  ( -13.80599157813204059, 3.000000000000000000, -124.8750000000000000 ) ) ;
#3780 = CARTESIAN_POINT ( 'NONE',  ( -11.72753060904940448, 0.000000000000000000, -119.1500000000000057 ) ) ;
#3781 = CARTESIAN_POINT ( 'NONE',  ( 170.0000000000000000, -28.74456470360965810, -24.50000000000002132 ) ) ;
#3782 = ADVANCED_FACE ( 'NONE', ( #2750 ), #5197, .F. ) ;
#3783 = VERTEX_POINT ( 'NONE', #5163 ) ;
#3784 = ORIENTED_EDGE ( 'NONE', *, *, #5497, .F. ) ;
#3785 = AXIS2_PLACEMENT_3D ( 'NONE', #1786, #7780, #2387 ) ;
#3786 = EDGE_LOOP ( 'NONE', ( #7714, #3254, #3691, #435 ) ) ;
#3787 = EDGE_CURVE ( 'NONE', #4951, #7772, #4470, .T. ) ;
#3788 = DIRECTION ( 'NONE',  ( 0.5000000000000006661, 0.000000000000000000, -0.8660254037844382635 ) ) ;
#3789 = DIRECTION ( 'NONE',  ( 0.000000000000000000, 0.000000000000000000, 1.000000000000000000 ) ) ;
#3790 = CARTESIAN_POINT ( 'NONE',  ( -3.937454061828229310E-18, 0.000000000000000000, -156.7951259347809412 ) ) ;
#3791 = DIRECTION ( 'NONE',  ( 0.000000000000000000, 0.000000000000000000, -1.000000000000000000 ) ) ;
#3792 = DIRECTION ( 'NONE',  ( 0.6696371217971890388, 0.000000000000000000, 0.7426884441750636334 ) ) ;
#3793 = VERTEX_POINT ( 'NONE', #7586 ) ;
#3794 = CARTESIAN_POINT ( 'NONE',  ( 172.0000000000000284, 8.000000000000000000, -114.5000000000000426 ) ) ;
#3795 = DIRECTION ( 'NONE',  ( -0.000000000000000000, 1.000000000000000000, 0.000000000000000000 ) ) ;
#3796 = ORIENTED_EDGE ( 'NONE', *, *, #1693, .T. ) ;
#3797 = CARTESIAN_POINT ( 'NONE',  ( 86.84307806183461764, 5.000000000000000000, -74.99999999999998579 ) ) ;
#3798 = FACE_BOUND ( 'NONE', #3386, .T. ) ;
#3799 = VERTEX_POINT ( 'NONE', #1529 ) ;
#3800 = ADVANCED_FACE ( 'NONE', ( #4521 ), #2240, .F. ) ;
#3801 = DIRECTION ( 'NONE',  ( 0.000000000000000000, -1.000000000000000000, 0.000000000000000000 ) ) ;
#3802 = DIRECTION ( 'NONE',  ( 0.000000000000000000, 0.000000000000000000, 1.000000000000000000 ) ) ;
#3803 = CARTESIAN_POINT ( 'NONE',  ( 60.11223067122437413, 8.000000000000000000, -55.52942612507517595 ) ) ;
#3804 = VERTEX_POINT ( 'NONE', #942 ) ;
#3805 = CARTESIAN_POINT ( 'NONE',  ( 172.0000000000000284, -2.000000000000000000, -55.50000000000002842 ) ) ;
#3806 = ORIENTED_EDGE ( 'NONE', *, *, #530, .F. ) ;
#3807 = EDGE_CURVE ( 'NONE', #4156, #5234, #5816, .T. ) ;
#3808 = CARTESIAN_POINT ( 'NONE',  ( 170.0000000000000000, 6.000000000000000000, 3.500000000000016875 ) ) ;
#3809 = VECTOR ( 'NONE', #6832, 1000.000000000000000 ) ;
#3810 = EDGE_CURVE ( 'NONE', #1897, #6170, #81, .T. ) ;
#3811 = ORIENTED_EDGE ( 'NONE', *, *, #6461, .T. ) ;
#3812 = AXIS2_PLACEMENT_3D ( 'NONE', #902, #783, #2153 ) ;
#3813 = CARTESIAN_POINT ( 'NONE',  ( 21.99999999999999645, 0.000000000000000000, -114.5000000000000426 ) ) ;
#3814 = FACE_BOUND ( 'NONE', #2932, .T. ) ;
#3815 = CARTESIAN_POINT ( 'NONE',  ( 170.0000000000000000, -63.63175307973214956, -69.00000000000001421 ) ) ;
#3816 = DIRECTION ( 'NONE',  ( -0.4999999999999993339, 0.000000000000000000, -0.8660254037844389297 ) ) ;
#3817 = FACE_OUTER_BOUND ( 'NONE', #3687, .T. ) ;
#3818 = DIRECTION ( 'NONE',  ( -0.4999999999999996114, 0.000000000000000000, -0.8660254037844388186 ) ) ;
#3819 = VECTOR ( 'NONE', #7412, 1000.000000000000000 ) ;
#3820 = ORIENTED_EDGE ( 'NONE', *, *, #2610, .T. ) ;
#3821 = EDGE_CURVE ( 'NONE', #6979, #7604, #6327, .T. ) ;
#3822 = EDGE_LOOP ( 'NONE', ( #5065, #2053, #6203, #1754 ) ) ;
#3823 = EDGE_CURVE ( 'NONE', #7645, #3783, #4857, .T. ) ;
#3824 = ORIENTED_EDGE ( 'NONE', *, *, #947, .T. ) ;
#3825 = AXIS2_PLACEMENT_3D ( 'NONE', #7572, #7607, #2222 ) ;
#3826 = DIRECTION ( 'NONE',  ( -0.000000000000000000, 1.000000000000000000, -0.000000000000000000 ) ) ;
#3827 = CARTESIAN_POINT ( 'NONE',  ( 21.85910819620918133, 8.000000000000000000, 0.000000000000000000 ) ) ;
#3828 = CARTESIAN_POINT ( 'NONE',  ( 78.99999999999997158, -2.000000000000000000, -75.00000000000000000 ) ) ;
#3829 = LINE ( 'NONE', #2654, #361 ) ;
#3830 = CARTESIAN_POINT ( 'NONE',  ( 172.0000000000000284, 0.000000000000000000, -37.50000000000004263 ) ) ;
#3831 = EDGE_CURVE ( 'NONE', #6520, #4973, #7619, .T. ) ;
#3832 = ORIENTED_EDGE ( 'NONE', *, *, #5570, .T. ) ;
#3833 = VECTOR ( 'NONE', #5806, 1000.000000000000000 ) ;
#3834 = VECTOR ( 'NONE', #1418, 1000.000000000000000 ) ;
#3835 = CARTESIAN_POINT ( 'NONE',  ( 170.0000000000000000, 8.000000000000000000, -166.4999999999999716 ) ) ;
#3836 = DIRECTION ( 'NONE',  ( 0.000000000000000000, 0.000000000000000000, 1.000000000000000000 ) ) ;
#3837 = ORIENTED_EDGE ( 'NONE', *, *, #2534, .T. ) ;
#3838 = FACE_OUTER_BOUND ( 'NONE', #1708, .T. ) ;
#3839 = DIRECTION ( 'NONE',  ( 1.000000000000000000, 0.000000000000000000, 0.000000000000000000 ) ) ;
#3840 = CIRCLE ( 'NONE', #965, 2.099999999999990763 ) ;
#3841 = EDGE_LOOP ( 'NONE', ( #2392, #3994, #5583, #2780 ) ) ;
#3842 = AXIS2_PLACEMENT_3D ( 'NONE', #429, #3419, #5695 ) ;
#3843 = ADVANCED_FACE ( 'NONE', ( #6873 ), #307, .F. ) ;
#3844 = CARTESIAN_POINT ( 'NONE',  ( 88.01215132664637508, 0.000000000000000000, -105.0000000000000284 ) ) ;
#3845 = AXIS2_PLACEMENT_3D ( 'NONE', #5247, #7635, #1766 ) ;
#3846 = CARTESIAN_POINT ( 'NONE',  ( 142.0000000000000568, 8.000000000000007105, -44.25941951976449218 ) ) ;
#3847 = FACE_OUTER_BOUND ( 'NONE', #5759, .T. ) ;
#3848 = ORIENTED_EDGE ( 'NONE', *, *, #7659, .T. ) ;
#3849 = FACE_OUTER_BOUND ( 'NONE', #884, .T. ) ;
#3850 = EDGE_LOOP ( 'NONE', ( #7393, #3401, #785, #1220 ) ) ;
#3851 = CARTESIAN_POINT ( 'NONE',  ( -11.72753060904940625, 0.000000000000000000, -133.6499999999999773 ) ) ;
#3852 = VECTOR ( 'NONE', #1556, 1000.000000000000000 ) ;
#3853 = VECTOR ( 'NONE', #3642, 1000.000000000000000 ) ;
#3854 = EDGE_CURVE ( 'NONE', #4384, #3747, #6293, .T. ) ;
#3855 = ORIENTED_EDGE ( 'NONE', *, *, #1018, .F. ) ;
#3856 = VECTOR ( 'NONE', #2687, 1000.000000000000000 ) ;
#3857 = LINE ( 'NONE', #3932, #2965 ) ;
#3858 = LINE ( 'NONE', #7400, #4379 ) ;
#3859 = DIRECTION ( 'NONE',  ( -1.000000000000000000, -0.000000000000000000, -0.000000000000000000 ) ) ;
#3860 = EDGE_CURVE ( 'NONE', #2952, #7337, #972, .T. ) ;
#3861 = VECTOR ( 'NONE', #5944, 1000.000000000000000 ) ;
#3862 = DIRECTION ( 'NONE',  ( 0.000000000000000000, 0.000000000000000000, 1.000000000000000000 ) ) ;
#3863 = PLANE ( 'NONE',  #2866 ) ;
#3864 = CIRCLE ( 'NONE', #483, 30.00000000000000000 ) ;
#3865 = VERTEX_POINT ( 'NONE', #4010 ) ;
#3866 = ORIENTED_EDGE ( 'NONE', *, *, #7705, .F. ) ;
#3867 = ORIENTED_EDGE ( 'NONE', *, *, #3021, .F. ) ;
#3868 = AXIS2_PLACEMENT_3D ( 'NONE', #5529, #101, #778 ) ;
#3869 = AXIS2_PLACEMENT_3D ( 'NONE', #7252, #4386, #5451 ) ;
#3870 = CARTESIAN_POINT ( 'NONE',  ( -2.000000000000013767, 4.000000000000000000, -37.50000000000002842 ) ) ;
#3871 = ADVANCED_FACE ( 'NONE', ( #2825 ), #872, .T. ) ;
#3872 = CARTESIAN_POINT ( 'NONE',  ( 41.51140621703041944, 0.000000000000000000, -69.00000000000001421 ) ) ;
#3873 = CARTESIAN_POINT ( 'NONE',  ( 6.000000000000000000, 8.000000000000000000, -24.50000000000000000 ) ) ;
#3874 = CARTESIAN_POINT ( 'NONE',  ( 0.000000000000000000, 6.000000000000000000, 3.500000000000004885 ) ) ;
#3875 = FACE_OUTER_BOUND ( 'NONE', #154, .T. ) ;
#3876 = AXIS2_PLACEMENT_3D ( 'NONE', #5680, #255, #1980 ) ;
#3877 = ORIENTED_EDGE ( 'NONE', *, *, #3242, .F. ) ;
#3878 = CIRCLE ( 'NONE', #2486, 4.250000000000003553 ) ;
#3879 = CARTESIAN_POINT ( 'NONE',  ( 169.9999999999999716, 8.000000000000000000, -145.5000000000000284 ) ) ;
#3880 = DIRECTION ( 'NONE',  ( 0.000000000000000000, 0.000000000000000000, 1.000000000000000000 ) ) ;
#3881 = ADVANCED_FACE ( 'NONE', ( #3847 ), #5114, .F. ) ;
#3882 = AXIS2_PLACEMENT_3D ( 'NONE', #4624, #1636, #926 ) ;
#3883 = ORIENTED_EDGE ( 'NONE', *, *, #7632, .F. ) ;
#3884 = CYLINDRICAL_SURFACE ( 'NONE', #7715, 6.000000000000005329 ) ;
#3885 = DIRECTION ( 'NONE',  ( 0.000000000000000000, 0.000000000000000000, 1.000000000000000000 ) ) ;
#3886 = VERTEX_POINT ( 'NONE', #6555 ) ;
#3887 = CYLINDRICAL_SURFACE ( 'NONE', #2957, 2.099999999999997868 ) ;
#3888 = CARTESIAN_POINT ( 'NONE',  ( 170.0000000000000000, 8.000000000000000000, 0.000000000000000000 ) ) ;
#3889 = DIRECTION ( 'NONE',  ( 0.8660254037844393737, 0.000000000000000000, 0.4999999999999988898 ) ) ;
#3890 = ORIENTED_EDGE ( 'NONE', *, *, #7077, .T. ) ;
#3891 = CARTESIAN_POINT ( 'NONE',  ( 148.0000000000000284, 4.000000000000000000, -41.75000000000004263 ) ) ;
#3892 = FACE_OUTER_BOUND ( 'NONE', #5445, .T. ) ;
#3893 = ORIENTED_EDGE ( 'NONE', *, *, #3831, .F. ) ;
#3894 = DIRECTION ( 'NONE',  ( -1.000000000000000000, 0.000000000000000000, -6.676953772165175354E-15 ) ) ;
#3895 = ORIENTED_EDGE ( 'NONE', *, *, #1699, .T. ) ;
#3896 = CARTESIAN_POINT ( 'NONE',  ( -17.96291351629734834, 0.000000000000000000, -122.7500000000000000 ) ) ;
#3897 = DIRECTION ( 'NONE',  ( -1.000000000000000000, 0.000000000000000000, -0.000000000000000000 ) ) ;
#3898 = CARTESIAN_POINT ( 'NONE',  ( 78.99999999999997158, -2.000000000000000000, -95.00000000000000000 ) ) ;
#3899 = VERTEX_POINT ( 'NONE', #4120 ) ;
#3900 = COORDINATED_UNIVERSAL_TIME_OFFSET ( 6, 0, .BEHIND. ) ;
#3901 = DIRECTION ( 'NONE',  ( 0.000000000000000000, 0.000000000000000000, 1.000000000000000000 ) ) ;
#3902 = CARTESIAN_POINT ( 'NONE',  ( 170.0000000000000000, 8.000000000000000000, 0.000000000000000000 ) ) ;
#3903 = VERTEX_POINT ( 'NONE', #4759 ) ;
#3904 = ORIENTED_EDGE ( 'NONE', *, *, #7189, .T. ) ;
#3905 = EDGE_CURVE ( 'NONE', #3212, #3275, #1760, .T. ) ;
#3906 = ORIENTED_EDGE ( 'NONE', *, *, #3439, .F. ) ;
#3907 = CARTESIAN_POINT ( 'NONE',  ( 128.4885937829695592, 8.000000000000000000, -69.00000000000002842 ) ) ;
#3908 = CARTESIAN_POINT ( 'NONE',  ( 21.99999999999998224, 4.000000000000000000, -55.50000000000001421 ) ) ;
#3909 = CARTESIAN_POINT ( 'NONE',  ( -8.000000000000003553, 8.000000000000000000, -169.9999999999999432 ) ) ;
#3910 = DIRECTION ( 'NONE',  ( 0.000000000000000000, 1.000000000000000000, 0.000000000000000000 ) ) ;
#3911 = CARTESIAN_POINT ( 'NONE',  ( -15.88445254721469446, 3.000000000000000000, -140.8499999999999659 ) ) ;
#3912 = ADVANCED_FACE ( 'NONE', ( #1208 ), #2980, .F. ) ;
#3913 = ORIENTED_EDGE ( 'NONE', *, *, #5654, .F. ) ;
#3914 = EDGE_CURVE ( 'NONE', #1093, #5915, #7742, .T. ) ;
#3915 = CYLINDRICAL_SURFACE ( 'NONE', #1498, 2.100000000000004530 ) ;
#3916 = DIRECTION ( 'NONE',  ( 0.000000000000000000, 1.000000000000000000, 0.000000000000000000 ) ) ;
#3917 = VERTEX_POINT ( 'NONE', #5933 ) ;
#3918 = CARTESIAN_POINT ( 'NONE',  ( 148.1408918037908222, 0.000000000000000000, 0.000000000000000000 ) ) ;
#3919 = CARTESIAN_POINT ( 'NONE',  ( 0.000000000000000000, 3.000000000000000000, 0.000000000000000000 ) ) ;
#3920 = CIRCLE ( 'NONE', #2167, 5.500000000000005329 ) ;
#3921 = ORIENTED_EDGE ( 'NONE', *, *, #938, .F. ) ;
#3922 = EDGE_CURVE ( 'NONE', #5546, #849, #4716, .T. ) ;
#3923 = CARTESIAN_POINT ( 'NONE',  ( 148.0000000000000568, 8.000000000000000000, -132.5000000000000284 ) ) ;
#3924 = DIRECTION ( 'NONE',  ( -0.7291872667376420036, 0.000000000000000000, 0.6843142041691719912 ) ) ;
#3925 = ORIENTED_EDGE ( 'NONE', *, *, #4775, .T. ) ;
#3926 = CARTESIAN_POINT ( 'NONE',  ( 124.0324631179192352, 8.000000000000000000, -111.0178227307831804 ) ) ;
#3927 = DIRECTION ( 'NONE',  ( 0.000000000000000000, 0.000000000000000000, 1.000000000000000000 ) ) ;
#3928 = ORIENTED_EDGE ( 'NONE', *, *, #1305, .T. ) ;
#3929 = DIRECTION ( 'NONE',  ( -0.000000000000000000, -1.000000000000000000, -0.000000000000000000 ) ) ;
#3930 = EDGE_CURVE ( 'NONE', #4948, #2701, #1140, .T. ) ;
#3931 = ORIENTED_EDGE ( 'NONE', *, *, #4634, .F. ) ;
#3932 = CARTESIAN_POINT ( 'NONE',  ( 170.0000000000000000, 8.000000000000000000, -24.50000000000002132 ) ) ;
#3933 = LINE ( 'NONE', #6339, #7734 ) ;
#3934 = PLANE ( 'NONE',  #4135 ) ;
#3935 = VERTEX_POINT ( 'NONE', #2349 ) ;
#3936 = DATE_AND_TIME ( #1040, #3014 ) ;
#3937 = CARTESIAN_POINT ( 'NONE',  ( 21.99999999999999289, 4.000000000000000000, -128.2500000000000284 ) ) ;
#3938 = CARTESIAN_POINT ( 'NONE',  ( 168.0000000000000000, 8.000000000000000000, -13.20487406521907481 ) ) ;
#3939 = ORIENTED_EDGE ( 'NONE', *, *, #1791, .T. ) ;
#3940 = ORIENTED_EDGE ( 'NONE', *, *, #2245, .F. ) ;
#3941 = AXIS2_PLACEMENT_3D ( 'NONE', #6254, #5666, #5001 ) ;
#3942 = ORIENTED_EDGE ( 'NONE', *, *, #5894, .F. ) ;
#3943 = DIRECTION ( 'NONE',  ( 0.000000000000000000, -0.000000000000000000, 1.000000000000000000 ) ) ;
#3944 = CARTESIAN_POINT ( 'NONE',  ( 90.99999999999997158, 5.000000000000000000, -92.89999999999999147 ) ) ;
#3945 = FACE_BOUND ( 'NONE', #6969, .T. ) ;
#3946 = CARTESIAN_POINT ( 'NONE',  ( 6.735557395310451884E-16, 8.000000000000000000, -175.5000000000000284 ) ) ;
#3947 = AXIS2_PLACEMENT_3D ( 'NONE', #2943, #2351, #1724 ) ;
#3948 = ADVANCED_FACE ( 'NONE', ( #6444 ), #4191, .T. ) ;
#3949 = LINE ( 'NONE', #1550, #745 ) ;
#3950 = ORIENTED_EDGE ( 'NONE', *, *, #5064, .F. ) ;
#3951 = AXIS2_PLACEMENT_3D ( 'NONE', #424, #1713, #2819 ) ;
#3952 = EDGE_CURVE ( 'NONE', #3125, #912, #1824, .T. ) ;
#3953 = DIRECTION ( 'NONE',  ( -0.000000000000000000, -0.000000000000000000, -1.000000000000000000 ) ) ;
#3954 = DIRECTION ( 'NONE',  ( 0.000000000000000000, -1.000000000000000000, 0.000000000000000000 ) ) ;
#3955 = ORIENTED_EDGE ( 'NONE', *, *, #4028, .T. ) ;
#3956 = PLANE ( 'NONE',  #4714 ) ;
#3957 = CARTESIAN_POINT ( 'NONE',  ( 172.0000000000000284, 4.000000000000000000, -37.50000000000004263 ) ) ;
#3958 = ADVANCED_FACE ( 'NONE', ( #7035 ), #4045, .T. ) ;
#3959 = CIRCLE ( 'NONE', #6215, 2.100000000000004530 ) ;
#3960 = ORIENTED_EDGE ( 'NONE', *, *, #3316, .F. ) ;
#3961 = AXIS2_PLACEMENT_3D ( 'NONE', #3765, #189, #2587 ) ;
#3962 = CARTESIAN_POINT ( 'NONE',  ( -13.80599157813204059, 3.000000000000000000, -137.2500000000000000 ) ) ;
#3963 = CARTESIAN_POINT ( 'NONE',  ( -2.000000000000007105, 4.000000000000000000, -114.5000000000000426 ) ) ;
#3964 = VERTEX_POINT ( 'NONE', #7667 ) ;
#3965 = CARTESIAN_POINT ( 'NONE',  ( 138.5146231116499109, 0.000000000000000000, -42.92014527617011765 ) ) ;
#3966 = DIRECTION ( 'NONE',  ( -0.000000000000000000, -1.000000000000000000, 0.000000000000000000 ) ) ;
#3967 = EDGE_CURVE ( 'NONE', #6903, #3182, #4683, .T. ) ;
#3968 = VERTEX_POINT ( 'NONE', #1649 ) ;
#3969 = CYLINDRICAL_SURFACE ( 'NONE', #1232, 4.250000000000003553 ) ;
#3970 = AXIS2_PLACEMENT_3D ( 'NONE', #2635, #6207, #75 ) ;
#3971 = VERTEX_POINT ( 'NONE', #6481 ) ;
#3972 = DIRECTION ( 'NONE',  ( 0.000000000000000000, 0.000000000000000000, 1.000000000000000000 ) ) ;
#3973 = CARTESIAN_POINT ( 'NONE',  ( 0.000000000000000000, 5.000000000000000000, 0.000000000000000000 ) ) ;
#3974 = CARTESIAN_POINT ( 'NONE',  ( 170.0000000000000000, 6.000000000000000000, -170.0000000000000000 ) ) ;
#3975 = VECTOR ( 'NONE', #4307, 1000.000000000000000 ) ;
#3976 = EDGE_CURVE ( 'NONE', #3968, #6428, #6589, .T. ) ;
#3977 = VERTEX_POINT ( 'NONE', #1721 ) ;
#3978 = APPROVAL_STATUS ( 'not_yet_approved' ) ;
#3979 = DIRECTION ( 'NONE',  ( 0.000000000000000000, 1.000000000000000000, 0.000000000000000000 ) ) ;
#3980 = CIRCLE ( 'NONE', #1594, 4.250000000000003553 ) ;
#3981 = CARTESIAN_POINT ( 'NONE',  ( -8.000000000000003553, 8.000000000000000000, -169.9999999999999432 ) ) ;
#3982 = ORIENTED_EDGE ( 'NONE', *, *, #131, .F. ) ;
#3983 = ORIENTED_EDGE ( 'NONE', *, *, #1188, .F. ) ;
#3984 = AXIS2_PLACEMENT_3D ( 'NONE', #97, #6621, #6772 ) ;
#3985 = VECTOR ( 'NONE', #7217, 1000.000000000000000 ) ;
#3986 = ORIENTED_EDGE ( 'NONE', *, *, #3571, .T. ) ;
#3987 = DIRECTION ( 'NONE',  ( 0.000000000000000000, 0.000000000000000000, 1.000000000000000000 ) ) ;
#3988 = DIRECTION ( 'NONE',  ( 0.000000000000000000, 0.000000000000000000, 1.000000000000000000 ) ) ;
#3989 = CIRCLE ( 'NONE', #4768, 5.500000000000005329 ) ;
#3990 = FACE_BOUND ( 'NONE', #7424, .T. ) ;
#3991 = CARTESIAN_POINT ( 'NONE',  ( 170.0000000000000000, -63.63175307973214956, -101.0000000000000142 ) ) ;
#3992 = AXIS2_PLACEMENT_3D ( 'NONE', #7605, #4030, #2220 ) ;
#3993 = CARTESIAN_POINT ( 'NONE',  ( 88.01215132664637508, 8.000000000000000000, -135.0000000000000000 ) ) ;
#3994 = ORIENTED_EDGE ( 'NONE', *, *, #7319, .F. ) ;
#3995 = AXIS2_PLACEMENT_3D ( 'NONE', #3938, #1542, #2605 ) ;
#3996 = AXIS2_PLACEMENT_3D ( 'NONE', #4084, #5970, #5937 ) ;
#3997 = DIRECTION ( 'NONE',  ( 0.000000000000000000, -0.000000000000000000, 1.000000000000000000 ) ) ;
#3998 = EDGE_CURVE ( 'NONE', #5913, #7582, #2224, .T. ) ;
#3999 = FACE_OUTER_BOUND ( 'NONE', #5809, .T. ) ;
#4000 = ORIENTED_EDGE ( 'NONE', *, *, #1311, .T. ) ;
#4001 = CARTESIAN_POINT ( 'NONE',  ( 30.00000000000001776, -63.63175307973214956, -127.7405804802355078 ) ) ;
#4002 = DIRECTION ( 'NONE',  ( 0.000000000000000000, 0.000000000000000000, 1.000000000000000000 ) ) ;
#4003 = CIRCLE ( 'NONE', #7254, 6.000000000000005329 ) ;
#4004 = AXIS2_PLACEMENT_3D ( 'NONE', #5528, #3203, #137 ) ;
#4005 = VERTEX_POINT ( 'NONE', #5898 ) ;
#4006 = ADVANCED_FACE ( 'NONE', ( #4645 ), #513, .F. ) ;
#4007 = VECTOR ( 'NONE', #879, 1000.000000000000000 ) ;
#4008 = CIRCLE ( 'NONE', #6892, 4.250000000000003553 ) ;
#4009 = DIRECTION ( 'NONE',  ( 0.8660254037844425934, -0.000000000000000000, 0.4999999999999932832 ) ) ;
#4010 = CARTESIAN_POINT ( 'NONE',  ( 172.0000000000000284, 0.000000000000000000, -35.40000000000004832 ) ) ;
#4011 = ORIENTED_EDGE ( 'NONE', *, *, #1134, .F. ) ;
#4012 = DIRECTION ( 'NONE',  ( 0.000000000000000000, 1.000000000000000000, 0.000000000000000000 ) ) ;
#4013 = CARTESIAN_POINT ( 'NONE',  ( -23.80599157813204059, 8.000000000000000000, -119.0000000000000142 ) ) ;
#4014 = EDGE_LOOP ( 'NONE', ( #6760, #5123, #845, #1463 ) ) ;
#4015 = FACE_BOUND ( 'NONE', #1633, .T. ) ;
#4016 = VECTOR ( 'NONE', #4259, 1000.000000000000000 ) ;
#4017 = EDGE_CURVE ( 'NONE', #1093, #7152, #6365, .T. ) ;
#4018 = EDGE_LOOP ( 'NONE', ( #2933, #6850 ) ) ;
#4019 = EDGE_CURVE ( 'NONE', #3047, #769, #2388, .T. ) ;
#4020 = LINE ( 'NONE', #6419, #7744 ) ;
#4021 = CARTESIAN_POINT ( 'NONE',  ( -7.999999999999996447, 8.000000000000000000, -114.9999999999999858 ) ) ;
#4022 = VERTEX_POINT ( 'NONE', #632 ) ;
#4023 = CARTESIAN_POINT ( 'NONE',  ( 0.000000000000000000, 0.000000000000000000, -178.0000000000000284 ) ) ;
#4024 = ORIENTED_EDGE ( 'NONE', *, *, #1986, .F. ) ;
#4025 = CYLINDRICAL_SURFACE ( 'NONE', #3492, 2.099999999999990763 ) ;
#4026 = ORIENTED_EDGE ( 'NONE', *, *, #7276, .F. ) ;
#4027 = VERTEX_POINT ( 'NONE', #3020 ) ;
#4028 = EDGE_CURVE ( 'NONE', #4112, #2664, #30, .T. ) ;
#4029 = ORIENTED_EDGE ( 'NONE', *, *, #840, .F. ) ;
#4030 = DIRECTION ( 'NONE',  ( 0.7291872667376422257, -0.000000000000000000, 0.6843142041691716582 ) ) ;
#4031 = CARTESIAN_POINT ( 'NONE',  ( -23.80599157813204059, 8.000000000000000000, -115.0000000000000000 ) ) ;
#4032 = DIRECTION ( 'NONE',  ( 0.000000000000000000, 0.000000000000000000, 1.000000000000000000 ) ) ;
#4033 = LINE ( 'NONE', #7608, #3383 ) ;
#4034 = VERTEX_POINT ( 'NONE', #7380 ) ;
#4035 = AXIS2_PLACEMENT_3D ( 'NONE', #933, #2537, #4392 ) ;
#4036 = EDGE_CURVE ( 'NONE', #3047, #4577, #181, .T. ) ;
#4037 = LINE ( 'NONE', #3298, #961 ) ;
#4038 = LINE ( 'NONE', #463, #7691 ) ;
#4039 = DIRECTION ( 'NONE',  ( -0.000000000000000000, -1.000000000000000000, -0.000000000000000000 ) ) ;
#4040 = ORIENTED_EDGE ( 'NONE', *, *, #6674, .T. ) ;
#4041 = DIRECTION ( 'NONE',  ( 0.000000000000000000, 0.000000000000000000, 1.000000000000000000 ) ) ;
#4042 = FACE_OUTER_BOUND ( 'NONE', #4619, .T. ) ;
#4043 = ORIENTED_EDGE ( 'NONE', *, *, #299, .F. ) ;
#4044 = FACE_OUTER_BOUND ( 'NONE', #5118, .T. ) ;
#4045 = PLANE ( 'NONE',  #4343 ) ;
#4046 = ORIENTED_EDGE ( 'NONE', *, *, #3733, .F. ) ;
#4047 = DIRECTION ( 'NONE',  ( -1.734723475976805517E-15, 0.000000000000000000, 1.000000000000000000 ) ) ;
#4048 = CARTESIAN_POINT ( 'NONE',  ( 90.99999999999997158, -2.000000000000000000, -77.10000000000000853 ) ) ;
#4049 = ORIENTED_EDGE ( 'NONE', *, *, #3240, .T. ) ;
#4050 = CARTESIAN_POINT ( 'NONE',  ( 81.07846096908264144, 8.000000000000000000, -98.59999999999999432 ) ) ;
#4051 = EDGE_CURVE ( 'NONE', #3769, #4499, #3758, .T. ) ;
#4052 = ORIENTED_EDGE ( 'NONE', *, *, #6794, .F. ) ;
#4053 = DIRECTION ( 'NONE',  ( 0.000000000000000000, 0.000000000000000000, 1.000000000000000000 ) ) ;
#4054 = PLANE ( 'NONE',  #4974 ) ;
#4055 = DIRECTION ( 'NONE',  ( 0.5000000000000006661, 0.000000000000000000, 0.8660254037844382635 ) ) ;
#4056 = ORIENTED_EDGE ( 'NONE', *, *, #2377, .T. ) ;
#4057 = DIRECTION ( 'NONE',  ( -0.000000000000000000, -1.000000000000000000, -0.000000000000000000 ) ) ;
#4058 = ADVANCED_FACE ( 'NONE', ( #7258, #6199 ), #2458, .T. ) ;
#4059 = ORIENTED_EDGE ( 'NONE', *, *, #1209, .F. ) ;
#4060 = ORIENTED_EDGE ( 'NONE', *, *, #4019, .T. ) ;
#4061 = ORIENTED_EDGE ( 'NONE', *, *, #1552, .T. ) ;
#4062 = CARTESIAN_POINT ( 'NONE',  ( -11.72753060904940092, 3.000000000000000000, -140.8499999999999659 ) ) ;
#4063 = LINE ( 'NONE', #968, #4652 ) ;
#4064 = LINE ( 'NONE', #1048, #4199 ) ;
#4065 = DIRECTION ( 'NONE',  ( -1.000000000000000000, -0.000000000000000000, -0.000000000000000000 ) ) ;
#4066 = ADVANCED_FACE ( 'NONE', ( #1286 ), #7295, .T. ) ;
#4067 = CIRCLE ( 'NONE', #1554, 8.000000000000007105 ) ;
#4068 = EDGE_CURVE ( 'NONE', #7706, #7109, #1402, .T. ) ;
#4069 = EDGE_LOOP ( 'NONE', ( #3058, #7078, #5768, #5217 ) ) ;
#4070 = AXIS2_PLACEMENT_3D ( 'NONE', #2419, #3600, #5495 ) ;
#4071 = ORIENTED_EDGE ( 'NONE', *, *, #3810, .T. ) ;
#4072 = AXIS2_PLACEMENT_3D ( 'NONE', #5282, #477, #7670 ) ;
#4073 = CARTESIAN_POINT ( 'NONE',  ( 172.0000000000000284, 8.000000000000000000, -51.25000000000002132 ) ) ;
#4074 = FACE_OUTER_BOUND ( 'NONE', #2362, .T. ) ;
#4075 = ORIENTED_EDGE ( 'NONE', *, *, #626, .T. ) ;
#4076 = DIRECTION ( 'NONE',  ( 0.4999999999999988898, 0.000000000000000000, -0.8660254037844393737 ) ) ;
#4077 = DIRECTION ( 'NONE',  ( -0.000000000000000000, -1.000000000000000000, -0.000000000000000000 ) ) ;
#4078 = EDGE_CURVE ( 'NONE', #7009, #7469, #5731, .T. ) ;
#4079 = ORIENTED_EDGE ( 'NONE', *, *, #3270, .T. ) ;
#4080 = DIRECTION ( 'NONE',  ( -0.000000000000000000, 1.000000000000000000, -0.000000000000000000 ) ) ;
#4081 = DIRECTION ( 'NONE',  ( -7.564936274135416175E-19, 0.000000000000000000, -1.000000000000000000 ) ) ;
#4082 = ORIENTED_EDGE ( 'NONE', *, *, #2517, .T. ) ;
#4083 = DIRECTION ( 'NONE',  ( 0.000000000000000000, 1.000000000000000000, 0.000000000000000000 ) ) ;
#4084 = CARTESIAN_POINT ( 'NONE',  ( 148.0000000000000284, 4.000000000000000000, -55.50000000000002842 ) ) ;
#4085 = VECTOR ( 'NONE', #568, 1000.000000000000000 ) ;
#4086 = ORIENTED_EDGE ( 'NONE', *, *, #2713, .F. ) ;
#4087 = DIRECTION ( 'NONE',  ( -0.000000000000000000, -1.000000000000000000, -0.000000000000000000 ) ) ;
#4088 = EDGE_CURVE ( 'NONE', #3147, #1078, #5985, .T. ) ;
#4089 = ORIENTED_EDGE ( 'NONE', *, *, #2408, .F. ) ;
#4090 = DIRECTION ( 'NONE',  ( 0.000000000000000000, 0.000000000000000000, 1.000000000000000000 ) ) ;
#4091 = LINE ( 'NONE', #38, #3086 ) ;
#4092 = FACE_OUTER_BOUND ( 'NONE', #5873, .T. ) ;
#4093 = VERTEX_POINT ( 'NONE', #5457 ) ;
#4094 = DIRECTION ( 'NONE',  ( -0.000000000000000000, 1.000000000000000000, -0.000000000000000000 ) ) ;
#4095 = VECTOR ( 'NONE', #6669, 1000.000000000000000 ) ;
#4096 = ORIENTED_EDGE ( 'NONE', *, *, #1748, .T. ) ;
#4097 = AXIS2_PLACEMENT_3D ( 'NONE', #6046, #5532, #665 ) ;
#4098 = EDGE_LOOP ( 'NONE', ( #1905, #309, #2984, #4390 ) ) ;
#4099 = EDGE_CURVE ( 'NONE', #7052, #5030, #6857, .T. ) ;
#4100 = AXIS2_PLACEMENT_3D ( 'NONE', #788, #1375, #306 ) ;
#4101 = CARTESIAN_POINT ( 'NONE',  ( 170.0000000000000000, 0.000000000000000000, -69.00000000000001421 ) ) ;
#4102 = DIRECTION ( 'NONE',  ( 0.000000000000000000, 1.000000000000000000, 0.000000000000000000 ) ) ;
#4103 = DIRECTION ( 'NONE',  ( 0.000000000000000000, -1.000000000000000000, 0.000000000000000000 ) ) ;
#4104 = DIRECTION ( 'NONE',  ( 6.676953772165158788E-15, 0.000000000000000000, -1.000000000000000000 ) ) ;
#4105 = AXIS2_PLACEMENT_3D ( 'NONE', #3178, #2074, #2749 ) ;
#4106 = VERTEX_POINT ( 'NONE', #65 ) ;
#4107 = ORIENTED_EDGE ( 'NONE', *, *, #3683, .F. ) ;
#4108 = EDGE_CURVE ( 'NONE', #7644, #6990, #143, .T. ) ;
#4109 = CIRCLE ( 'NONE', #5377, 4.250000000000003553 ) ;
#4110 = LINE ( 'NONE', #5269, #4294 ) ;
#4111 = LINE ( 'NONE', #7141, #3361 ) ;
#4112 = VERTEX_POINT ( 'NONE', #4871 ) ;
#4113 = FACE_OUTER_BOUND ( 'NONE', #2686, .T. ) ;
#4114 = CARTESIAN_POINT ( 'NONE',  ( 10.38085125267133613, 0.000000000000000000, -22.50000000000000000 ) ) ;
#4115 = AXIS2_PLACEMENT_3D ( 'NONE', #5293, #2363, #2922 ) ;
#4116 = ORIENTED_EDGE ( 'NONE', *, *, #3089, .T. ) ;
#4117 = AXIS2_PLACEMENT_3D ( 'NONE', #2068, #5811, #4469 ) ;
#4118 = EDGE_CURVE ( 'NONE', #2539, #1827, #3171, .T. ) ;
#4119 = LINE ( 'NONE', #5279, #5742 ) ;
#4120 = CARTESIAN_POINT ( 'NONE',  ( -2.000000000000007105, 0.000000000000000000, -112.4000000000000483 ) ) ;
#4121 = AXIS2_PLACEMENT_3D ( 'NONE', #2204, #5783, #4605 ) ;
#4122 = VERTEX_POINT ( 'NONE', #6662 ) ;
#4124 = FACE_OUTER_BOUND ( 'NONE', #4856, .T. ) ;
#4123 = VECTOR ( 'NONE', #7774, 1000.000000000000000 ) ;
#4125 = EDGE_CURVE ( 'NONE', #2903, #5715, #2538, .T. ) ;
#4126 = VERTEX_POINT ( 'NONE', #5573 ) ;
#4127 = AXIS2_PLACEMENT_3D ( 'NONE', #3201, #7411, #1469 ) ;
#4128 = ORIENTED_EDGE ( 'NONE', *, *, #503, .T. ) ;
#4129 = VECTOR ( 'NONE', #2296, 1000.000000000000000 ) ;
#4130 = FACE_BOUND ( 'NONE', #6769, .T. ) ;
#4131 = CARTESIAN_POINT ( 'NONE',  ( 45.96753688208079325, 8.000000000000000000, -111.0178227307831662 ) ) ;
#4132 = EDGE_CURVE ( 'NONE', #7337, #2952, #2342, .T. ) ;
#4133 = CARTESIAN_POINT ( 'NONE',  ( 170.0000000000000000, 8.000000000000000000, -170.0000000000000000 ) ) ;
#4134 = VERTEX_POINT ( 'NONE', #2420 ) ;
#4135 = AXIS2_PLACEMENT_3D ( 'NONE', #3235, #838, #7436 ) ;
#4136 = AXIS2_PLACEMENT_3D ( 'NONE', #1084, #5262, #7650 ) ;
#4137 = CARTESIAN_POINT ( 'NONE',  ( 170.0000000000000853, 0.000000000000000000, 8.000000000000010658 ) ) ;
#4138 = ORIENTED_EDGE ( 'NONE', *, *, #755, .F. ) ;
#4139 = AXIS2_PLACEMENT_3D ( 'NONE', #6164, #6819, #5611 ) ;
#4140 = VECTOR ( 'NONE', #2934, 1000.000000000000000 ) ;
#4141 = ORIENTED_EDGE ( 'NONE', *, *, #2655, .T. ) ;
#4142 = DIRECTION ( 'NONE',  ( 0.000000000000000000, 0.000000000000000000, 1.000000000000000000 ) ) ;
#4143 = FACE_OUTER_BOUND ( 'NONE', #1449, .T. ) ;
#4144 = DIRECTION ( 'NONE',  ( -1.000000000000000000, -0.000000000000000000, -0.000000000000000000 ) ) ;
#4145 = DIRECTION ( 'NONE',  ( 0.6843142041691717692, 0.000000000000000000, -0.7291872667376420036 ) ) ;
#4146 = EDGE_CURVE ( 'NONE', #7109, #5224, #4829, .T. ) ;
#4147 = ORIENTED_EDGE ( 'NONE', *, *, #5547, .T. ) ;
#4148 = ORIENTED_EDGE ( 'NONE', *, *, #1892, .T. ) ;
#4149 = DIRECTION ( 'NONE',  ( 0.000000000000000000, 1.000000000000000000, 0.000000000000000000 ) ) ;
#4150 = DIRECTION ( 'NONE',  ( 0.8660254037844389297, -0.000000000000000000, 0.4999999999999995004 ) ) ;
#4151 = EDGE_LOOP ( 'NONE', ( #3516, #5359, #7057, #740 ) ) ;
#4152 = EDGE_CURVE ( 'NONE', #2273, #5003, #6697, .T. ) ;
#4153 = DIRECTION ( 'NONE',  ( 0.000000000000000000, -1.000000000000000000, 0.000000000000000000 ) ) ;
#4154 = DIRECTION ( 'NONE',  ( 0.000000000000000000, 1.000000000000000000, 0.000000000000000000 ) ) ;
#4155 = EDGE_CURVE ( 'NONE', #7047, #4948, #3136, .T. ) ;
#4156 = VERTEX_POINT ( 'NONE', #1942 ) ;
#4157 = LINE ( 'NONE', #1903, #7553 ) ;
#4158 = DIRECTION ( 'NONE',  ( 1.000000000000000000, 0.000000000000000000, -0.000000000000000000 ) ) ;
#4159 = ORIENTED_EDGE ( 'NONE', *, *, #4539, .T. ) ;
#4160 = PLANE ( 'NONE',  #5704 ) ;
#4161 = CARTESIAN_POINT ( 'NONE',  ( 4.898587196589392121E-16, 8.000000000000000000, -24.50000000000000000 ) ) ;
#4162 = VERTEX_POINT ( 'NONE', #3092 ) ;
#4163 = EDGE_CURVE ( 'NONE', #7059, #4985, #6104, .T. ) ;
#4164 = LINE ( 'NONE', #5941, #2344 ) ;
#4165 = DIRECTION ( 'NONE',  ( -0.000000000000000000, -1.000000000000000000, -0.000000000000000000 ) ) ;
#4166 = ORIENTED_EDGE ( 'NONE', *, *, #6435, .F. ) ;
#4167 = DIRECTION ( 'NONE',  ( -0.8660254037844382635, 0.000000000000000000, 0.5000000000000006661 ) ) ;
#4168 = VERTEX_POINT ( 'NONE', #900 ) ;
#4169 = CARTESIAN_POINT ( 'NONE',  ( 142.0000000000000568, 0.000000000000000000, -125.7405804802355362 ) ) ;
#4170 = EDGE_CURVE ( 'NONE', #2397, #5756, #6820, .T. ) ;
#4171 = VERTEX_POINT ( 'NONE', #7494 ) ;
#4172 = VERTEX_POINT ( 'NONE', #341 ) ;
#4173 = CARTESIAN_POINT ( 'NONE',  ( 21.99999999999998224, 8.000000000000000000, -59.75000000000002132 ) ) ;
#4174 = CARTESIAN_POINT ( 'NONE',  ( 21.99999999999998224, 0.000000000000000000, -53.40000000000001990 ) ) ;
#4175 = CARTESIAN_POINT ( 'NONE',  ( 172.0000000000000284, 4.000000000000000000, -33.25000000000003553 ) ) ;
#4176 = CARTESIAN_POINT ( 'NONE',  ( 0.000000000000000000, 0.000000000000000000, 8.000000000000000000 ) ) ;
#4177 = ORIENTED_EDGE ( 'NONE', *, *, #3266, .T. ) ;
#4178 = EDGE_CURVE ( 'NONE', #3665, #3653, #7115, .T. ) ;
#4179 = EDGE_LOOP ( 'NONE', ( #3561, #438, #4553, #409 ) ) ;
#4180 = CARTESIAN_POINT ( 'NONE',  ( 93.07846096908261302, 5.000000000000000000, -91.39999999999997726 ) ) ;
#4181 = CARTESIAN_POINT ( 'NONE',  ( 90.99999999999997158, -2.000000000000000000, -95.00000000000000000 ) ) ;
#4182 = ADVANCED_FACE ( 'NONE', ( #7578 ), #5725, .F. ) ;
#4183 = ORIENTED_EDGE ( 'NONE', *, *, #6761, .T. ) ;
#4184 = CYLINDRICAL_SURFACE ( 'NONE', #5712, 2.099999999999990763 ) ;
#4185 = LINE ( 'NONE', #3559, #4763 ) ;
#4186 = TOROIDAL_SURFACE ( 'NONE', #5828, 3.500000000000016875, 2.000000000000000000 ) ;
#4187 = EDGE_CURVE ( 'NONE', #39, #5730, #2191, .T. ) ;
#4188 = ORIENTED_EDGE ( 'NONE', *, *, #891, .F. ) ;
#4189 = AXIS2_PLACEMENT_3D ( 'NONE', #747, #1255, #2982 ) ;
#4190 = CARTESIAN_POINT ( 'NONE',  ( -15.88445254721469801, 3.000000000000000000, -133.6500000000000057 ) ) ;
#4191 = PLANE ( 'NONE',  #5243 ) ;
#4192 = EDGE_CURVE ( 'NONE', #1240, #1340, #6724, .T. ) ;
#4193 = ORIENTED_EDGE ( 'NONE', *, *, #3759, .T. ) ;
#4194 = DIRECTION ( 'NONE',  ( 0.000000000000000000, 0.000000000000000000, 1.000000000000000000 ) ) ;
#4195 = LINE ( 'NONE', #4161, #1731 ) ;
#4196 = ORIENTED_EDGE ( 'NONE', *, *, #6006, .T. ) ;
#4197 = AXIS2_PLACEMENT_3D ( 'NONE', #1281, #4224, #5450 ) ;
#4198 = EDGE_LOOP ( 'NONE', ( #6698, #5484 ) ) ;
#4199 = VECTOR ( 'NONE', #1014, 1000.000000000000000 ) ;
#4200 = CARTESIAN_POINT ( 'NONE',  ( -2.000000000000016431, 8.000000000000000000, -55.50000000000001421 ) ) ;
#4201 = DIRECTION ( 'NONE',  ( 0.000000000000000000, 0.000000000000000000, 1.000000000000000000 ) ) ;
#4202 = ADVANCED_FACE ( 'NONE', ( #3999 ), #222, .F. ) ;
#4203 = EDGE_LOOP ( 'NONE', ( #2878, #1438, #2802, #2804 ) ) ;
#4204 = CARTESIAN_POINT ( 'NONE',  ( 78.99999999999997158, 5.000000000000000000, -95.00000000000000000 ) ) ;
#4205 = AXIS2_PLACEMENT_3D ( 'NONE', #4256, #6646, #3658 ) ;
#4206 = VERTEX_POINT ( 'NONE', #3292 ) ;
#4207 = DIRECTION ( 'NONE',  ( 0.000000000000000000, 1.000000000000000000, 0.000000000000000000 ) ) ;
#4208 = ORIENTED_EDGE ( 'NONE', *, *, #6685, .T. ) ;
#4209 = CARTESIAN_POINT ( 'NONE',  ( 159.6191487473286656, 0.000000000000000000, -22.50000000000002132 ) ) ;
#4210 = EDGE_CURVE ( 'NONE', #6795, #5756, #2108, .T. ) ;
#4211 = AXIS2_PLACEMENT_3D ( 'NONE', #6753, #7343, #754 ) ;
#4212 = LINE ( 'NONE', #161, #92 ) ;
#4213 = LINE ( 'NONE', #7760, #752 ) ;
#4214 = CARTESIAN_POINT ( 'NONE',  ( -2.000000000000013767, 8.000000000000000000, -33.25000000000002132 ) ) ;
#4215 = DIRECTION ( 'NONE',  ( 0.000000000000000000, 0.000000000000000000, 1.000000000000000000 ) ) ;
#4216 = EDGE_CURVE ( 'NONE', #390, #1831, #7453, .T. ) ;
#4217 = EDGE_LOOP ( 'NONE', ( #5281, #964, #5885, #329 ) ) ;
#4218 = AXIS2_PLACEMENT_3D ( 'NONE', #475, #7067, #7736 ) ;
#4219 = AXIS2_PLACEMENT_3D ( 'NONE', #3102, #3143, #2395 ) ;
#4220 = ORIENTED_EDGE ( 'NONE', *, *, #2324, .F. ) ;
#4221 = CARTESIAN_POINT ( 'NONE',  ( 90.99999999999997158, 0.000000000000000000, -92.89999999999999147 ) ) ;
#4222 = DIRECTION ( 'NONE',  ( 0.000000000000000000, 1.000000000000000000, 0.000000000000000000 ) ) ;
#4223 = ORIENTED_EDGE ( 'NONE', *, *, #3204, .F. ) ;
#4224 = DIRECTION ( 'NONE',  ( 0.000000000000000000, 1.000000000000000000, 0.000000000000000000 ) ) ;
#4225 = CARTESIAN_POINT ( 'NONE',  ( -11.72753060904940625, 3.000000000000000000, -133.6499999999999773 ) ) ;
#4226 = VECTOR ( 'NONE', #2075, 1000.000000000000000 ) ;
#4227 = EDGE_CURVE ( 'NONE', #3553, #1557, #7749, .T. ) ;
#4228 = CARTESIAN_POINT ( 'NONE',  ( 21.99999999999999289, 4.000000000000000000, -130.4000000000000341 ) ) ;
#4229 = AXIS2_PLACEMENT_3D ( 'NONE', #826, #6173, #5663 ) ;
#4230 = EDGE_LOOP ( 'NONE', ( #5164, #6821, #6582, #5486 ) ) ;
#4231 = VECTOR ( 'NONE', #691, 1000.000000000000000 ) ;
#4232 = EDGE_CURVE ( 'NONE', #7528, #2701, #7419, .T. ) ;
#4233 = DIRECTION ( 'NONE',  ( -0.000000000000000000, -1.000000000000000000, -0.000000000000000000 ) ) ;
#4234 = DIRECTION ( 'NONE',  ( 0.000000000000000000, -1.000000000000000000, 0.000000000000000000 ) ) ;
#4235 = ORIENTED_EDGE ( 'NONE', *, *, #1501, .F. ) ;
#4236 = PLANE ( 'NONE',  #2555 ) ;
#4237 = CARTESIAN_POINT ( 'NONE',  ( 93.07846096908262723, 8.000000000000000000, -78.60000000000000853 ) ) ;
#4238 = ORIENTED_EDGE ( 'NONE', *, *, #4170, .F. ) ;
#4239 = AXIS2_PLACEMENT_3D ( 'NONE', #6928, #369, #6844 ) ;
#4240 = VECTOR ( 'NONE', #3405, 1000.000000000000000 ) ;
#4241 = EDGE_LOOP ( 'NONE', ( #4979, #34, #2277, #3067 ) ) ;
#4242 = EDGE_CURVE ( 'NONE', #1447, #7047, #2779, .T. ) ;
#4243 = CIRCLE ( 'NONE', #4121, 4.250000000000003553 ) ;
#4244 = AXIS2_PLACEMENT_3D ( 'NONE', #3536, #2877, #3024 ) ;
#4245 = CARTESIAN_POINT ( 'NONE',  ( 164.0000000000000000, 8.000000000000000000, -18.50000000000002487 ) ) ;
#4246 = CYLINDRICAL_SURFACE ( 'NONE', #202, 2.099999999999997868 ) ;
#4247 = ORIENTED_EDGE ( 'NONE', *, *, #1292, .F. ) ;
#4248 = DIRECTION ( 'NONE',  ( 0.000000000000000000, 0.000000000000000000, 1.000000000000000000 ) ) ;
#4249 = VERTEX_POINT ( 'NONE', #263 ) ;
#4250 = EDGE_CURVE ( 'NONE', #7716, #6492, #2740, .T. ) ;
#4251 = CARTESIAN_POINT ( 'NONE',  ( 172.0000000000000284, 8.000000000000000000, -55.50000000000002842 ) ) ;
#4252 = CIRCLE ( 'NONE', #2881, 4.250000000000003553 ) ;
#4253 = VECTOR ( 'NONE', #1015, 1000.000000000000000 ) ;
#4254 = EDGE_CURVE ( 'NONE', #6373, #7646, #1480, .T. ) ;
#4255 = VERTEX_POINT ( 'NONE', #5104 ) ;
#4256 = CARTESIAN_POINT ( 'NONE',  ( 172.0000000000000284, 4.000000000000000000, -37.50000000000004263 ) ) ;
#4257 = VECTOR ( 'NONE', #7323, 1000.000000000000000 ) ;
#4258 = CARTESIAN_POINT ( 'NONE',  ( -17.96291351629734834, 3.000000000000000000, -122.7500000000000000 ) ) ;
#4259 = DIRECTION ( 'NONE',  ( 0.000000000000000000, 1.000000000000000000, 0.000000000000000000 ) ) ;
#4260 = CARTESIAN_POINT ( 'NONE',  ( 159.6191487473286941, 0.000000000000000000, -145.5000000000000284 ) ) ;
#4261 = LINE ( 'NONE', #6650, #6759 ) ;
#4262 = EDGE_CURVE ( 'NONE', #278, #5522, #2624, .T. ) ;
#4263 = ORIENTED_EDGE ( 'NONE', *, *, #5651, .F. ) ;
#4264 = ORIENTED_EDGE ( 'NONE', *, *, #2402, .F. ) ;
#4265 = DIRECTION ( 'NONE',  ( 0.000000000000000000, 0.000000000000000000, 1.000000000000000000 ) ) ;
#4266 = ORIENTED_EDGE ( 'NONE', *, *, #211, .F. ) ;
#4267 = CARTESIAN_POINT ( 'NONE',  ( 0.000000000000000000, 8.000000000000000000, -170.0000000000000000 ) ) ;
#4268 = CARTESIAN_POINT ( 'NONE',  ( -2.000000000000007105, 0.000000000000000000, -114.5000000000000426 ) ) ;
#4269 = DIRECTION ( 'NONE',  ( 0.000000000000000000, -0.000000000000000000, 1.000000000000000000 ) ) ;
#4270 = ADVANCED_FACE ( 'NONE', ( #386 ), #1020, .F. ) ;
#4271 = ORIENTED_EDGE ( 'NONE', *, *, #2386, .T. ) ;
#4272 = DIRECTION ( 'NONE',  ( 0.6696371217971888168, -0.000000000000000000, 0.7426884441750637444 ) ) ;
#4273 = DIRECTION ( 'NONE',  ( -1.000000000000000000, -0.000000000000000000, -0.000000000000000000 ) ) ;
#4274 = EDGE_LOOP ( 'NONE', ( #1566, #4301, #2768, #1818 ) ) ;
#4275 = CARTESIAN_POINT ( 'NONE',  ( -13.80599157813204059, -2.000000000000000000, -122.7500000000000000 ) ) ;
#4276 = FACE_BOUND ( 'NONE', #7568, .T. ) ;
#4277 = VERTEX_POINT ( 'NONE', #2150 ) ;
#4278 = EDGE_LOOP ( 'NONE', ( #3647, #4614, #3598, #2542 ) ) ;
#4279 = DIRECTION ( 'NONE',  ( 0.4999999999999988898, 0.000000000000000000, -0.8660254037844393737 ) ) ;
#4280 = DIRECTION ( 'NONE',  ( 0.000000000000000000, 0.000000000000000000, 1.000000000000000000 ) ) ;
#4281 = ORIENTED_EDGE ( 'NONE', *, *, #308, .T. ) ;
#4282 = DIRECTION ( 'NONE',  ( 0.000000000000000000, -1.000000000000000000, -0.000000000000000000 ) ) ;
#4283 = EDGE_CURVE ( 'NONE', #6425, #4989, #298, .T. ) ;
#4284 = ORIENTED_EDGE ( 'NONE', *, *, #4739, .T. ) ;
#4285 = FACE_OUTER_BOUND ( 'NONE', #1021, .T. ) ;
#4286 = ORIENTED_EDGE ( 'NONE', *, *, #1991, .F. ) ;
#4287 = CC_DESIGN_DATE_AND_TIME_ASSIGNMENT ( #3936, #322, ( #4784 ) ) ;
#4288 = FACE_OUTER_BOUND ( 'NONE', #6594, .T. ) ;
#4289 = PLANE ( 'NONE',  #1238 ) ;
#4290 = CYLINDRICAL_SURFACE ( 'NONE', #984, 2.100000000000004530 ) ;
#4291 = EDGE_CURVE ( 'NONE', #6918, #3793, #6239, .T. ) ;
#4292 = DIRECTION ( 'NONE',  ( 0.000000000000000000, 1.000000000000000000, 0.000000000000000000 ) ) ;
#4293 = CARTESIAN_POINT ( 'NONE',  ( 41.51140621703041234, 0.000000000000000000, -101.0000000000000142 ) ) ;
#4294 = VECTOR ( 'NONE', #5845, 1000.000000000000000 ) ;
#4295 = ORIENTED_EDGE ( 'NONE', *, *, #5073, .F. ) ;
#4296 = ADVANCED_FACE ( 'NONE', ( #1710 ), #3487, .F. ) ;
#4297 = VERTEX_POINT ( 'NONE', #2935 ) ;
#4298 = CARTESIAN_POINT ( 'NONE',  ( -2.000000000000006661, 4.000000000000000000, -118.7500000000000568 ) ) ;
#4299 = EDGE_CURVE ( 'NONE', #2203, #2535, #4994, .T. ) ;
#4300 = CARTESIAN_POINT ( 'NONE',  ( 115.0000000000000000, 8.000000000000000000, -101.0000000000000284 ) ) ;
#4301 = ORIENTED_EDGE ( 'NONE', *, *, #6426, .F. ) ;
#4302 = LINE ( 'NONE', #2415, #6084 ) ;
#4303 = CARTESIAN_POINT ( 'NONE',  ( -13.99999999999999822, 0.000000000000000000, -145.0000000000000284 ) ) ;
#4304 = CARTESIAN_POINT ( 'NONE',  ( 166.5146231116498825, 0.000000000000000000, -11.86559982162469851 ) ) ;
#4305 = VERTEX_POINT ( 'NONE', #7027 ) ;
#4306 = CYLINDRICAL_SURFACE ( 'NONE', #601, 2.099999999999990763 ) ;
#4307 = DIRECTION ( 'NONE',  ( -0.000000000000000000, 1.000000000000000000, 0.000000000000000000 ) ) ;
#4308 = EDGE_CURVE ( 'NONE', #412, #6640, #1596, .T. ) ;
#4309 = ORIENTED_EDGE ( 'NONE', *, *, #1693, .F. ) ;
#4310 = CARTESIAN_POINT ( 'NONE',  ( 11.86622814102146428, 8.000000000000000000, -21.16072575640561837 ) ) ;
#4311 = FACE_OUTER_BOUND ( 'NONE', #6271, .T. ) ;
#4312 = VERTEX_POINT ( 'NONE', #7176 ) ;
#4313 = EDGE_LOOP ( 'NONE', ( #504, #7029, #3866, #2355 ) ) ;
#4314 = AXIS2_PLACEMENT_3D ( 'NONE', #5470, #1798, #6056 ) ;
#4315 = DIRECTION ( 'NONE',  ( 0.000000000000000000, -0.000000000000000000, 1.000000000000000000 ) ) ;
#4316 = DIRECTION ( 'NONE',  ( 0.000000000000000000, 0.000000000000000000, 1.000000000000000000 ) ) ;
#4317 = VERTEX_POINT ( 'NONE', #1092 ) ;
#4318 = CARTESIAN_POINT ( 'NONE',  ( 28.00000000000001776, 8.000000000000000000, -107.0000000000000284 ) ) ;
#4319 = ORIENTED_EDGE ( 'NONE', *, *, #3860, .F. ) ;
#4320 = CARTESIAN_POINT ( 'NONE',  ( 172.0000000000000284, 4.000000000000000000, -53.40000000000004121 ) ) ;
#4321 = ORIENTED_EDGE ( 'NONE', *, *, #1623, .T. ) ;
#4322 = AXIS2_PLACEMENT_3D ( 'NONE', #6041, #6110, #57 ) ;
#4323 = VERTEX_POINT ( 'NONE', #6438 ) ;
#4324 = DIRECTION ( 'NONE',  ( -0.5000000000000039968, 0.000000000000000000, -0.8660254037844363761 ) ) ;
#4325 = CARTESIAN_POINT ( 'NONE',  ( 21.99999999999999645, 4.000000000000000000, -114.5000000000000426 ) ) ;
#4326 = LINE ( 'NONE', #7403, #1632 ) ;
#4327 = FACE_OUTER_BOUND ( 'NONE', #4014, .T. ) ;
#4328 = DIRECTION ( 'NONE',  ( -0.4999999999999993339, 0.000000000000000000, -0.8660254037844389297 ) ) ;
#4329 = VERTEX_POINT ( 'NONE', #506 ) ;
#4330 = EDGE_CURVE ( 'NONE', #2844, #7365, #4111, .T. ) ;
#4331 = VECTOR ( 'NONE', #2072, 1000.000000000000000 ) ;
#4332 = EDGE_LOOP ( 'NONE', ( #6155, #5561, #6912, #4271, #5429, #6709, #7085, #2843 ) ) ;
#4333 = VECTOR ( 'NONE', #916, 1000.000000000000000 ) ;
#4334 = DIRECTION ( 'NONE',  ( 0.000000000000000000, 0.000000000000000000, 1.000000000000000000 ) ) ;
#4335 = PLANE ( 'NONE',  #6518 ) ;
#4336 = ORIENTED_EDGE ( 'NONE', *, *, #3563, .T. ) ;
#4337 = DIRECTION ( 'NONE',  ( 0.000000000000000000, 0.000000000000000000, 1.000000000000000000 ) ) ;
#4338 = CARTESIAN_POINT ( 'NONE',  ( -2.000000000000013767, 4.000000000000000000, -33.25000000000002132 ) ) ;
#4339 = CARTESIAN_POINT ( 'NONE',  ( 81.07846096908264144, 8.000000000000000000, -98.59999999999999432 ) ) ;
#4340 = AXIS2_PLACEMENT_3D ( 'NONE', #524, #2918, #5322 ) ;
#4341 = ORIENTED_EDGE ( 'NONE', *, *, #6433, .F. ) ;
#4342 = EDGE_CURVE ( 'NONE', #6539, #5913, #4709, .T. ) ;
#4343 = AXIS2_PLACEMENT_3D ( 'NONE', #6525, #5967, #4158 ) ;
#4344 = DIRECTION ( 'NONE',  ( -0.000000000000000000, 1.000000000000000000, -0.000000000000000000 ) ) ;
#4345 = CARTESIAN_POINT ( 'NONE',  ( 90.99999999999997158, -2.000000000000000000, -97.10000000000000853 ) ) ;
#4346 = ORIENTED_EDGE ( 'NONE', *, *, #7077, .F. ) ;
#4347 = LINE ( 'NONE', #5390, #812 ) ;
#4348 = CIRCLE ( 'NONE', #469, 2.000000000000001776 ) ;
#4349 = FACE_BOUND ( 'NONE', #782, .T. ) ;
#4350 = ORIENTED_EDGE ( 'NONE', *, *, #1525, .T. ) ;
#4351 = VECTOR ( 'NONE', #7540, 1000.000000000000000 ) ;
#4352 = EDGE_CURVE ( 'NONE', #6770, #5319, #4864, .T. ) ;
#4353 = CIRCLE ( 'NONE', #979, 2.000000000000000000 ) ;
#4354 = CARTESIAN_POINT ( 'NONE',  ( 21.99999999999998224, 4.000000000000000000, -57.60000000000001563 ) ) ;
#4355 = FACE_OUTER_BOUND ( 'NONE', #3713, .T. ) ;
#4356 = DIRECTION ( 'NONE',  ( -0.000000000000000000, -1.000000000000000000, -0.000000000000000000 ) ) ;
#4357 = AXIS2_PLACEMENT_3D ( 'NONE', #684, #613, #164 ) ;
#4358 = ORIENTED_EDGE ( 'NONE', *, *, #5220, .T. ) ;
#4359 = CARTESIAN_POINT ( 'NONE',  ( 76.92153903091734435, 5.000000000000000000, -91.39999999999997726 ) ) ;
#4360 = VECTOR ( 'NONE', #3585, 1000.000000000000000 ) ;
#4361 = ORIENTED_EDGE ( 'NONE', *, *, #6509, .F. ) ;
#4362 = DIRECTION ( 'NONE',  ( -0.000000000000000000, 1.000000000000000000, -0.000000000000000000 ) ) ;
#4363 = EDGE_CURVE ( 'NONE', #4793, #2945, #1751, .T. ) ;
#4364 = CIRCLE ( 'NONE', #5878, 8.000000000000008882 ) ;
#4365 = ORIENTED_EDGE ( 'NONE', *, *, #867, .F. ) ;
#4366 = EDGE_CURVE ( 'NONE', #4576, #1656, #4677, .T. ) ;
#4367 = EDGE_CURVE ( 'NONE', #7528, #3, #1054, .T. ) ;
#4368 = CARTESIAN_POINT ( 'NONE',  ( 28.00000000000001776, 0.000000000000000000, -125.7405804802355078 ) ) ;
#4369 = DIRECTION ( 'NONE',  ( 0.000000000000000000, -0.000000000000000000, 1.000000000000000000 ) ) ;
#4370 = PLANE ( 'NONE',  #885 ) ;
#4371 = DIRECTION ( 'NONE',  ( 0.000000000000000000, 1.000000000000000000, 0.000000000000000000 ) ) ;
#4372 = VECTOR ( 'NONE', #4482, 1000.000000000000000 ) ;
#4373 = CARTESIAN_POINT ( 'NONE',  ( 95.15692193816525446, 5.000000000000000000, -94.99999999999998579 ) ) ;
#4374 = DIRECTION ( 'NONE',  ( 0.000000000000000000, 1.000000000000000000, 0.000000000000000000 ) ) ;
#4375 = AXIS2_PLACEMENT_3D ( 'NONE', #1714, #4154, #2383 ) ;
#4376 = ORIENTED_EDGE ( 'NONE', *, *, #3759, .F. ) ;
#4377 = EDGE_CURVE ( 'NONE', #7626, #3431, #2338, .T. ) ;
#4378 = ORIENTED_EDGE ( 'NONE', *, *, #1249, .F. ) ;
#4379 = VECTOR ( 'NONE', #126, 1000.000000000000000 ) ;
#4380 = CIRCLE ( 'NONE', #1006, 4.000000000000003553 ) ;
#4381 = ORIENTED_EDGE ( 'NONE', *, *, #2226, .F. ) ;
#4382 = LINE ( 'NONE', #171, #7371 ) ;
#4383 = CARTESIAN_POINT ( 'NONE',  ( 8.000000000000000000, 8.000000000000000000, 0.000000000000000000 ) ) ;
#4384 = VERTEX_POINT ( 'NONE', #5846 ) ;
#4385 = CARTESIAN_POINT ( 'NONE',  ( 136.0000000000000284, 8.000000000000000000, -101.0000000000000284 ) ) ;
#4386 = DIRECTION ( 'NONE',  ( -0.000000000000000000, 1.000000000000000000, -0.000000000000000000 ) ) ;
#4387 = EDGE_CURVE ( 'NONE', #6026, #3197, #2860, .T. ) ;
#4388 = PLANE ( 'NONE',  #1118 ) ;
#4389 = AXIS2_PLACEMENT_3D ( 'NONE', #3005, #7686, #5408 ) ;
#4390 = ORIENTED_EDGE ( 'NONE', *, *, #1090, .F. ) ;
#4391 = ADVANCED_FACE ( 'NONE', ( #1780 ), #5270, .F. ) ;
#4392 = DIRECTION ( 'NONE',  ( 0.000000000000000000, 0.000000000000000000, 1.000000000000000000 ) ) ;
#4393 = DIRECTION ( 'NONE',  ( 0.000000000000000000, 1.000000000000000000, 0.000000000000000000 ) ) ;
#4394 = VERTEX_POINT ( 'NONE', #576 ) ;
#4395 = FACE_OUTER_BOUND ( 'NONE', #5509, .T. ) ;
#4396 = FACE_BOUND ( 'NONE', #264, .T. ) ;
#4397 = EDGE_CURVE ( 'NONE', #7768, #2640, #599, .T. ) ;
#4398 = AXIS2_PLACEMENT_3D ( 'NONE', #4465, #5062, #7493 ) ;
#4399 = EDGE_LOOP ( 'NONE', ( #7656, #4540, #1661, #3445 ) ) ;
#4400 = FACE_OUTER_BOUND ( 'NONE', #3133, .T. ) ;
#4401 = LINE ( 'NONE', #1490, #3101 ) ;
#4402 = LINE ( 'NONE', #3685, #1586 ) ;
#4403 = ORIENTED_EDGE ( 'NONE', *, *, #6758, .F. ) ;
#4404 = DIRECTION ( 'NONE',  ( -0.000000000000000000, 1.000000000000000000, -0.000000000000000000 ) ) ;
#4405 = ADVANCED_FACE ( 'NONE', ( #4074 ), #2817, .F. ) ;
#4406 = ORIENTED_EDGE ( 'NONE', *, *, #4363, .F. ) ;
#4407 = CARTESIAN_POINT ( 'NONE',  ( 172.0000000000000284, 4.000000000000000000, -132.5000000000000284 ) ) ;
#4408 = ORIENTED_EDGE ( 'NONE', *, *, #1292, .T. ) ;
#4409 = CARTESIAN_POINT ( 'NONE',  ( 148.0000000000000284, 8.000000000000000000, -51.25000000000002132 ) ) ;
#4410 = DIRECTION ( 'NONE',  ( -0.000000000000000000, 1.000000000000000000, 0.000000000000000000 ) ) ;
#4411 = DIRECTION ( 'NONE',  ( 0.000000000000000000, 0.000000000000000000, 1.000000000000000000 ) ) ;
#4412 = EDGE_CURVE ( 'NONE', #6545, #1329, #7631, .T. ) ;
#4413 = DIRECTION ( 'NONE',  ( -0.4999999999999932832, 0.000000000000000000, 0.8660254037844424824 ) ) ;
#4414 = DIRECTION ( 'NONE',  ( -0.4999999999999981126, 0.000000000000000000, 0.8660254037844397068 ) ) ;
#4415 = DIRECTION ( 'NONE',  ( 0.000000000000000000, 0.000000000000000000, 1.000000000000000000 ) ) ;
#4416 = ORIENTED_EDGE ( 'NONE', *, *, #7712, .F. ) ;
#4417 = ORIENTED_EDGE ( 'NONE', *, *, #6500, .T. ) ;
#4418 = EDGE_LOOP ( 'NONE', ( #2682, #7483 ) ) ;
#4419 = CARTESIAN_POINT ( 'NONE',  ( 148.0000000000000568, 4.000000000000000000, -112.4000000000000625 ) ) ;
#4420 = DIRECTION ( 'NONE',  ( 0.000000000000000000, 1.000000000000000000, 0.000000000000000000 ) ) ;
#4421 = LINE ( 'NONE', #3250, #952 ) ;
#4422 = FACE_OUTER_BOUND ( 'NONE', #4699, .T. ) ;
#4423 = DIRECTION ( 'NONE',  ( 0.000000000000000000, 1.000000000000000000, 0.000000000000000000 ) ) ;
#4424 = EDGE_CURVE ( 'NONE', #6135, #7706, #5808, .T. ) ;
#4425 = ORIENTED_EDGE ( 'NONE', *, *, #2126, .T. ) ;
#4426 = DIRECTION ( 'NONE',  ( -0.000000000000000000, 1.000000000000000000, -0.000000000000000000 ) ) ;
#4427 = CARTESIAN_POINT ( 'NONE',  ( 172.0000000000000284, 4.000000000000000000, -132.5000000000000284 ) ) ;
#4428 = ORIENTED_EDGE ( 'NONE', *, *, #1321, .F. ) ;
#4429 = CARTESIAN_POINT ( 'NONE',  ( 148.0000000000000284, 4.000000000000000000, -57.60000000000002274 ) ) ;
#4430 = EDGE_CURVE ( 'NONE', #4323, #1380, #2465, .T. ) ;
#4431 = FACE_BOUND ( 'NONE', #2232, .T. ) ;
#4432 = EDGE_LOOP ( 'NONE', ( #7062, #5464, #2840, #2609 ) ) ;
#4433 = EDGE_CURVE ( 'NONE', #1269, #4305, #4382, .T. ) ;
#4434 = CARTESIAN_POINT ( 'NONE',  ( 124.0324631179192068, 0.000000000000000000, -58.98217726921689774 ) ) ;
#4435 = LINE ( 'NONE', #6250, #6115 ) ;
#4436 = CARTESIAN_POINT ( 'NONE',  ( 0.000000000000000000, 8.000000000000000000, 0.000000000000000000 ) ) ;
#4437 = ORIENTED_EDGE ( 'NONE', *, *, #1037, .T. ) ;
#4438 = CARTESIAN_POINT ( 'NONE',  ( 170.0000000000000000, 0.000000000000000000, -162.0000000000000000 ) ) ;
#4439 = VERTEX_POINT ( 'NONE', #4936 ) ;
#4440 = DIRECTION ( 'NONE',  ( -0.000000000000000000, -1.000000000000000000, -0.000000000000000000 ) ) ;
#4441 = CIRCLE ( 'NONE', #3060, 8.000000000000007105 ) ;
#4442 = ORIENTED_EDGE ( 'NONE', *, *, #1711, .F. ) ;
#4443 = ADVANCED_FACE ( 'NONE', ( #1242 ), #2568, .F. ) ;
#4444 = CIRCLE ( 'NONE', #5578, 2.125000000000001776 ) ;
#4445 = CARTESIAN_POINT ( 'NONE',  ( -11.72753060904939559, 3.000000000000000000, -126.3499999999999659 ) ) ;
#4446 = CARTESIAN_POINT ( 'NONE',  ( 170.0000000000000000, 6.000000000000000000, -172.0999999999999943 ) ) ;
#4447 = CARTESIAN_POINT ( 'NONE',  ( 21.99999999999999645, 4.000000000000000000, -110.2500000000000426 ) ) ;
#4448 = CARTESIAN_POINT ( 'NONE',  ( -9.649069639966750600, 3.000000000000000000, -122.7500000000000142 ) ) ;
#4449 = CARTESIAN_POINT ( 'NONE',  ( 83.15692193816528288, 5.000000000000000000, -95.00000000000001421 ) ) ;
#4450 = LINE ( 'NONE', #883, #2987 ) ;
#4451 = AXIS2_PLACEMENT_3D ( 'NONE', #3708, #4153, #5418 ) ;
#4452 = VERTEX_POINT ( 'NONE', #3080 ) ;
#4453 = ORIENTED_EDGE ( 'NONE', *, *, #3860, .T. ) ;
#4454 = EDGE_CURVE ( 'NONE', #6520, #6999, #657, .T. ) ;
#4455 = ORIENTED_EDGE ( 'NONE', *, *, #5147, .T. ) ;
#4456 = AXIS2_PLACEMENT_3D ( 'NONE', #3119, #5637, #7439 ) ;
#4457 = LINE ( 'NONE', #7484, #1728 ) ;
#4458 = DIRECTION ( 'NONE',  ( 1.000000000000000000, -0.000000000000000000, 7.564936274135420990E-19 ) ) ;
#4459 = CARTESIAN_POINT ( 'NONE',  ( 10.38085125267133968, 8.000000000000000000, -145.5000000000000284 ) ) ;
#4460 = AXIS2_PLACEMENT_3D ( 'NONE', #1499, #3350, #6922 ) ;
#4461 = DIRECTION ( 'NONE',  ( 0.000000000000000000, 0.000000000000000000, 1.000000000000000000 ) ) ;
#4462 = CARTESIAN_POINT ( 'NONE',  ( 28.00000000000003908, 8.000000000000000000, -62.50000000000002842 ) ) ;
#4463 = ORIENTED_EDGE ( 'NONE', *, *, #3664, .T. ) ;
#4464 = AXIS2_PLACEMENT_3D ( 'NONE', #4021, #917, #7517 ) ;
#4465 = CARTESIAN_POINT ( 'NONE',  ( 170.0000000000000000, 8.000000000000000000, 3.500000000000016875 ) ) ;
#4466 = DIRECTION ( 'NONE',  ( 0.000000000000000000, 1.000000000000000000, 0.000000000000000000 ) ) ;
#4467 = ORIENTED_EDGE ( 'NONE', *, *, #4646, .F. ) ;
#4468 = CARTESIAN_POINT ( 'NONE',  ( 148.0000000000000568, 8.000000000000000000, -114.5000000000000426 ) ) ;
#4469 = DIRECTION ( 'NONE',  ( 0.000000000000000000, 0.000000000000000000, 1.000000000000000000 ) ) ;
#4470 = CIRCLE ( 'NONE', #1088, 5.999999999999998224 ) ;
#4471 = VECTOR ( 'NONE', #7200, 999.9999999999998863 ) ;
#4472 = ORIENTED_EDGE ( 'NONE', *, *, #6190, .F. ) ;
#4473 = AXIS2_PLACEMENT_3D ( 'NONE', #5612, #1365, #3676 ) ;
#4474 = DIRECTION ( 'NONE',  ( 0.000000000000000000, -1.000000000000000000, -0.000000000000000000 ) ) ;
#4475 = CIRCLE ( 'NONE', #5366, 30.00000000000000000 ) ;
#4476 = CARTESIAN_POINT ( 'NONE',  ( 159.6191487473286941, 8.000000000000000000, -145.5000000000000284 ) ) ;
#4477 = CARTESIAN_POINT ( 'NONE',  ( 170.0000000000000000, 8.000000000000000000, -162.0000000000000000 ) ) ;
#4478 = ORIENTED_EDGE ( 'NONE', *, *, #2671, .F. ) ;
#4479 = CARTESIAN_POINT ( 'NONE',  ( 1.999999999999999112, 8.000000000000000000, -156.7951259347809412 ) ) ;
#4480 = CARTESIAN_POINT ( 'NONE',  ( 93.07846096908262723, 5.000000000000000000, -78.60000000000000853 ) ) ;
#4481 = VERTEX_POINT ( 'NONE', #3126 ) ;
#4482 = DIRECTION ( 'NONE',  ( 1.000000000000000000, -0.000000000000000000, -0.000000000000000000 ) ) ;
#4483 = VECTOR ( 'NONE', #3556, 1000.000000000000000 ) ;
#4484 = EDGE_CURVE ( 'NONE', #6331, #253, #6727, .T. ) ;
#4485 = CIRCLE ( 'NONE', #1719, 4.250000000000003553 ) ;
#4486 = ORIENTED_EDGE ( 'NONE', *, *, #6116, .T. ) ;
#4487 = EDGE_CURVE ( 'NONE', #4168, #3389, #1354, .T. ) ;
#4488 = VECTOR ( 'NONE', #7465, 1000.000000000000000 ) ;
#4489 = CARTESIAN_POINT ( 'NONE',  ( 76.92153903091731593, 8.000000000000000000, -98.59999999999999432 ) ) ;
#4490 = DIRECTION ( 'NONE',  ( 1.000000000000000000, 0.000000000000000000, 6.676953772165175354E-15 ) ) ;
#4491 = EDGE_CURVE ( 'NONE', #6179, #6837, #2491, .T. ) ;
#4492 = FACE_OUTER_BOUND ( 'NONE', #4098, .T. ) ;
#4493 = CARTESIAN_POINT ( 'NONE',  ( 76.92153903091731593, 8.000000000000000000, -98.59999999999999432 ) ) ;
#4494 = CYLINDRICAL_SURFACE ( 'NONE', #3995, 2.000000000000000000 ) ;
#4495 = EDGE_CURVE ( 'NONE', #5018, #4005, #3231, .T. ) ;
#4496 = AXIS2_PLACEMENT_3D ( 'NONE', #5793, #1736, #529 ) ;
#4497 = VECTOR ( 'NONE', #7785, 1000.000000000000000 ) ;
#4498 = ORIENTED_EDGE ( 'NONE', *, *, #1417, .F. ) ;
#4499 = VERTEX_POINT ( 'NONE', #3634 ) ;
#4500 = ORIENTED_EDGE ( 'NONE', *, *, #5982, .T. ) ;
#4501 = AXIS2_PLACEMENT_3D ( 'NONE', #2792, #6374, #6486 ) ;
#4502 = AXIS2_PLACEMENT_3D ( 'NONE', #6441, #1057, #2303 ) ;
#4503 = LINE ( 'NONE', #6897, #7634 ) ;
#4504 = CARTESIAN_POINT ( 'NONE',  ( 115.0000000000000000, 0.000000000000000000, -101.0000000000000284 ) ) ;
#4505 = DIRECTION ( 'NONE',  ( -0.000000000000000000, 1.000000000000000000, -0.000000000000000000 ) ) ;
#4506 = CARTESIAN_POINT ( 'NONE',  ( -2.000000000000016431, 4.000000000000000000, -51.25000000000001421 ) ) ;
#4507 = EDGE_CURVE ( 'NONE', #7381, #4249, #1718, .T. ) ;
#4508 = CARTESIAN_POINT ( 'NONE',  ( 69.00000000000000000, 0.000000000000000000, -105.0000000000000284 ) ) ;
#4509 = AXIS2_PLACEMENT_3D ( 'NONE', #3749, #7446, #172 ) ;
#4510 = VERTEX_POINT ( 'NONE', #3046 ) ;
#4511 = VECTOR ( 'NONE', #4783, 1000.000000000000000 ) ;
#4512 = LINE ( 'NONE', #6905, #2509 ) ;
#4513 = DIRECTION ( 'NONE',  ( -0.000000000000000000, 1.000000000000000000, -0.000000000000000000 ) ) ;
#4514 = AXIS2_PLACEMENT_3D ( 'NONE', #649, #6648, #1774 ) ;
#4515 = EDGE_LOOP ( 'NONE', ( #6405, #1998 ) ) ;
#4516 = PLANE ( 'NONE',  #6961 ) ;
#4517 = DIRECTION ( 'NONE',  ( -1.000000000000000000, 0.000000000000000000, 0.000000000000000000 ) ) ;
#4518 = ADVANCED_FACE ( 'NONE', ( #3593 ), #6654, .F. ) ;
#4519 = ORIENTED_EDGE ( 'NONE', *, *, #6147, .T. ) ;
#4520 = DIRECTION ( 'NONE',  ( 0.000000000000000000, 1.000000000000000000, 0.000000000000000000 ) ) ;
#4521 = FACE_OUTER_BOUND ( 'NONE', #4203, .T. ) ;
#4522 = VERTEX_POINT ( 'NONE', #3012 ) ;
#4523 = CARTESIAN_POINT ( 'NONE',  ( -2.000000000000016431, 8.000000000000000000, -51.25000000000001421 ) ) ;
#4524 = DIRECTION ( 'NONE',  ( 3.016910393003142612E-17, 0.000000000000000000, -1.000000000000000000 ) ) ;
#4525 = ORIENTED_EDGE ( 'NONE', *, *, #404, .F. ) ;
#4526 = CARTESIAN_POINT ( 'NONE',  ( 0.000000000000000000, 0.000000000000000000, -151.5000000000000284 ) ) ;
#4527 = ORIENTED_EDGE ( 'NONE', *, *, #4125, .F. ) ;
#4528 = VECTOR ( 'NONE', #6765, 1000.000000000000114 ) ;
#4529 = DIRECTION ( 'NONE',  ( 0.000000000000000000, 0.000000000000000000, 1.000000000000000000 ) ) ;
#4530 = DIRECTION ( 'NONE',  ( 0.000000000000000000, 1.000000000000000000, 0.000000000000000000 ) ) ;
#4531 = EDGE_CURVE ( 'NONE', #6990, #1557, #1895, .T. ) ;
#4532 = LINE ( 'NONE', #3353, #2467 ) ;
#4533 = VERTEX_POINT ( 'NONE', #3162 ) ;
#4534 = APPROVAL_DATE_TIME ( #3432, #458 ) ;
#4535 = CYLINDRICAL_SURFACE ( 'NONE', #4725, 4.250000000000003553 ) ;
#4536 = CARTESIAN_POINT ( 'NONE',  ( 170.0000000000000000, 0.000000000000000000, -8.000000000000012434 ) ) ;
#4537 = AXIS2_PLACEMENT_3D ( 'NONE', #1364, #3757, #780 ) ;
#4538 = ORIENTED_EDGE ( 'NONE', *, *, #6722, .T. ) ;
#4539 = EDGE_CURVE ( 'NONE', #5471, #4312, #23, .T. ) ;
#4540 = ORIENTED_EDGE ( 'NONE', *, *, #471, .T. ) ;
#4541 = VERTEX_POINT ( 'NONE', #7366 ) ;
#4542 = EDGE_CURVE ( 'NONE', #769, #5703, #6112, .T. ) ;
#4543 = LINE ( 'NONE', #7570, #7244 ) ;
#4544 = LINE ( 'NONE', #6430, #6272 ) ;
#4545 = FACE_BOUND ( 'NONE', #721, .T. ) ;
#4546 = CARTESIAN_POINT ( 'NONE',  ( -2.000000000000009326, 4.000000000000000000, -134.6000000000000227 ) ) ;
#4547 = DIRECTION ( 'NONE',  ( -0.000000000000000000, 1.000000000000000000, -0.000000000000000000 ) ) ;
#4548 = ORIENTED_EDGE ( 'NONE', *, *, #4656, .T. ) ;
#4549 = EDGE_CURVE ( 'NONE', #5363, #4533, #6107, .T. ) ;
#4550 = AXIS2_PLACEMENT_3D ( 'NONE', #899, #2064, #860 ) ;
#4551 = CARTESIAN_POINT ( 'NONE',  ( 164.0000000000000000, 0.000000000000000000, -24.50000000000002132 ) ) ;
#4552 = CARTESIAN_POINT ( 'NONE',  ( 0.000000000000000000, 8.000000000000000000, -172.0999999999999943 ) ) ;
#4553 = ORIENTED_EDGE ( 'NONE', *, *, #5337, .T. ) ;
#4554 = CARTESIAN_POINT ( 'NONE',  ( 0.000000000000000000, 8.000000000000000000, -170.0000000000000000 ) ) ;
#4555 = FACE_OUTER_BOUND ( 'NONE', #7747, .T. ) ;
#4556 = VECTOR ( 'NONE', #3372, 1000.000000000000227 ) ;
#4557 = ORIENTED_EDGE ( 'NONE', *, *, #1169, .F. ) ;
#4558 = ADVANCED_FACE ( 'NONE', ( #133, #2528 ), #1817, .T. ) ;
#4559 = FACE_OUTER_BOUND ( 'NONE', #61, .T. ) ;
#4560 = CARTESIAN_POINT ( 'NONE',  ( 76.92153903091731593, 5.000000000000000000, -78.59999999999999432 ) ) ;
#4561 = EDGE_LOOP ( 'NONE', ( #5033, #5308, #4166, #5395 ) ) ;
#4562 = DIRECTION ( 'NONE',  ( 0.000000000000000000, 1.000000000000000000, 0.000000000000000000 ) ) ;
#4563 = DIRECTION ( 'NONE',  ( 0.000000000000000000, 1.000000000000000000, 0.000000000000000000 ) ) ;
#4564 = ORIENTED_EDGE ( 'NONE', *, *, #5045, .T. ) ;
#4565 = DIRECTION ( 'NONE',  ( -0.000000000000000000, -1.000000000000000000, -0.000000000000000000 ) ) ;
#4566 = VERTEX_POINT ( 'NONE', #1860 ) ;
#4567 = DIRECTION ( 'NONE',  ( 1.000000000000000000, -0.000000000000000000, -1.508455196501571922E-16 ) ) ;
#4568 = CARTESIAN_POINT ( 'NONE',  ( -11.72753060904940625, 3.000000000000000000, -133.6499999999999773 ) ) ;
#4569 = DIRECTION ( 'NONE',  ( -0.000000000000000000, 1.000000000000000000, -0.000000000000000000 ) ) ;
#4570 = AXIS2_PLACEMENT_3D ( 'NONE', #4133, #1768, #5978 ) ;
#4571 = ADVANCED_FACE ( 'NONE', ( #1278 ), #6069, .F. ) ;
#4572 = ORIENTED_EDGE ( 'NONE', *, *, #2045, .F. ) ;
#4573 = COORDINATED_UNIVERSAL_TIME_OFFSET ( 6, 0, .BEHIND. ) ;
#4574 = DIRECTION ( 'NONE',  ( -0.000000000000000000, 1.000000000000000000, -0.000000000000000000 ) ) ;
#4575 = DIRECTION ( 'NONE',  ( 0.8660254037844388186, 0.000000000000000000, -0.4999999999999996114 ) ) ;
#4576 = VERTEX_POINT ( 'NONE', #2180 ) ;
#4577 = VERTEX_POINT ( 'NONE', #5181 ) ;
#4578 = VECTOR ( 'NONE', #2742, 1000.000000000000000 ) ;
#4579 = VERTEX_POINT ( 'NONE', #2729 ) ;
#4580 = LINE ( 'NONE', #6348, #4868 ) ;
#4581 = LINE ( 'NONE', #4504, #3512 ) ;
#4582 = DIRECTION ( 'NONE',  ( -0.000000000000000000, 1.000000000000000000, -0.000000000000000000 ) ) ;
#4583 = LINE ( 'NONE', #970, #2257 ) ;
#4584 = VECTOR ( 'NONE', #3670, 1000.000000000000000 ) ;
#4585 = LINE ( 'NONE', #3409, #3253 ) ;
#4586 = EDGE_CURVE ( 'NONE', #300, #1772, #5619, .T. ) ;
#4587 = ORIENTED_EDGE ( 'NONE', *, *, #3425, .F. ) ;
#4588 = CIRCLE ( 'NONE', #5590, 2.000000000000000000 ) ;
#4589 = CARTESIAN_POINT ( 'NONE',  ( -11.72753060904940625, 0.000000000000000000, -133.6499999999999773 ) ) ;
#4590 = CARTESIAN_POINT ( 'NONE',  ( 101.0000000000000142, 0.000000000000000000, -65.00000000000002842 ) ) ;
#4591 = ORIENTED_EDGE ( 'NONE', *, *, #4299, .F. ) ;
#4592 = DIRECTION ( 'NONE',  ( 0.000000000000000000, 0.000000000000000000, -1.000000000000000000 ) ) ;
#4593 = DIRECTION ( 'NONE',  ( 0.000000000000000000, -0.000000000000000000, -1.000000000000000000 ) ) ;
#4594 = AXIS2_PLACEMENT_3D ( 'NONE', #7132, #7203, #5952 ) ;
#4595 = EDGE_CURVE ( 'NONE', #6363, #6010, #6811, .T. ) ;
#4596 = ADVANCED_FACE ( 'NONE', ( #7531, #5762 ), #889, .T. ) ;
#4597 = ORIENTED_EDGE ( 'NONE', *, *, #5708, .F. ) ;
#4598 = VECTOR ( 'NONE', #4474, 1000.000000000000000 ) ;
#4599 = LINE ( 'NONE', #6443, #2727 ) ;
#4600 = CARTESIAN_POINT ( 'NONE',  ( 81.07846096908261302, 5.000000000000000000, -91.39999999999997726 ) ) ;
#4601 = VERTEX_POINT ( 'NONE', #3364 ) ;
#4602 = LINE ( 'NONE', #6996, #5081 ) ;
#4603 = CARTESIAN_POINT ( 'NONE',  ( 34.00000000000003553, 8.000000000000007105, -63.00000000000001421 ) ) ;
#4604 = ORIENTED_EDGE ( 'NONE', *, *, #3449, .T. ) ;
#4605 = DIRECTION ( 'NONE',  ( 0.000000000000000000, 0.000000000000000000, 1.000000000000000000 ) ) ;
#4606 = ADVANCED_FACE ( 'NONE', ( #5023, #967 ), #2140, .T. ) ;
#4607 = AXIS2_PLACEMENT_3D ( 'NONE', #441, #2837, #6923 ) ;
#4608 = VERTEX_POINT ( 'NONE', #2098 ) ;
#4609 = CARTESIAN_POINT ( 'NONE',  ( -2.000000000000009770, 4.000000000000000000, -130.4000000000000341 ) ) ;
#4610 = CARTESIAN_POINT ( 'NONE',  ( 166.5146231116498825, 8.000000000000000000, -158.1344001783753583 ) ) ;
#4611 = ORIENTED_EDGE ( 'NONE', *, *, #6942, .F. ) ;
#4612 = DIRECTION ( 'NONE',  ( 0.000000000000000000, 0.000000000000000000, 1.000000000000000000 ) ) ;
#4613 = AXIS2_PLACEMENT_3D ( 'NONE', #4988, #4393, #781 ) ;
#4614 = ORIENTED_EDGE ( 'NONE', *, *, #2525, .T. ) ;
#4615 = PERSON_AND_ORGANIZATION_ROLE ( 'classification_officer' ) ;
#4616 = CIRCLE ( 'NONE', #3597, 2.000000000000001776 ) ;
#4617 = DIRECTION ( 'NONE',  ( -0.8660254037844388186, 0.000000000000000000, -0.4999999999999996114 ) ) ;
#4618 = EDGE_CURVE ( 'NONE', #3389, #1772, #4457, .T. ) ;
#4619 = EDGE_LOOP ( 'NONE', ( #5618, #6515, #4872, #5230 ) ) ;
#4620 = EDGE_LOOP ( 'NONE', ( #4378, #1186, #4886, #6817 ) ) ;
#4621 = AXIS2_PLACEMENT_3D ( 'NONE', #4904, #7321, #4334 ) ;
#4622 = ORIENTED_EDGE ( 'NONE', *, *, #348, .F. ) ;
#4623 = CARTESIAN_POINT ( 'NONE',  ( 10.38085125267133613, 0.000000000000000000, -24.50000000000000000 ) ) ;
#4624 = CARTESIAN_POINT ( 'NONE',  ( 170.0000000000000000, 6.000000000000000000, 0.000000000000000000 ) ) ;
#4625 = AXIS2_PLACEMENT_3D ( 'NONE', #5872, #1662, #2801 ) ;
#4626 = FACE_BOUND ( 'NONE', #4867, .T. ) ;
#4627 = LINE ( 'NONE', #4671, #3746 ) ;
#4628 = VECTOR ( 'NONE', #5367, 1000.000000000000000 ) ;
#4629 = ORIENTED_EDGE ( 'NONE', *, *, #4507, .F. ) ;
#4630 = CIRCLE ( 'NONE', #7766, 4.250000000000003553 ) ;
#4631 = LINE ( 'NONE', #6749, #7104 ) ;
#4632 = CARTESIAN_POINT ( 'NONE',  ( 172.0000000000000284, 4.000000000000000000, -55.50000000000002842 ) ) ;
#4633 = DIRECTION ( 'NONE',  ( -0.000000000000000000, 1.000000000000000000, -0.000000000000000000 ) ) ;
#4634 = EDGE_CURVE ( 'NONE', #519, #3728, #4503, .T. ) ;
#4635 = VERTEX_POINT ( 'NONE', #3907 ) ;
#4636 = DIRECTION ( 'NONE',  ( 0.000000000000000000, 1.000000000000000000, 0.000000000000000000 ) ) ;
#4637 = DIRECTION ( 'NONE',  ( 0.4999999999999987232, 0.000000000000000000, -0.8660254037844392627 ) ) ;
#4638 = AXIS2_PLACEMENT_3D ( 'NONE', #3672, #5490, #2617 ) ;
#4639 = CIRCLE ( 'NONE', #4375, 2.099999999999990763 ) ;
#4640 = EDGE_LOOP ( 'NONE', ( #5773, #7320 ) ) ;
#4641 = EDGE_CURVE ( 'NONE', #338, #6004, #2771, .T. ) ;
#4642 = TOROIDAL_SURFACE ( 'NONE', #2248, 3.500000000000016875, 2.000000000000000000 ) ;
#4643 = AXIS2_PLACEMENT_3D ( 'NONE', #6432, #1745, #4145 ) ;
#4644 = CARTESIAN_POINT ( 'NONE',  ( -13.99999999999999112, 8.000000000000000000, -114.9999999999999858 ) ) ;
#4645 = FACE_OUTER_BOUND ( 'NONE', #6603, .T. ) ;
#4646 = EDGE_CURVE ( 'NONE', #3022, #4384, #4543, .T. ) ;
#4647 = ORIENTED_EDGE ( 'NONE', *, *, #5594, .F. ) ;
#4648 = FACE_OUTER_BOUND ( 'NONE', #5743, .T. ) ;
#4649 = LINE ( 'NONE', #4013, #6255 ) ;
#4650 = ORIENTED_EDGE ( 'NONE', *, *, #5291, .T. ) ;
#4651 = DIRECTION ( 'NONE',  ( -1.000000000000000000, 0.000000000000000000, 0.000000000000000000 ) ) ;
#4652 = VECTOR ( 'NONE', #3477, 1000.000000000000000 ) ;
#4653 = ORIENTED_EDGE ( 'NONE', *, *, #2925, .F. ) ;
#4654 = DIRECTION ( 'NONE',  ( 0.000000000000000000, 1.000000000000000000, 0.000000000000000000 ) ) ;
#4655 = DIRECTION ( 'NONE',  ( -1.000000000000000000, 0.000000000000000000, 0.000000000000000000 ) ) ;
#4656 = EDGE_CURVE ( 'NONE', #4892, #3079, #4580, .T. ) ;
#4657 = AXIS2_PLACEMENT_3D ( 'NONE', #7315, #6148, #766 ) ;
#4658 = ORIENTED_EDGE ( 'NONE', *, *, #4262, .T. ) ;
#4659 = CARTESIAN_POINT ( 'NONE',  ( 172.0000000000000284, 8.000000000000000000, -37.50000000000004263 ) ) ;
#4660 = ORIENTED_EDGE ( 'NONE', *, *, #3052, .F. ) ;
#4661 = PERSON_AND_ORGANIZATION ( #4848, #1639 ) ;
#4662 = LINE ( 'NONE', #2889, #95 ) ;
#4663 = EDGE_LOOP ( 'NONE', ( #2152, #6469 ) ) ;
#4664 = ORIENTED_EDGE ( 'NONE', *, *, #6263, .F. ) ;
#4665 = VERTEX_POINT ( 'NONE', #4419 ) ;
#4666 = ADVANCED_FACE ( 'NONE', ( #6191 ), #808, .F. ) ;
#4667 = CARTESIAN_POINT ( 'NONE',  ( 148.0000000000000568, 4.000000000000000000, -128.2500000000000284 ) ) ;
#4668 = VECTOR ( 'NONE', #420, 1000.000000000000000 ) ;
#4669 = DIRECTION ( 'NONE',  ( -0.000000000000000000, -1.000000000000000000, -0.000000000000000000 ) ) ;
#4670 = FACE_BOUND ( 'NONE', #1616, .T. ) ;
#4671 = CARTESIAN_POINT ( 'NONE',  ( -23.80599157813204059, 0.000000000000000000, -145.0000000000000284 ) ) ;
#4672 = AXIS2_PLACEMENT_3D ( 'NONE', #1038, #1115, #2951 ) ;
#4673 = EDGE_CURVE ( 'NONE', #1198, #7706, #7445, .T. ) ;
#4674 = EDGE_LOOP ( 'NONE', ( #287, #1063, #948, #148 ) ) ;
#4675 = VERTEX_POINT ( 'NONE', #5603 ) ;
#4676 = CARTESIAN_POINT ( 'NONE',  ( 170.0000000000000000, 6.000000000000000000, -170.0000000000000000 ) ) ;
#4677 = LINE ( 'NONE', #1163, #3599 ) ;
#4678 = ORIENTED_EDGE ( 'NONE', *, *, #3515, .F. ) ;
#4679 = LINE ( 'NONE', #5929, #3195 ) ;
#4680 = CARTESIAN_POINT ( 'NONE',  ( 76.92153903091731593, 5.000000000000000000, -71.39999999999997726 ) ) ;
#4681 = VERTEX_POINT ( 'NONE', #212 ) ;
#4682 = DIRECTION ( 'NONE',  ( 0.000000000000000000, 0.000000000000000000, 1.000000000000000000 ) ) ;
#4683 = LINE ( 'NONE', #1681, #1960 ) ;
#4684 = ORIENTED_EDGE ( 'NONE', *, *, #4377, .F. ) ;
#4685 = CARTESIAN_POINT ( 'NONE',  ( 21.99999999999999645, 0.000000000000000000, -114.5000000000000426 ) ) ;
#4686 = FACE_BOUND ( 'NONE', #7555, .T. ) ;
#4687 = EDGE_LOOP ( 'NONE', ( #4453, #1885 ) ) ;
#4688 = DIRECTION ( 'NONE',  ( 0.000000000000000000, 0.000000000000000000, -1.000000000000000000 ) ) ;
#4689 = ADVANCED_FACE ( 'NONE', ( #2055 ), #289, .F. ) ;
#4690 = VERTEX_POINT ( 'NONE', #6230 ) ;
#4691 = CARTESIAN_POINT ( 'NONE',  ( 148.0000000000000284, 4.000000000000000000, -37.50000000000004263 ) ) ;
#4692 = LINE ( 'NONE', #7161, #5981 ) ;
#4693 = ORIENTED_EDGE ( 'NONE', *, *, #7314, .T. ) ;
#4694 = CARTESIAN_POINT ( 'NONE',  ( 74.84307806183467449, 5.000000000000000000, -74.99999999999997158 ) ) ;
#4695 = ORIENTED_EDGE ( 'NONE', *, *, #5198, .F. ) ;
#4696 = DIRECTION ( 'NONE',  ( 0.000000000000000000, 1.000000000000000000, 0.000000000000000000 ) ) ;
#4697 = EDGE_CURVE ( 'NONE', #3098, #2630, #6499, .T. ) ;
#4698 = ORIENTED_EDGE ( 'NONE', *, *, #2104, .F. ) ;
#4699 = EDGE_LOOP ( 'NONE', ( #2479, #6618, #5797, #7177 ) ) ;
#4700 = CARTESIAN_POINT ( 'NONE',  ( 164.0000000000000000, 8.000000000000000000, -145.5000000000000284 ) ) ;
#4701 = LINE ( 'NONE', #3518, #2888 ) ;
#4702 = CARTESIAN_POINT ( 'NONE',  ( -7.999999999999996447, 0.000000000000000000, -108.9999999999999858 ) ) ;
#4703 = DIRECTION ( 'NONE',  ( -0.000000000000000000, 1.000000000000000000, -0.000000000000000000 ) ) ;
#4704 = AXIS2_PLACEMENT_3D ( 'NONE', #5075, #1493, #2752 ) ;
#4705 = EDGE_CURVE ( 'NONE', #170, #2280, #3248, .T. ) ;
#4706 = ORIENTED_EDGE ( 'NONE', *, *, #5064, .T. ) ;
#4707 = EDGE_LOOP ( 'NONE', ( #1509, #5847, #5577, #5709 ) ) ;
#4708 = DIRECTION ( 'NONE',  ( -0.000000000000000000, -1.000000000000000000, 0.000000000000000000 ) ) ;
#4709 = LINE ( 'NONE', #7770, #720 ) ;
#4710 = ORIENTED_EDGE ( 'NONE', *, *, #6180, .T. ) ;
#4711 = DIRECTION ( 'NONE',  ( 0.000000000000000000, 0.000000000000000000, 1.000000000000000000 ) ) ;
#4712 = LINE ( 'NONE', #467, #2996 ) ;
#4713 = EDGE_LOOP ( 'NONE', ( #2471, #1129, #2366, #6434 ) ) ;
#4714 = AXIS2_PLACEMENT_3D ( 'NONE', #978, #5774, #388 ) ;
#4715 = DIRECTION ( 'NONE',  ( 0.000000000000000000, 0.000000000000000000, 1.000000000000000000 ) ) ;
#4716 = LINE ( 'NONE', #5855, #5364 ) ;
#4717 = ORIENTED_EDGE ( 'NONE', *, *, #3185, .T. ) ;
#4718 = CARTESIAN_POINT ( 'NONE',  ( 10.38085125267133968, -6.938893903907228378E-15, -145.5000000000000284 ) ) ;
#4719 = DIRECTION ( 'NONE',  ( 0.000000000000000000, 0.000000000000000000, 1.000000000000000000 ) ) ;
#4720 = VECTOR ( 'NONE', #7651, 1000.000000000000000 ) ;
#4721 = ORIENTED_EDGE ( 'NONE', *, *, #5804, .F. ) ;
#4722 = CARTESIAN_POINT ( 'NONE',  ( 0.000000000000000000, 8.000000000000000000, -156.7951259347809412 ) ) ;
#4723 = CARTESIAN_POINT ( 'NONE',  ( 170.0000000000000000, 8.000000000000000000, -170.0000000000000000 ) ) ;
#4724 = ORIENTED_EDGE ( 'NONE', *, *, #3629, .F. ) ;
#4725 = AXIS2_PLACEMENT_3D ( 'NONE', #920, #5792, #6385 ) ;
#4726 = CARTESIAN_POINT ( 'NONE',  ( -15.88445254721469801, 0.000000000000000000, -126.3499999999999943 ) ) ;
#4727 = CARTESIAN_POINT ( 'NONE',  ( 170.0000000000000000, 8.000000000000000000, 2.099999999999989875 ) ) ;
#4728 = FACE_OUTER_BOUND ( 'NONE', #1107, .T. ) ;
#4729 = ADVANCED_FACE ( 'NONE', ( #5056 ), #6275, .T. ) ;
#4730 = ORIENTED_EDGE ( 'NONE', *, *, #1930, .T. ) ;
#4731 = FACE_OUTER_BOUND ( 'NONE', #7597, .T. ) ;
#4732 = AXIS2_PLACEMENT_3D ( 'NONE', #3575, #1179, #5977 ) ;
#4733 = ORIENTED_EDGE ( 'NONE', *, *, #7677, .T. ) ;
#4734 = ADVANCED_FACE ( 'NONE', ( #1046 ), #1635, .F. ) ;
#4735 = VECTOR ( 'NONE', #1787, 1000.000000000000000 ) ;
#4736 = EDGE_LOOP ( 'NONE', ( #4043, #3982, #4295, #6335 ) ) ;
#4737 = AXIS2_PLACEMENT_3D ( 'NONE', #6096, #5082, #2085 ) ;
#4738 = CARTESIAN_POINT ( 'NONE',  ( 88.92153903091735856, 8.000000000000000000, -91.39999999999997726 ) ) ;
#4739 = EDGE_CURVE ( 'NONE', #3212, #4690, #2806, .T. ) ;
#4740 = CARTESIAN_POINT ( 'NONE',  ( 6.000000000000000000, 0.000000000000000000, -151.5000000000000284 ) ) ;
#4741 = DIRECTION ( 'NONE',  ( 0.000000000000000000, 0.000000000000000000, 1.000000000000000000 ) ) ;
#4742 = DIRECTION ( 'NONE',  ( 0.000000000000000000, 0.000000000000000000, 1.000000000000000000 ) ) ;
#4743 = AXIS2_PLACEMENT_3D ( 'NONE', #2020, #5095, #3943 ) ;
#4744 = CIRCLE ( 'NONE', #5254, 4.250000000000003553 ) ;
#4745 = ORIENTED_EDGE ( 'NONE', *, *, #330, .F. ) ;
#4746 = VERTEX_POINT ( 'NONE', #4700 ) ;
#4747 = AXIS2_PLACEMENT_3D ( 'NONE', #2293, #2369, #497 ) ;
#4748 = CARTESIAN_POINT ( 'NONE',  ( 2.000000000000000000, 0.000000000000000000, -13.20487406521907126 ) ) ;
#4749 = DIRECTION ( 'NONE',  ( -0.000000000000000000, -1.000000000000000000, 0.000000000000000000 ) ) ;
#4750 = ADVANCED_FACE ( 'NONE', ( #2894 ), #5296, .T. ) ;
#4751 = VERTEX_POINT ( 'NONE', #5218 ) ;
#4752 = DIRECTION ( 'NONE',  ( 0.000000000000000000, 1.000000000000000000, 0.000000000000000000 ) ) ;
#4753 = CARTESIAN_POINT ( 'NONE',  ( 21.99999999999998224, 0.000000000000000000, -57.60000000000001563 ) ) ;
#4754 = AXIS2_PLACEMENT_3D ( 'NONE', #3974, #364, #6382 ) ;
#4755 = VECTOR ( 'NONE', #1225, 1000.000000000000000 ) ;
#4756 = ORIENTED_EDGE ( 'NONE', *, *, #5122, .F. ) ;
#4757 = VECTOR ( 'NONE', #389, 1000.000000000000000 ) ;
#4758 = DIRECTION ( 'NONE',  ( 0.000000000000000000, 0.000000000000000000, 1.000000000000000000 ) ) ;
#4759 = CARTESIAN_POINT ( 'NONE',  ( 138.5146231116499109, 0.000000000000000000, -127.0798547238299392 ) ) ;
#4760 = AXIS2_PLACEMENT_3D ( 'NONE', #4407, #6835, #5078 ) ;
#4761 = ORIENTED_EDGE ( 'NONE', *, *, #686, .F. ) ;
#4762 = CARTESIAN_POINT ( 'NONE',  ( -13.80599157813204059, 8.000000000000000000, -122.7500000000000000 ) ) ;
#4764 = DIRECTION ( 'NONE',  ( 0.000000000000000000, 0.000000000000000000, 1.000000000000000000 ) ) ;
#4763 = VECTOR ( 'NONE', #5891, 1000.000000000000000 ) ;
#4765 = ORIENTED_EDGE ( 'NONE', *, *, #3572, .F. ) ;
#4766 = VECTOR ( 'NONE', #3776, 1000.000000000000000 ) ;
#4767 = ORIENTED_EDGE ( 'NONE', *, *, #4618, .T. ) ;
#4768 = AXIS2_PLACEMENT_3D ( 'NONE', #2524, #768, #4970 ) ;
#4769 = CARTESIAN_POINT ( 'NONE',  ( 81.98784867335365334, 0.000000000000000000, -105.0000000000000284 ) ) ;
#4770 = CARTESIAN_POINT ( 'NONE',  ( 148.0000000000000568, 4.000000000000000000, -132.5000000000000284 ) ) ;
#4771 = DIRECTION ( 'NONE',  ( 0.000000000000000000, 0.000000000000000000, 1.000000000000000000 ) ) ;
#4772 = ORIENTED_EDGE ( 'NONE', *, *, #3332, .T. ) ;
#4773 = AXIS2_PLACEMENT_3D ( 'NONE', #454, #6899, #7606 ) ;
#4774 = DIRECTION ( 'NONE',  ( -0.000000000000000000, 1.000000000000000000, -0.000000000000000000 ) ) ;
#4775 = EDGE_CURVE ( 'NONE', #2273, #2539, #3438, .T. ) ;
#4776 = ORIENTED_EDGE ( 'NONE', *, *, #4487, .T. ) ;
#4777 = EDGE_CURVE ( 'NONE', #6445, #451, #566, .T. ) ;
#4778 = LOCAL_TIME ( 18, 43, 21.00000000000000000, #1626 ) ;
#4779 = ORIENTED_EDGE ( 'NONE', *, *, #5934, .T. ) ;
#4780 = DIRECTION ( 'NONE',  ( -0.000000000000000000, 1.000000000000000000, -0.000000000000000000 ) ) ;
#4781 = CARTESIAN_POINT ( 'NONE',  ( 170.0000000000000000, 0.000000000000000000, -178.0000000000000284 ) ) ;
#4782 = DIRECTION ( 'NONE',  ( -0.000000000000000000, -1.000000000000000000, -0.000000000000000000 ) ) ;
#4783 = DIRECTION ( 'NONE',  ( -0.000000000000000000, 1.000000000000000000, -0.000000000000000000 ) ) ;
#4784 = PRODUCT_DEFINITION ( 'UNKNOWN', '', #7660, #6904 ) ;
#4785 = ORIENTED_EDGE ( 'NONE', *, *, #5099, .F. ) ;
#4786 = ADVANCED_FACE ( 'NONE', ( #7129 ), #1124, .T. ) ;
#4787 = ORIENTED_EDGE ( 'NONE', *, *, #3043, .T. ) ;
#4788 = LINE ( 'NONE', #7210, #7775 ) ;
#4789 = CARTESIAN_POINT ( 'NONE',  ( -9.649069639966750600, 3.000000000000000000, -122.7500000000000142 ) ) ;
#4790 = ORIENTED_EDGE ( 'NONE', *, *, #1930, .F. ) ;
#4791 = PLANE ( 'NONE',  #4963 ) ;
#4792 = CARTESIAN_POINT ( 'NONE',  ( 172.0000000000000284, 4.000000000000000000, -110.2500000000000426 ) ) ;
#4793 = VERTEX_POINT ( 'NONE', #4623 ) ;
#4794 = EDGE_CURVE ( 'NONE', #7654, #7513, #4109, .T. ) ;
#4795 = LINE ( 'NONE', #4190, #4802 ) ;
#4796 = CARTESIAN_POINT ( 'NONE',  ( -7.999999999999996447, 8.000000000000000000, -114.9999999999999858 ) ) ;
#4797 = ORIENTED_EDGE ( 'NONE', *, *, #5812, .F. ) ;
#4798 = CARTESIAN_POINT ( 'NONE',  ( 76.92153903091731593, 5.000000000000000000, -71.39999999999997726 ) ) ;
#4799 = CYLINDRICAL_SURFACE ( 'NONE', #6005, 2.100000000000004530 ) ;
#4800 = EDGE_LOOP ( 'NONE', ( #3942, #4220 ) ) ;
#4801 = VERTEX_POINT ( 'NONE', #6973 ) ;
#4802 = VECTOR ( 'NONE', #4233, 1000.000000000000000 ) ;
#4803 = EDGE_CURVE ( 'NONE', #3799, #4675, #1702, .T. ) ;
#4804 = DIRECTION ( 'NONE',  ( 0.000000000000000000, 0.000000000000000000, 1.000000000000000000 ) ) ;
#4805 = CARTESIAN_POINT ( 'NONE',  ( -2.000000000000013767, -2.000000000000000000, -37.50000000000002842 ) ) ;
#4806 = ORIENTED_EDGE ( 'NONE', *, *, #220, .F. ) ;
#4807 = DIRECTION ( 'NONE',  ( 0.000000000000000000, 1.000000000000000000, 0.000000000000000000 ) ) ;
#4808 = ORIENTED_EDGE ( 'NONE', *, *, #1371, .F. ) ;
#4809 = CARTESIAN_POINT ( 'NONE',  ( 0.000000000000000000, 0.000000000000000000, -170.0000000000000000 ) ) ;
#4810 = ORIENTED_EDGE ( 'NONE', *, *, #3151, .T. ) ;
#4811 = CARTESIAN_POINT ( 'NONE',  ( 81.07846096908261302, 5.000000000000000000, -91.39999999999997726 ) ) ;
#4812 = CARTESIAN_POINT ( 'NONE',  ( -2.000000000000007105, 4.000000000000000000, -110.2500000000000426 ) ) ;
#4813 = DIRECTION ( 'NONE',  ( 0.6696371217971888168, -0.000000000000000000, 0.7426884441750637444 ) ) ;
#4814 = CARTESIAN_POINT ( 'NONE',  ( 142.0000000000000568, 8.000000000000007105, -107.0000000000000426 ) ) ;
#4815 = CARTESIAN_POINT ( 'NONE',  ( 148.0000000000000284, 4.000000000000000000, -59.75000000000003553 ) ) ;
#4816 = ORIENTED_EDGE ( 'NONE', *, *, #6920, .F. ) ;
#4817 = ORIENTED_EDGE ( 'NONE', *, *, #6059, .F. ) ;
#4818 = DIRECTION ( 'NONE',  ( 0.000000000000000000, 1.000000000000000000, 0.000000000000000000 ) ) ;
#4819 = DIRECTION ( 'NONE',  ( -0.000000000000000000, 1.000000000000000000, -0.000000000000000000 ) ) ;
#4820 = ORIENTED_EDGE ( 'NONE', *, *, #5579, .T. ) ;
#4821 = DIRECTION ( 'NONE',  ( 0.000000000000000000, 1.000000000000000000, 0.000000000000000000 ) ) ;
#4822 = LINE ( 'NONE', #4680, #6511 ) ;
#4823 = CIRCLE ( 'NONE', #6073, 2.000000000000000000 ) ;
#4824 = EDGE_CURVE ( 'NONE', #3608, #2334, #606, .T. ) ;
#4825 = EDGE_LOOP ( 'NONE', ( #1213, #2005, #7457, #6908 ) ) ;
#4826 = AXIS2_PLACEMENT_3D ( 'NONE', #2912, #5857, #7037 ) ;
#4827 = ADVANCED_FACE ( 'NONE', ( #533 ), #3517, .T. ) ;
#4828 = DIRECTION ( 'NONE',  ( -0.000000000000000000, 1.000000000000000000, -0.000000000000000000 ) ) ;
#4829 = LINE ( 'NONE', #5496, #1096 ) ;
#4830 = ORIENTED_EDGE ( 'NONE', *, *, #4342, .T. ) ;
#4831 = DIRECTION ( 'NONE',  ( -0.000000000000000000, -1.000000000000000000, -0.000000000000000000 ) ) ;
#4832 = CARTESIAN_POINT ( 'NONE',  ( 152.5160154042166880, 8.000000000000000000, -10.10588522501500108 ) ) ;
#4833 = EDGE_CURVE ( 'NONE', #4973, #1553, #6463, .T. ) ;
#4834 = ORIENTED_EDGE ( 'NONE', *, *, #671, .T. ) ;
#4835 = AXIS2_PLACEMENT_3D ( 'NONE', #7447, #1357, #4337 ) ;
#4836 = ORIENTED_EDGE ( 'NONE', *, *, #2702, .T. ) ;
#4837 = AXIS2_PLACEMENT_3D ( 'NONE', #3741, #725, #3862 ) ;
#4838 = LINE ( 'NONE', #2510, #5616 ) ;
#4839 = FACE_OUTER_BOUND ( 'NONE', #4069, .T. ) ;
#4840 = ORIENTED_EDGE ( 'NONE', *, *, #2386, .F. ) ;
#4841 = CARTESIAN_POINT ( 'NONE',  ( 0.000000000000000000, 8.000000000000000000, -170.0000000000000000 ) ) ;
#4842 = VECTOR ( 'NONE', #6885, 1000.000000000000000 ) ;
#4843 = ADVANCED_FACE ( 'NONE', ( #1012 ), #6540, .F. ) ;
#4844 = ORIENTED_EDGE ( 'NONE', *, *, #6030, .F. ) ;
#4845 = FACE_OUTER_BOUND ( 'NONE', #1769, .T. ) ;
#4846 = VECTOR ( 'NONE', #5825, 1000.000000000000000 ) ;
#4847 = ORIENTED_EDGE ( 'NONE', *, *, #6761, .F. ) ;
#4848 = PERSON ( 'UNSPECIFIED', 'UNSPECIFIED', 'UNSPECIFIED', ('UNSPECIFIED'), ('UNSPECIFIED'), ('UNSPECIFIED') ) ;
#4849 = FACE_OUTER_BOUND ( 'NONE', #1025, .T. ) ;
#4850 = CIRCLE ( 'NONE', #6361, 4.250000000000003553 ) ;
#4851 = DIRECTION ( 'NONE',  ( 0.000000000000000000, -0.000000000000000000, 1.000000000000000000 ) ) ;
#4852 = CARTESIAN_POINT ( 'NONE',  ( 34.00000000000001421, 0.000000000000000000, -101.0000000000000142 ) ) ;
#4853 = LINE ( 'NONE', #49, #2069 ) ;
#4854 = CIRCLE ( 'NONE', #2084, 4.250000000000003553 ) ;
#4855 = DIRECTION ( 'NONE',  ( 0.000000000000000000, 0.000000000000000000, 1.000000000000000000 ) ) ;
#4856 = EDGE_LOOP ( 'NONE', ( #4365, #2018, #1797, #2267 ) ) ;
#4857 = CIRCLE ( 'NONE', #3842, 2.099999999999990763 ) ;
#4858 = AXIS2_PLACEMENT_3D ( 'NONE', #878, #2043, #3972 ) ;
#4859 = ORIENTED_EDGE ( 'NONE', *, *, #3967, .T. ) ;
#4860 = DIRECTION ( 'NONE',  ( 0.000000000000000000, -0.000000000000000000, 1.000000000000000000 ) ) ;
#4861 = ORIENTED_EDGE ( 'NONE', *, *, #2954, .T. ) ;
#4862 = DIRECTION ( 'NONE',  ( -1.387778780781444413E-14, 0.000000000000000000, 1.000000000000000000 ) ) ;
#4863 = CARTESIAN_POINT ( 'NONE',  ( 28.00000000000003908, 8.000000000000000000, -63.00000000000001421 ) ) ;
#4864 = CIRCLE ( 'NONE', #2346, 2.099999999999990763 ) ;
#4865 = CARTESIAN_POINT ( 'NONE',  ( 172.0000000000000284, 0.000000000000000000, -114.5000000000000426 ) ) ;
#4866 = CIRCLE ( 'NONE', #4754, 3.500000000000031086 ) ;
#4867 = EDGE_LOOP ( 'NONE', ( #4247, #4572 ) ) ;
#4868 = VECTOR ( 'NONE', #3788, 1000.000000000000000 ) ;
#4869 = EDGE_CURVE ( 'NONE', #4172, #7224, #6619, .T. ) ;
#4870 = FACE_OUTER_BOUND ( 'NONE', #2410, .T. ) ;
#4871 = CARTESIAN_POINT ( 'NONE',  ( -13.99999999999999822, 8.000000000000000000, -145.0000000000000284 ) ) ;
#4872 = ORIENTED_EDGE ( 'NONE', *, *, #383, .F. ) ;
#4873 = DIRECTION ( 'NONE',  ( 0.000000000000000000, 0.000000000000000000, 1.000000000000000000 ) ) ;
#4874 = DIRECTION ( 'NONE',  ( 0.000000000000000000, 0.000000000000000000, 1.000000000000000000 ) ) ;
#4875 = ORIENTED_EDGE ( 'NONE', *, *, #2702, .F. ) ;
#4876 = CIRCLE ( 'NONE', #6392, 8.000000000000000000 ) ;
#4877 = VECTOR ( 'NONE', #4517, 1000.000000000000000 ) ;
#4878 = VERTEX_POINT ( 'NONE', #7717 ) ;
#4879 = EDGE_CURVE ( 'NONE', #1516, #7626, #3549, .T. ) ;
#4880 = CIRCLE ( 'NONE', #3377, 6.000000000000005329 ) ;
#4881 = CIRCLE ( 'NONE', #4004, 2.099999999999990763 ) ;
#4882 = DIRECTION ( 'NONE',  ( 0.000000000000000000, 0.000000000000000000, 1.000000000000000000 ) ) ;
#4883 = LINE ( 'NONE', #827, #6605 ) ;
#4884 = VERTEX_POINT ( 'NONE', #2262 ) ;
#4885 = DIRECTION ( 'NONE',  ( 0.000000000000000000, 0.000000000000000000, 1.000000000000000000 ) ) ;
#4886 = ORIENTED_EDGE ( 'NONE', *, *, #4308, .T. ) ;
#4887 = CARTESIAN_POINT ( 'NONE',  ( -17.96291351629733413, 0.000000000000000000, -137.2499999999999716 ) ) ;
#4888 = AXIS2_PLACEMENT_3D ( 'NONE', #2644, #1457, #5789 ) ;
#4889 = EDGE_CURVE ( 'NONE', #7163, #5090, #1667, .T. ) ;
#4890 = VECTOR ( 'NONE', #6773, 1000.000000000000000 ) ;
#4891 = AXIS2_PLACEMENT_3D ( 'NONE', #3120, #1308, #4931 ) ;
#4892 = VERTEX_POINT ( 'NONE', #4258 ) ;
#4893 = ADVANCED_FACE ( 'NONE', ( #6571 ), #7167, .F. ) ;
#4894 = ORIENTED_EDGE ( 'NONE', *, *, #4879, .T. ) ;
#4895 = CYLINDRICAL_SURFACE ( 'NONE', #627, 2.099999999999990763 ) ;
#4896 = AXIS2_PLACEMENT_3D ( 'NONE', #4031, #2807, #2730 ) ;
#4897 = LINE ( 'NONE', #7239, #1840 ) ;
#4898 =( NAMED_UNIT ( * ) SI_UNIT ( $, .STERADIAN. ) SOLID_ANGLE_UNIT ( ) );
#4899 = LINE ( 'NONE', #4814, #1193 ) ;
#4900 = DIRECTION ( 'NONE',  ( 1.000000000000000000, 0.000000000000000000, -1.508455196501571922E-16 ) ) ;
#4901 = ORIENTED_EDGE ( 'NONE', *, *, #166, .F. ) ;
#4902 = EDGE_CURVE ( 'NONE', #5964, #7428, #6647, .T. ) ;
#4903 = VERTEX_POINT ( 'NONE', #2482 ) ;
#4904 = CARTESIAN_POINT ( 'NONE',  ( -13.80599157813204059, -2.000000000000000000, -137.2500000000000000 ) ) ;
#4905 = PLANE ( 'NONE',  #239 ) ;
#4906 = VERTEX_POINT ( 'NONE', #7280 ) ;
#4907 = FACE_OUTER_BOUND ( 'NONE', #315, .T. ) ;
#4908 = CARTESIAN_POINT ( 'NONE',  ( 78.99999999999997158, 0.000000000000000000, -95.00000000000000000 ) ) ;
#4909 = FACE_OUTER_BOUND ( 'NONE', #1407, .T. ) ;
#4910 = ORIENTED_EDGE ( 'NONE', *, *, #5073, .T. ) ;
#4912 = EDGE_CURVE ( 'NONE', #35, #7513, #6611, .T. ) ;
#4911 = DIRECTION ( 'NONE',  ( 0.000000000000000000, 0.000000000000000000, 1.000000000000000000 ) ) ;
#4913 = CARTESIAN_POINT ( 'NONE',  ( -23.80599157813204059, 8.000000000000000000, -145.0000000000000284 ) ) ;
#4914 = ORIENTED_EDGE ( 'NONE', *, *, #493, .F. ) ;
#4915 = CARTESIAN_POINT ( 'NONE',  ( 74.84307806183468870, 5.000000000000000000, -95.00000000000000000 ) ) ;
#4916 = DIRECTION ( 'NONE',  ( 0.000000000000000000, 1.000000000000000000, 0.000000000000000000 ) ) ;
#4917 = ORIENTED_EDGE ( 'NONE', *, *, #1484, .T. ) ;
#4918 = ORIENTED_EDGE ( 'NONE', *, *, #6847, .T. ) ;
#4919 = DIRECTION ( 'NONE',  ( -0.4999999999999981126, 0.000000000000000000, -0.8660254037844397068 ) ) ;
#4920 = CARTESIAN_POINT ( 'NONE',  ( 128.4885937829695592, 8.000000000000007105, -63.00000000000002842 ) ) ;
#4921 = ORIENTED_EDGE ( 'NONE', *, *, #4036, .T. ) ;
#4922 = DIRECTION ( 'NONE',  ( -0.000000000000000000, -1.000000000000000000, -0.000000000000000000 ) ) ;
#4923 = ORIENTED_EDGE ( 'NONE', *, *, #6171, .F. ) ;
#4924 = DIRECTION ( 'NONE',  ( 0.000000000000000000, 0.000000000000000000, 1.000000000000000000 ) ) ;
#4925 = ADVANCED_FACE ( 'NONE', ( #5553, #3660 ), #1773, .T. ) ;
#4926 = ORIENTED_EDGE ( 'NONE', *, *, #6810, .T. ) ;
#4927 = ORIENTED_EDGE ( 'NONE', *, *, #891, .T. ) ;
#4928 = PLANE ( 'NONE',  #7022 ) ;
#4929 = CARTESIAN_POINT ( 'NONE',  ( 0.000000000000000000, 0.000000000000000000, -162.0000000000000000 ) ) ;
#4930 = DIRECTION ( 'NONE',  ( 0.000000000000000000, 0.000000000000000000, 1.000000000000000000 ) ) ;
#4931 = DIRECTION ( 'NONE',  ( 0.000000000000000000, 0.000000000000000000, 1.000000000000000000 ) ) ;
#4932 = ADVANCED_FACE ( 'NONE', ( #3695, #14 ), #6099, .T. ) ;
#4933 = AXIS2_PLACEMENT_3D ( 'NONE', #6513, #6437, #2859 ) ;
#4934 = ORIENTED_EDGE ( 'NONE', *, *, #6137, .F. ) ;
#4935 = ORIENTED_EDGE ( 'NONE', *, *, #962, .T. ) ;
#4936 = CARTESIAN_POINT ( 'NONE',  ( -9.649069639966750600, 0.000000000000000000, -122.7500000000000142 ) ) ;
#4937 = DIRECTION ( 'NONE',  ( 0.000000000000000000, 1.000000000000000000, 0.000000000000000000 ) ) ;
#4938 = ORIENTED_EDGE ( 'NONE', *, *, #6783, .F. ) ;
#4939 = CARTESIAN_POINT ( 'NONE',  ( 170.0000000000000000, 8.000000000000000000, -170.0000000000000000 ) ) ;
#4940 = DIRECTION ( 'NONE',  ( -0.000000000000000000, 1.000000000000000000, -0.000000000000000000 ) ) ;
#4941 = EDGE_CURVE ( 'NONE', #5796, #3553, #4897, .T. ) ;
#4942 = DIRECTION ( 'NONE',  ( -0.000000000000000000, 1.000000000000000000, -0.000000000000000000 ) ) ;
#4943 = VERTEX_POINT ( 'NONE', #4173 ) ;
#4944 = EDGE_CURVE ( 'NONE', #3265, #132, #87, .T. ) ;
#4945 = UNCERTAINTY_MEASURE_WITH_UNIT (LENGTH_MEASURE( 1.000000000000000082E-05 ), #800, 'distance_accuracy_value', 'NONE');
#4946 = CARTESIAN_POINT ( 'NONE',  ( 170.0000000000000000, 8.000000000000000000, -162.0000000000000000 ) ) ;
#4947 = DIRECTION ( 'NONE',  ( -0.4999999999999996114, 0.000000000000000000, -0.8660254037844389297 ) ) ;
#4948 = VERTEX_POINT ( 'NONE', #7201 ) ;
#4949 = CARTESIAN_POINT ( 'NONE',  ( 30.00000000000001776, 0.000000000000000000, -125.7405804802355078 ) ) ;
#4950 = FACE_BOUND ( 'NONE', #5523, .T. ) ;
#4951 = VERTEX_POINT ( 'NONE', #609 ) ;
#4952 = ORIENTED_EDGE ( 'NONE', *, *, #2114, .F. ) ;
#4953 = CIRCLE ( 'NONE', #1177, 4.250000000000003553 ) ;
#4954 = CARTESIAN_POINT ( 'NONE',  ( 148.0000000000000568, 4.000000000000000000, -132.5000000000000284 ) ) ;
#4955 = DIRECTION ( 'NONE',  ( 0.000000000000000000, 0.000000000000000000, 1.000000000000000000 ) ) ;
#4956 = CARTESIAN_POINT ( 'NONE',  ( 148.0000000000000284, 0.000000000000000000, -39.60000000000002984 ) ) ;
#4957 = ORIENTED_EDGE ( 'NONE', *, *, #3013, .T. ) ;
#4958 = CARTESIAN_POINT ( 'NONE',  ( 0.000000000000000000, 8.000000000000000000, 0.000000000000000000 ) ) ;
#4959 = CIRCLE ( 'NONE', #2314, 4.250000000000003553 ) ;
#4960 = ORIENTED_EDGE ( 'NONE', *, *, #3529, .F. ) ;
#4961 = CARTESIAN_POINT ( 'NONE',  ( 21.99999999999998224, 4.000000000000000000, -53.40000000000001990 ) ) ;
#4962 = EDGE_LOOP ( 'NONE', ( #6929, #6570, #5413, #4141 ) ) ;
#4963 = AXIS2_PLACEMENT_3D ( 'NONE', #5487, #1317, #7179 ) ;
#4964 = DIRECTION ( 'NONE',  ( -0.000000000000000000, 1.000000000000000000, -0.000000000000000000 ) ) ;
#4965 = CARTESIAN_POINT ( 'NONE',  ( 172.0000000000000284, 4.000000000000000000, -132.5000000000000284 ) ) ;
#4966 = EDGE_CURVE ( 'NONE', #3899, #7260, #765, .T. ) ;
#4967 = DIRECTION ( 'NONE',  ( 0.000000000000000000, 0.000000000000000000, 1.000000000000000000 ) ) ;
#4968 = CYLINDRICAL_SURFACE ( 'NONE', #2006, 4.250000000000003553 ) ;
#4969 = CARTESIAN_POINT ( 'NONE',  ( 60.11223067122437413, 0.000000000000000000, -55.52942612507517595 ) ) ;
#4970 = DIRECTION ( 'NONE',  ( 0.000000000000000000, 0.000000000000000000, 1.000000000000000000 ) ) ;
#4971 = ORIENTED_EDGE ( 'NONE', *, *, #2470, .T. ) ;
#4972 = EDGE_CURVE ( 'NONE', #3462, #4439, #3003, .T. ) ;
#4973 = VERTEX_POINT ( 'NONE', #4812 ) ;
#4974 = AXIS2_PLACEMENT_3D ( 'NONE', #3973, #3395, #5206 ) ;
#4975 = EDGE_LOOP ( 'NONE', ( #846, #3545, #4061, #7610 ) ) ;
#4976 = EDGE_CURVE ( 'NONE', #5354, #6560, #4212, .T. ) ;
#4977 = CARTESIAN_POINT ( 'NONE',  ( 86.84307806183461764, 5.000000000000000000, -74.99999999999998579 ) ) ;
#4978 = DIRECTION ( 'NONE',  ( 0.000000000000000000, 0.000000000000000000, 1.000000000000000000 ) ) ;
#4979 = ORIENTED_EDGE ( 'NONE', *, *, #3659, .F. ) ;
#4980 = DIRECTION ( 'NONE',  ( -0.000000000000000000, 1.000000000000000000, -0.000000000000000000 ) ) ;
#4981 = CARTESIAN_POINT ( 'NONE',  ( 21.99999999999998224, 0.000000000000000000, -55.50000000000001421 ) ) ;
#4982 = CARTESIAN_POINT ( 'NONE',  ( 88.92153903091725908, 5.000000000000000000, -71.39999999999999147 ) ) ;
#4983 = VECTOR ( 'NONE', #6174, 1000.000000000000000 ) ;
#4984 = AXIS2_PLACEMENT_3D ( 'NONE', #1575, #316, #2600 ) ;
#4985 = VERTEX_POINT ( 'NONE', #3072 ) ;
#4986 = ADVANCED_FACE ( 'NONE', ( #1888 ), #4290, .F. ) ;
#4987 = DIRECTION ( 'NONE',  ( 0.000000000000000000, 0.000000000000000000, 1.000000000000000000 ) ) ;
#4988 = CARTESIAN_POINT ( 'NONE',  ( 21.85910819620918133, 0.000000000000000000, -5.999999999999999112 ) ) ;
#4989 = VERTEX_POINT ( 'NONE', #3625 ) ;
#4990 = FACE_OUTER_BOUND ( 'NONE', #5475, .T. ) ;
#4991 = CIRCLE ( 'NONE', #3221, 2.099999999999990763 ) ;
#4992 = CARTESIAN_POINT ( 'NONE',  ( 172.0000000000000284, 8.000000000000000000, -132.5000000000000284 ) ) ;
#4993 = ORIENTED_EDGE ( 'NONE', *, *, #4803, .T. ) ;
#4994 = CIRCLE ( 'NONE', #472, 2.099999999999990763 ) ;
#4995 = VECTOR ( 'NONE', #3454, 1000.000000000000114 ) ;
#4996 = ADVANCED_FACE ( 'NONE', ( #1304 ), #6029, .F. ) ;
#4997 = CARTESIAN_POINT ( 'NONE',  ( 41.51140621703041944, 0.000000000000000000, -63.00000000000001421 ) ) ;
#4998 = CARTESIAN_POINT ( 'NONE',  ( 8.507280350451711826, 8.000000000000000000, -169.4594553642727988 ) ) ;
#4999 = VECTOR ( 'NONE', #5921, 1000.000000000000000 ) ;
#5000 = VERTEX_POINT ( 'NONE', #7313 ) ;
#5001 = DIRECTION ( 'NONE',  ( 0.000000000000000000, -0.000000000000000000, 1.000000000000000000 ) ) ;
#5002 = VECTOR ( 'NONE', #3284, 1000.000000000000000 ) ;
#5003 = VERTEX_POINT ( 'NONE', #2521 ) ;
#5004 = CYLINDRICAL_SURFACE ( 'NONE', #1618, 2.099999999999990763 ) ;
#5005 = AXIS2_PLACEMENT_3D ( 'NONE', #1461, #4575, #3818 ) ;
#5006 = ORIENTED_EDGE ( 'NONE', *, *, #1925, .F. ) ;
#5007 = VECTOR ( 'NONE', #589, 1000.000000000000000 ) ;
#5008 = CYLINDRICAL_SURFACE ( 'NONE', #6851, 2.100000000000004530 ) ;
#5009 = FACE_OUTER_BOUND ( 'NONE', #3681, .T. ) ;
#5010 = DIRECTION ( 'NONE',  ( -0.000000000000000000, 1.000000000000000000, -0.000000000000000000 ) ) ;
#5011 = EDGE_CURVE ( 'NONE', #5796, #6667, #5439, .T. ) ;
#5012 = CARTESIAN_POINT ( 'NONE',  ( 124.0324631179192352, 0.000000000000000000, -111.0178227307831662 ) ) ;
#5013 = VECTOR ( 'NONE', #5119, 1000.000000000000000 ) ;
#5014 = CARTESIAN_POINT ( 'NONE',  ( 159.6191487473286941, 0.000000000000000000, -147.5000000000000284 ) ) ;
#5015 = CARTESIAN_POINT ( 'NONE',  ( 148.0000000000000568, -2.000000000000000000, -116.6000000000000369 ) ) ;
#5016 = VECTOR ( 'NONE', #175, 1000.000000000000000 ) ;
#5017 = ORIENTED_EDGE ( 'NONE', *, *, #6169, .T. ) ;
#5018 = VERTEX_POINT ( 'NONE', #6146 ) ;
#5019 = VECTOR ( 'NONE', #5684, 1000.000000000000000 ) ;
#5020 = CIRCLE ( 'NONE', #1629, 6.000000000000005329 ) ;
#5021 = EDGE_LOOP ( 'NONE', ( #2360, #1098 ) ) ;
#5022 = EDGE_CURVE ( 'NONE', #1793, #5730, #47, .T. ) ;
#5023 = FACE_OUTER_BOUND ( 'NONE', #6627, .T. ) ;
#5024 = CARTESIAN_POINT ( 'NONE',  ( -19.80599157813204059, 8.000000000000000000, -141.0000000000000000 ) ) ;
#5025 = CARTESIAN_POINT ( 'NONE',  ( 90.99999999999997158, 0.000000000000000000, -95.00000000000000000 ) ) ;
#5026 = FACE_OUTER_BOUND ( 'NONE', #5174, .T. ) ;
#5027 = CARTESIAN_POINT ( 'NONE',  ( 30.00000000000003908, 8.000000000000007105, -44.25941951976455613 ) ) ;
#5028 = VECTOR ( 'NONE', #5595, 1000.000000000000000 ) ;
#5029 = EDGE_CURVE ( 'NONE', #4394, #769, #311, .T. ) ;
#5030 = VERTEX_POINT ( 'NONE', #945 ) ;
#5031 = DIRECTION ( 'NONE',  ( 0.000000000000000000, 1.000000000000000000, 0.000000000000000000 ) ) ;
#5032 = CARTESIAN_POINT ( 'NONE',  ( 109.8877693287756472, 0.000000000000000000, -55.52942612507517595 ) ) ;
#5033 = ORIENTED_EDGE ( 'NONE', *, *, #2610, .F. ) ;
#5034 = FACE_OUTER_BOUND ( 'NONE', #1280, .T. ) ;
#5035 = DIRECTION ( 'NONE',  ( -0.000000000000000000, 1.000000000000000000, -0.000000000000000000 ) ) ;
#5036 = EDGE_CURVE ( 'NONE', #130, #278, #6297, .T. ) ;
#5037 = EDGE_LOOP ( 'NONE', ( #2424, #5138, #6546, #2674 ) ) ;
#5038 = CARTESIAN_POINT ( 'NONE',  ( 93.07846096908261302, 8.000000000000000000, -91.39999999999997726 ) ) ;
#5039 = DIRECTION ( 'NONE',  ( 0.000000000000000000, 0.000000000000000000, 1.000000000000000000 ) ) ;
#5040 = CARTESIAN_POINT ( 'NONE',  ( 136.0000000000000284, 8.000000000000007105, -69.00000000000002842 ) ) ;
#5041 = VERTEX_POINT ( 'NONE', #6372 ) ;
#5042 = DIRECTION ( 'NONE',  ( -0.000000000000000000, 1.000000000000000000, -0.000000000000000000 ) ) ;
#5043 = ORIENTED_EDGE ( 'NONE', *, *, #2315, .T. ) ;
#5044 = DIRECTION ( 'NONE',  ( -0.000000000000000000, 1.000000000000000000, -0.000000000000000000 ) ) ;
#5045 = EDGE_CURVE ( 'NONE', #5715, #5260, #2733, .T. ) ;
#5046 = VERTEX_POINT ( 'NONE', #2708 ) ;
#5047 = CARTESIAN_POINT ( 'NONE',  ( 172.0000000000000284, 4.000000000000000000, -55.50000000000002842 ) ) ;
#5048 = CARTESIAN_POINT ( 'NONE',  ( -2.000000000000009326, 4.000000000000000000, -136.7500000000000284 ) ) ;
#5049 = DIRECTION ( 'NONE',  ( 0.000000000000000000, 0.000000000000000000, 1.000000000000000000 ) ) ;
#5050 = DIRECTION ( 'NONE',  ( 0.000000000000000000, 0.000000000000000000, 1.000000000000000000 ) ) ;
#5051 = LINE ( 'NONE', #6184, #3584 ) ;
#5052 = DIRECTION ( 'NONE',  ( -0.000000000000000000, 1.000000000000000000, -0.000000000000000000 ) ) ;
#5053 = EDGE_LOOP ( 'NONE', ( #3706, #6456, #4263, #2195 ) ) ;
#5054 = ORIENTED_EDGE ( 'NONE', *, *, #6783, .T. ) ;
#5055 = ORIENTED_EDGE ( 'NONE', *, *, #6417, .T. ) ;
#5056 = FACE_OUTER_BOUND ( 'NONE', #6941, .T. ) ;
#5057 = CARTESIAN_POINT ( 'NONE',  ( 0.000000000000000000, 8.000000000000000000, -162.0000000000000000 ) ) ;
#5058 = LINE ( 'NONE', #5719, #572 ) ;
#5059 = PLANE ( 'NONE',  #1620 ) ;
#5060 = DIRECTION ( 'NONE',  ( -0.000000000000000000, 1.000000000000000000, -0.000000000000000000 ) ) ;
#5061 = ORIENTED_EDGE ( 'NONE', *, *, #206, .F. ) ;
#5062 = DIRECTION ( 'NONE',  ( -1.000000000000000000, 0.000000000000000000, 0.000000000000000000 ) ) ;
#5063 = CARTESIAN_POINT ( 'NONE',  ( -15.88445254721469801, 0.000000000000000000, -126.3499999999999943 ) ) ;
#5064 = EDGE_CURVE ( 'NONE', #7495, #4903, #7589, .T. ) ;
#5065 = ORIENTED_EDGE ( 'NONE', *, *, #3590, .F. ) ;
#5066 = DIRECTION ( 'NONE',  ( 0.000000000000000000, -1.000000000000000000, 0.000000000000000000 ) ) ;
#5067 = FACE_OUTER_BOUND ( 'NONE', #538, .T. ) ;
#5068 = EDGE_LOOP ( 'NONE', ( #3460, #7548, #6408, #3890, #4564, #5006, #633 ) ) ;
#5069 = EDGE_CURVE ( 'NONE', #560, #2375, #1845, .T. ) ;
#5070 = DIRECTION ( 'NONE',  ( 0.000000000000000000, 0.000000000000000000, 1.000000000000000000 ) ) ;
#5071 = CARTESIAN_POINT ( 'NONE',  ( 148.0000000000000284, 4.000000000000000000, -53.40000000000004121 ) ) ;
#5072 = DIRECTION ( 'NONE',  ( 0.000000000000000000, 0.000000000000000000, -1.000000000000000000 ) ) ;
#5073 = EDGE_CURVE ( 'NONE', #5501, #3903, #727, .T. ) ;
#5074 = VERTEX_POINT ( 'NONE', #1532 ) ;
#5075 = CARTESIAN_POINT ( 'NONE',  ( -8.000000000000003553, 8.000000000000000000, -169.9999999999999432 ) ) ;
#5076 = CARTESIAN_POINT ( 'NONE',  ( 172.0000000000000284, -2.000000000000000000, -37.50000000000004263 ) ) ;
#5077 = ORIENTED_EDGE ( 'NONE', *, *, #356, .F. ) ;
#5078 = DIRECTION ( 'NONE',  ( 0.000000000000000000, 0.000000000000000000, 1.000000000000000000 ) ) ;
#5079 = CIRCLE ( 'NONE', #7709, 5.999999999999998224 ) ;
#5080 = ORIENTED_EDGE ( 'NONE', *, *, #7094, .F. ) ;
#5081 = VECTOR ( 'NONE', #1613, 1000.000000000000000 ) ;
#5082 = DIRECTION ( 'NONE',  ( 1.000000000000000000, -0.000000000000000000, 1.224646799147353207E-16 ) ) ;
#5083 = CARTESIAN_POINT ( 'NONE',  ( 170.0000000000000000, 0.000000000000000000, -156.7951259347809412 ) ) ;
#5084 = EDGE_CURVE ( 'NONE', #3158, #6707, #4649, .T. ) ;
#5085 = DIRECTION ( 'NONE',  ( -0.000000000000000000, 1.000000000000000000, -0.000000000000000000 ) ) ;
#5086 = APPROVAL_ROLE ( '' ) ;
#5087 = LINE ( 'NONE', #7476, #1204 ) ;
#5088 = FACE_OUTER_BOUND ( 'NONE', #5630, .T. ) ;
#5089 = CIRCLE ( 'NONE', #7093, 2.125000000000001776 ) ;
#5090 = VERTEX_POINT ( 'NONE', #6414 ) ;
#5091 = EDGE_LOOP ( 'NONE', ( #6154, #7299, #2211, #3784 ) ) ;
#5092 = ORIENTED_EDGE ( 'NONE', *, *, #5463, .F. ) ;
#5093 = ADVANCED_FACE ( 'NONE', ( #433 ), #6447, .F. ) ;
#5094 = AXIS2_PLACEMENT_3D ( 'NONE', #1890, #1233, #3696 ) ;
#5095 = DIRECTION ( 'NONE',  ( 0.000000000000000000, 1.000000000000000000, 0.000000000000000000 ) ) ;
#5096 = CARTESIAN_POINT ( 'NONE',  ( 172.0000000000000284, -2.000000000000000000, -132.5000000000000284 ) ) ;
#5097 = DIRECTION ( 'NONE',  ( 0.000000000000000000, 0.000000000000000000, 1.000000000000000000 ) ) ;
#5098 = CARTESIAN_POINT ( 'NONE',  ( 136.0000000000000284, 0.000000000000000000, -107.0000000000000426 ) ) ;
#5099 = EDGE_CURVE ( 'NONE', #7469, #7009, #3730, .T. ) ;
#5100 = CARTESIAN_POINT ( 'NONE',  ( -23.80599157813204059, 0.000000000000000000, -141.0000000000000000 ) ) ;
#5101 = ORIENTED_EDGE ( 'NONE', *, *, #2992, .T. ) ;
#5102 = VECTOR ( 'NONE', #1658, 1000.000000000000000 ) ;
#5103 = CARTESIAN_POINT ( 'NONE',  ( 90.99999999999997158, -2.000000000000000000, -95.00000000000000000 ) ) ;
#5104 = CARTESIAN_POINT ( 'NONE',  ( -2.000000000000015987, 8.000000000000000000, -59.75000000000002132 ) ) ;
#5105 = EDGE_LOOP ( 'NONE', ( #7198, #4910, #7674, #6482, #4859, #577 ) ) ;
#5106 = DIRECTION ( 'NONE',  ( 0.000000000000000000, 0.000000000000000000, -1.000000000000000000 ) ) ;
#5107 = CARTESIAN_POINT ( 'NONE',  ( 76.92153903091734435, 8.000000000000000000, -91.39999999999997726 ) ) ;
#5108 = AXIS2_PLACEMENT_3D ( 'NONE', #2668, #1027, #5072 ) ;
#5109 = ORIENTED_EDGE ( 'NONE', *, *, #3854, .T. ) ;
#5110 = ADVANCED_FACE ( 'NONE', ( #2161 ), #6997, .F. ) ;
#5111 = AXIS2_PLACEMENT_3D ( 'NONE', #3643, #7332, #1826 ) ;
#5112 = CIRCLE ( 'NONE', #594, 2.100000000000004530 ) ;
#5113 = DIRECTION ( 'NONE',  ( 0.000000000000000000, 0.000000000000000000, 1.000000000000000000 ) ) ;
#5114 = PLANE ( 'NONE',  #5861 ) ;
#5115 = ORIENTED_EDGE ( 'NONE', *, *, #3097, .F. ) ;
#5116 = DIRECTION ( 'NONE',  ( -1.000000000000000000, -0.000000000000000000, -0.000000000000000000 ) ) ;
#5117 = CARTESIAN_POINT ( 'NONE',  ( 28.00000000000001776, 0.000000000000000000, -107.0000000000000284 ) ) ;
#5118 = EDGE_LOOP ( 'NONE', ( #7467, #2735, #545, #888 ) ) ;
#5119 = DIRECTION ( 'NONE',  ( -7.564936274135420990E-19, 0.000000000000000000, 1.000000000000000000 ) ) ;
#5120 = VECTOR ( 'NONE', #4819, 1000.000000000000000 ) ;
#5121 = AXIS2_PLACEMENT_3D ( 'NONE', #986, #6951, #5897 ) ;
#5122 = EDGE_CURVE ( 'NONE', #4989, #405, #6387, .T. ) ;
#5123 = ORIENTED_EDGE ( 'NONE', *, *, #3821, .T. ) ;
#5124 = VECTOR ( 'NONE', #4569, 1000.000000000000000 ) ;
#5125 = AXIS2_PLACEMENT_3D ( 'NONE', #2790, #5240, #5201 ) ;
#5126 = DIRECTION ( 'NONE',  ( 0.000000000000000000, 1.000000000000000000, 0.000000000000000000 ) ) ;
#5127 = CARTESIAN_POINT ( 'NONE',  ( -17.96291351629734834, 3.000000000000000000, -122.7500000000000000 ) ) ;
#5128 = DIRECTION ( 'NONE',  ( 1.000000000000000000, 0.000000000000000000, 2.523234146875355505E-16 ) ) ;
#5129 = EDGE_CURVE ( 'NONE', #6837, #1198, #6330, .T. ) ;
#5130 = ORIENTED_EDGE ( 'NONE', *, *, #671, .F. ) ;
#5131 = APPROVAL_STATUS ( 'not_yet_approved' ) ;
#5132 = DIRECTION ( 'NONE',  ( -0.000000000000000000, 1.000000000000000000, -0.000000000000000000 ) ) ;
#5133 = DIRECTION ( 'NONE',  ( -0.4999999999999932832, 0.000000000000000000, 0.8660254037844424824 ) ) ;
#5134 = AXIS2_PLACEMENT_3D ( 'NONE', #2516, #10, #4924 ) ;
#5135 = CIRCLE ( 'NONE', #6129, 2.099999999999990763 ) ;
#5136 = ORIENTED_EDGE ( 'NONE', *, *, #2517, .F. ) ;
#5137 = EDGE_CURVE ( 'NONE', #3865, #2660, #7038, .T. ) ;
#5138 = ORIENTED_EDGE ( 'NONE', *, *, #3618, .T. ) ;
#5139 = ORIENTED_EDGE ( 'NONE', *, *, #1236, .F. ) ;
#5140 = AXIS2_PLACEMENT_3D ( 'NONE', #5286, #5860, #7673 ) ;
#5141 = CIRCLE ( 'NONE', #1119, 2.099999999999990763 ) ;
#5142 = DIRECTION ( 'NONE',  ( -0.000000000000000000, -1.000000000000000000, -0.000000000000000000 ) ) ;
#5143 = DIRECTION ( 'NONE',  ( 0.000000000000000000, 1.000000000000000000, 0.000000000000000000 ) ) ;
#5144 = CARTESIAN_POINT ( 'NONE',  ( -13.80599157813204059, -2.000000000000000000, -122.7500000000000000 ) ) ;
#5145 = DIRECTION ( 'NONE',  ( 0.000000000000000000, 1.000000000000000000, 0.000000000000000000 ) ) ;
#5146 = CARTESIAN_POINT ( 'NONE',  ( 74.84307806183467449, 8.000000000000000000, -74.99999999999997158 ) ) ;
#5147 = EDGE_CURVE ( 'NONE', #5546, #5224, #3458, .T. ) ;
#5148 = CIRCLE ( 'NONE', #3745, 30.00000000000000000 ) ;
#5149 = ORIENTED_EDGE ( 'NONE', *, *, #277, .T. ) ;
#5150 = AXIS2_PLACEMENT_3D ( 'NONE', #2485, #1275, #6768 ) ;
#5151 = ADVANCED_FACE ( 'NONE', ( #3892 ), #911, .F. ) ;
#5152 = DIRECTION ( 'NONE',  ( 0.000000000000000000, 1.000000000000000000, 0.000000000000000000 ) ) ;
#5153 = DIRECTION ( 'NONE',  ( 0.5000000000000006661, 0.000000000000000000, 0.8660254037844382635 ) ) ;
#5154 = AXIS2_PLACEMENT_3D ( 'NONE', #3815, #6924, #5128 ) ;
#5155 = AXIS2_PLACEMENT_3D ( 'NONE', #2603, #6063, #682 ) ;
#5156 = EDGE_LOOP ( 'NONE', ( #5435, #919 ) ) ;
#5157 = CARTESIAN_POINT ( 'NONE',  ( 21.99999999999998579, 8.000000000000000000, -37.50000000000002842 ) ) ;
#5158 = CYLINDRICAL_SURFACE ( 'NONE', #1235, 8.000000000000008882 ) ;
#5159 = EDGE_CURVE ( 'NONE', #6389, #5546, #6917, .T. ) ;
#5160 = EDGE_LOOP ( 'NONE', ( #1902, #6080 ) ) ;
#5161 =( GEOMETRIC_REPRESENTATION_CONTEXT ( 3 ) GLOBAL_UNCERTAINTY_ASSIGNED_CONTEXT ( ( #4945 ) ) GLOBAL_UNIT_ASSIGNED_CONTEXT ( ( #800, #2522, #4898 ) ) REPRESENTATION_CONTEXT ( 'NONE', 'WORKASPACE' ) );
#5162 = CARTESIAN_POINT ( 'NONE',  ( 6.000000000000000000, 0.000000000000000000, -145.5000000000000284 ) ) ;
#5163 = CARTESIAN_POINT ( 'NONE',  ( 148.0000000000000284, 4.000000000000000000, -39.60000000000002984 ) ) ;
#5164 = ORIENTED_EDGE ( 'NONE', *, *, #5220, .F. ) ;
#5165 = LINE ( 'NONE', #7464, #932 ) ;
#5166 = FACE_OUTER_BOUND ( 'NONE', #4975, .T. ) ;
#5167 = VERTEX_POINT ( 'NONE', #1568 ) ;
#5168 = PLANE ( 'NONE',  #6258 ) ;
#5169 = ORIENTED_EDGE ( 'NONE', *, *, #5430, .F. ) ;
#5170 = CARTESIAN_POINT ( 'NONE',  ( 164.0000000000000000, 8.000000000000000000, -151.5000000000000284 ) ) ;
#5171 = CARTESIAN_POINT ( 'NONE',  ( 148.0000000000000284, 4.000000000000000000, -37.50000000000004263 ) ) ;
#5172 = LINE ( 'NONE', #7519, #5907 ) ;
#5173 = ADVANCED_FACE ( 'NONE', ( #5166 ), #7550, .F. ) ;
#5174 = EDGE_LOOP ( 'NONE', ( #5526, #193, #52, #2246 ) ) ;
#5175 = CARTESIAN_POINT ( 'NONE',  ( 21.99999999999999289, 4.000000000000000000, -132.5000000000000284 ) ) ;
#5176 = CARTESIAN_POINT ( 'NONE',  ( 78.99999999999997158, 5.000000000000000000, -97.10000000000000853 ) ) ;
#5177 = VECTOR ( 'NONE', #4344, 1000.000000000000000 ) ;
#5178 = ORIENTED_EDGE ( 'NONE', *, *, #5182, .F. ) ;
#5179 = ORIENTED_EDGE ( 'NONE', *, *, #6685, .F. ) ;
#5180 = ORIENTED_EDGE ( 'NONE', *, *, #4412, .F. ) ;
#5181 = CARTESIAN_POINT ( 'NONE',  ( -19.80599157813204414, 0.000000000000000000, -115.0000000000000000 ) ) ;
#5182 = EDGE_CURVE ( 'NONE', #6286, #6106, #1853, .T. ) ;
#5183 = EDGE_CURVE ( 'NONE', #1154, #303, #7222, .T. ) ;
#5184 = DIRECTION ( 'NONE',  ( -0.000000000000000000, 1.000000000000000000, -0.000000000000000000 ) ) ;
#5185 = FACE_BOUND ( 'NONE', #5068, .T. ) ;
#5186 = DIRECTION ( 'NONE',  ( 0.000000000000000000, 1.000000000000000000, 0.000000000000000000 ) ) ;
#5187 = DIRECTION ( 'NONE',  ( -0.000000000000000000, -1.000000000000000000, -0.000000000000000000 ) ) ;
#5188 = EDGE_LOOP ( 'NONE', ( #4159, #7530, #4089, #4836 ) ) ;
#5189 = CARTESIAN_POINT ( 'NONE',  ( -15.88445254721469446, 0.000000000000000000, -140.8499999999999659 ) ) ;
#5190 = DIRECTION ( 'NONE',  ( 0.000000000000000000, 0.000000000000000000, 1.000000000000000000 ) ) ;
#5191 = EDGE_CURVE ( 'NONE', #4206, #1265, #1684, .T. ) ;
#5192 = ORIENTED_EDGE ( 'NONE', *, *, #1226, .F. ) ;
#5193 = DIRECTION ( 'NONE',  ( 0.000000000000000000, 1.000000000000000000, -0.000000000000000000 ) ) ;
#5194 = FACE_OUTER_BOUND ( 'NONE', #5627, .T. ) ;
#5195 = ORIENTED_EDGE ( 'NONE', *, *, #7576, .T. ) ;
#5196 = CARTESIAN_POINT ( 'NONE',  ( -9.649069639966763035, 3.000000000000000000, -137.2500000000000284 ) ) ;
#5197 = PLANE ( 'NONE',  #73 ) ;
#5198 = EDGE_CURVE ( 'NONE', #6152, #6488, #1106, .T. ) ;
#5199 = ORIENTED_EDGE ( 'NONE', *, *, #1359, .T. ) ;
#5200 = DIRECTION ( 'NONE',  ( 0.000000000000000000, 1.000000000000000000, 0.000000000000000000 ) ) ;
#5201 = DIRECTION ( 'NONE',  ( 0.000000000000000000, 0.000000000000000000, 1.000000000000000000 ) ) ;
#5202 = ORIENTED_EDGE ( 'NONE', *, *, #3649, .T. ) ;
#5203 = CARTESIAN_POINT ( 'NONE',  ( -13.80599157813204059, 3.000000000000000000, -122.7500000000000000 ) ) ;
#5204 = ORIENTED_EDGE ( 'NONE', *, *, #5943, .T. ) ;
#5205 = CARTESIAN_POINT ( 'NONE',  ( 140.0000000000000284, 8.000000000000007105, -125.7405804802355362 ) ) ;
#5206 = DIRECTION ( 'NONE',  ( 0.000000000000000000, -0.000000000000000000, 1.000000000000000000 ) ) ;
#5207 = CYLINDRICAL_SURFACE ( 'NONE', #3639, 2.000000000000001776 ) ;
#5208 = AXIS2_PLACEMENT_3D ( 'NONE', #4958, #1914, #3065 ) ;
#5209 = ORIENTED_EDGE ( 'NONE', *, *, #7668, .F. ) ;
#5210 = PERSON_AND_ORGANIZATION ( #4848, #1639 ) ;
#5211 = CYLINDRICAL_SURFACE ( 'NONE', #1814, 4.250000000000003553 ) ;
#5212 = CARTESIAN_POINT ( 'NONE',  ( 172.0000000000000284, -2.000000000000000000, -114.5000000000000426 ) ) ;
#5213 = EDGE_LOOP ( 'NONE', ( #7208, #4071 ) ) ;
#5214 = ORIENTED_EDGE ( 'NONE', *, *, #1997, .T. ) ;
#5215 = AXIS2_PLACEMENT_3D ( 'NONE', #4468, #5615, #1995 ) ;
#5216 = ADVANCED_FACE ( 'NONE', ( #3502 ), #1175, .F. ) ;
#5217 = ORIENTED_EDGE ( 'NONE', *, *, #4889, .F. ) ;
#5218 = CARTESIAN_POINT ( 'NONE',  ( 88.92153903091733014, 8.000000000000000000, -98.59999999999998010 ) ) ;
#5219 = CARTESIAN_POINT ( 'NONE',  ( -13.80599157813204059, 8.000000000000000000, -139.3750000000000284 ) ) ;
#5220 = EDGE_CURVE ( 'NONE', #5319, #600, #7739, .T. ) ;
#5221 = CARTESIAN_POINT ( 'NONE',  ( 0.000000000000000000, 8.000000000000000000, -164.5000000000000000 ) ) ;
#5222 = AXIS2_PLACEMENT_3D ( 'NONE', #5690, #2698, #1522 ) ;
#5223 = EDGE_CURVE ( 'NONE', #2788, #2945, #4195, .T. ) ;
#5224 = VERTEX_POINT ( 'NONE', #4237 ) ;
#5225 = EDGE_CURVE ( 'NONE', #957, #587, #2876, .T. ) ;
#5226 = VECTOR ( 'NONE', #1923, 1000.000000000000227 ) ;
#5227 = DIRECTION ( 'NONE',  ( 0.000000000000000000, 0.000000000000000000, 1.000000000000000000 ) ) ;
#5228 = LINE ( 'NONE', #5303, #6314 ) ;
#5229 = CARTESIAN_POINT ( 'NONE',  ( 93.07846096908259881, 5.000000000000000000, -71.39999999999999147 ) ) ;
#5230 = ORIENTED_EDGE ( 'NONE', *, *, #6433, .T. ) ;
#5231 = CARTESIAN_POINT ( 'NONE',  ( 17.48398459578333330, 8.000000000000000000, -10.10588522501502950 ) ) ;
#5232 = LINE ( 'NONE', #7031, #6260 ) ;
#5233 = AXIS2_PLACEMENT_3D ( 'NONE', #1459, #6267, #882 ) ;
#5234 = VERTEX_POINT ( 'NONE', #5314 ) ;
#5235 = EDGE_CURVE ( 'NONE', #7318, #2432, #1790, .T. ) ;
#5236 = CARTESIAN_POINT ( 'NONE',  ( 78.99999999999997158, 0.000000000000000000, -75.00000000000000000 ) ) ;
#5237 = DIRECTION ( 'NONE',  ( 0.000000000000000000, 1.000000000000000000, -0.000000000000000000 ) ) ;
#5238 = ORIENTED_EDGE ( 'NONE', *, *, #3026, .F. ) ;
#5239 = FACE_OUTER_BOUND ( 'NONE', #494, .T. ) ;
#5240 = DIRECTION ( 'NONE',  ( 0.000000000000000000, 1.000000000000000000, 0.000000000000000000 ) ) ;
#5241 = ORIENTED_EDGE ( 'NONE', *, *, #3061, .F. ) ;
#5242 = DIRECTION ( 'NONE',  ( -0.4999999999999996114, 0.000000000000000000, 0.8660254037844389297 ) ) ;
#5243 = AXIS2_PLACEMENT_3D ( 'NONE', #2276, #3533, #4081 ) ;
#5244 = EDGE_CURVE ( 'NONE', #4112, #5757, #516, .T. ) ;
#5245 = EDGE_LOOP ( 'NONE', ( #3538, #4138, #5295, #7122 ) ) ;
#5246 = VECTOR ( 'NONE', #7675, 1000.000000000000114 ) ;
#5247 = CARTESIAN_POINT ( 'NONE',  ( -2.000000000000013767, -2.000000000000000000, -37.50000000000002842 ) ) ;
#5248 = CARTESIAN_POINT ( 'NONE',  ( 0.000000000000000000, 6.000000000000000000, 0.000000000000000000 ) ) ;
#5249 = ORIENTED_EDGE ( 'NONE', *, *, #1137, .T. ) ;
#5250 = DIRECTION ( 'NONE',  ( -0.8660254037844384856, 0.000000000000000000, 0.5000000000000003331 ) ) ;
#5251 = AXIS2_PLACEMENT_3D ( 'NONE', #4789, #4150, #3525 ) ;
#5252 = ORIENTED_EDGE ( 'NONE', *, *, #5029, .T. ) ;
#5253 = COORDINATED_UNIVERSAL_TIME_OFFSET ( 6, 0, .BEHIND. ) ;
#5254 = AXIS2_PLACEMENT_3D ( 'NONE', #2306, #1648, #7735 ) ;
#5255 = CARTESIAN_POINT ( 'NONE',  ( 81.07846096908262723, 5.000000000000000000, -71.39999999999997726 ) ) ;
#5256 = EDGE_LOOP ( 'NONE', ( #360, #5591 ) ) ;
#5257 = VERTEX_POINT ( 'NONE', #2391 ) ;
#5258 = VECTOR ( 'NONE', #6285, 1000.000000000000000 ) ;
#5259 = ADVANCED_FACE ( 'NONE', ( #4124 ), #4799, .F. ) ;
#5260 = VERTEX_POINT ( 'NONE', #6592 ) ;
#5261 = DIRECTION ( 'NONE',  ( 0.000000000000000000, 0.000000000000000000, -1.000000000000000000 ) ) ;
#5262 = DIRECTION ( 'NONE',  ( -0.8660254037844382635, 0.000000000000000000, -0.5000000000000006661 ) ) ;
#5263 = CIRCLE ( 'NONE', #6745, 8.000000000000007105 ) ;
#5264 = DIRECTION ( 'NONE',  ( 0.000000000000000000, 0.000000000000000000, 1.000000000000000000 ) ) ;
#5265 = CARTESIAN_POINT ( 'NONE',  ( 21.99999999999998579, -2.000000000000000000, -39.60000000000002274 ) ) ;
#5266 = ORIENTED_EDGE ( 'NONE', *, *, #2455, .T. ) ;
#5267 = AXIS2_PLACEMENT_3D ( 'NONE', #3604, #2944, #4764 ) ;
#5268 = VERTEX_POINT ( 'NONE', #4832 ) ;
#5269 = CARTESIAN_POINT ( 'NONE',  ( 178.0000000000000284, 8.000000000000000000, -170.0000000000000000 ) ) ;
#5270 = PLANE ( 'NONE',  #1099 ) ;
#5271 = ORIENTED_EDGE ( 'NONE', *, *, #4254, .F. ) ;
#5272 = CARTESIAN_POINT ( 'NONE',  ( 109.8877693287756472, 8.000000000000000000, -55.52942612507517595 ) ) ;
#5273 = DIRECTION ( 'NONE',  ( 1.000000000000000000, 0.000000000000000000, 0.000000000000000000 ) ) ;
#5274 = EDGE_CURVE ( 'NONE', #2312, #6795, #1111, .T. ) ;
#5275 = AXIS2_PLACEMENT_3D ( 'NONE', #5721, #5766, #971 ) ;
#5276 = CIRCLE ( 'NONE', #2489, 2.100000000000004530 ) ;
#5277 = VERTEX_POINT ( 'NONE', #551 ) ;
#5278 = AXIS2_PLACEMENT_3D ( 'NONE', #5096, #5184, #1589 ) ;
#5279 = CARTESIAN_POINT ( 'NONE',  ( 148.0000000000000568, 4.000000000000000000, -136.7500000000000284 ) ) ;
#5280 = CARTESIAN_POINT ( 'NONE',  ( 124.0324631179191925, 7.999999999999979572, -58.98217726921691195 ) ) ;
#5281 = ORIENTED_EDGE ( 'NONE', *, *, #5686, .F. ) ;
#5282 = CARTESIAN_POINT ( 'NONE',  ( 78.99999999999997158, 5.000000000000000000, -75.00000000000000000 ) ) ;
#5283 = DIRECTION ( 'NONE',  ( 0.000000000000000000, 1.000000000000000000, 0.000000000000000000 ) ) ;
#5284 = ADVANCED_FACE ( 'NONE', ( #1725 ), #1143, .F. ) ;
#5285 = ORIENTED_EDGE ( 'NONE', *, *, #4078, .F. ) ;
#5286 = CARTESIAN_POINT ( 'NONE',  ( -2.000000000000007105, 4.000000000000000000, -114.5000000000000426 ) ) ;
#5287 = ORIENTED_EDGE ( 'NONE', *, *, #1305, .F. ) ;
#5288 = PLANE ( 'NONE',  #1339 ) ;
#5289 = DIRECTION ( 'NONE',  ( 0.000000000000000000, 0.000000000000000000, 1.000000000000000000 ) ) ;
#5290 = CARTESIAN_POINT ( 'NONE',  ( -15.88445254721469446, 0.000000000000000000, -140.8499999999999659 ) ) ;
#5291 = EDGE_CURVE ( 'NONE', #3576, #4608, #635, .T. ) ;
#5292 = ORIENTED_EDGE ( 'NONE', *, *, #4549, .T. ) ;
#5293 = CARTESIAN_POINT ( 'NONE',  ( 81.98784867335365334, 0.000000000000000000, -135.0000000000000000 ) ) ;
#5294 = VERTEX_POINT ( 'NONE', #1763 ) ;
#5295 = ORIENTED_EDGE ( 'NONE', *, *, #2414, .F. ) ;
#5296 = PLANE ( 'NONE',  #7378 ) ;
#5297 = LINE ( 'NONE', #5919, #1746 ) ;
#5298 = FACE_BOUND ( 'NONE', #1196, .T. ) ;
#5299 = CARTESIAN_POINT ( 'NONE',  ( 6.000000000000000000, -28.74456470360965810, -151.5000000000000284 ) ) ;
#5300 = ORIENTED_EDGE ( 'NONE', *, *, #3193, .T. ) ;
#5301 = AXIS2_PLACEMENT_3D ( 'NONE', #1692, #1624, #1182 ) ;
#5302 = ORIENTED_EDGE ( 'NONE', *, *, #6006, .F. ) ;
#5303 = CARTESIAN_POINT ( 'NONE',  ( 83.15692193816528288, 5.000000000000000000, -95.00000000000001421 ) ) ;
#5304 = DIRECTION ( 'NONE',  ( -3.016910393003142612E-17, 0.000000000000000000, 1.000000000000000000 ) ) ;
#5305 = EDGE_LOOP ( 'NONE', ( #2464, #6894 ) ) ;
#5306 = CARTESIAN_POINT ( 'NONE',  ( -8.000000000000000000, 8.000000000000000000, 5.586370142149013368E-14 ) ) ;
#5307 = CYLINDRICAL_SURFACE ( 'NONE', #4502, 8.000000000000000000 ) ;
#5308 = ORIENTED_EDGE ( 'NONE', *, *, #4641, .F. ) ;
#5309 = EDGE_CURVE ( 'NONE', #6370, #1893, #7248, .T. ) ;
#5310 = DIRECTION ( 'NONE',  ( 0.000000000000000000, 1.000000000000000000, 0.000000000000000000 ) ) ;
#5311 = DIRECTION ( 'NONE',  ( 0.6843142041691718802, 0.000000000000000000, 0.7291872667376418926 ) ) ;
#5312 = ORIENTED_EDGE ( 'NONE', *, *, #1216, .F. ) ;
#5313 = PLANE ( 'NONE',  #6958 ) ;
#5314 = CARTESIAN_POINT ( 'NONE',  ( 170.0000000000000000, 8.000000000000000000, -156.7951259347809412 ) ) ;
#5315 = VERTEX_POINT ( 'NONE', #7671 ) ;
#5316 = VECTOR ( 'NONE', #3953, 1000.000000000000000 ) ;
#5317 = CARTESIAN_POINT ( 'NONE',  ( 1.999999999999999112, 8.000000000000000000, -156.7951259347809412 ) ) ;
#5318 = ADVANCED_FACE ( 'NONE', ( #2279, #4686, #4396, #7422, #749, #4950, #2031, #5460, #7336, #6744, #1945, #6786, #5576, #3720, #3174, #4349, #112, #1405, #3762, #1873, #6125, #1370, #3798, #6202, #3139, #2505, #2462, #4431, #3057, #2582, #6823, #1440, #6050, #3214, #4276, #668 ), #6700, .F. ) ;
#5319 = VERTEX_POINT ( 'NONE', #821 ) ;
#5320 = EDGE_CURVE ( 'NONE', #6439, #1988, #7383, .T. ) ;
#5321 = DIRECTION ( 'NONE',  ( 0.000000000000000000, 1.000000000000000000, 0.000000000000000000 ) ) ;
#5322 = DIRECTION ( 'NONE',  ( 0.000000000000000000, 0.000000000000000000, 1.000000000000000000 ) ) ;
#5323 = CARTESIAN_POINT ( 'NONE',  ( -2.000000000000009326, 8.000000000000000000, -136.7500000000000284 ) ) ;
#5324 = ORIENTED_EDGE ( 'NONE', *, *, #7641, .T. ) ;
#5325 = LINE ( 'NONE', #7124, #351 ) ;
#5326 = ORIENTED_EDGE ( 'NONE', *, *, #348, .T. ) ;
#5327 = ADVANCED_FACE ( 'NONE', ( #2629 ), #1996, .F. ) ;
#5328 = ORIENTED_EDGE ( 'NONE', *, *, #3922, .F. ) ;
#5329 = ADVANCED_FACE ( 'NONE', ( #2541 ), #225, .F. ) ;
#5330 = DIRECTION ( 'NONE',  ( 0.000000000000000000, 0.000000000000000000, 1.000000000000000000 ) ) ;
#5331 = CARTESIAN_POINT ( 'NONE',  ( -8.000000000000003553, 0.000000000000000000, -169.9999999999999432 ) ) ;
#5332 = CARTESIAN_POINT ( 'NONE',  ( 30.00000000000001776, -63.63175307973214956, -125.7405804802355078 ) ) ;
#5333 = CARTESIAN_POINT ( 'NONE',  ( 0.000000000000000000, 8.000000000000000000, -166.5000000000000000 ) ) ;
#5334 = CIRCLE ( 'NONE', #6333, 4.250000000000003553 ) ;
#5335 = ORIENTED_EDGE ( 'NONE', *, *, #4250, .F. ) ;
#5336 = AXIS2_PLACEMENT_3D ( 'NONE', #5966, #6121, #1759 ) ;
#5337 = EDGE_CURVE ( 'NONE', #7428, #6566, #3611, .T. ) ;
#5338 = ORIENTED_EDGE ( 'NONE', *, *, #5916, .F. ) ;
#5339 = CIRCLE ( 'NONE', #3187, 2.000000000000001776 ) ;
#5340 = CARTESIAN_POINT ( 'NONE',  ( 76.92153903091731593, 5.000000000000000000, -71.39999999999997726 ) ) ;
#5341 = DIRECTION ( 'NONE',  ( 0.000000000000000000, 0.000000000000000000, 1.000000000000000000 ) ) ;
#5342 = EDGE_LOOP ( 'NONE', ( #6305, #84, #7541, #1486 ) ) ;
#5343 = DIRECTION ( 'NONE',  ( -0.000000000000000000, -1.000000000000000000, -0.000000000000000000 ) ) ;
#5344 = LINE ( 'NONE', #4792, #5884 ) ;
#5345 = EDGE_LOOP ( 'NONE', ( #1871, #7265 ) ) ;
#5346 = AXIS2_PLACEMENT_3D ( 'NONE', #6813, #892, #257 ) ;
#5347 = FACE_OUTER_BOUND ( 'NONE', #2706, .T. ) ;
#5348 = DIRECTION ( 'NONE',  ( -0.000000000000000000, -1.000000000000000000, -0.000000000000000000 ) ) ;
#5349 = ORIENTED_EDGE ( 'NONE', *, *, #1279, .F. ) ;
#5350 = DIRECTION ( 'NONE',  ( 0.000000000000000000, 0.000000000000000000, 1.000000000000000000 ) ) ;
#5351 = DIRECTION ( 'NONE',  ( 0.000000000000000000, 0.000000000000000000, 1.000000000000000000 ) ) ;
#5352 = ORIENTED_EDGE ( 'NONE', *, *, #3674, .F. ) ;
#5353 = EDGE_CURVE ( 'NONE', #6400, #4906, #6082, .T. ) ;
#5354 = VERTEX_POINT ( 'NONE', #3096 ) ;
#5355 = VECTOR ( 'NONE', #2034, 1000.000000000000227 ) ;
#5356 = DIRECTION ( 'NONE',  ( 0.000000000000000000, 0.000000000000000000, 1.000000000000000000 ) ) ;
#5357 = CARTESIAN_POINT ( 'NONE',  ( 28.00000000000001776, 8.000000000000000000, -139.5000000000000000 ) ) ;
#5358 = DIRECTION ( 'NONE',  ( 0.000000000000000000, 0.000000000000000000, 1.000000000000000000 ) ) ;
#5359 = ORIENTED_EDGE ( 'NONE', *, *, #6847, .F. ) ;
#5360 = DIRECTION ( 'NONE',  ( 0.000000000000000000, 0.000000000000000000, 1.000000000000000000 ) ) ;
#5361 = VECTOR ( 'NONE', #789, 1000.000000000000000 ) ;
#5362 = EDGE_CURVE ( 'NONE', #5454, #1269, #484, .T. ) ;
#5363 = VERTEX_POINT ( 'NONE', #1326 ) ;
#5364 = VECTOR ( 'NONE', #3455, 1000.000000000000000 ) ;
#5365 = EDGE_LOOP ( 'NONE', ( #4693, #7444 ) ) ;
#5366 = AXIS2_PLACEMENT_3D ( 'NONE', #2427, #753, #116 ) ;
#5367 = DIRECTION ( 'NONE',  ( -0.000000000000000000, 1.000000000000000000, -0.000000000000000000 ) ) ;
#5368 = CARTESIAN_POINT ( 'NONE',  ( -15.88445254721470512, 3.000000000000000000, -119.1500000000000057 ) ) ;
#5369 = FACE_BOUND ( 'NONE', #7575, .T. ) ;
#5370 = CARTESIAN_POINT ( 'NONE',  ( 172.0000000000000284, -2.000000000000000000, -112.4000000000000625 ) ) ;
#5371 = ADVANCED_FACE ( 'NONE', ( #4311 ), #5158, .T. ) ;
#5372 = AXIS2_PLACEMENT_3D ( 'NONE', #1932, #6038, #6686 ) ;
#5373 = AXIS2_PLACEMENT_3D ( 'NONE', #6524, #5815, #5854 ) ;
#5374 = ORIENTED_EDGE ( 'NONE', *, *, #564, .T. ) ;
#5375 = ORIENTED_EDGE ( 'NONE', *, *, #2425, .T. ) ;
#5376 = AXIS2_PLACEMENT_3D ( 'NONE', #5299, #7652, #536 ) ;
#5377 = AXIS2_PLACEMENT_3D ( 'NONE', #1742, #7017, #7089 ) ;
#5378 = CARTESIAN_POINT ( 'NONE',  ( 78.99999999999997158, 5.000000000000000000, -77.10000000000000853 ) ) ;
#5379 = CARTESIAN_POINT ( 'NONE',  ( 10.38085125267133968, 8.000000000000000000, -147.5000000000000284 ) ) ;
#5380 = EDGE_LOOP ( 'NONE', ( #5587, #384, #7188, #2409 ) ) ;
#5381 = LINE ( 'NONE', #7773, #1313 ) ;
#5382 = CARTESIAN_POINT ( 'NONE',  ( 21.99999999999999645, 4.000000000000000000, -118.7500000000000568 ) ) ;
#5383 = EDGE_CURVE ( 'NONE', #519, #5046, #7456, .T. ) ;
#5384 = AXIS2_PLACEMENT_3D ( 'NONE', #6891, #921, #4415 ) ;
#5385 = ORIENTED_EDGE ( 'NONE', *, *, #1169, .T. ) ;
#5386 = VECTOR ( 'NONE', #5426, 1000.000000000000000 ) ;
#5387 = DIRECTION ( 'NONE',  ( 0.000000000000000000, 1.000000000000000000, 0.000000000000000000 ) ) ;
#5388 = DIRECTION ( 'NONE',  ( 0.000000000000000000, 0.000000000000000000, -1.000000000000000000 ) ) ;
#5389 = ORIENTED_EDGE ( 'NONE', *, *, #655, .F. ) ;
#5390 = CARTESIAN_POINT ( 'NONE',  ( 178.0000000000000284, 8.000000000000000000, -170.0000000000000000 ) ) ;
#5392 = DIRECTION ( 'NONE',  ( 0.000000000000000000, 0.000000000000000000, 1.000000000000000000 ) ) ;
#5391 = CIRCLE ( 'NONE', #7648, 6.000000000000005329 ) ;
#5393 = ORIENTED_EDGE ( 'NONE', *, *, #4028, .F. ) ;
#5394 = EDGE_CURVE ( 'NONE', #5224, #3693, #6407, .T. ) ;
#5395 = ORIENTED_EDGE ( 'NONE', *, *, #851, .F. ) ;
#5396 = VECTOR ( 'NONE', #3189, 1000.000000000000000 ) ;
#5397 = VECTOR ( 'NONE', #7563, 1000.000000000000114 ) ;
#5398 = CARTESIAN_POINT ( 'NONE',  ( 148.0000000000000568, 0.000000000000000000, -132.5000000000000284 ) ) ;
#5399 = DIRECTION ( 'NONE',  ( -0.000000000000000000, 1.000000000000000000, -0.000000000000000000 ) ) ;
#5400 = LINE ( 'NONE', #7748, #178 ) ;
#5401 = EDGE_CURVE ( 'NONE', #5703, #2473, #3416, .T. ) ;
#5402 = EDGE_LOOP ( 'NONE', ( #6117, #4467, #182, #4082 ) ) ;
#5403 = CARTESIAN_POINT ( 'NONE',  ( 160.0343451160730126, 8.000000000000000000, -170.8280837726111372 ) ) ;
#5404 = ORIENTED_EDGE ( 'NONE', *, *, #2434, .T. ) ;
#5405 = ORIENTED_EDGE ( 'NONE', *, *, #3529, .T. ) ;
#5406 = ADVANCED_FACE ( 'NONE', ( #5067 ), #2154, .F. ) ;
#5407 = CARTESIAN_POINT ( 'NONE',  ( -9.649069639966750600, 3.000000000000000000, -122.7500000000000142 ) ) ;
#5408 = DIRECTION ( 'NONE',  ( 0.000000000000000000, 0.000000000000000000, 1.000000000000000000 ) ) ;
#5409 = LINE ( 'NONE', #4175, #4085 ) ;
#5410 = FACE_OUTER_BOUND ( 'NONE', #6848, .T. ) ;
#5411 = EDGE_CURVE ( 'NONE', #3531, #2397, #1478, .T. ) ;
#5412 = ORIENTED_EDGE ( 'NONE', *, *, #6959, .F. ) ;
#5413 = ORIENTED_EDGE ( 'NONE', *, *, #6022, .T. ) ;
#5414 = EDGE_CURVE ( 'NONE', #3093, #1154, #3376, .T. ) ;
#5415 = CARTESIAN_POINT ( 'NONE',  ( 148.0000000000000568, 4.000000000000000000, -114.5000000000000426 ) ) ;
#5416 = CARTESIAN_POINT ( 'NONE',  ( 76.92153903091734435, 8.000000000000000000, -91.39999999999997726 ) ) ;
#5417 = EDGE_LOOP ( 'NONE', ( #5564, #670 ) ) ;
#5418 = DIRECTION ( 'NONE',  ( 0.000000000000000000, 0.000000000000000000, -1.000000000000000000 ) ) ;
#5419 = LINE ( 'NONE', #544, #491 ) ;
#5420 = ORIENTED_EDGE ( 'NONE', *, *, #6234, .F. ) ;
#5421 = EDGE_CURVE ( 'NONE', #2660, #4452, #5135, .T. ) ;
#5422 = CARTESIAN_POINT ( 'NONE',  ( 78.99999999999997158, -2.000000000000000000, -97.10000000000000853 ) ) ;
#5423 = DIRECTION ( 'NONE',  ( 0.000000000000000000, 0.000000000000000000, 1.000000000000000000 ) ) ;
#5424 = ORIENTED_EDGE ( 'NONE', *, *, #2377, .F. ) ;
#5425 = DIRECTION ( 'NONE',  ( -0.6696371217971888168, 0.000000000000000000, 0.7426884441750638555 ) ) ;
#5426 = DIRECTION ( 'NONE',  ( -0.000000000000000000, 1.000000000000000000, -0.000000000000000000 ) ) ;
#5427 = ADVANCED_FACE ( 'NONE', ( #4555 ), #6360, .F. ) ;
#5428 = ORIENTED_EDGE ( 'NONE', *, *, #3430, .T. ) ;
#5429 = ORIENTED_EDGE ( 'NONE', *, *, #7376, .F. ) ;
#5430 = EDGE_CURVE ( 'NONE', #6189, #4878, #7618, .T. ) ;
#5431 = PLANE ( 'NONE',  #1716 ) ;
#5432 = DIRECTION ( 'NONE',  ( -0.000000000000000000, -0.000000000000000000, -1.000000000000000000 ) ) ;
#5433 = ORIENTED_EDGE ( 'NONE', *, *, #591, .T. ) ;
#5434 = CARTESIAN_POINT ( 'NONE',  ( -9.649069639966763035, 0.000000000000000000, -137.2500000000000284 ) ) ;
#5435 = ORIENTED_EDGE ( 'NONE', *, *, #638, .T. ) ;
#5436 = CARTESIAN_POINT ( 'NONE',  ( 0.000000000000000000, 0.000000000000000000, 0.000000000000000000 ) ) ;
#5437 = ORIENTED_EDGE ( 'NONE', *, *, #2665, .F. ) ;
#5438 = CARTESIAN_POINT ( 'NONE',  ( 21.99999999999998579, -2.000000000000000000, -35.40000000000002700 ) ) ;
#5439 = LINE ( 'NONE', #4929, #6119 ) ;
#5440 = FACE_OUTER_BOUND ( 'NONE', #3850, .T. ) ;
#5441 = FACE_OUTER_BOUND ( 'NONE', #537, .T. ) ;
#5442 = LINE ( 'NONE', #7283, #1489 ) ;
#5443 = EDGE_CURVE ( 'NONE', #6070, #6788, #2782, .T. ) ;
#5444 = EDGE_LOOP ( 'NONE', ( #7590, #4861 ) ) ;
#5445 = EDGE_LOOP ( 'NONE', ( #444, #6075, #5843, #4341 ) ) ;
#5446 = DIRECTION ( 'NONE',  ( 0.000000000000000000, 0.000000000000000000, 1.000000000000000000 ) ) ;
#5447 = CARTESIAN_POINT ( 'NONE',  ( 55.00000000000002842, 8.000000000000000000, -101.0000000000000142 ) ) ;
#5448 = VERTEX_POINT ( 'NONE', #2234 ) ;
#5449 = CC_DESIGN_PERSON_AND_ORGANIZATION_ASSIGNMENT ( #5791, #283, ( #7660 ) ) ;
#5450 = DIRECTION ( 'NONE',  ( 0.000000000000000000, 0.000000000000000000, 1.000000000000000000 ) ) ;
#5451 = DIRECTION ( 'NONE',  ( 0.000000000000000000, 0.000000000000000000, 1.000000000000000000 ) ) ;
#5452 = DIRECTION ( 'NONE',  ( 0.000000000000000000, 0.000000000000000000, 1.000000000000000000 ) ) ;
#5453 = ADVANCED_FACE ( 'NONE', ( #5194, #3295 ), #2194, .T. ) ;
#5454 = VERTEX_POINT ( 'NONE', #6987 ) ;
#5455 = CIRCLE ( 'NONE', #7458, 2.099999999999990763 ) ;
#5456 = CARTESIAN_POINT ( 'NONE',  ( 81.07846096908262723, 8.000000000000000000, -71.39999999999997726 ) ) ;
#5457 = CARTESIAN_POINT ( 'NONE',  ( 170.0000000000000000, 8.000000000000000000, -18.50000000000001776 ) ) ;
#5458 = ORIENTED_EDGE ( 'NONE', *, *, #5784, .T. ) ;
#5459 = FACE_OUTER_BOUND ( 'NONE', #2147, .T. ) ;
#5460 = FACE_BOUND ( 'NONE', #792, .T. ) ;
#5461 = ORIENTED_EDGE ( 'NONE', *, *, #4308, .F. ) ;
#5462 = AXIS2_PLACEMENT_3D ( 'NONE', #2030, #5066, #2581 ) ;
#5463 = EDGE_CURVE ( 'NONE', #6488, #1717, #1603, .T. ) ;
#5464 = ORIENTED_EDGE ( 'NONE', *, *, #88, .T. ) ;
#5465 = ADVANCED_FACE ( 'NONE', ( #6910 ), #5691, .F. ) ;
#5466 = AXIS2_PLACEMENT_3D ( 'NONE', #7369, #1983, #1396 ) ;
#5467 = DIRECTION ( 'NONE',  ( 0.000000000000000000, 1.000000000000000000, 0.000000000000000000 ) ) ;
#5468 = CARTESIAN_POINT ( 'NONE',  ( 172.0000000000000284, 4.000000000000000000, -37.50000000000004263 ) ) ;
#5469 = ORIENTED_EDGE ( 'NONE', *, *, #4424, .F. ) ;
#5470 = CARTESIAN_POINT ( 'NONE',  ( 21.99999999999999289, 8.000000000000000000, -132.5000000000000284 ) ) ;
#5471 = VERTEX_POINT ( 'NONE', #5107 ) ;
#5472 = CARTESIAN_POINT ( 'NONE',  ( 76.92153903091731593, 5.000000000000000000, -71.39999999999997726 ) ) ;
#5473 = EDGE_CURVE ( 'NONE', #1453, #2273, #5232, .T. ) ;
#5474 = AXIS2_PLACEMENT_3D ( 'NONE', #1409, #3801, #6205 ) ;
#5475 = EDGE_LOOP ( 'NONE', ( #167, #5665, #796, #6127 ) ) ;
#5476 = ORIENTED_EDGE ( 'NONE', *, *, #5383, .T. ) ;
#5477 = DIRECTION ( 'NONE',  ( -0.000000000000000000, 1.000000000000000000, -0.000000000000000000 ) ) ;
#5478 = LINE ( 'NONE', #7281, #3260 ) ;
#5479 = CARTESIAN_POINT ( 'NONE',  ( 148.0000000000000568, -2.000000000000000000, -132.5000000000000284 ) ) ;
#5480 = CARTESIAN_POINT ( 'NONE',  ( -15.88445254721470512, 3.000000000000000000, -119.1500000000000057 ) ) ;
#5481 = ORIENTED_EDGE ( 'NONE', *, *, #4673, .F. ) ;
#5482 = VECTOR ( 'NONE', #3717, 1000.000000000000000 ) ;
#5483 = CIRCLE ( 'NONE', #7364, 5.500000000000016875 ) ;
#5484 = ORIENTED_EDGE ( 'NONE', *, *, #6455, .F. ) ;
#5485 = DIRECTION ( 'NONE',  ( -0.000000000000000000, 1.000000000000000000, -0.000000000000000000 ) ) ;
#5486 = ORIENTED_EDGE ( 'NONE', *, *, #3170, .F. ) ;
#5487 = CARTESIAN_POINT ( 'NONE',  ( -11.72753060904940448, 3.000000000000000000, -119.1500000000000057 ) ) ;
#5488 = CARTESIAN_POINT ( 'NONE',  ( 45.96753688208079325, 0.000000000000000000, -111.0178227307831662 ) ) ;
#5489 = VECTOR ( 'NONE', #5485, 1000.000000000000000 ) ;
#5490 = DIRECTION ( 'NONE',  ( -1.000000000000000000, 0.000000000000000000, 0.000000000000000000 ) ) ;
#5491 = CIRCLE ( 'NONE', #2978, 6.000000000000005329 ) ;
#5492 = ADVANCED_FACE ( 'NONE', ( #6245 ), #266, .T. ) ;
#5493 = VERTEX_POINT ( 'NONE', #5659 ) ;
#5494 = VECTOR ( 'NONE', #7685, 1000.000000000000114 ) ;
#5495 = DIRECTION ( 'NONE',  ( 0.5000000000000009992, 0.000000000000000000, 0.8660254037844380415 ) ) ;
#5496 = CARTESIAN_POINT ( 'NONE',  ( 95.15692193816525446, 8.000000000000000000, -75.00000000000002842 ) ) ;
#5497 = EDGE_CURVE ( 'NONE', #2947, #3917, #5344, .T. ) ;
#5498 = VERTEX_POINT ( 'NONE', #4753 ) ;
#5499 = CARTESIAN_POINT ( 'NONE',  ( -13.80599157813204059, 8.000000000000000000, -124.8750000000000000 ) ) ;
#5500 = CARTESIAN_POINT ( 'NONE',  ( 164.0000000000000000, 0.000000000000000000, -18.50000000000002487 ) ) ;
#5501 = VERTEX_POINT ( 'NONE', #1783 ) ;
#5502 = AXIS2_PLACEMENT_3D ( 'NONE', #33, #2423, #6634 ) ;
#5503 = VERTEX_POINT ( 'NONE', #579 ) ;
#5504 = CIRCLE ( 'NONE', #108, 2.099999999999990763 ) ;
#5505 = CIRCLE ( 'NONE', #104, 6.000000000000000000 ) ;
#5506 = DIRECTION ( 'NONE',  ( 0.8660254037844393737, 0.000000000000000000, 0.4999999999999988898 ) ) ;
#5507 = CARTESIAN_POINT ( 'NONE',  ( 93.07846096908262723, 8.000000000000000000, -98.59999999999998010 ) ) ;
#5508 = EDGE_CURVE ( 'NONE', #1962, #1159, #6476, .T. ) ;
#5509 = EDGE_LOOP ( 'NONE', ( #2906, #4417, #3164, #6636 ) ) ;
#5510 = PLANE ( 'NONE',  #2186 ) ;
#5511 = EDGE_LOOP ( 'NONE', ( #1876, #6090 ) ) ;
#5512 = CARTESIAN_POINT ( 'NONE',  ( 86.84307806183468870, 5.000000000000000000, -95.00000000000000000 ) ) ;
#5513 = VECTOR ( 'NONE', #3285, 1000.000000000000000 ) ;
#5514 = AXIS2_PLACEMENT_3D ( 'NONE', #6467, #4104, #2809 ) ;
#5515 = ORIENTED_EDGE ( 'NONE', *, *, #2826, .F. ) ;
#5516 = CARTESIAN_POINT ( 'NONE',  ( 30.00000000000001776, 0.000000000000000000, -127.7405804802355078 ) ) ;
#5517 = CARTESIAN_POINT ( 'NONE',  ( 148.0000000000000568, 4.000000000000000000, -128.2500000000000284 ) ) ;
#5518 = EDGE_CURVE ( 'NONE', #5234, #3374, #4712, .T. ) ;
#5519 = DIRECTION ( 'NONE',  ( 0.000000000000000000, 0.000000000000000000, 1.000000000000000000 ) ) ;
#5520 = DIRECTION ( 'NONE',  ( 0.000000000000000000, 1.000000000000000000, 0.000000000000000000 ) ) ;
#5521 = LINE ( 'NONE', #7204, #6401 ) ;
#5522 = VERTEX_POINT ( 'NONE', #2864 ) ;
#5523 = EDGE_LOOP ( 'NONE', ( #7071, #2316, #5639, #7050, #5888, #4321, #7074 ) ) ;
#5524 = DIRECTION ( 'NONE',  ( 1.000000000000000000, -0.000000000000000000, -0.000000000000000000 ) ) ;
#5525 = FACE_OUTER_BOUND ( 'NONE', #5614, .T. ) ;
#5526 = ORIENTED_EDGE ( 'NONE', *, *, #4531, .T. ) ;
#5527 = DIRECTION ( 'NONE',  ( -0.000000000000000000, -1.000000000000000000, 0.000000000000000000 ) ) ;
#5528 = CARTESIAN_POINT ( 'NONE',  ( 21.99999999999999289, 4.000000000000000000, -132.5000000000000284 ) ) ;
#5529 = CARTESIAN_POINT ( 'NONE',  ( 168.0000000000000000, 8.000000000000000000, -156.7951259347809412 ) ) ;
#5530 = ORIENTED_EDGE ( 'NONE', *, *, #2962, .T. ) ;
#5531 = DIRECTION ( 'NONE',  ( 0.000000000000000000, 0.000000000000000000, 1.000000000000000000 ) ) ;
#5532 = DIRECTION ( 'NONE',  ( 0.000000000000000000, 1.000000000000000000, 0.000000000000000000 ) ) ;
#5533 = EDGE_LOOP ( 'NONE', ( #3196, #6462, #2322, #6044 ) ) ;
#5534 = CARTESIAN_POINT ( 'NONE',  ( 4.286263797015745470E-16, 8.000000000000000000, -173.5000000000000284 ) ) ;
#5535 = CARTESIAN_POINT ( 'NONE',  ( 0.000000000000000000, 0.000000000000000000, -170.0000000000000000 ) ) ;
#5536 = AXIS2_PLACEMENT_3D ( 'NONE', #3794, #5031, #7418 ) ;
#5537 = AXIS2_PLACEMENT_3D ( 'NONE', #5959, #7140, #3045 ) ;
#5538 = ORIENTED_EDGE ( 'NONE', *, *, #1427, .T. ) ;
#5539 = ORIENTED_EDGE ( 'NONE', *, *, #3733, .T. ) ;
#5540 = ADVANCED_FACE ( 'NONE', ( #1756 ), #2971, .T. ) ;
#5541 = CARTESIAN_POINT ( 'NONE',  ( 0.000000000000000000, 8.000000000000000000, -18.50000000000000355 ) ) ;
#5542 = PLANE ( 'NONE',  #2973 ) ;
#5543 = DIRECTION ( 'NONE',  ( -0.000000000000000000, -1.000000000000000000, -0.000000000000000000 ) ) ;
#5544 = ORIENTED_EDGE ( 'NONE', *, *, #3998, .F. ) ;
#5545 = DIRECTION ( 'NONE',  ( 0.000000000000000000, 0.000000000000000000, 1.000000000000000000 ) ) ;
#5546 = VERTEX_POINT ( 'NONE', #3490 ) ;
#5547 = EDGE_CURVE ( 'NONE', #5600, #6488, #7102, .T. ) ;
#5548 = CARTESIAN_POINT ( 'NONE',  ( -23.80599157813204059, 8.000000000000000000, -115.0000000000000000 ) ) ;
#5549 = EDGE_CURVE ( 'NONE', #6492, #7528, #4822, .T. ) ;
#5550 = EDGE_LOOP ( 'NONE', ( #6328, #823 ) ) ;
#5551 = FACE_OUTER_BOUND ( 'NONE', #5945, .T. ) ;
#5552 = FACE_OUTER_BOUND ( 'NONE', #7669, .T. ) ;
#5553 = FACE_OUTER_BOUND ( 'NONE', #1737, .T. ) ;
#5554 = DIRECTION ( 'NONE',  ( -0.000000000000000000, 1.000000000000000000, -0.000000000000000000 ) ) ;
#5555 = CARTESIAN_POINT ( 'NONE',  ( 115.0000000000000000, 0.000000000000000000, -101.0000000000000284 ) ) ;
#5556 = LINE ( 'NONE', #4815, #2748 ) ;
#5557 = AXIS2_PLACEMENT_3D ( 'NONE', #5770, #1091, #3486 ) ;
#5558 = ORIENTED_EDGE ( 'NONE', *, *, #3952, .F. ) ;
#5559 = EDGE_CURVE ( 'NONE', #5363, #1928, #625, .T. ) ;
#5560 = ORIENTED_EDGE ( 'NONE', *, *, #6810, .F. ) ;
#5561 = ORIENTED_EDGE ( 'NONE', *, *, #5708, .T. ) ;
#5562 = DIRECTION ( 'NONE',  ( -1.000000000000000000, 0.000000000000000000, 0.000000000000000000 ) ) ;
#5563 = CARTESIAN_POINT ( 'NONE',  ( -7.999999999999996447, 0.000000000000000000, -114.9999999999999858 ) ) ;
#5564 = ORIENTED_EDGE ( 'NONE', *, *, #1475, .F. ) ;
#5565 = LINE ( 'NONE', #6854, #7341 ) ;
#5566 = LINE ( 'NONE', #4225, #5016 ) ;
#5567 = LINE ( 'NONE', #6734, #6882 ) ;
#5568 = EDGE_CURVE ( 'NONE', #4793, #5870, #2938, .T. ) ;
#5569 = ORIENTED_EDGE ( 'NONE', *, *, #1585, .T. ) ;
#5570 = EDGE_CURVE ( 'NONE', #5000, #5493, #4639, .T. ) ;
#5571 = AXIS2_PLACEMENT_3D ( 'NONE', #4204, #4282, #6602 ) ;
#5572 = CARTESIAN_POINT ( 'NONE',  ( 88.92153903091735856, 5.000000000000000000, -91.39999999999997726 ) ) ;
#5573 = CARTESIAN_POINT ( 'NONE',  ( 142.0000000000000568, 8.000000000000000000, -44.25941951976449218 ) ) ;
#5574 = ORIENTED_EDGE ( 'NONE', *, *, #6281, .F. ) ;
#5575 = CYLINDRICAL_SURFACE ( 'NONE', #5462, 6.000000000000005329 ) ;
#5576 = FACE_BOUND ( 'NONE', #1665, .T. ) ;
#5577 = ORIENTED_EDGE ( 'NONE', *, *, #4656, .F. ) ;
#5578 = AXIS2_PLACEMENT_3D ( 'NONE', #4762, #7153, #2201 ) ;
#5579 = EDGE_CURVE ( 'NONE', #7095, #4793, #870, .T. ) ;
#5580 = DIRECTION ( 'NONE',  ( -0.000000000000000000, 1.000000000000000000, -0.000000000000000000 ) ) ;
#5581 = LINE ( 'NONE', #2704, #6489 ) ;
#5582 = CARTESIAN_POINT ( 'NONE',  ( 88.92153903091727329, 8.000000000000000000, -78.60000000000000853 ) ) ;
#5583 = ORIENTED_EDGE ( 'NONE', *, *, #4976, .T. ) ;
#5584 = DIRECTION ( 'NONE',  ( 0.000000000000000000, 1.000000000000000000, 0.000000000000000000 ) ) ;
#5585 = AXIS2_PLACEMENT_3D ( 'NONE', #5962, #1862, #5606 ) ;
#5586 = EDGE_CURVE ( 'NONE', #3435, #6135, #4185, .T. ) ;
#5587 = ORIENTED_EDGE ( 'NONE', *, *, #5353, .F. ) ;
#5588 = CARTESIAN_POINT ( 'NONE',  ( 148.0000000000000568, -2.000000000000000000, -112.4000000000000625 ) ) ;
#5589 = ORIENTED_EDGE ( 'NONE', *, *, #7094, .T. ) ;
#5590 = AXIS2_PLACEMENT_3D ( 'NONE', #1191, #3587, #3901 ) ;
#5591 = ORIENTED_EDGE ( 'NONE', *, *, #5934, .F. ) ;
#5592 = CARTESIAN_POINT ( 'NONE',  ( -2.000000000000016431, 0.000000000000000000, -55.50000000000001421 ) ) ;
#5593 = DIRECTION ( 'NONE',  ( 1.000000000000000000, 0.000000000000000000, 0.000000000000000000 ) ) ;
#5594 = EDGE_CURVE ( 'NONE', #4255, #1948, #3878, .T. ) ;
#5595 = DIRECTION ( 'NONE',  ( -0.4999999999999995004, 0.000000000000000000, 0.8660254037844389297 ) ) ;
#5596 = DIRECTION ( 'NONE',  ( 0.000000000000000000, 0.000000000000000000, 1.000000000000000000 ) ) ;
#5597 = CARTESIAN_POINT ( 'NONE',  ( 170.0000000000000000, 8.000000000000000000, 0.000000000000000000 ) ) ;
#5598 = VECTOR ( 'NONE', #368, 1000.000000000000000 ) ;
#5599 = ORIENTED_EDGE ( 'NONE', *, *, #3522, .T. ) ;
#5600 = VERTEX_POINT ( 'NONE', #3017 ) ;
#5601 = CIRCLE ( 'NONE', #7731, 2.125000000000001776 ) ;
#5602 = ORIENTED_EDGE ( 'NONE', *, *, #5463, .T. ) ;
#5603 = CARTESIAN_POINT ( 'NONE',  ( 128.4885937829695592, 0.000000000000000000, -69.00000000000002842 ) ) ;
#5604 = EDGE_CURVE ( 'NONE', #1893, #6370, #1239, .T. ) ;
#5605 = CARTESIAN_POINT ( 'NONE',  ( 90.99999999999997158, 5.000000000000000000, -75.00000000000000000 ) ) ;
#5606 = DIRECTION ( 'NONE',  ( 1.000000000000000000, 0.000000000000000000, -0.000000000000000000 ) ) ;
#5607 = CARTESIAN_POINT ( 'NONE',  ( 142.0000000000000568, -63.63175307973214956, -62.50000000000002842 ) ) ;
#5608 = FACE_OUTER_BOUND ( 'NONE', #4674, .T. ) ;
#5609 = ORIENTED_EDGE ( 'NONE', *, *, #404, .T. ) ;
#5610 = VECTOR ( 'NONE', #3795, 1000.000000000000000 ) ;
#5611 = DIRECTION ( 'NONE',  ( 0.000000000000000000, 0.000000000000000000, 1.000000000000000000 ) ) ;
#5612 = CARTESIAN_POINT ( 'NONE',  ( 21.99999999999998579, 0.000000000000000000, -37.50000000000002842 ) ) ;
#5613 = ADVANCED_FACE ( 'NONE', ( #6002 ), #1203, .F. ) ;
#5614 = EDGE_LOOP ( 'NONE', ( #4266, #5652, #6622, #7127 ) ) ;
#5615 = DIRECTION ( 'NONE',  ( 0.000000000000000000, 1.000000000000000000, 0.000000000000000000 ) ) ;
#5616 = VECTOR ( 'NONE', #1837, 1000.000000000000000 ) ;
#5617 = DIRECTION ( 'NONE',  ( 0.000000000000000000, 0.000000000000000000, 1.000000000000000000 ) ) ;
#5618 = ORIENTED_EDGE ( 'NONE', *, *, #6598, .T. ) ;
#5619 = CIRCLE ( 'NONE', #2229, 2.000000000000001776 ) ;
#5620 = LINE ( 'NONE', #1537, #4846 ) ;
#5621 = CARTESIAN_POINT ( 'NONE',  ( 166.5146231116498825, 0.000000000000000000, -11.86559982162469851 ) ) ;
#5622 = LINE ( 'NONE', #1261, #4983 ) ;
#5623 = CIRCLE ( 'NONE', #2737, 2.099999999999990763 ) ;
#5624 = EDGE_LOOP ( 'NONE', ( #1619, #6092, #2175, #210 ) ) ;
#5625 = CARTESIAN_POINT ( 'NONE',  ( -2.000000000000013767, 0.000000000000000000, -35.40000000000002700 ) ) ;
#5626 = VECTOR ( 'NONE', #397, 1000.000000000000000 ) ;
#5627 = EDGE_LOOP ( 'NONE', ( #4894, #2393, #4548, #6418, #3218, #3104 ) ) ;
#5628 = DIRECTION ( 'NONE',  ( -0.000000000000000000, 1.000000000000000000, -0.000000000000000000 ) ) ;
#5629 = AXIS2_PLACEMENT_3D ( 'NONE', #2497, #1937, #4269 ) ;
#5630 = EDGE_LOOP ( 'NONE', ( #4790, #834, #750, #5115 ) ) ;
#5631 = VECTOR ( 'NONE', #4637, 1000.000000000000114 ) ;
#5632 = CARTESIAN_POINT ( 'NONE',  ( 138.5146231116499109, 8.000000000000007105, -127.0798547238299108 ) ) ;
#5633 = CARTESIAN_POINT ( 'NONE',  ( 21.85910819620918133, 8.000000000000000000, 0.000000000000000000 ) ) ;
#5634 = PLANE ( 'NONE',  #4888 ) ;
#5635 = LINE ( 'NONE', #5012, #6637 ) ;
#5636 = VECTOR ( 'NONE', #2557, 1000.000000000000000 ) ;
#5637 = DIRECTION ( 'NONE',  ( 0.000000000000000000, 1.000000000000000000, 0.000000000000000000 ) ) ;
#5638 = CARTESIAN_POINT ( 'NONE',  ( 172.0000000000000284, 0.000000000000000000, -37.50000000000004263 ) ) ;
#5639 = ORIENTED_EDGE ( 'NONE', *, *, #6188, .T. ) ;
#5640 = ORIENTED_EDGE ( 'NONE', *, *, #7178, .T. ) ;
#5641 = EDGE_CURVE ( 'NONE', #7059, #3158, #5419, .T. ) ;
#5642 = AXIS2_PLACEMENT_3D ( 'NONE', #2263, #5763, #3988 ) ;
#5643 = CIRCLE ( 'NONE', #2117, 3.500000000000004885 ) ;
#5644 = ORIENTED_EDGE ( 'NONE', *, *, #3041, .F. ) ;
#5645 = CARTESIAN_POINT ( 'NONE',  ( 136.0000000000000284, 8.000000000000007105, -107.0000000000000426 ) ) ;
#5646 = FACE_OUTER_BOUND ( 'NONE', #6921, .T. ) ;
#5647 = DIRECTION ( 'NONE',  ( 0.000000000000000000, 0.000000000000000000, 1.000000000000000000 ) ) ;
#5648 = DIRECTION ( 'NONE',  ( 0.000000000000000000, 1.000000000000000000, 0.000000000000000000 ) ) ;
#5649 = LINE ( 'NONE', #335, #6399 ) ;
#5650 = AXIS2_PLACEMENT_3D ( 'NONE', #3365, #377, #2221 ) ;
#5651 = EDGE_CURVE ( 'NONE', #3977, #168, #2416, .T. ) ;
#5652 = ORIENTED_EDGE ( 'NONE', *, *, #6076, .F. ) ;
#5653 = ADVANCED_FACE ( 'NONE', ( #4042 ), #5307, .T. ) ;
#5654 = EDGE_CURVE ( 'NONE', #1785, #7245, #6132, .T. ) ;
#5655 = DIRECTION ( 'NONE',  ( -0.000000000000000000, -1.000000000000000000, -0.000000000000000000 ) ) ;
#5656 = CARTESIAN_POINT ( 'NONE',  ( 81.07846096908262723, 5.000000000000000000, -71.39999999999997726 ) ) ;
#5657 = ORIENTED_EDGE ( 'NONE', *, *, #1991, .T. ) ;
#5658 = DIRECTION ( 'NONE',  ( 0.000000000000000000, -1.000000000000000000, 0.000000000000000000 ) ) ;
#5659 = CARTESIAN_POINT ( 'NONE',  ( 148.0000000000000284, 0.000000000000000000, -57.60000000000002274 ) ) ;
#5660 = ORIENTED_EDGE ( 'NONE', *, *, #1560, .F. ) ;
#5661 = EDGE_CURVE ( 'NONE', #3899, #6672, #1857, .T. ) ;
#5662 = DIRECTION ( 'NONE',  ( 0.000000000000000000, 1.000000000000000000, 0.000000000000000000 ) ) ;
#5663 = DIRECTION ( 'NONE',  ( 0.000000000000000000, 0.000000000000000000, 1.000000000000000000 ) ) ;
#5664 = CARTESIAN_POINT ( 'NONE',  ( -4.614611127222605668E-17, 8.000000000000000000, -69.00000000000001421 ) ) ;
#5665 = ORIENTED_EDGE ( 'NONE', *, *, #6940, .F. ) ;
#5666 = DIRECTION ( 'NONE',  ( 0.000000000000000000, 1.000000000000000000, 0.000000000000000000 ) ) ;
#5667 = ORIENTED_EDGE ( 'NONE', *, *, #686, .T. ) ;
#5668 = LINE ( 'NONE', #6757, #2112 ) ;
#5669 = EDGE_CURVE ( 'NONE', #152, #5973, #6393, .T. ) ;
#5670 = EDGE_LOOP ( 'NONE', ( #6052, #5739, #1382, #2094, #72, #5043 ) ) ;
#5671 = CARTESIAN_POINT ( 'NONE',  ( 69.00000000000000000, 8.000000000000000000, -105.0000000000000284 ) ) ;
#5672 = PLANE ( 'NONE',  #69 ) ;
#5673 = FACE_OUTER_BOUND ( 'NONE', #790, .T. ) ;
#5674 = CARTESIAN_POINT ( 'NONE',  ( 172.0000000000000284, 4.000000000000000000, -37.50000000000004263 ) ) ;
#5675 = CARTESIAN_POINT ( 'NONE',  ( -19.80599157813204059, 0.000000000000000000, -119.0000000000000142 ) ) ;
#5676 = EDGE_LOOP ( 'NONE', ( #4052, #7273, #6376, #3453 ) ) ;
#5677 = ORIENTED_EDGE ( 'NONE', *, *, #6281, .T. ) ;
#5678 = ORIENTED_EDGE ( 'NONE', *, *, #3831, .T. ) ;
#5679 = DIRECTION ( 'NONE',  ( -0.000000000000000000, -1.000000000000000000, -0.000000000000000000 ) ) ;
#5680 = CARTESIAN_POINT ( 'NONE',  ( 148.0000000000000284, 0.000000000000000000, -37.50000000000004263 ) ) ;
#5681 = LINE ( 'NONE', #810, #3819 ) ;
#5682 = DIRECTION ( 'NONE',  ( 0.000000000000000000, 0.000000000000000000, 1.000000000000000000 ) ) ;
#5683 = ADVANCED_FACE ( 'NONE', ( #100 ), #2451, .F. ) ;
#5684 = DIRECTION ( 'NONE',  ( -1.000000000000000000, 0.000000000000000000, 0.000000000000000000 ) ) ;
#5685 = ORIENTED_EDGE ( 'NONE', *, *, #1009, .F. ) ;
#5686 = EDGE_CURVE ( 'NONE', #5498, #7603, #5761, .T. ) ;
#5687 = CARTESIAN_POINT ( 'NONE',  ( 5.510910596163095472E-16, 6.000000000000000000, -3.500000000000004885 ) ) ;
#5688 = CARTESIAN_POINT ( 'NONE',  ( 172.0000000000000284, 4.000000000000000000, -132.5000000000000284 ) ) ;
#5689 = ORIENTED_EDGE ( 'NONE', *, *, #6030, .T. ) ;
#5690 = CARTESIAN_POINT ( 'NONE',  ( -2.000000000000009770, 4.000000000000000000, -132.5000000000000284 ) ) ;
#5691 = CYLINDRICAL_SURFACE ( 'NONE', #2113, 2.099999999999990763 ) ;
#5692 = EDGE_CURVE ( 'NONE', #4541, #390, #5141, .T. ) ;
#5693 = ORIENTED_EDGE ( 'NONE', *, *, #1921, .F. ) ;
#5694 = CARTESIAN_POINT ( 'NONE',  ( 8.000000000000001776, 8.000000000000000000, -170.0000000000000000 ) ) ;
#5695 = DIRECTION ( 'NONE',  ( 0.000000000000000000, 0.000000000000000000, 1.000000000000000000 ) ) ;
#5696 = EDGE_LOOP ( 'NONE', ( #1201, #5558, #4500, #2249 ) ) ;
#5697 = LINE ( 'NONE', #310, #44 ) ;
#5698 = DIRECTION ( 'NONE',  ( 1.000000000000000000, -0.000000000000000000, 3.016910393003142612E-17 ) ) ;
#5699 = ADVANCED_FACE ( 'NONE', ( #2496 ), #1245, .F. ) ;
#5700 = ORIENTED_EDGE ( 'NONE', *, *, #1152, .F. ) ;
#5701 = CARTESIAN_POINT ( 'NONE',  ( 45.96753688208080746, 8.000000000000000000, -58.98217726921688353 ) ) ;
#5702 = AXIS2_PLACEMENT_3D ( 'NONE', #4694, #4167, #4055 ) ;
#5703 = VERTEX_POINT ( 'NONE', #7326 ) ;
#5704 = AXIS2_PLACEMENT_3D ( 'NONE', #2278, #5818, #5969 ) ;
#5705 = PLANE ( 'NONE',  #6713 ) ;
#5706 = CARTESIAN_POINT ( 'NONE',  ( 83.15692193816529709, 8.000000000000000000, -74.99999999999998579 ) ) ;
#5707 = CARTESIAN_POINT ( 'NONE',  ( 159.6191487473286656, -28.74456470360965810, -22.50000000000002132 ) ) ;
#5708 = EDGE_CURVE ( 'NONE', #5268, #678, #5505, .T. ) ;
#5709 = ORIENTED_EDGE ( 'NONE', *, *, #3342, .T. ) ;
#5710 = LINE ( 'NONE', #3937, #1946 ) ;
#5711 = FACE_OUTER_BOUND ( 'NONE', #2966, .T. ) ;
#5712 = AXIS2_PLACEMENT_3D ( 'NONE', #4267, #25, #2495 ) ;
#5713 = ORIENTED_EDGE ( 'NONE', *, *, #6981, .T. ) ;
#5714 = ORIENTED_EDGE ( 'NONE', *, *, #3638, .F. ) ;
#5715 = VERTEX_POINT ( 'NONE', #4863 ) ;
#5716 = VECTOR ( 'NONE', #5990, 1000.000000000000000 ) ;
#5717 = CARTESIAN_POINT ( 'NONE',  ( 128.4885937829695592, -63.63175307973214956, -63.00000000000002842 ) ) ;
#5718 = FACE_OUTER_BOUND ( 'NONE', #235, .T. ) ;
#5719 = CARTESIAN_POINT ( 'NONE',  ( 88.92153903091733014, 5.000000000000000000, -98.59999999999998010 ) ) ;
#5720 = FACE_OUTER_BOUND ( 'NONE', #1913, .T. ) ;
#5721 = CARTESIAN_POINT ( 'NONE',  ( 88.92153903091727329, 5.000000000000000000, -78.60000000000000853 ) ) ;
#5722 = ORIENTED_EDGE ( 'NONE', *, *, #985, .F. ) ;
#5723 = CIRCLE ( 'NONE', #7478, 4.250000000000003553 ) ;
#5724 = FACE_OUTER_BOUND ( 'NONE', #2942, .T. ) ;
#5725 = CYLINDRICAL_SURFACE ( 'NONE', #2596, 4.250000000000003553 ) ;
#5726 = EDGE_LOOP ( 'NONE', ( #250, #66, #7246, #5292 ) ) ;
#5727 = DIRECTION ( 'NONE',  ( 0.6843142041691715471, 0.000000000000000000, 0.7291872667376422257 ) ) ;
#5728 = DIRECTION ( 'NONE',  ( -0.000000000000000000, -1.000000000000000000, -0.000000000000000000 ) ) ;
#5729 = VECTOR ( 'NONE', #5432, 1000.000000000000000 ) ;
#5730 = VERTEX_POINT ( 'NONE', #777 ) ;
#5731 = CIRCLE ( 'NONE', #2456, 2.125000000000015987 ) ;
#5732 = EDGE_CURVE ( 'NONE', #3747, #4751, #3166, .T. ) ;
#5733 = AXIS2_PLACEMENT_3D ( 'NONE', #4691, #7075, #3540 ) ;
#5734 = DIRECTION ( 'NONE',  ( -0.000000000000000000, 1.000000000000000000, -0.000000000000000000 ) ) ;
#5735 = CARTESIAN_POINT ( 'NONE',  ( 172.0000000000000284, 4.000000000000000000, -114.5000000000000426 ) ) ;
#5736 = ORIENTED_EDGE ( 'NONE', *, *, #4912, .F. ) ;
#5737 = CARTESIAN_POINT ( 'NONE',  ( 109.8877693287756330, 8.000000000000000000, -114.4705738749248667 ) ) ;
#5738 = DIRECTION ( 'NONE',  ( -0.000000000000000000, -1.000000000000000000, -0.000000000000000000 ) ) ;
#5739 = ORIENTED_EDGE ( 'NONE', *, *, #5549, .T. ) ;
#5740 = CARTESIAN_POINT ( 'NONE',  ( 170.0000000000000000, 8.000000000000000000, -164.4999999999999716 ) ) ;
#5741 = AXIS2_PLACEMENT_3D ( 'NONE', #5887, #6514, #6548 ) ;
#5742 = VECTOR ( 'NONE', #4080, 1000.000000000000000 ) ;
#5743 = EDGE_LOOP ( 'NONE', ( #3744, #1298, #7754, #2092 ) ) ;
#5744 = EDGE_CURVE ( 'NONE', #6808, #600, #4881, .T. ) ;
#5745 = ADVANCED_FACE ( 'NONE', ( #2616 ), #1936, .F. ) ;
#5746 = AXIS2_PLACEMENT_3D ( 'NONE', #1155, #2926, #5330 ) ;
#5747 = DIRECTION ( 'NONE',  ( 1.000000000000000000, 0.000000000000000000, -0.000000000000000000 ) ) ;
#5748 = DIRECTION ( 'NONE',  ( -6.676953772165175354E-15, 0.000000000000000000, 1.000000000000000000 ) ) ;
#5749 = CARTESIAN_POINT ( 'NONE',  ( 41.51140621703041234, 8.000000000000000000, -101.0000000000000142 ) ) ;
#5750 = VERTEX_POINT ( 'NONE', #4338 ) ;
#5751 = APPROVAL_ROLE ( '' ) ;
#5752 = FACE_OUTER_BOUND ( 'NONE', #7032, .T. ) ;
#5753 = DIRECTION ( 'NONE',  ( 0.000000000000000000, 0.000000000000000000, 1.000000000000000000 ) ) ;
#5754 = AXIS2_PLACEMENT_3D ( 'NONE', #5914, #4617, #5831 ) ;
#5755 = AXIS2_PLACEMENT_3D ( 'NONE', #3422, #4563, #6955 ) ;
#5756 = VERTEX_POINT ( 'NONE', #1899 ) ;
#5757 = VERTEX_POINT ( 'NONE', #4303 ) ;
#5758 = ADVANCED_FACE ( 'NONE', ( #1863 ), #6732, .T. ) ;
#5759 = EDGE_LOOP ( 'NONE', ( #346, #2166, #269, #2038 ) ) ;
#5760 = CIRCLE ( 'NONE', #6131, 2.125000000000001776 ) ;
#5761 = CIRCLE ( 'NONE', #2364, 2.099999999999997868 ) ;
#5762 = FACE_BOUND ( 'NONE', #5444, .T. ) ;
#5763 = DIRECTION ( 'NONE',  ( -0.000000000000000000, 1.000000000000000000, -0.000000000000000000 ) ) ;
#5764 = FACE_BOUND ( 'NONE', #7215, .T. ) ;
#5765 = DIRECTION ( 'NONE',  ( 0.000000000000000000, 1.000000000000000000, 0.000000000000000000 ) ) ;
#5766 = DIRECTION ( 'NONE',  ( -0.8660254037844384856, 0.000000000000000000, -0.5000000000000003331 ) ) ;
#5767 = VECTOR ( 'NONE', #3277, 1000.000000000000000 ) ;
#5768 = ORIENTED_EDGE ( 'NONE', *, *, #530, .T. ) ;
#5769 = ADVANCED_FACE ( 'NONE', ( #1820 ), #6690, .F. ) ;
#5770 = CARTESIAN_POINT ( 'NONE',  ( 148.0000000000000568, 4.000000000000000000, -114.5000000000000426 ) ) ;
#5771 = DIRECTION ( 'NONE',  ( 0.000000000000000000, 0.000000000000000000, 1.000000000000000000 ) ) ;
#5772 = CIRCLE ( 'NONE', #5896, 4.250000000000003553 ) ;
#5773 = ORIENTED_EDGE ( 'NONE', *, *, #1264, .T. ) ;
#5774 = DIRECTION ( 'NONE',  ( -0.8660254037844390407, 0.000000000000000000, 0.4999999999999994449 ) ) ;
#5775 = CARTESIAN_POINT ( 'NONE',  ( 0.000000000000000000, 0.000000000000000000, -162.0000000000000000 ) ) ;
#5776 = EDGE_LOOP ( 'NONE', ( #5935, #5700 ) ) ;
#5777 = CYLINDRICAL_SURFACE ( 'NONE', #86, 4.250000000000003553 ) ;
#5778 = DIRECTION ( 'NONE',  ( 0.000000000000000000, 0.000000000000000000, 1.000000000000000000 ) ) ;
#5779 = ORIENTED_EDGE ( 'NONE', *, *, #2962, .F. ) ;
#5780 = PLANE ( 'NONE',  #3941 ) ;
#5781 = CARTESIAN_POINT ( 'NONE',  ( -13.99999999999999112, 8.000000000000000000, -114.9999999999999858 ) ) ;
#5782 = ORIENTED_EDGE ( 'NONE', *, *, #555, .T. ) ;
#5783 = DIRECTION ( 'NONE',  ( 0.000000000000000000, 1.000000000000000000, 0.000000000000000000 ) ) ;
#5784 = EDGE_CURVE ( 'NONE', #3467, #1291, #5566, .T. ) ;
#5785 = ORIENTED_EDGE ( 'NONE', *, *, #2726, .F. ) ;
#5786 = DIRECTION ( 'NONE',  ( 0.000000000000000000, 0.000000000000000000, 1.000000000000000000 ) ) ;
#5787 = CARTESIAN_POINT ( 'NONE',  ( 17.48398459578332975, 3.469446951953614189E-15, -10.10588522501502950 ) ) ;
#5788 = EDGE_CURVE ( 'NONE', #1656, #7646, #3378, .T. ) ;
#5789 = DIRECTION ( 'NONE',  ( 0.6696371217971889278, 0.000000000000000000, -0.7426884441750637444 ) ) ;
#5790 = ORIENTED_EDGE ( 'NONE', *, *, #6304, .F. ) ;
#5791 = PERSON_AND_ORGANIZATION ( #4848, #1639 ) ;
#5792 = DIRECTION ( 'NONE',  ( -0.000000000000000000, 1.000000000000000000, -0.000000000000000000 ) ) ;
#5793 = CARTESIAN_POINT ( 'NONE',  ( -13.80599157813204059, 3.000000000000000000, -137.2500000000000000 ) ) ;
#5794 = CIRCLE ( 'NONE', #3149, 2.099999999999997868 ) ;
#5795 = EDGE_CURVE ( 'NONE', #7768, #6142, #3709, .T. ) ;
#5796 = VERTEX_POINT ( 'NONE', #5488 ) ;
#5797 = ORIENTED_EDGE ( 'NONE', *, *, #3436, .T. ) ;
#5798 = CIRCLE ( 'NONE', #1270, 3.500000000000016875 ) ;
#5799 = ORIENTED_EDGE ( 'NONE', *, *, #5337, .F. ) ;
#5800 = DIRECTION ( 'NONE',  ( 0.000000000000000000, 0.000000000000000000, -1.000000000000000000 ) ) ;
#5801 = CARTESIAN_POINT ( 'NONE',  ( 74.84307806183468870, 8.000000000000000000, -95.00000000000000000 ) ) ;
#5802 = FACE_BOUND ( 'NONE', #7346, .T. ) ;
#5803 = LINE ( 'NONE', #1591, #2621 ) ;
#5804 = EDGE_CURVE ( 'NONE', #4027, #6788, #3829, .T. ) ;
#5805 = ORIENTED_EDGE ( 'NONE', *, *, #7270, .T. ) ;
#5806 = DIRECTION ( 'NONE',  ( -0.000000000000000000, 1.000000000000000000, -0.000000000000000000 ) ) ;
#5807 = DIRECTION ( 'NONE',  ( 0.000000000000000000, 1.000000000000000000, 0.000000000000000000 ) ) ;
#5808 = LINE ( 'NONE', #5229, #6733 ) ;
#5809 = EDGE_LOOP ( 'NONE', ( #4840, #875, #3548, #2921 ) ) ;
#5810 = CARTESIAN_POINT ( 'NONE',  ( 0.000000000000000000, 0.000000000000000000, -13.20487406521907126 ) ) ;
#5811 = DIRECTION ( 'NONE',  ( -0.000000000000000000, -1.000000000000000000, -0.000000000000000000 ) ) ;
#5812 = EDGE_CURVE ( 'NONE', #3503, #4122, #5803, .T. ) ;
#5813 = ORIENTED_EDGE ( 'NONE', *, *, #772, .T. ) ;
#5814 = ADVANCED_FACE ( 'NONE', ( #5026 ), #5059, .T. ) ;
#5815 = DIRECTION ( 'NONE',  ( 0.000000000000000000, 1.000000000000000000, 0.000000000000000000 ) ) ;
#5816 = LINE ( 'NONE', #4477, #2081 ) ;
#5817 = ORIENTED_EDGE ( 'NONE', *, *, #6565, .F. ) ;
#5818 = DIRECTION ( 'NONE',  ( -0.000000000000000000, 0.000000000000000000, 1.000000000000000000 ) ) ;
#5819 = DIRECTION ( 'NONE',  ( -0.000000000000000000, 1.000000000000000000, -0.000000000000000000 ) ) ;
#5820 = EDGE_LOOP ( 'NONE', ( #571, #1955, #3811, #3346, #658, #1801, #6809, #7065 ) ) ;
#5821 = FACE_OUTER_BOUND ( 'NONE', #3569, .T. ) ;
#5822 = EDGE_CURVE ( 'NONE', #4106, #1948, #2690, .T. ) ;
#5823 = VERTEX_POINT ( 'NONE', #3367 ) ;
#5824 = CARTESIAN_POINT ( 'NONE',  ( 93.07846096908261302, 5.000000000000000000, -91.39999999999997726 ) ) ;
#5825 = DIRECTION ( 'NONE',  ( -0.000000000000000000, 1.000000000000000000, -0.000000000000000000 ) ) ;
#5826 = ORIENTED_EDGE ( 'NONE', *, *, #4775, .F. ) ;
#5827 = CARTESIAN_POINT ( 'NONE',  ( -7.943183087842177884E-18, 0.000000000000000000, -151.5000000000000284 ) ) ;
#5828 = AXIS2_PLACEMENT_3D ( 'NONE', #2828, #4012, #7701 ) ;
#5829 = ORIENTED_EDGE ( 'NONE', *, *, #4944, .T. ) ;
#5830 = PERSON_AND_ORGANIZATION_ROLE ( 'creator' ) ;
#5831 = DIRECTION ( 'NONE',  ( -0.4999999999999996114, 0.000000000000000000, 0.8660254037844388186 ) ) ;
#5832 = ORIENTED_EDGE ( 'NONE', *, *, #5788, .F. ) ;
#5833 = ORIENTED_EDGE ( 'NONE', *, *, #1408, .T. ) ;
#5834 = AXIS2_PLACEMENT_3D ( 'NONE', #6243, #301, #7421 ) ;
#5835 = VERTEX_POINT ( 'NONE', #4546 ) ;
#5836 = ADVANCED_FACE ( 'NONE', ( #4422 ), #928, .F. ) ;
#5837 = CARTESIAN_POINT ( 'NONE',  ( 21.99999999999999645, 4.000000000000000000, -114.5000000000000426 ) ) ;
#5838 = DIRECTION ( 'NONE',  ( 0.000000000000000000, 0.000000000000000000, -1.000000000000000000 ) ) ;
#5839 = CARTESIAN_POINT ( 'NONE',  ( -2.000000000000007105, -2.000000000000000000, -114.5000000000000426 ) ) ;
#5840 = CARTESIAN_POINT ( 'NONE',  ( 170.0000000000000000, 8.000000000000000000, -170.0000000000000000 ) ) ;
#5841 = EDGE_LOOP ( 'NONE', ( #2571, #5204, #5405, #2887, #5875, #5677 ) ) ;
#5842 = VECTOR ( 'NONE', #6890, 1000.000000000000000 ) ;
#5843 = ORIENTED_EDGE ( 'NONE', *, *, #4330, .T. ) ;
#5844 = EDGE_CURVE ( 'NONE', #5986, #217, #996, .T. ) ;
#5845 = DIRECTION ( 'NONE',  ( -0.000000000000000000, -0.000000000000000000, -1.000000000000000000 ) ) ;
#5846 = CARTESIAN_POINT ( 'NONE',  ( 95.15692193816525446, 8.000000000000000000, -94.99999999999998579 ) ) ;
#5847 = ORIENTED_EDGE ( 'NONE', *, *, #59, .F. ) ;
#5848 = CARTESIAN_POINT ( 'NONE',  ( 0.000000000000000000, 0.000000000000000000, -2.100000000000000089 ) ) ;
#5849 = CARTESIAN_POINT ( 'NONE',  ( 172.0000000000000284, 0.000000000000000000, -132.5000000000000284 ) ) ;
#5850 = AXIS2_PLACEMENT_3D ( 'NONE', #1541, #7523, #6967 ) ;
#5851 = EDGE_LOOP ( 'NONE', ( #7235, #3059 ) ) ;
#5852 = EDGE_CURVE ( 'NONE', #4134, #6903, #5391, .T. ) ;
#5853 = AXIS2_PLACEMENT_3D ( 'NONE', #4920, #7303, #272 ) ;
#5854 = DIRECTION ( 'NONE',  ( 0.000000000000000000, 0.000000000000000000, 1.000000000000000000 ) ) ;
#5855 = CARTESIAN_POINT ( 'NONE',  ( 93.07846096908262723, 5.000000000000000000, -78.60000000000000853 ) ) ;
#5856 = ORIENTED_EDGE ( 'NONE', *, *, #6035, .F. ) ;
#5857 = DIRECTION ( 'NONE',  ( -0.000000000000000000, 1.000000000000000000, -0.000000000000000000 ) ) ;
#5858 = DIRECTION ( 'NONE',  ( -0.000000000000000000, 1.000000000000000000, -0.000000000000000000 ) ) ;
#5859 = ORIENTED_EDGE ( 'NONE', *, *, #1249, .T. ) ;
#5860 = DIRECTION ( 'NONE',  ( 0.000000000000000000, 1.000000000000000000, 0.000000000000000000 ) ) ;
#5861 = AXIS2_PLACEMENT_3D ( 'NONE', #3269, #3924, #5311 ) ;
#5862 = ORIENTED_EDGE ( 'NONE', *, *, #3914, .T. ) ;
#5863 = CIRCLE ( 'NONE', #2847, 2.100000000000000089 ) ;
#5864 = DIRECTION ( 'NONE',  ( -0.000000000000000000, 1.000000000000000000, -0.000000000000000000 ) ) ;
#5865 = CARTESIAN_POINT ( 'NONE',  ( -2.000000000000007105, 4.000000000000000000, -114.5000000000000426 ) ) ;
#5866 = EDGE_CURVE ( 'NONE', #1679, #4022, #334, .T. ) ;
#5867 = ORIENTED_EDGE ( 'NONE', *, *, #3449, .F. ) ;
#5868 = CARTESIAN_POINT ( 'NONE',  ( 170.0000000000000000, 8.000000000000000000, -170.0000000000000000 ) ) ;
#5869 = AXIS2_PLACEMENT_3D ( 'NONE', #2269, #7061, #1200 ) ;
#5870 = VERTEX_POINT ( 'NONE', #6315 ) ;
#5871 = AXIS2_PLACEMENT_3D ( 'NONE', #2634, #349, #5039 ) ;
#5872 = CARTESIAN_POINT ( 'NONE',  ( 34.00000000000003553, 0.000000000000000000, -63.00000000000001421 ) ) ;
#5873 = EDGE_LOOP ( 'NONE', ( #4664, #637, #4437, #1605 ) ) ;
#5874 = VECTOR ( 'NONE', #2958, 1000.000000000000000 ) ;
#5875 = ORIENTED_EDGE ( 'NONE', *, *, #4152, .T. ) ;
#5876 = DIRECTION ( 'NONE',  ( -0.000000000000000000, -1.000000000000000000, -0.000000000000000000 ) ) ;
#5877 = DIRECTION ( 'NONE',  ( 0.000000000000000000, 1.000000000000000000, 0.000000000000000000 ) ) ;
#5878 = AXIS2_PLACEMENT_3D ( 'NONE', #3902, #6268, #6968 ) ;
#5879 = FACE_BOUND ( 'NONE', #7672, .T. ) ;
#5880 = LINE ( 'NONE', #1891, #3263 ) ;
#5881 = EDGE_CURVE ( 'NONE', #5973, #152, #5276, .T. ) ;
#5882 = VERTEX_POINT ( 'NONE', #2058 ) ;
#5883 = CIRCLE ( 'NONE', #4760, 2.099999999999990763 ) ;
#5884 = VECTOR ( 'NONE', #3528, 1000.000000000000000 ) ;
#5885 = ORIENTED_EDGE ( 'NONE', *, *, #7515, .F. ) ;
#5886 = LINE ( 'NONE', #6471, #4556 ) ;
#5887 = CARTESIAN_POINT ( 'NONE',  ( 170.0000000000000000, 8.000000000000000000, -170.0000000000000000 ) ) ;
#5888 = ORIENTED_EDGE ( 'NONE', *, *, #3296, .T. ) ;
#5889 = ADVANCED_FACE ( 'NONE', ( #5720 ), #1432, .T. ) ;
#5890 = CARTESIAN_POINT ( 'NONE',  ( 55.00000000000002842, 8.000000000000000000, -69.00000000000001421 ) ) ;
#5891 = DIRECTION ( 'NONE',  ( 1.000000000000000000, 0.000000000000000000, 0.000000000000000000 ) ) ;
#5892 = AXIS2_PLACEMENT_3D ( 'NONE', #5605, #1395, #2652 ) ;
#5893 = VECTOR ( 'NONE', #4328, 1000.000000000000114 ) ;
#5894 = EDGE_CURVE ( 'NONE', #2280, #5882, #628, .T. ) ;
#5895 = ORIENTED_EDGE ( 'NONE', *, *, #914, .F. ) ;
#5896 = AXIS2_PLACEMENT_3D ( 'NONE', #290, #2688, #3626 ) ;
#5897 = DIRECTION ( 'NONE',  ( 0.000000000000000000, 0.000000000000000000, 1.000000000000000000 ) ) ;
#5898 = CARTESIAN_POINT ( 'NONE',  ( 21.99999999999998224, 4.000000000000000000, -59.75000000000002132 ) ) ;
#5899 = ORIENTED_EDGE ( 'NONE', *, *, #6147, .F. ) ;
#5900 = FACE_OUTER_BOUND ( 'NONE', #5188, .T. ) ;
#5901 = CARTESIAN_POINT ( 'NONE',  ( 88.92153903091735856, 5.000000000000000000, -91.39999999999997726 ) ) ;
#5902 = ORIENTED_EDGE ( 'NONE', *, *, #5927, .F. ) ;
#5903 = FACE_BOUND ( 'NONE', #2109, .T. ) ;
#5904 = EDGE_CURVE ( 'NONE', #587, #957, #4008, .T. ) ;
#5905 = LOCAL_TIME ( 18, 43, 21.00000000000000000, #3900 ) ;
#5906 = EDGE_CURVE ( 'NONE', #5915, #1093, #5643, .T. ) ;
#5907 = VECTOR ( 'NONE', #955, 1000.000000000000114 ) ;
#5908 = ORIENTED_EDGE ( 'NONE', *, *, #3930, .F. ) ;
#5909 = CARTESIAN_POINT ( 'NONE',  ( 28.00000000000001776, 8.000000000000007105, -125.7405804802355078 ) ) ;
#5910 = CIRCLE ( 'NONE', #2016, 6.000000000000005329 ) ;
#5911 = CARTESIAN_POINT ( 'NONE',  ( -7.999999999999998224, 0.000000000000000000, -151.0000000000000284 ) ) ;
#5912 = DIRECTION ( 'NONE',  ( 0.000000000000000000, 1.000000000000000000, 0.000000000000000000 ) ) ;
#5913 = VERTEX_POINT ( 'NONE', #1471 ) ;
#5914 = CARTESIAN_POINT ( 'NONE',  ( 88.92153903091733014, 5.000000000000000000, -98.59999999999998010 ) ) ;
#5915 = VERTEX_POINT ( 'NONE', #3874 ) ;
#5916 = EDGE_CURVE ( 'NONE', #3182, #1685, #5020, .T. ) ;
#5917 = EDGE_LOOP ( 'NONE', ( #4346, #924, #6229, #1647 ) ) ;
#5918 = DIRECTION ( 'NONE',  ( -1.000000000000000000, 0.000000000000000000, -0.000000000000000000 ) ) ;
#5919 = CARTESIAN_POINT ( 'NONE',  ( -2.000000000000013767, 4.000000000000000000, -33.25000000000002132 ) ) ;
#5920 = FACE_BOUND ( 'NONE', #2519, .T. ) ;
#5921 = DIRECTION ( 'NONE',  ( -0.000000000000000000, 1.000000000000000000, -0.000000000000000000 ) ) ;
#5922 = CIRCLE ( 'NONE', #4672, 6.000000000000005329 ) ;
#5923 = EDGE_LOOP ( 'NONE', ( #4698, #6693, #7172, #4914 ) ) ;
#5924 = ORIENTED_EDGE ( 'NONE', *, *, #5244, .F. ) ;
#5925 = DIRECTION ( 'NONE',  ( 0.000000000000000000, 1.000000000000000000, 0.000000000000000000 ) ) ;
#5926 = CARTESIAN_POINT ( 'NONE',  ( 21.99999999999999289, 0.000000000000000000, -132.5000000000000284 ) ) ;
#5927 = EDGE_CURVE ( 'NONE', #7245, #1785, #982, .T. ) ;
#5928 = ORIENTED_EDGE ( 'NONE', *, *, #4424, .T. ) ;
#5929 = CARTESIAN_POINT ( 'NONE',  ( -2.000000000000009326, -2.000000000000000000, -134.6000000000000227 ) ) ;
#5930 = CARTESIAN_POINT ( 'NONE',  ( -2.000000000000016431, 8.000000000000000000, -55.50000000000001421 ) ) ;
#5931 = ORIENTED_EDGE ( 'NONE', *, *, #7266, .T. ) ;
#5932 = DIRECTION ( 'NONE',  ( -0.000000000000000000, 1.000000000000000000, -0.000000000000000000 ) ) ;
#5933 = CARTESIAN_POINT ( 'NONE',  ( 172.0000000000000284, 8.000000000000000000, -110.2500000000000426 ) ) ;
#5934 = EDGE_CURVE ( 'NONE', #1764, #2575, #7024, .T. ) ;
#5935 = ORIENTED_EDGE ( 'NONE', *, *, #6747, .F. ) ;
#5936 = DIRECTION ( 'NONE',  ( 0.000000000000000000, 0.000000000000000000, 1.000000000000000000 ) ) ;
#5937 = DIRECTION ( 'NONE',  ( 0.000000000000000000, 0.000000000000000000, 1.000000000000000000 ) ) ;
#5938 = VERTEX_POINT ( 'NONE', #3946 ) ;
#5939 = AXIS2_PLACEMENT_3D ( 'NONE', #4676, #5807, #7060 ) ;
#5940 = ORIENTED_EDGE ( 'NONE', *, *, #4352, .T. ) ;
#5941 = CARTESIAN_POINT ( 'NONE',  ( 11.86622814102146251, 7.999999999999986677, -148.8392742435943887 ) ) ;
#5942 = DIRECTION ( 'NONE',  ( 1.000000000000000000, 0.000000000000000000, 0.000000000000000000 ) ) ;
#5943 = EDGE_CURVE ( 'NONE', #3886, #6152, #4583, .T. ) ;
#5944 = DIRECTION ( 'NONE',  ( -0.000000000000000000, 1.000000000000000000, -0.000000000000000000 ) ) ;
#5945 = EDGE_LOOP ( 'NONE', ( #2975, #5640, #1334, #3760 ) ) ;
#5946 = CARTESIAN_POINT ( 'NONE',  ( -2.000000000000015987, 4.000000000000000000, -59.75000000000002132 ) ) ;
#5947 = EDGE_LOOP ( 'NONE', ( #7324, #7147, #3411, #6971 ) ) ;
#5948 = EDGE_LOOP ( 'NONE', ( #4591, #5375, #7664, #4024 ) ) ;
#5949 = EDGE_CURVE ( 'NONE', #4122, #1447, #3520, .T. ) ;
#5950 = CARTESIAN_POINT ( 'NONE',  ( 170.0000000000000000, 0.000000000000000000, -8.000000000000012434 ) ) ;
#5951 = CARTESIAN_POINT ( 'NONE',  ( 170.0000000000000000, 8.000000000000000000, -8.000000000000012434 ) ) ;
#5952 = DIRECTION ( 'NONE',  ( 0.000000000000000000, 0.000000000000000000, 1.000000000000000000 ) ) ;
#5953 = CARTESIAN_POINT ( 'NONE',  ( 21.99999999999999289, 4.000000000000000000, -128.2500000000000284 ) ) ;
#5954 = ADVANCED_FACE ( 'NONE', ( #2930 ), #3552, .F. ) ;
#5955 = CIRCLE ( 'NONE', #2552, 4.250000000000003553 ) ;
#5956 = ORIENTED_EDGE ( 'NONE', *, *, #6730, .F. ) ;
#5957 = VERTEX_POINT ( 'NONE', #5953 ) ;
#5958 = AXIS2_PLACEMENT_3D ( 'NONE', #3138, #3603, #6632 ) ;
#5959 = CARTESIAN_POINT ( 'NONE',  ( 10.38085125267133613, 8.000000000000000000, -22.50000000000000000 ) ) ;
#5960 = CARTESIAN_POINT ( 'NONE',  ( 76.92153903091731593, 5.000000000000000000, -98.59999999999999432 ) ) ;
#5961 = EDGE_LOOP ( 'NONE', ( #666, #7285, #1312, #6040 ) ) ;
#5962 = CARTESIAN_POINT ( 'NONE',  ( -23.80599157813204059, 8.000000000000000000, -145.0000000000000284 ) ) ;
#5963 = CARTESIAN_POINT ( 'NONE',  ( -2.000000000000016431, 4.000000000000000000, -55.50000000000001421 ) ) ;
#5964 = VERTEX_POINT ( 'NONE', #2851 ) ;
#5965 = CIRCLE ( 'NONE', #1569, 5.500000000000005329 ) ;
#5966 = CARTESIAN_POINT ( 'NONE',  ( 90.99999999999997158, 0.000000000000000000, -75.00000000000000000 ) ) ;
#5967 = DIRECTION ( 'NONE',  ( 0.000000000000000000, 0.000000000000000000, 1.000000000000000000 ) ) ;
#5968 = ORIENTED_EDGE ( 'NONE', *, *, #7333, .F. ) ;
#5969 = DIRECTION ( 'NONE',  ( 1.000000000000000000, 0.000000000000000000, 0.000000000000000000 ) ) ;
#5970 = DIRECTION ( 'NONE',  ( -0.000000000000000000, 1.000000000000000000, -0.000000000000000000 ) ) ;
#5971 = VECTOR ( 'NONE', #6313, 1000.000000000000000 ) ;
#5972 = ORIENTED_EDGE ( 'NONE', *, *, #6294, .F. ) ;
#5973 = VERTEX_POINT ( 'NONE', #569 ) ;
#5974 = ADVANCED_FACE ( 'NONE', ( #1127 ), #500, .F. ) ;
#5975 = VECTOR ( 'NONE', #5132, 1000.000000000000000 ) ;
#5976 = DIRECTION ( 'NONE',  ( -0.000000000000000000, -1.000000000000000000, -0.000000000000000000 ) ) ;
#5977 = DIRECTION ( 'NONE',  ( 0.000000000000000000, 0.000000000000000000, 1.000000000000000000 ) ) ;
#5978 = DIRECTION ( 'NONE',  ( 0.000000000000000000, 0.000000000000000000, 1.000000000000000000 ) ) ;
#5979 = ORIENTED_EDGE ( 'NONE', *, *, #7274, .T. ) ;
#5980 = DIRECTION ( 'NONE',  ( -0.000000000000000000, -1.000000000000000000, -0.000000000000000000 ) ) ;
#5981 = VECTOR ( 'NONE', #4165, 1000.000000000000000 ) ;
#5982 = EDGE_CURVE ( 'NONE', #3125, #6170, #1086, .T. ) ;
#5983 = EDGE_CURVE ( 'NONE', #6179, #3435, #7092, .T. ) ;
#5984 = ORIENTED_EDGE ( 'NONE', *, *, #6234, .T. ) ;
#5985 = CIRCLE ( 'NONE', #4097, 2.099999999999989875 ) ;
#5986 = VERTEX_POINT ( 'NONE', #1049 ) ;
#5987 = VECTOR ( 'NONE', #1178, 1000.000000000000000 ) ;
#5988 = DIRECTION ( 'NONE',  ( -0.000000000000000000, 1.000000000000000000, -0.000000000000000000 ) ) ;
#5989 = DIRECTION ( 'NONE',  ( 0.000000000000000000, 0.000000000000000000, 1.000000000000000000 ) ) ;
#5990 = DIRECTION ( 'NONE',  ( 0.000000000000000000, 1.000000000000000000, 0.000000000000000000 ) ) ;
#5991 = FACE_OUTER_BOUND ( 'NONE', #1288, .T. ) ;
#5992 = AXIS2_PLACEMENT_3D ( 'NONE', #5379, #2379, #7658 ) ;
#5993 = EDGE_CURVE ( 'NONE', #6995, #2746, #2897, .T. ) ;
#5994 = ORIENTED_EDGE ( 'NONE', *, *, #1069, .F. ) ;
#5995 = VERTEX_POINT ( 'NONE', #7763 ) ;
#5996 = VECTOR ( 'NONE', #2323, 1000.000000000000000 ) ;
#5997 = AXIS2_PLACEMENT_3D ( 'NONE', #453, #5261, #5918 ) ;
#5998 = DIRECTION ( 'NONE',  ( 0.000000000000000000, 0.000000000000000000, 1.000000000000000000 ) ) ;
#5999 = CARTESIAN_POINT ( 'NONE',  ( 93.07846096908262723, 5.000000000000000000, -98.59999999999998010 ) ) ;
#6000 = ORIENTED_EDGE ( 'NONE', *, *, #5732, .F. ) ;
#6001 = CYLINDRICAL_SURFACE ( 'NONE', #3329, 6.000000000000005329 ) ;
#6002 = FACE_OUTER_BOUND ( 'NONE', #2723, .T. ) ;
#6003 = CIRCLE ( 'NONE', #4625, 5.999999999999998224 ) ;
#6004 = VERTEX_POINT ( 'NONE', #3588 ) ;
#6005 = AXIS2_PLACEMENT_3D ( 'NONE', #2913, #2311, #4719 ) ;
#6006 = EDGE_CURVE ( 'NONE', #3653, #3665, #3124, .T. ) ;
#6007 = DIRECTION ( 'NONE',  ( 0.5000000000000002220, 0.000000000000000000, 0.8660254037844384856 ) ) ;
#6008 = DIRECTION ( 'NONE',  ( 1.000000000000000000, 0.000000000000000000, 0.000000000000000000 ) ) ;
#6009 = CIRCLE ( 'NONE', #2619, 4.250000000000003553 ) ;
#6010 = VERTEX_POINT ( 'NONE', #4176 ) ;
#6011 = LINE ( 'NONE', #4915, #6337 ) ;
#6013 = DIRECTION ( 'NONE',  ( 1.000000000000000000, 0.000000000000000000, 0.000000000000000000 ) ) ;
#6012 = VECTOR ( 'NONE', #7144, 1000.000000000000114 ) ;
#6014 = ORIENTED_EDGE ( 'NONE', *, *, #7307, .T. ) ;
#6015 = ORIENTED_EDGE ( 'NONE', *, *, #6137, .T. ) ;
#6016 = ADVANCED_FACE ( 'NONE', ( #5991 ), #7170, .F. ) ;
#6017 = AXIS2_PLACEMENT_3D ( 'NONE', #722, #3114, #2601 ) ;
#6018 = FACE_BOUND ( 'NONE', #2812, .T. ) ;
#6019 = DIRECTION ( 'NONE',  ( 0.4999999999999987232, 0.000000000000000000, -0.8660254037844392627 ) ) ;
#6020 = ORIENTED_EDGE ( 'NONE', *, *, #7033, .F. ) ;
#6021 = FACE_BOUND ( 'NONE', #4418, .T. ) ;
#6022 = EDGE_CURVE ( 'NONE', #2506, #6566, #4033, .T. ) ;
#6023 = ORIENTED_EDGE ( 'NONE', *, *, #5692, .T. ) ;
#6024 = CIRCLE ( 'NONE', #2125, 2.099999999999997868 ) ;
#6025 = CYLINDRICAL_SURFACE ( 'NONE', #730, 6.000000000000005329 ) ;
#6026 = VERTEX_POINT ( 'NONE', #6506 ) ;
#6027 = EDGE_CURVE ( 'NONE', #7337, #2956, #1776, .T. ) ;
#6028 = ORIENTED_EDGE ( 'NONE', *, *, #3629, .T. ) ;
#6029 = CYLINDRICAL_SURFACE ( 'NONE', #2858, 2.099999999999990763 ) ;
#6030 = EDGE_CURVE ( 'NONE', #6286, #2831, #2628, .T. ) ;
#6031 = CYLINDRICAL_SURFACE ( 'NONE', #2757, 4.250000000000003553 ) ;
#6032 = CARTESIAN_POINT ( 'NONE',  ( 172.0000000000000284, 4.000000000000000000, -132.5000000000000284 ) ) ;
#6033 = DIRECTION ( 'NONE',  ( -0.000000000000000000, 1.000000000000000000, -0.000000000000000000 ) ) ;
#6034 = ORIENTED_EDGE ( 'NONE', *, *, #1134, .T. ) ;
#6035 = EDGE_CURVE ( 'NONE', #7772, #4126, #7056, .T. ) ;
#6036 = ORIENTED_EDGE ( 'NONE', *, *, #1664, .F. ) ;
#6037 = DIRECTION ( 'NONE',  ( 0.000000000000000000, 1.000000000000000000, 0.000000000000000000 ) ) ;
#6038 = DIRECTION ( 'NONE',  ( 0.000000000000000000, 1.000000000000000000, 0.000000000000000000 ) ) ;
#6039 = ADVANCED_FACE ( 'NONE', ( #1192 ), #7133, .F. ) ;
#6040 = ORIENTED_EDGE ( 'NONE', *, *, #260, .F. ) ;
#6041 = CARTESIAN_POINT ( 'NONE',  ( 81.98784867335365334, 8.000000000000000000, -135.0000000000000000 ) ) ;
#6042 = DIRECTION ( 'NONE',  ( 0.000000000000000000, 1.000000000000000000, 0.000000000000000000 ) ) ;
#6043 = DIRECTION ( 'NONE',  ( 0.000000000000000000, 0.000000000000000000, 1.000000000000000000 ) ) ;
#6044 = ORIENTED_EDGE ( 'NONE', *, *, #140, .F. ) ;
#6045 = CARTESIAN_POINT ( 'NONE',  ( 88.92153903091727329, 5.000000000000000000, -78.60000000000000853 ) ) ;
#6046 = CARTESIAN_POINT ( 'NONE',  ( 170.0000000000000000, 0.000000000000000000, 0.000000000000000000 ) ) ;
#6047 = ADVANCED_FACE ( 'NONE', ( #1670 ), #7525, .F. ) ;
#6048 = EDGE_LOOP ( 'NONE', ( #6051, #2225, #1262, #1539 ) ) ;
#6049 = DIRECTION ( 'NONE',  ( -0.000000000000000000, 1.000000000000000000, -0.000000000000000000 ) ) ;
#6050 = FACE_BOUND ( 'NONE', #646, .T. ) ;
#6051 = ORIENTED_EDGE ( 'NONE', *, *, #5692, .F. ) ;
#6052 = ORIENTED_EDGE ( 'NONE', *, *, #4250, .T. ) ;
#6053 = CARTESIAN_POINT ( 'NONE',  ( 93.07846096908262723, 8.000000000000000000, -91.39999999999997726 ) ) ;
#6054 = DIRECTION ( 'NONE',  ( -0.000000000000000000, -1.000000000000000000, -0.000000000000000000 ) ) ;
#6055 = ORIENTED_EDGE ( 'NONE', *, *, #7759, .T. ) ;
#6056 = DIRECTION ( 'NONE',  ( 0.000000000000000000, 0.000000000000000000, 1.000000000000000000 ) ) ;
#6057 = ORIENTED_EDGE ( 'NONE', *, *, #7569, .T. ) ;
#6058 = CARTESIAN_POINT ( 'NONE',  ( 41.51140621703041234, 8.000000000000000000, -107.0000000000000284 ) ) ;
#6059 = EDGE_CURVE ( 'NONE', #5757, #4985, #4627, .T. ) ;
#6060 = EDGE_LOOP ( 'NONE', ( #1045, #5252, #2818, #4921 ) ) ;
#6061 = CYLINDRICAL_SURFACE ( 'NONE', #2832, 5.999999999999998224 ) ;
#6062 = CARTESIAN_POINT ( 'NONE',  ( 172.0000000000000284, 4.000000000000000000, -136.7500000000000284 ) ) ;
#6063 = DIRECTION ( 'NONE',  ( 0.8660254037844365982, 0.000000000000000000, -0.5000000000000037748 ) ) ;
#6064 = FACE_OUTER_BOUND ( 'NONE', #6684, .T. ) ;
#6065 = LINE ( 'NONE', #2563, #6377 ) ;
#6066 = ORIENTED_EDGE ( 'NONE', *, *, #6391, .F. ) ;
#6067 = EDGE_CURVE ( 'NONE', #6070, #3265, #5880, .T. ) ;
#6068 = ORIENTED_EDGE ( 'NONE', *, *, #3905, .F. ) ;
#6069 = CYLINDRICAL_SURFACE ( 'NONE', #4621, 2.125000000000015987 ) ;
#6070 = VERTEX_POINT ( 'NONE', #1852 ) ;
#6071 = CARTESIAN_POINT ( 'NONE',  ( -8.000000000000003553, 0.000000000000000000, -169.9999999999999432 ) ) ;
#6072 = DIRECTION ( 'NONE',  ( -4.625929269271485322E-15, 0.000000000000000000, 1.000000000000000000 ) ) ;
#6073 = AXIS2_PLACEMENT_3D ( 'NONE', #6876, #4562, #1448 ) ;
#6074 = CARTESIAN_POINT ( 'NONE',  ( 34.00000000000001421, 8.000000000000000000, -101.0000000000000142 ) ) ;
#6075 = ORIENTED_EDGE ( 'NONE', *, *, #2132, .T. ) ;
#6076 = EDGE_CURVE ( 'NONE', #6756, #4601, #7655, .T. ) ;
#6077 = AXIS2_PLACEMENT_3D ( 'NONE', #6664, #3056, #3761 ) ;
#6078 = LINE ( 'NONE', #1252, #3853 ) ;
#6079 = DIRECTION ( 'NONE',  ( 0.5000000000000038858, 0.000000000000000000, 0.8660254037844363761 ) ) ;
#6080 = ORIENTED_EDGE ( 'NONE', *, *, #2919, .T. ) ;
#6081 = CARTESIAN_POINT ( 'NONE',  ( 148.0000000000000284, 4.000000000000000000, -59.75000000000003553 ) ) ;
#6082 = LINE ( 'NONE', #703, #6507 ) ;
#6083 = ORIENTED_EDGE ( 'NONE', *, *, #5411, .F. ) ;
#6084 = VECTOR ( 'NONE', #1202, 1000.000000000000000 ) ;
#6085 = ORIENTED_EDGE ( 'NONE', *, *, #1711, .T. ) ;
#6086 = EDGE_CURVE ( 'NONE', #3027, #7059, #6721, .T. ) ;
#6087 = CIRCLE ( 'NONE', #2700, 4.250000000000003553 ) ;
#6088 = DIRECTION ( 'NONE',  ( 0.000000000000000000, 1.000000000000000000, 0.000000000000000000 ) ) ;
#6089 = DIRECTION ( 'NONE',  ( 1.084202172485504064E-16, -0.000000000000000000, 1.000000000000000000 ) ) ;
#6090 = ORIENTED_EDGE ( 'NONE', *, *, #2114, .T. ) ;
#6091 = CARTESIAN_POINT ( 'NONE',  ( 148.0000000000000568, 4.000000000000000000, -130.4000000000000341 ) ) ;
#6092 = ORIENTED_EDGE ( 'NONE', *, *, #4291, .F. ) ;
#6093 = CARTESIAN_POINT ( 'NONE',  ( 178.0000000000000284, 0.000000000000000000, 4.898587196589418745E-16 ) ) ;
#6094 = CIRCLE ( 'NONE', #6593, 2.100000000000000089 ) ;
#6095 = ORIENTED_EDGE ( 'NONE', *, *, #1427, .F. ) ;
#6096 = CARTESIAN_POINT ( 'NONE',  ( 170.0000000000000000, 8.000000000000000000, -3.500000000000016875 ) ) ;
#6097 = CARTESIAN_POINT ( 'NONE',  ( 21.99999999999999645, 0.000000000000000000, -112.4000000000000483 ) ) ;
#6098 = CIRCLE ( 'NONE', #2964, 2.099999999999990763 ) ;
#6099 = PLANE ( 'NONE',  #7755 ) ;
#6100 = DIRECTION ( 'NONE',  ( -0.000000000000000000, 1.000000000000000000, -0.000000000000000000 ) ) ;
#6101 = CARTESIAN_POINT ( 'NONE',  ( 30.00000000000003908, 0.000000000000000000, -44.25941951976455613 ) ) ;
#6102 = CIRCLE ( 'NONE', #2588, 2.000000000000001776 ) ;
#6103 = ORIENTED_EDGE ( 'NONE', *, *, #4549, .F. ) ;
#6104 = CIRCLE ( 'NONE', #593, 4.000000000000003553 ) ;
#6105 = AXIS2_PLACEMENT_3D ( 'NONE', #2917, #2358, #6532 ) ;
#6106 = VERTEX_POINT ( 'NONE', #726 ) ;
#6107 = LINE ( 'NONE', #622, #6615 ) ;
#6108 = DIRECTION ( 'NONE',  ( 0.000000000000000000, 0.000000000000000000, 1.000000000000000000 ) ) ;
#6109 = ORIENTED_EDGE ( 'NONE', *, *, #2839, .F. ) ;
#6110 = DIRECTION ( 'NONE',  ( -0.000000000000000000, -1.000000000000000000, -0.000000000000000000 ) ) ;
#6111 = DIRECTION ( 'NONE',  ( 0.000000000000000000, 1.000000000000000000, 0.000000000000000000 ) ) ;
#6112 = CIRCLE ( 'NONE', #2725, 6.000000000000005329 ) ;
#6113 = EDGE_CURVE ( 'NONE', #4034, #4329, #1248, .T. ) ;
#6114 = DIRECTION ( 'NONE',  ( 0.000000000000000000, 0.000000000000000000, 1.000000000000000000 ) ) ;
#6115 = VECTOR ( 'NONE', #871, 1000.000000000000114 ) ;
#6116 = EDGE_CURVE ( 'NONE', #1078, #3147, #370, .T. ) ;
#6117 = ORIENTED_EDGE ( 'NONE', *, *, #3242, .T. ) ;
#6118 = ADVANCED_FACE ( 'NONE', ( #5410 ), #3628, .T. ) ;
#6119 = VECTOR ( 'NONE', #1345, 1000.000000000000000 ) ;
#6120 = EDGE_CURVE ( 'NONE', #1028, #2334, #6065, .T. ) ;
#6121 = DIRECTION ( 'NONE',  ( 0.000000000000000000, 1.000000000000000000, 0.000000000000000000 ) ) ;
#6122 = CARTESIAN_POINT ( 'NONE',  ( -19.80599157813204414, 8.000000000000000000, -115.0000000000000000 ) ) ;
#6123 = ORIENTED_EDGE ( 'NONE', *, *, #3289, .F. ) ;
#6124 = CYLINDRICAL_SURFACE ( 'NONE', #4189, 4.250000000000003553 ) ;
#6125 = FACE_BOUND ( 'NONE', #3393, .T. ) ;
#6126 = EDGE_CURVE ( 'NONE', #6672, #2097, #5521, .T. ) ;
#6127 = ORIENTED_EDGE ( 'NONE', *, *, #4491, .T. ) ;
#6128 = VECTOR ( 'NONE', #5052, 1000.000000000000000 ) ;
#6129 = AXIS2_PLACEMENT_3D ( 'NONE', #3957, #1483, #3885 ) ;
#6130 = ORIENTED_EDGE ( 'NONE', *, *, #6336, .T. ) ;
#6131 = AXIS2_PLACEMENT_3D ( 'NONE', #5203, #3391, #4688 ) ;
#6132 = CIRCLE ( 'NONE', #7388, 2.099999999999990763 ) ;
#6133 = LINE ( 'NONE', #6668, #843 ) ;
#6134 = DIRECTION ( 'NONE',  ( -0.000000000000000000, -1.000000000000000000, 0.000000000000000000 ) ) ;
#6135 = VERTEX_POINT ( 'NONE', #3663 ) ;
#6136 = LINE ( 'NONE', #3891, #806 ) ;
#6137 = EDGE_CURVE ( 'NONE', #5046, #6189, #604, .T. ) ;
#6138 = ORIENTED_EDGE ( 'NONE', *, *, #5011, .F. ) ;
#6139 = CARTESIAN_POINT ( 'NONE',  ( 21.99999999999998579, 4.000000000000000000, -41.75000000000002842 ) ) ;
#6140 = VECTOR ( 'NONE', #6978, 1000.000000000000000 ) ;
#6141 = AXIS2_PLACEMENT_3D ( 'NONE', #3781, #6150, #4900 ) ;
#6142 = VERTEX_POINT ( 'NONE', #3075 ) ;
#6143 = ORIENTED_EDGE ( 'NONE', *, *, #7139, .T. ) ;
#6144 = FACE_OUTER_BOUND ( 'NONE', #4825, .T. ) ;
#6145 = AXIS2_PLACEMENT_3D ( 'NONE', #6812, #3705, #6108 ) ;
#6146 = CARTESIAN_POINT ( 'NONE',  ( 21.99999999999998224, 4.000000000000000000, -51.25000000000001421 ) ) ;
#6147 = EDGE_CURVE ( 'NONE', #2831, #5938, #3989, .T. ) ;
#6148 = DIRECTION ( 'NONE',  ( 0.000000000000000000, 0.000000000000000000, 1.000000000000000000 ) ) ;
#6149 = CARTESIAN_POINT ( 'NONE',  ( -23.80599157813204059, 8.000000000000000000, -141.0000000000000000 ) ) ;
#6150 = DIRECTION ( 'NONE',  ( 1.508455196501571922E-16, -0.000000000000000000, 1.000000000000000000 ) ) ;
#6151 = ADVANCED_FACE ( 'NONE', ( #651 ), #7359, .T. ) ;
#6152 = VERTEX_POINT ( 'NONE', #6614 ) ;
#6153 = LOCAL_TIME ( 18, 43, 21.00000000000000000, #4573 ) ;
#6154 = ORIENTED_EDGE ( 'NONE', *, *, #6722, .F. ) ;
#6155 = ORIENTED_EDGE ( 'NONE', *, *, #793, .F. ) ;
#6156 = CARTESIAN_POINT ( 'NONE',  ( 148.0000000000000568, 8.000000000000000000, -114.5000000000000426 ) ) ;
#6157 = CARTESIAN_POINT ( 'NONE',  ( -2.000000000000007105, 8.000000000000000000, -114.5000000000000426 ) ) ;
#6158 = ORIENTED_EDGE ( 'NONE', *, *, #3151, .F. ) ;
#6159 = CARTESIAN_POINT ( 'NONE',  ( 172.0000000000000284, 4.000000000000000000, -35.40000000000004832 ) ) ;
#6160 = DIRECTION ( 'NONE',  ( 0.000000000000000000, -1.000000000000000000, 0.000000000000000000 ) ) ;
#6161 = CARTESIAN_POINT ( 'NONE',  ( 21.99999999999999289, 4.000000000000000000, -136.7500000000000284 ) ) ;
#6162 = EDGE_LOOP ( 'NONE', ( #2834, #5862 ) ) ;
#6163 = ADVANCED_FACE ( 'NONE', ( #1389 ), #3040, .F. ) ;
#6164 = CARTESIAN_POINT ( 'NONE',  ( 148.0000000000000568, 4.000000000000000000, -114.5000000000000426 ) ) ;
#6165 = DIRECTION ( 'NONE',  ( 0.000000000000000000, 0.000000000000000000, 1.000000000000000000 ) ) ;
#6166 = ORIENTED_EDGE ( 'NONE', *, *, #1940, .T. ) ;
#6167 = CARTESIAN_POINT ( 'NONE',  ( -3.937454061828229310E-18, 8.000000000000000000, -156.7951259347809412 ) ) ;
#6168 = DIRECTION ( 'NONE',  ( -0.6696371217971889278, -0.000000000000000000, 0.7426884441750637444 ) ) ;
#6169 = EDGE_CURVE ( 'NONE', #4329, #1250, #5442, .T. ) ;
#6170 = VERTEX_POINT ( 'NONE', #1924 ) ;
#6171 = EDGE_CURVE ( 'NONE', #7626, #4892, #50, .T. ) ;
#6172 = LINE ( 'NONE', #1374, #3339 ) ;
#6173 = DIRECTION ( 'NONE',  ( -0.000000000000000000, -1.000000000000000000, -0.000000000000000000 ) ) ;
#6174 = DIRECTION ( 'NONE',  ( -0.000000000000000000, 1.000000000000000000, -0.000000000000000000 ) ) ;
#6175 = ORIENTED_EDGE ( 'NONE', *, *, #3084, .T. ) ;
#6176 = CARTESIAN_POINT ( 'NONE',  ( 158.1337718589785482, 8.000000000000000000, -148.8392742435944172 ) ) ;
#6177 = VERTEX_POINT ( 'NONE', #4293 ) ;
#6178 = DIRECTION ( 'NONE',  ( 0.000000000000000000, 1.000000000000000000, 0.000000000000000000 ) ) ;
#6179 = VERTEX_POINT ( 'NONE', #6681 ) ;
#6180 = EDGE_CURVE ( 'NONE', #2159, #5986, #5556, .T. ) ;
#6181 = ORIENTED_EDGE ( 'NONE', *, *, #2997, .F. ) ;
#6182 = CARTESIAN_POINT ( 'NONE',  ( 148.0000000000000284, -2.000000000000000000, -35.40000000000004832 ) ) ;
#6183 = DIRECTION ( 'NONE',  ( 0.000000000000000000, 0.000000000000000000, 1.000000000000000000 ) ) ;
#6184 = CARTESIAN_POINT ( 'NONE',  ( -2.000000000000009326, 4.000000000000000000, -136.7500000000000284 ) ) ;
#6185 = DIRECTION ( 'NONE',  ( -0.000000000000000000, 1.000000000000000000, -0.000000000000000000 ) ) ;
#6186 = EDGE_LOOP ( 'NONE', ( #5867, #2218, #6596, #5302 ) ) ;
#6187 = ORIENTED_EDGE ( 'NONE', *, *, #7471, .F. ) ;
#6188 = EDGE_CURVE ( 'NONE', #7579, #1679, #7146, .T. ) ;
#6189 = VERTEX_POINT ( 'NONE', #7242 ) ;
#6190 = EDGE_CURVE ( 'NONE', #4635, #4675, #4261, .T. ) ;
#6191 = FACE_OUTER_BOUND ( 'NONE', #7344, .T. ) ;
#6192 = LINE ( 'NONE', #1355, #4890 ) ;
#6193 = FACE_OUTER_BOUND ( 'NONE', #3283, .T. ) ;
#6194 = DIRECTION ( 'NONE',  ( 0.000000000000000000, 0.000000000000000000, 1.000000000000000000 ) ) ;
#6195 = CARTESIAN_POINT ( 'NONE',  ( 148.0000000000000284, 4.000000000000000000, -55.50000000000002842 ) ) ;
#6196 = ORIENTED_EDGE ( 'NONE', *, *, #3777, .F. ) ;
#6197 = AXIS2_PLACEMENT_3D ( 'NONE', #6421, #2920, #8 ) ;
#6198 = DIRECTION ( 'NONE',  ( -0.000000000000000000, 1.000000000000000000, -0.000000000000000000 ) ) ;
#6199 = FACE_BOUND ( 'NONE', #3471, .T. ) ;
#6200 = VERTEX_POINT ( 'NONE', #7405 ) ;
#6201 = DIRECTION ( 'NONE',  ( -0.8660254037844382635, 0.000000000000000000, 0.5000000000000006661 ) ) ;
#6202 = FACE_BOUND ( 'NONE', #857, .T. ) ;
#6203 = ORIENTED_EDGE ( 'NONE', *, *, #1634, .T. ) ;
#6204 = AXIS2_PLACEMENT_3D ( 'NONE', #5534, #7335, #2422 ) ;
#6205 = DIRECTION ( 'NONE',  ( 0.000000000000000000, 0.000000000000000000, -1.000000000000000000 ) ) ;
#6206 = LINE ( 'NONE', #4476, #1602 ) ;
#6207 = DIRECTION ( 'NONE',  ( -0.000000000000000000, -1.000000000000000000, -0.000000000000000000 ) ) ;
#6208 = EDGE_LOOP ( 'NONE', ( #7002, #729, #5287, #4406 ) ) ;
#6209 = DIRECTION ( 'NONE',  ( -0.000000000000000000, 0.000000000000000000, 1.000000000000000000 ) ) ;
#6210 = CIRCLE ( 'NONE', #2822, 2.000000000000001776 ) ;
#6211 = ORIENTED_EDGE ( 'NONE', *, *, #2665, .T. ) ;
#6212 = CARTESIAN_POINT ( 'NONE',  ( 21.99999999999999289, 0.000000000000000000, -130.4000000000000341 ) ) ;
#6213 = EDGE_CURVE ( 'NONE', #4577, #3158, #4380, .T. ) ;
#6214 = VERTEX_POINT ( 'NONE', #5176 ) ;
#6215 = AXIS2_PLACEMENT_3D ( 'NONE', #2572, #214, #2022 ) ;
#6216 = DIRECTION ( 'NONE',  ( 0.000000000000000000, 0.000000000000000000, 1.000000000000000000 ) ) ;
#6217 = LINE ( 'NONE', #7279, #5396 ) ;
#6218 = EDGE_CURVE ( 'NONE', #1412, #6918, #2091, .T. ) ;
#6219 = CARTESIAN_POINT ( 'NONE',  ( 148.0000000000000284, 8.000000000000000000, -55.50000000000002842 ) ) ;
#6220 = DIRECTION ( 'NONE',  ( 0.000000000000000000, -0.000000000000000000, 1.000000000000000000 ) ) ;
#6221 = LINE ( 'NONE', #801, #5226 ) ;
#6222 = DIRECTION ( 'NONE',  ( 0.000000000000000000, 1.000000000000000000, 0.000000000000000000 ) ) ;
#6223 = AXIS2_PLACEMENT_3D ( 'NONE', #1444, #419, #3267 ) ;
#6224 = ADVANCED_FACE ( 'NONE', ( #5088 ), #4494, .F. ) ;
#6225 = AXIS2_PLACEMENT_3D ( 'NONE', #3813, #6338, #2675 ) ;
#6226 = ORIENTED_EDGE ( 'NONE', *, *, #3659, .T. ) ;
#6227 = ORIENTED_EDGE ( 'NONE', *, *, #5147, .F. ) ;
#6228 = CIRCLE ( 'NONE', #4732, 2.000000000000001776 ) ;
#6229 = ORIENTED_EDGE ( 'NONE', *, *, #3722, .F. ) ;
#6230 = CARTESIAN_POINT ( 'NONE',  ( 138.5146231116499109, 0.000000000000000000, -42.92014527617011765 ) ) ;
#6231 = CARTESIAN_POINT ( 'NONE',  ( 74.84307806183468870, 5.000000000000000000, -95.00000000000000000 ) ) ;
#6232 = CARTESIAN_POINT ( 'NONE',  ( 140.0000000000000284, 0.000000000000000000, -44.25941951976449218 ) ) ;
#6233 = DIRECTION ( 'NONE',  ( -0.000000000000000000, 1.000000000000000000, -0.000000000000000000 ) ) ;
#6234 = EDGE_CURVE ( 'NONE', #1340, #1771, #324, .T. ) ;
#6235 = DIRECTION ( 'NONE',  ( 0.000000000000000000, 1.000000000000000000, 0.000000000000000000 ) ) ;
#6236 = AXIS2_PLACEMENT_3D ( 'NONE', #2909, #7781, #2941 ) ;
#6237 = CIRCLE ( 'NONE', #2721, 2.099999999999990763 ) ;
#6238 = VERTEX_POINT ( 'NONE', #960 ) ;
#6239 = CIRCLE ( 'NONE', #3100, 2.000000000000000000 ) ;
#6240 = CYLINDRICAL_SURFACE ( 'NONE', #249, 8.000000000000007105 ) ;
#6241 = DIRECTION ( 'NONE',  ( -0.000000000000000000, 1.000000000000000000, -0.000000000000000000 ) ) ;
#6242 = ORIENTED_EDGE ( 'NONE', *, *, #4539, .F. ) ;
#6243 = CARTESIAN_POINT ( 'NONE',  ( -2.000000000000009770, 4.000000000000000000, -132.5000000000000284 ) ) ;
#6244 = AXIS2_PLACEMENT_3D ( 'NONE', #5196, #4009, #7666 ) ;
#6245 = FACE_OUTER_BOUND ( 'NONE', #5917, .T. ) ;
#6246 = EDGE_CURVE ( 'NONE', #4171, #3172, #3606, .T. ) ;
#6247 = ADVANCED_FACE ( 'NONE', ( #3358 ), #6307, .F. ) ;
#6248 = EDGE_LOOP ( 'NONE', ( #5202, #5678 ) ) ;
#6249 = CARTESIAN_POINT ( 'NONE',  ( 2.000000000000000000, 8.000000000000000000, -13.20487406521907126 ) ) ;
#6250 = CARTESIAN_POINT ( 'NONE',  ( 83.15692193816529709, 8.000000000000000000, -74.99999999999998579 ) ) ;
#6251 = CARTESIAN_POINT ( 'NONE',  ( 21.99999999999998579, 0.000000000000000000, -37.50000000000002842 ) ) ;
#6252 = AXIS2_PLACEMENT_3D ( 'NONE', #4251, #6567, #3732 ) ;
#6253 = ORIENTED_EDGE ( 'NONE', *, *, #584, .F. ) ;
#6254 = CARTESIAN_POINT ( 'NONE',  ( 0.000000000000000000, 6.000000000000000000, -170.0000000000000000 ) ) ;
#6255 = VECTOR ( 'NONE', #2202, 1000.000000000000000 ) ;
#6256 = ORIENTED_EDGE ( 'NONE', *, *, #1703, .T. ) ;
#6257 = CARTESIAN_POINT ( 'NONE',  ( -2.000000000000006661, 0.000000000000000000, -116.6000000000000512 ) ) ;
#6258 = AXIS2_PLACEMENT_3D ( 'NONE', #399, #6625, #6416 ) ;
#6259 = ORIENTED_EDGE ( 'NONE', *, *, #5661, .T. ) ;
#6260 = VECTOR ( 'NONE', #3839, 1000.000000000000000 ) ;
#6261 = LINE ( 'NONE', #6839, #1195 ) ;
#6262 = CARTESIAN_POINT ( 'NONE',  ( -2.000000000000009770, -2.000000000000000000, -132.5000000000000284 ) ) ;
#6263 = EDGE_CURVE ( 'NONE', #4884, #412, #1110, .T. ) ;
#6264 = CARTESIAN_POINT ( 'NONE',  ( -11.72753060904940448, 3.000000000000000000, -119.1500000000000057 ) ) ;
#6265 = MECHANICAL_CONTEXT ( 'NONE', #608, 'mechanical' ) ;
#6266 = AXIS2_PLACEMENT_3D ( 'NONE', #5592, #1419, #763 ) ;
#6267 = DIRECTION ( 'NONE',  ( 0.000000000000000000, 1.000000000000000000, 0.000000000000000000 ) ) ;
#6268 = DIRECTION ( 'NONE',  ( 0.000000000000000000, 1.000000000000000000, 0.000000000000000000 ) ) ;
#6269 = AXIS2_PLACEMENT_3D ( 'NONE', #5607, #1282, #7214 ) ;
#6270 = ORIENTED_EDGE ( 'NONE', *, *, #3160, .F. ) ;
#6271 = EDGE_LOOP ( 'NONE', ( #2924, #7391, #2025, #1543 ) ) ;
#6272 = VECTOR ( 'NONE', #6935, 1000.000000000000000 ) ;
#6273 = ORIENTED_EDGE ( 'NONE', *, *, #305, .T. ) ;
#6274 = ADVANCED_FACE ( 'NONE', ( #5711 ), #3863, .F. ) ;
#6275 = CYLINDRICAL_SURFACE ( 'NONE', #3607, 8.000000000000007105 ) ;
#6276 = CARTESIAN_POINT ( 'NONE',  ( 21.99999999999998579, 0.000000000000000000, -39.60000000000002274 ) ) ;
#6277 = CARTESIAN_POINT ( 'NONE',  ( 81.07846096908262723, 8.000000000000000000, -71.39999999999997726 ) ) ;
#6278 = DIRECTION ( 'NONE',  ( 0.000000000000000000, 1.000000000000000000, 0.000000000000000000 ) ) ;
#6279 = LINE ( 'NONE', #381, #5019 ) ;
#6280 = LOCAL_TIME ( 18, 43, 21.00000000000000000, #7475 ) ;
#6281 = EDGE_CURVE ( 'NONE', #5003, #3467, #2722, .T. ) ;
#6282 = ORIENTED_EDGE ( 'NONE', *, *, #2890, .F. ) ;
#6283 = ADVANCED_FACE ( 'NONE', ( #2136 ), #2680, .F. ) ;
#6284 = CARTESIAN_POINT ( 'NONE',  ( 78.99999999999997158, -2.000000000000000000, -92.89999999999999147 ) ) ;
#6285 = DIRECTION ( 'NONE',  ( -0.4999999999999977240, 0.000000000000000000, 0.8660254037844399289 ) ) ;
#6286 = VERTEX_POINT ( 'NONE', #2174 ) ;
#6287 = LINE ( 'NONE', #7542, #4578 ) ;
#6288 = DIRECTION ( 'NONE',  ( -1.000000000000000000, 0.000000000000000000, -6.122553444624025474E-17 ) ) ;
#6289 = EDGE_LOOP ( 'NONE', ( #2882, #5238, #6577, #1958 ) ) ;
#6290 = EDGE_CURVE ( 'NONE', #3968, #5315, #4364, .T. ) ;
#6291 = DIRECTION ( 'NONE',  ( 0.000000000000000000, 0.000000000000000000, 1.000000000000000000 ) ) ;
#6292 = CARTESIAN_POINT ( 'NONE',  ( 90.99999999999997158, 5.000000000000000000, -72.89999999999999147 ) ) ;
#6293 = LINE ( 'NONE', #908, #3090 ) ;
#6294 = EDGE_CURVE ( 'NONE', #3865, #2381, #5623, .T. ) ;
#6295 = EDGE_LOOP ( 'NONE', ( #2032, #662, #4177, #5693 ) ) ;
#6296 = CARTESIAN_POINT ( 'NONE',  ( 21.99999999999998224, 4.000000000000000000, -55.50000000000001421 ) ) ;
#6297 = LINE ( 'NONE', #1652, #2102 ) ;
#6298 = ORIENTED_EDGE ( 'NONE', *, *, #7386, .T. ) ;
#6299 = CARTESIAN_POINT ( 'NONE',  ( 34.00000000000001421, 8.000000000000000000, -107.0000000000000284 ) ) ;
#6300 = ORIENTED_EDGE ( 'NONE', *, *, #383, .T. ) ;
#6301 = FACE_OUTER_BOUND ( 'NONE', #3161, .T. ) ;
#6302 = DIRECTION ( 'NONE',  ( 1.000000000000000000, 0.000000000000000000, 6.676953772165158788E-15 ) ) ;
#6303 = CARTESIAN_POINT ( 'NONE',  ( 55.00000000000002842, 8.000000000000000000, -69.00000000000001421 ) ) ;
#6304 = EDGE_CURVE ( 'NONE', #1880, #7615, #2766, .T. ) ;
#6305 = ORIENTED_EDGE ( 'NONE', *, *, #5866, .F. ) ;
#6306 = LINE ( 'NONE', #2720, #5598 ) ;
#6307 = CYLINDRICAL_SURFACE ( 'NONE', #5384, 4.250000000000003553 ) ;
#6308 = ORIENTED_EDGE ( 'NONE', *, *, #105, .T. ) ;
#6309 = ORIENTED_EDGE ( 'NONE', *, *, #2219, .T. ) ;
#6310 = ORIENTED_EDGE ( 'NONE', *, *, #2655, .F. ) ;
#6311 = CARTESIAN_POINT ( 'NONE',  ( 81.98784867335365334, 8.000000000000000000, -105.0000000000000284 ) ) ;
#6312 = CYLINDRICAL_SURFACE ( 'NONE', #5278, 2.099999999999990763 ) ;
#6313 = DIRECTION ( 'NONE',  ( 2.775557561562898254E-16, 0.000000000000000000, 1.000000000000000000 ) ) ;
#6314 = VECTOR ( 'NONE', #1131, 1000.000000000000000 ) ;
#6315 = CARTESIAN_POINT ( 'NONE',  ( 6.000000000000000000, 0.000000000000000000, -24.50000000000000000 ) ) ;
#6316 = DIRECTION ( 'NONE',  ( 0.6696371217971888168, -0.000000000000000000, -0.7426884441750638555 ) ) ;
#6317 = ADVANCED_FACE ( 'NONE', ( #802 ), #3192, .F. ) ;
#6318 = EDGE_LOOP ( 'NONE', ( #3304, #7757, #197, #7097, #7725, #1600, #2290 ) ) ;
#6319 = DIRECTION ( 'NONE',  ( -0.4999999999999995004, 0.000000000000000000, 0.8660254037844389297 ) ) ;
#6320 = DIRECTION ( 'NONE',  ( -0.000000000000000000, -1.000000000000000000, -0.000000000000000000 ) ) ;
#6321 = ORIENTED_EDGE ( 'NONE', *, *, #28, .T. ) ;
#6322 = CARTESIAN_POINT ( 'NONE',  ( 172.0000000000000284, 0.000000000000000000, -39.60000000000002984 ) ) ;
#6323 = CARTESIAN_POINT ( 'NONE',  ( -7.999999999999996447, 8.000000000000000000, -114.9999999999999858 ) ) ;
#6324 = EDGE_CURVE ( 'NONE', #5498, #3282, #248, .T. ) ;
#6325 = VERTEX_POINT ( 'NONE', #7440 ) ;
#6326 = CARTESIAN_POINT ( 'NONE',  ( 21.99999999999999289, 4.000000000000000000, -134.6000000000000227 ) ) ;
#6327 = LINE ( 'NONE', #2158, #4226 ) ;
#6328 = ORIENTED_EDGE ( 'NONE', *, *, #3194, .T. ) ;
#6329 = CARTESIAN_POINT ( 'NONE',  ( 95.15692193816525446, 5.000000000000000000, -94.99999999999998579 ) ) ;
#6330 = LINE ( 'NONE', #2829, #7384 ) ;
#6331 = VERTEX_POINT ( 'NONE', #2049 ) ;
#6332 = CARTESIAN_POINT ( 'NONE',  ( 21.99999999999999645, -2.000000000000000000, -112.4000000000000483 ) ) ;
#6333 = AXIS2_PLACEMENT_3D ( 'NONE', #7046, #7678, #1660 ) ;
#6334 = EDGE_CURVE ( 'NONE', #5522, #4439, #4450, .T. ) ;
#6335 = ORIENTED_EDGE ( 'NONE', *, *, #6500, .F. ) ;
#6336 = EDGE_CURVE ( 'NONE', #2657, #3098, #2953, .T. ) ;
#6337 = VECTOR ( 'NONE', #7297, 1000.000000000000227 ) ;
#6338 = DIRECTION ( 'NONE',  ( 0.000000000000000000, 1.000000000000000000, 0.000000000000000000 ) ) ;
#6339 = CARTESIAN_POINT ( 'NONE',  ( -2.000000000000016431, -2.000000000000000000, -53.40000000000001990 ) ) ;
#6340 = CARTESIAN_POINT ( 'NONE',  ( 21.99999999999999645, 4.000000000000000000, -110.2500000000000426 ) ) ;
#6341 = VERTEX_POINT ( 'NONE', #5946 ) ;
#6342 = CARTESIAN_POINT ( 'NONE',  ( -23.80599157813204059, 0.000000000000000000, -119.0000000000000142 ) ) ;
#6343 = DIRECTION ( 'NONE',  ( -0.000000000000000000, 1.000000000000000000, -0.000000000000000000 ) ) ;
#6344 = CIRCLE ( 'NONE', #3570, 6.000000000000000000 ) ;
#6345 = ORIENTED_EDGE ( 'NONE', *, *, #1925, .T. ) ;
#6346 = VERTEX_POINT ( 'NONE', #7600 ) ;
#6347 = ORIENTED_EDGE ( 'NONE', *, *, #6998, .T. ) ;
#6348 = CARTESIAN_POINT ( 'NONE',  ( -17.96291351629734834, 3.000000000000000000, -122.7500000000000000 ) ) ;
#6349 = DIRECTION ( 'NONE',  ( 0.000000000000000000, 0.000000000000000000, 1.000000000000000000 ) ) ;
#6350 = CARTESIAN_POINT ( 'NONE',  ( 172.0000000000000284, 4.000000000000000000, -55.50000000000002842 ) ) ;
#6351 = DIRECTION ( 'NONE',  ( -0.4999999999999996114, 0.000000000000000000, -0.8660254037844389297 ) ) ;
#6352 = PLANE ( 'NONE',  #5275 ) ;
#6353 = ORIENTED_EDGE ( 'NONE', *, *, #7712, .T. ) ;
#6354 = AXIS2_PLACEMENT_3D ( 'NONE', #2679, #2014, #2048 ) ;
#6355 = FACE_OUTER_BOUND ( 'NONE', #532, .T. ) ;
#6356 = DIRECTION ( 'NONE',  ( 0.000000000000000000, 0.000000000000000000, 1.000000000000000000 ) ) ;
#6357 = ADVANCED_FACE ( 'NONE', ( #1041 ), #4025, .F. ) ;
#6358 = ORIENTED_EDGE ( 'NONE', *, *, #430, .F. ) ;
#6359 = DIRECTION ( 'NONE',  ( -0.000000000000000000, 1.000000000000000000, -0.000000000000000000 ) ) ;
#6360 = PLANE ( 'NONE',  #2243 ) ;
#6361 = AXIS2_PLACEMENT_3D ( 'NONE', #7269, #6792, #151 ) ;
#6362 = ADVANCED_FACE ( 'NONE', ( #1695 ), #408, .F. ) ;
#6363 = VERTEX_POINT ( 'NONE', #1151 ) ;
#6364 = EDGE_CURVE ( 'NONE', #7622, #2903, #6003, .T. ) ;
#6365 = CIRCLE ( 'NONE', #6991, 2.000000000000000000 ) ;
#6366 = AXIS2_PLACEMENT_3D ( 'NONE', #3651, #672, #3062 ) ;
#6367 = CARTESIAN_POINT ( 'NONE',  ( 148.1408918037908222, 8.000000000000000000, 0.000000000000000000 ) ) ;
#6368 = DIRECTION ( 'NONE',  ( -0.8660254037844399289, 0.000000000000000000, -0.4999999999999977240 ) ) ;
#6369 = ADVANCED_FACE ( 'NONE', ( #3513 ), #561, .F. ) ;
#6370 = VERTEX_POINT ( 'NONE', #2213 ) ;
#6371 = CARTESIAN_POINT ( 'NONE',  ( -2.000000000000016431, 4.000000000000000000, -53.40000000000001990 ) ) ;
#6372 = CARTESIAN_POINT ( 'NONE',  ( 162.0274760928583930, 0.000000000000000000, -170.6624670180889041 ) ) ;
#6373 = VERTEX_POINT ( 'NONE', #3981 ) ;
#6374 = DIRECTION ( 'NONE',  ( 0.000000000000000000, 1.000000000000000000, 0.000000000000000000 ) ) ;
#6375 = VECTOR ( 'NONE', #3748, 1000.000000000000000 ) ;
#6376 = ORIENTED_EDGE ( 'NONE', *, *, #2127, .T. ) ;
#6377 = VECTOR ( 'NONE', #6033, 1000.000000000000000 ) ;
#6378 = VECTOR ( 'NONE', #2438, 1000.000000000000000 ) ;
#6379 = CARTESIAN_POINT ( 'NONE',  ( 172.0000000000000284, 4.000000000000000000, -55.50000000000002842 ) ) ;
#6380 = DIRECTION ( 'NONE',  ( 0.000000000000000000, 0.000000000000000000, 1.000000000000000000 ) ) ;
#6381 = EDGE_CURVE ( 'NONE', #7604, #2911, #7131, .T. ) ;
#6382 = DIRECTION ( 'NONE',  ( 0.000000000000000000, 0.000000000000000000, 1.000000000000000000 ) ) ;
#6383 = ORIENTED_EDGE ( 'NONE', *, *, #4387, .F. ) ;
#6384 = PERSON_AND_ORGANIZATION ( #4848, #1639 ) ;
#6385 = DIRECTION ( 'NONE',  ( 0.000000000000000000, 0.000000000000000000, 1.000000000000000000 ) ) ;
#6386 = CARTESIAN_POINT ( 'NONE',  ( 21.99999999999999289, 4.000000000000000000, -132.5000000000000284 ) ) ;
#6387 = CIRCLE ( 'NONE', #5755, 2.099999999999990763 ) ;
#6388 = EDGE_LOOP ( 'NONE', ( #746, #4820, #1841, #5195, #6028, #1481, #5833 ) ) ;
#6389 = VERTEX_POINT ( 'NONE', #2256 ) ;
#6390 = VERTEX_POINT ( 'NONE', #6424 ) ;
#6391 = EDGE_CURVE ( 'NONE', #5957, #6945, #2476, .T. ) ;
#6392 = AXIS2_PLACEMENT_3D ( 'NONE', #5436, #42, #6643 ) ;
#6393 = CIRCLE ( 'NONE', #741, 2.100000000000004530 ) ;
#6394 = CARTESIAN_POINT ( 'NONE',  ( -11.72753060904940448, 3.000000000000000000, -119.1500000000000057 ) ) ;
#6395 = CYLINDRICAL_SURFACE ( 'NONE', #2373, 6.000000000000005329 ) ;
#6396 = FACE_BOUND ( 'NONE', #2365, .T. ) ;
#6397 = DIRECTION ( 'NONE',  ( 0.000000000000000000, 1.000000000000000000, 0.000000000000000000 ) ) ;
#6398 = DIRECTION ( 'NONE',  ( 0.000000000000000000, 0.000000000000000000, 1.000000000000000000 ) ) ;
#6399 = VECTOR ( 'NONE', #3288, 1000.000000000000000 ) ;
#6400 = VERTEX_POINT ( 'NONE', #3468 ) ;
#6401 = VECTOR ( 'NONE', #129, 1000.000000000000000 ) ;
#6402 = DIRECTION ( 'NONE',  ( -0.000000000000000000, 1.000000000000000000, -0.000000000000000000 ) ) ;
#6403 = DIRECTION ( 'NONE',  ( -2.312964634635740689E-15, 0.000000000000000000, 1.000000000000000000 ) ) ;
#6404 = AXIS2_PLACEMENT_3D ( 'NONE', #2439, #7202, #567 ) ;
#6405 = ORIENTED_EDGE ( 'NONE', *, *, #2142, .F. ) ;
#6406 = DIRECTION ( 'NONE',  ( -0.000000000000000000, 1.000000000000000000, -0.000000000000000000 ) ) ;
#6407 = LINE ( 'NONE', #6868, #4877 ) ;
#6408 = ORIENTED_EDGE ( 'NONE', *, *, #804, .T. ) ;
#6409 = CC_DESIGN_APPROVAL ( #1982, ( #7660 ) ) ;
#6410 = DIRECTION ( 'NONE',  ( 0.000000000000000000, 1.000000000000000000, 0.000000000000000000 ) ) ;
#6411 = DIRECTION ( 'NONE',  ( -0.000000000000000000, -1.000000000000000000, -0.000000000000000000 ) ) ;
#6412 = ORIENTED_EDGE ( 'NONE', *, *, #1209, .T. ) ;
#6413 = FACE_BOUND ( 'NONE', #7544, .T. ) ;
#6414 = CARTESIAN_POINT ( 'NONE',  ( 148.0000000000000568, 8.000000000000000000, -128.2500000000000284 ) ) ;
#6415 = ORIENTED_EDGE ( 'NONE', *, *, #4017, .F. ) ;
#6416 = DIRECTION ( 'NONE',  ( 0.000000000000000000, -0.000000000000000000, 1.000000000000000000 ) ) ;
#6417 = EDGE_CURVE ( 'NONE', #1929, #5995, #5325, .T. ) ;
#6418 = ORIENTED_EDGE ( 'NONE', *, *, #3352, .T. ) ;
#6419 = CARTESIAN_POINT ( 'NONE',  ( -13.80599157813204059, -2.000000000000000000, -135.1250000000000000 ) ) ;
#6420 = CARTESIAN_POINT ( 'NONE',  ( 21.99999999999999289, 4.000000000000000000, -136.7500000000000284 ) ) ;
#6421 = CARTESIAN_POINT ( 'NONE',  ( 21.99999999999999289, 0.000000000000000000, -132.5000000000000284 ) ) ;
#6422 = ORIENTED_EDGE ( 'NONE', *, *, #3352, .F. ) ;
#6423 = ADVANCED_FACE ( 'NONE', ( #446 ), #2841, .F. ) ;
#6424 = CARTESIAN_POINT ( 'NONE',  ( 74.84307806183468870, 5.000000000000000000, -95.00000000000000000 ) ) ;
#6425 = VERTEX_POINT ( 'NONE', #7640 ) ;
#6426 = EDGE_CURVE ( 'NONE', #5823, #6238, #1611, .T. ) ;
#6427 = ORIENTED_EDGE ( 'NONE', *, *, #1800, .F. ) ;
#6428 = VERTEX_POINT ( 'NONE', #4137 ) ;
#6429 = CARTESIAN_POINT ( 'NONE',  ( 170.0000000000000000, 8.000000000000000000, -170.0000000000000000 ) ) ;
#6430 = CARTESIAN_POINT ( 'NONE',  ( 8.379555213223520053E-14, 8.000000000000000000, 8.000000000000000000 ) ) ;
#6431 = DIRECTION ( 'NONE',  ( 0.000000000000000000, 0.000000000000000000, 1.000000000000000000 ) ) ;
#6432 = CARTESIAN_POINT ( 'NONE',  ( 101.0000000000000000, 8.000000000000000000, -105.0000000000000284 ) ) ;
#6433 = EDGE_CURVE ( 'NONE', #2473, #7365, #4662, .T. ) ;
#6434 = ORIENTED_EDGE ( 'NONE', *, *, #1520, .F. ) ;
#6435 = EDGE_CURVE ( 'NONE', #1214, #338, #3239, .T. ) ;
#6436 = DIRECTION ( 'NONE',  ( -0.000000000000000000, 1.000000000000000000, -0.000000000000000000 ) ) ;
#6437 = DIRECTION ( 'NONE',  ( -0.000000000000000000, -1.000000000000000000, -0.000000000000000000 ) ) ;
#6438 = CARTESIAN_POINT ( 'NONE',  ( 78.99999999999997158, 5.000000000000000000, -72.89999999999999147 ) ) ;
#6439 = VERTEX_POINT ( 'NONE', #6457 ) ;
#6440 = CARTESIAN_POINT ( 'NONE',  ( 21.99999999999999645, 4.000000000000000000, -114.5000000000000426 ) ) ;
#6441 = CARTESIAN_POINT ( 'NONE',  ( 0.000000000000000000, 8.000000000000000000, 0.000000000000000000 ) ) ;
#6442 = ORIENTED_EDGE ( 'NONE', *, *, #166, .T. ) ;
#6443 = CARTESIAN_POINT ( 'NONE',  ( 169.9999999999999716, 0.000000000000000000, -145.5000000000000284 ) ) ;
#6444 = FACE_OUTER_BOUND ( 'NONE', #1844, .T. ) ;
#6445 = VERTEX_POINT ( 'NONE', #489 ) ;
#6446 = DIRECTION ( 'NONE',  ( -0.000000000000000000, -1.000000000000000000, -0.000000000000000000 ) ) ;
#6447 = CYLINDRICAL_SURFACE ( 'NONE', #2738, 2.099999999999997868 ) ;
#6448 = ORIENTED_EDGE ( 'NONE', *, *, #3084, .F. ) ;
#6449 = DIRECTION ( 'NONE',  ( 0.000000000000000000, 0.000000000000000000, -1.000000000000000000 ) ) ;
#6450 = ORIENTED_EDGE ( 'NONE', *, *, #2402, .T. ) ;
#6451 = FACE_OUTER_BOUND ( 'NONE', #5380, .T. ) ;
#6452 = FACE_OUTER_BOUND ( 'NONE', #1130, .T. ) ;
#6453 = CARTESIAN_POINT ( 'NONE',  ( 74.84307806183468870, 5.000000000000000000, -95.00000000000000000 ) ) ;
#6454 = TOROIDAL_SURFACE ( 'NONE', #5208, 3.500000000000004885, 2.000000000000000000 ) ;
#6455 = EDGE_CURVE ( 'NONE', #1858, #7165, #3734, .T. ) ;
#6456 = ORIENTED_EDGE ( 'NONE', *, *, #2761, .F. ) ;
#6457 = CARTESIAN_POINT ( 'NONE',  ( 138.5146231116499109, 8.000000000000000000, -127.0798547238299392 ) ) ;
#6458 = ORIENTED_EDGE ( 'NONE', *, *, #7021, .T. ) ;
#6459 = ORIENTED_EDGE ( 'NONE', *, *, #5784, .F. ) ;
#6460 = CIRCLE ( 'NONE', #1183, 5.500000000000005329 ) ;
#6461 = EDGE_CURVE ( 'NONE', #3069, #7052, #6496, .T. ) ;
#6462 = ORIENTED_EDGE ( 'NONE', *, *, #1791, .F. ) ;
#6463 = LINE ( 'NONE', #1588, #4628 ) ;
#6464 = ADVANCED_FACE ( 'NONE', ( #4731 ), #644, .F. ) ;
#6465 = PLANE ( 'NONE',  #4136 ) ;
#6466 = CYLINDRICAL_SURFACE ( 'NONE', #7470, 2.100000000000004530 ) ;
#6467 = CARTESIAN_POINT ( 'NONE',  ( -15.88445254721469801, 3.000000000000000000, -126.3499999999999943 ) ) ;
#6468 = AXIS2_PLACEMENT_3D ( 'NONE', #1094, #3489, #508 ) ;
#6469 = ORIENTED_EDGE ( 'NONE', *, *, #1846, .F. ) ;
#6470 = ORIENTED_EDGE ( 'NONE', *, *, #3425, .T. ) ;
#6471 = CARTESIAN_POINT ( 'NONE',  ( 74.84307806183468870, 8.000000000000000000, -95.00000000000000000 ) ) ;
#6472 = CARTESIAN_POINT ( 'NONE',  ( 88.01215132664637508, 0.000000000000000000, -105.0000000000000284 ) ) ;
#6473 = ADVANCED_FACE ( 'NONE', ( #4285 ), #6025, .F. ) ;
#6474 = VERTEX_POINT ( 'NONE', #4961 ) ;
#6475 = PLANE ( 'NONE',  #6468 ) ;
#6476 = LINE ( 'NONE', #5382, #619 ) ;
#6477 = CIRCLE ( 'NONE', #7482, 4.250000000000003553 ) ;
#6478 = ORIENTED_EDGE ( 'NONE', *, *, #414, .F. ) ;
#6479 = VECTOR ( 'NONE', #3509, 1000.000000000000000 ) ;
#6480 = PLANE ( 'NONE',  #1344 ) ;
#6481 = CARTESIAN_POINT ( 'NONE',  ( 164.0000000000000000, 8.000000000000000000, -24.50000000000002132 ) ) ;
#6482 = ORIENTED_EDGE ( 'NONE', *, *, #5852, .T. ) ;
#6483 = DIRECTION ( 'NONE',  ( 0.000000000000000000, 1.000000000000000000, 0.000000000000000000 ) ) ;
#6484 = DIRECTION ( 'NONE',  ( -0.000000000000000000, 1.000000000000000000, -0.000000000000000000 ) ) ;
#6485 = ORIENTED_EDGE ( 'NONE', *, *, #2618, .F. ) ;
#6486 = DIRECTION ( 'NONE',  ( 0.000000000000000000, 0.000000000000000000, 1.000000000000000000 ) ) ;
#6487 = VECTOR ( 'NONE', #6008, 1000.000000000000000 ) ;
#6488 = VERTEX_POINT ( 'NONE', #4887 ) ;
#6489 = VECTOR ( 'NONE', #271, 1000.000000000000000 ) ;
#6490 = PLANE ( 'NONE',  #6105 ) ;
#6491 = CARTESIAN_POINT ( 'NONE',  ( 88.01215132664637508, 0.000000000000000000, -65.00000000000002842 ) ) ;
#6492 = VERTEX_POINT ( 'NONE', #5472 ) ;
#6493 = LINE ( 'NONE', #2886, #2052 ) ;
#6494 = VECTOR ( 'NONE', #5524, 1000.000000000000000 ) ;
#6495 = EDGE_LOOP ( 'NONE', ( #1237, #1114, #4934, #1578 ) ) ;
#6496 = LINE ( 'NONE', #7711, #5996 ) ;
#6497 = AXIS2_PLACEMENT_3D ( 'NONE', #3898, #2131, #5049 ) ;
#6498 = VERTEX_POINT ( 'NONE', #3656 ) ;
#6499 = CIRCLE ( 'NONE', #347, 6.000000000000005329 ) ;
#6500 = EDGE_CURVE ( 'NONE', #2657, #5501, #7233, .T. ) ;
#6501 = EDGE_LOOP ( 'NONE', ( #1257, #5984, #5349, #636 ) ) ;
#6502 = DIRECTION ( 'NONE',  ( -0.000000000000000000, -1.000000000000000000, -0.000000000000000000 ) ) ;
#6503 = DIRECTION ( 'NONE',  ( 0.000000000000000000, 1.000000000000000000, 0.000000000000000000 ) ) ;
#6504 = AXIS2_PLACEMENT_3D ( 'NONE', #1883, #3068, #1842 ) ;
#6505 = FACE_BOUND ( 'NONE', #4800, .T. ) ;
#6506 = CARTESIAN_POINT ( 'NONE',  ( 88.01215132664637508, 8.000000000000000000, -105.0000000000000284 ) ) ;
#6507 = VECTOR ( 'NONE', #1907, 1000.000000000000000 ) ;
#6508 = EDGE_LOOP ( 'NONE', ( #3071, #3333, #4183, #5785 ) ) ;
#6509 = EDGE_CURVE ( 'NONE', #3093, #5167, #6604, .T. ) ;
#6510 = AXIS2_PLACEMENT_3D ( 'NONE', #480, #661, #6449 ) ;
#6511 = VECTOR ( 'NONE', #5273, 1000.000000000000000 ) ;
#6512 = ORIENTED_EDGE ( 'NONE', *, *, #6116, .F. ) ;
#6513 = CARTESIAN_POINT ( 'NONE',  ( 148.0000000000000568, 4.000000000000000000, -132.5000000000000284 ) ) ;
#6514 = DIRECTION ( 'NONE',  ( 0.000000000000000000, 1.000000000000000000, 0.000000000000000000 ) ) ;
#6515 = ORIENTED_EDGE ( 'NONE', *, *, #4595, .F. ) ;
#6516 = DIRECTION ( 'NONE',  ( 0.000000000000000000, 1.000000000000000000, -0.000000000000000000 ) ) ;
#6517 = DIRECTION ( 'NONE',  ( 0.000000000000000000, 1.000000000000000000, 0.000000000000000000 ) ) ;
#6518 = AXIS2_PLACEMENT_3D ( 'NONE', #4300, #2021, #2614 ) ;
#6519 = AXIS2_PLACEMENT_3D ( 'NONE', #5840, #2265, #3479 ) ;
#6520 = VERTEX_POINT ( 'NONE', #2433 ) ;
#6521 = ADVANCED_FACE ( 'NONE', ( #4845 ), #3579, .F. ) ;
#6522 = VECTOR ( 'NONE', #1816, 1000.000000000000227 ) ;
#6523 = CIRCLE ( 'NONE', #2498, 2.099999999999990763 ) ;
#6524 = CARTESIAN_POINT ( 'NONE',  ( -2.000000000000013767, 0.000000000000000000, -37.50000000000002842 ) ) ;
#6525 = CARTESIAN_POINT ( 'NONE',  ( 4.898587196589392121E-16, -28.74456470360965810, -24.50000000000000000 ) ) ;
#6526 = ORIENTED_EDGE ( 'NONE', *, *, #5353, .T. ) ;
#6527 = CYLINDRICAL_SURFACE ( 'NONE', #7330, 30.00000000000000000 ) ;
#6528 = CARTESIAN_POINT ( 'NONE',  ( -13.99999999999999822, 0.000000000000000000, -145.0000000000000284 ) ) ;
#6529 = ORIENTED_EDGE ( 'NONE', *, *, #7128, .F. ) ;
#6530 = EDGE_CURVE ( 'NONE', #6170, #1897, #7003, .T. ) ;
#6531 = ORIENTED_EDGE ( 'NONE', *, *, #165, .F. ) ;
#6532 = DIRECTION ( 'NONE',  ( 0.000000000000000000, -0.000000000000000000, 1.000000000000000000 ) ) ;
#6533 = DIRECTION ( 'NONE',  ( -0.000000000000000000, -1.000000000000000000, -0.000000000000000000 ) ) ;
#6534 = FACE_OUTER_BOUND ( 'NONE', #6508, .T. ) ;
#6535 = ORIENTED_EDGE ( 'NONE', *, *, #7526, .T. ) ;
#6536 = CARTESIAN_POINT ( 'NONE',  ( 142.0000000000000568, 8.000000000000000000, -139.5000000000000000 ) ) ;
#6537 = ORIENTED_EDGE ( 'NONE', *, *, #1279, .T. ) ;
#6538 = ADVANCED_FACE ( 'NONE', ( #602, #6673 ), #7309, .T. ) ;
#6539 = VERTEX_POINT ( 'NONE', #6093 ) ;
#6540 = CYLINDRICAL_SURFACE ( 'NONE', #5746, 2.099999999999990763 ) ;
#6541 = VECTOR ( 'NONE', #6803, 1000.000000000000000 ) ;
#6542 = CARTESIAN_POINT ( 'NONE',  ( 148.0000000000000568, 4.000000000000000000, -132.5000000000000284 ) ) ;
#6543 = LINE ( 'NONE', #1307, #5716 ) ;
#6544 = DIRECTION ( 'NONE',  ( -0.000000000000000000, 1.000000000000000000, -0.000000000000000000 ) ) ;
#6545 = VERTEX_POINT ( 'NONE', #715 ) ;
#6546 = ORIENTED_EDGE ( 'NONE', *, *, #4283, .T. ) ;
#6547 = DIRECTION ( 'NONE',  ( -0.000000000000000000, 1.000000000000000000, -0.000000000000000000 ) ) ;
#6548 = DIRECTION ( 'NONE',  ( 0.000000000000000000, 0.000000000000000000, 1.000000000000000000 ) ) ;
#6549 = EDGE_LOOP ( 'NONE', ( #7190, #2754, #5061, #7310 ) ) ;
#6550 = CARTESIAN_POINT ( 'NONE',  ( 172.0000000000000284, 0.000000000000000000, -57.60000000000002274 ) ) ;
#6551 = DIRECTION ( 'NONE',  ( 0.7426884441750638555, 0.000000000000000000, -0.6696371217971889278 ) ) ;
#6552 = EDGE_CURVE ( 'NONE', #3307, #6560, #1977, .T. ) ;
#6553 = ORIENTED_EDGE ( 'NONE', *, *, #2775, .T. ) ;
#6554 = CARTESIAN_POINT ( 'NONE',  ( 148.0000000000000284, 8.000000000000000000, -41.75000000000004263 ) ) ;
#6555 = CARTESIAN_POINT ( 'NONE',  ( -15.88445254721469801, 3.000000000000000000, -133.6500000000000057 ) ) ;
#6556 = ORIENTED_EDGE ( 'NONE', *, *, #1180, .T. ) ;
#6557 = DIRECTION ( 'NONE',  ( 0.000000000000000000, -1.000000000000000000, 0.000000000000000000 ) ) ;
#6558 = CARTESIAN_POINT ( 'NONE',  ( 148.0000000000000284, 8.000000000000000000, -37.50000000000004263 ) ) ;
#6559 = ADVANCED_FACE ( 'NONE', ( #3690 ), #2994, .F. ) ;
#6560 = VERTEX_POINT ( 'NONE', #4320 ) ;
#6561 = CIRCLE ( 'NONE', #5939, 3.500000000000031086 ) ;
#6562 = CARTESIAN_POINT ( 'NONE',  ( 90.99999999999997158, 0.000000000000000000, -95.00000000000000000 ) ) ;
#6563 = FACE_OUTER_BOUND ( 'NONE', #3168, .T. ) ;
#6564 = DIRECTION ( 'NONE',  ( -0.000000000000000000, 1.000000000000000000, -0.000000000000000000 ) ) ;
#6565 = EDGE_CURVE ( 'NONE', #1250, #1656, #5263, .T. ) ;
#6566 = VERTEX_POINT ( 'NONE', #1770 ) ;
#6567 = DIRECTION ( 'NONE',  ( 0.000000000000000000, 1.000000000000000000, 0.000000000000000000 ) ) ;
#6568 = ORIENTED_EDGE ( 'NONE', *, *, #6572, .F. ) ;
#6569 = VECTOR ( 'NONE', #5116, 1000.000000000000000 ) ;
#6570 = ORIENTED_EDGE ( 'NONE', *, *, #2857, .F. ) ;
#6571 = FACE_OUTER_BOUND ( 'NONE', #6208, .T. ) ;
#6572 = EDGE_CURVE ( 'NONE', #2543, #1265, #1843, .T. ) ;
#6573 = CARTESIAN_POINT ( 'NONE',  ( 172.0000000000000284, 8.000000000000000000, -118.7500000000000568 ) ) ;
#6574 = DIRECTION ( 'NONE',  ( 0.000000000000000000, 0.000000000000000000, 1.000000000000000000 ) ) ;
#6575 = DIRECTION ( 'NONE',  ( -0.000000000000000000, 1.000000000000000000, -0.000000000000000000 ) ) ;
#6576 = CIRCLE ( 'NONE', #6694, 4.250000000000003553 ) ;
#6577 = ORIENTED_EDGE ( 'NONE', *, *, #20, .F. ) ;
#6578 = VERTEX_POINT ( 'NONE', #6139 ) ;
#6579 = VECTOR ( 'NONE', #3375, 1000.000000000000000 ) ;
#6580 = DIRECTION ( 'NONE',  ( 0.000000000000000000, 1.000000000000000000, 0.000000000000000000 ) ) ;
#6581 = DIRECTION ( 'NONE',  ( 0.000000000000000000, 0.000000000000000000, 1.000000000000000000 ) ) ;
#6582 = ORIENTED_EDGE ( 'NONE', *, *, #1379, .T. ) ;
#6583 = FACE_OUTER_BOUND ( 'NONE', #3648, .T. ) ;
#6584 = DIRECTION ( 'NONE',  ( 0.000000000000000000, 0.000000000000000000, 1.000000000000000000 ) ) ;
#6585 = ORIENTED_EDGE ( 'NONE', *, *, #3712, .T. ) ;
#6586 = CIRCLE ( 'NONE', #4594, 2.099999999999990763 ) ;
#6587 = EDGE_CURVE ( 'NONE', #3027, #6707, #1802, .T. ) ;
#6588 = FACE_OUTER_BOUND ( 'NONE', #1688, .T. ) ;
#6589 = LINE ( 'NONE', #1103, #7489 ) ;
#6590 = EDGE_LOOP ( 'NONE', ( #5266, #1059 ) ) ;
#6591 = DIRECTION ( 'NONE',  ( 0.000000000000000000, 1.000000000000000000, 0.000000000000000000 ) ) ;
#6592 = CARTESIAN_POINT ( 'NONE',  ( 34.00000000000003553, 8.000000000000000000, -69.00000000000001421 ) ) ;
#6593 = AXIS2_PLACEMENT_3D ( 'NONE', #6871, #7612, #5070 ) ;
#6594 = EDGE_LOOP ( 'NONE', ( #1976, #5714, #3673, #76 ) ) ;
#6595 = EDGE_CURVE ( 'NONE', #3935, #3069, #3864, .T. ) ;
#6596 = ORIENTED_EDGE ( 'NONE', *, *, #430, .T. ) ;
#6597 = VECTOR ( 'NONE', #7427, 1000.000000000000000 ) ;
#6598 = EDGE_CURVE ( 'NONE', #7365, #6010, #4876, .T. ) ;
#6599 = CARTESIAN_POINT ( 'NONE',  ( 148.0000000000000284, 4.000000000000000000, -55.50000000000002842 ) ) ;
#6600 = CARTESIAN_POINT ( 'NONE',  ( -2.000000000000016431, 4.000000000000000000, -55.50000000000001421 ) ) ;
#6601 = ORIENTED_EDGE ( 'NONE', *, *, #3674, .T. ) ;
#6602 = DIRECTION ( 'NONE',  ( 0.000000000000000000, 0.000000000000000000, 1.000000000000000000 ) ) ;
#6603 = EDGE_LOOP ( 'NONE', ( #2855, #873, #7293, #6688 ) ) ;
#6604 = LINE ( 'NONE', #5512, #4755 ) ;
#6605 = VECTOR ( 'NONE', #3223, 1000.000000000000000 ) ;
#6606 = ORIENTED_EDGE ( 'NONE', *, *, #5235, .T. ) ;
#6607 = EDGE_CURVE ( 'NONE', #5995, #1694, #359, .T. ) ;
#6608 = AXIS2_PLACEMENT_3D ( 'NONE', #1519, #861, #1598 ) ;
#6609 = CARTESIAN_POINT ( 'NONE',  ( 83.15692193816529709, 5.000000000000000000, -74.99999999999998579 ) ) ;
#6610 = AXIS2_PLACEMENT_3D ( 'NONE', #6379, #7516, #4529 ) ;
#6611 = LINE ( 'NONE', #1848, #3368 ) ;
#6612 = FACE_OUTER_BOUND ( 'NONE', #2565, .T. ) ;
#6613 = PLANE ( 'NONE',  #5094 ) ;
#6614 = CARTESIAN_POINT ( 'NONE',  ( -17.96291351629733413, 3.000000000000000000, -137.2499999999999716 ) ) ;
#6615 = VECTOR ( 'NONE', #55, 1000.000000000000000 ) ;
#6616 = EDGE_LOOP ( 'NONE', ( #5644, #3806 ) ) ;
#6617 = EDGE_CURVE ( 'NONE', #1240, #4665, #3183, .T. ) ;
#6618 = ORIENTED_EDGE ( 'NONE', *, *, #7219, .F. ) ;
#6619 = CIRCLE ( 'NONE', #1472, 4.250000000000003553 ) ;
#6620 = DIRECTION ( 'NONE',  ( 0.000000000000000000, -1.000000000000000000, 0.000000000000000000 ) ) ;
#6621 = DIRECTION ( 'NONE',  ( 0.000000000000000000, 1.000000000000000000, 0.000000000000000000 ) ) ;
#6622 = ORIENTED_EDGE ( 'NONE', *, *, #1058, .T. ) ;
#6623 = DIRECTION ( 'NONE',  ( 0.000000000000000000, 0.000000000000000000, -1.000000000000000000 ) ) ;
#6624 = DIRECTION ( 'NONE',  ( 0.000000000000000000, 1.000000000000000000, 0.000000000000000000 ) ) ;
#6625 = DIRECTION ( 'NONE',  ( 0.000000000000000000, 1.000000000000000000, 0.000000000000000000 ) ) ;
#6626 = CIRCLE ( 'NONE', #3610, 2.099999999999990763 ) ;
#6627 = EDGE_LOOP ( 'NONE', ( #4918, #4538 ) ) ;
#6628 = LINE ( 'NONE', #5456, #1428 ) ;
#6629 = CARTESIAN_POINT ( 'NONE',  ( -11.72753060904940092, 3.000000000000000000, -140.8499999999999659 ) ) ;
#6630 = VECTOR ( 'NONE', #1896, 1000.000000000000000 ) ;
#6631 = EDGE_LOOP ( 'NONE', ( #3539, #448, #3261, #3244 ) ) ;
#6632 = DIRECTION ( 'NONE',  ( 0.000000000000000000, -0.000000000000000000, 1.000000000000000000 ) ) ;
#6634 = DIRECTION ( 'NONE',  ( 0.000000000000000000, 0.000000000000000000, 1.000000000000000000 ) ) ;
#6633 = AXIS2_PLACEMENT_3D ( 'NONE', #2573, #6160, #3791 ) ;
#6635 = ORIENTED_EDGE ( 'NONE', *, *, #4216, .T. ) ;
#6636 = ORIENTED_EDGE ( 'NONE', *, *, #2925, .T. ) ;
#6637 = VECTOR ( 'NONE', #3073, 1000.000000000000000 ) ;
#6638 = FACE_OUTER_BOUND ( 'NONE', #2418, .T. ) ;
#6639 = DIRECTION ( 'NONE',  ( 0.000000000000000000, 0.000000000000000000, -1.000000000000000000 ) ) ;
#6640 = VERTEX_POINT ( 'NONE', #5740 ) ;
#6641 = FACE_OUTER_BOUND ( 'NONE', #6869, .T. ) ;
#6642 = ORIENTED_EDGE ( 'NONE', *, *, #7518, .F. ) ;
#6643 = DIRECTION ( 'NONE',  ( 0.000000000000000000, 0.000000000000000000, 1.000000000000000000 ) ) ;
#6644 = EDGE_CURVE ( 'NONE', #2350, #327, #2673, .T. ) ;
#6645 = ORIENTED_EDGE ( 'NONE', *, *, #6598, .F. ) ;
#6646 = DIRECTION ( 'NONE',  ( -0.000000000000000000, 1.000000000000000000, -0.000000000000000000 ) ) ;
#6647 = LINE ( 'NONE', #6062, #6738 ) ;
#6648 = DIRECTION ( 'NONE',  ( -0.000000000000000000, -1.000000000000000000, -0.000000000000000000 ) ) ;
#6649 = CYLINDRICAL_SURFACE ( 'NONE', #1939, 2.099999999999990763 ) ;
#6650 = CARTESIAN_POINT ( 'NONE',  ( 128.4885937829695592, -2.775557561562891351E-14, -69.00000000000002842 ) ) ;
#6651 = ADVANCED_FACE ( 'NONE', ( #1496 ), #2755, .F. ) ;
#6652 = ORIENTED_EDGE ( 'NONE', *, *, #7554, .T. ) ;
#6653 = EDGE_LOOP ( 'NONE', ( #5130, #6526, #2463, #5790 ) ) ;
#6654 = PLANE ( 'NONE',  #2095 ) ;
#6655 = VERTEX_POINT ( 'NONE', #3347 ) ;
#6656 = DIRECTION ( 'NONE',  ( 0.000000000000000000, 0.000000000000000000, -1.000000000000000000 ) ) ;
#6657 = DIRECTION ( 'NONE',  ( 0.000000000000000000, 0.000000000000000000, 1.000000000000000000 ) ) ;
#6658 = EDGE_CURVE ( 'NONE', #5503, #4801, #5883, .T. ) ;
#6659 = LINE ( 'NONE', #4982, #2873 ) ;
#6660 = ORIENTED_EDGE ( 'NONE', *, *, #4178, .T. ) ;
#6661 = CARTESIAN_POINT ( 'NONE',  ( 172.0000000000000284, 0.000000000000000000, -116.6000000000000369 ) ) ;
#6662 = CARTESIAN_POINT ( 'NONE',  ( 76.92153903091731593, 5.000000000000000000, -78.59999999999999432 ) ) ;
#6663 = EDGE_LOOP ( 'NONE', ( #261, #2821 ) ) ;
#6664 = CARTESIAN_POINT ( 'NONE',  ( 0.000000000000000000, 8.000000000000000000, -170.0000000000000000 ) ) ;
#6665 = CARTESIAN_POINT ( 'NONE',  ( -13.80599157813204059, -2.000000000000000000, -137.2500000000000000 ) ) ;
#6666 = ORIENTED_EDGE ( 'NONE', *, *, #1069, .T. ) ;
#6667 = VERTEX_POINT ( 'NONE', #2595 ) ;
#6668 = CARTESIAN_POINT ( 'NONE',  ( -2.000000000000015987, 4.000000000000000000, -59.75000000000002132 ) ) ;
#6669 = DIRECTION ( 'NONE',  ( 0.000000000000000000, 1.000000000000000000, 0.000000000000000000 ) ) ;
#6670 = ORIENTED_EDGE ( 'NONE', *, *, #5804, .T. ) ;
#6671 = FACE_OUTER_BOUND ( 'NONE', #3064, .T. ) ;
#6672 = VERTEX_POINT ( 'NONE', #6257 ) ;
#6673 = FACE_BOUND ( 'NONE', #5345, .T. ) ;
#6674 = EDGE_CURVE ( 'NONE', #3750, #1988, #4003, .T. ) ;
#6675 = ORIENTED_EDGE ( 'NONE', *, *, #2054, .F. ) ;
#6676 = DIRECTION ( 'NONE',  ( 0.000000000000000000, -1.000000000000000000, 0.000000000000000000 ) ) ;
#6677 = DIRECTION ( 'NONE',  ( -0.000000000000000000, 1.000000000000000000, -0.000000000000000000 ) ) ;
#6678 = ADVANCED_FACE ( 'NONE', ( #7347 ), #5004, .F. ) ;
#6679 = DIRECTION ( 'NONE',  ( 0.000000000000000000, 1.000000000000000000, 0.000000000000000000 ) ) ;
#6680 = DIRECTION ( 'NONE',  ( 0.000000000000000000, 1.000000000000000000, 0.000000000000000000 ) ) ;
#6681 = CARTESIAN_POINT ( 'NONE',  ( 86.84307806183461764, 5.000000000000000000, -74.99999999999998579 ) ) ;
#6682 = EDGE_CURVE ( 'NONE', #3, #3320, #5668, .T. ) ;
#6683 = ORIENTED_EDGE ( 'NONE', *, *, #914, .T. ) ;
#6684 = EDGE_LOOP ( 'NONE', ( #7765, #4971, #5077, #3404 ) ) ;
#6685 = EDGE_CURVE ( 'NONE', #1805, #2543, #7394, .T. ) ;
#6686 = DIRECTION ( 'NONE',  ( 0.000000000000000000, 0.000000000000000000, 1.000000000000000000 ) ) ;
#6687 = DIRECTION ( 'NONE',  ( -0.6843142041691716582, -0.000000000000000000, 0.7291872667376422257 ) ) ;
#6688 = ORIENTED_EDGE ( 'NONE', *, *, #7756, .F. ) ;
#6689 = DIRECTION ( 'NONE',  ( 0.000000000000000000, 0.000000000000000000, 1.000000000000000000 ) ) ;
#6690 = PLANE ( 'NONE',  #7137 ) ;
#6691 = CIRCLE ( 'NONE', #3318, 8.000000000000007105 ) ;
#6692 = CARTESIAN_POINT ( 'NONE',  ( -2.000000000000013323, 4.000000000000000000, -41.75000000000002842 ) ) ;
#6693 = ORIENTED_EDGE ( 'NONE', *, *, #5235, .F. ) ;
#6694 = AXIS2_PLACEMENT_3D ( 'NONE', #7261, #1289, #3023 ) ;
#6695 = EDGE_CURVE ( 'NONE', #542, #395, #1361, .T. ) ;
#6696 = CARTESIAN_POINT ( 'NONE',  ( 41.51140621703041234, 3.469446951953614189E-15, -101.0000000000000142 ) ) ;
#6697 = LINE ( 'NONE', #6629, #1715 ) ;
#6698 = ORIENTED_EDGE ( 'NONE', *, *, #279, .F. ) ;
#6699 = CARTESIAN_POINT ( 'NONE',  ( 148.0000000000000568, 4.000000000000000000, -114.5000000000000426 ) ) ;
#6700 = PLANE ( 'NONE',  #3371 ) ;
#6701 = ORIENTED_EDGE ( 'NONE', *, *, #6126, .T. ) ;
#6702 = CIRCLE ( 'NONE', #7593, 4.250000000000003553 ) ;
#6703 = ORIENTED_EDGE ( 'NONE', *, *, #5586, .F. ) ;
#6704 = CIRCLE ( 'NONE', #7601, 4.250000000000003553 ) ;
#6705 = CARTESIAN_POINT ( 'NONE',  ( 93.07846096908259881, 5.000000000000000000, -71.39999999999999147 ) ) ;
#6706 = FACE_OUTER_BOUND ( 'NONE', #3474, .T. ) ;
#6707 = VERTEX_POINT ( 'NONE', #1415 ) ;
#6708 = DIRECTION ( 'NONE',  ( 0.000000000000000000, 1.000000000000000000, 0.000000000000000000 ) ) ;
#6709 = ORIENTED_EDGE ( 'NONE', *, *, #2376, .T. ) ;
#6710 = DIRECTION ( 'NONE',  ( 0.000000000000000000, 1.000000000000000000, 0.000000000000000000 ) ) ;
#6711 = CIRCLE ( 'NONE', #5233, 2.099999999999990763 ) ;
#6712 = VERTEX_POINT ( 'NONE', #2080 ) ;
#6713 = AXIS2_PLACEMENT_3D ( 'NONE', #5671, #1454, #5747 ) ;
#6714 = DIRECTION ( 'NONE',  ( 0.000000000000000000, 0.000000000000000000, 1.000000000000000000 ) ) ;
#6715 = CARTESIAN_POINT ( 'NONE',  ( 172.0000000000000284, 0.000000000000000000, -130.4000000000000341 ) ) ;
#6716 = VECTOR ( 'NONE', #3465, 1000.000000000000000 ) ;
#6717 = EDGE_CURVE ( 'NONE', #7644, #6177, #6919, .T. ) ;
#6718 = DIRECTION ( 'NONE',  ( 0.000000000000000000, 0.000000000000000000, -1.000000000000000000 ) ) ;
#6719 = CARTESIAN_POINT ( 'NONE',  ( 11.86622814102146428, 8.000000000000000000, -148.8392742435943887 ) ) ;
#6720 = CARTESIAN_POINT ( 'NONE',  ( -2.000000000000013767, 4.000000000000000000, -37.50000000000002842 ) ) ;
#6721 = LINE ( 'NONE', #1234, #7377 ) ;
#6722 = EDGE_CURVE ( 'NONE', #2981, #2947, #6009, .T. ) ;
#6723 = VERTEX_POINT ( 'NONE', #5701 ) ;
#6724 = CIRCLE ( 'NONE', #3228, 2.099999999999990763 ) ;
#6725 = CIRCLE ( 'NONE', #6610, 2.099999999999990763 ) ;
#6726 = ORIENTED_EDGE ( 'NONE', *, *, #156, .F. ) ;
#6727 = LINE ( 'NONE', #3668, #83 ) ;
#6728 = LINE ( 'NONE', #4383, #7653 ) ;
#6729 = ORIENTED_EDGE ( 'NONE', *, *, #584, .T. ) ;
#6730 = EDGE_CURVE ( 'NONE', #1291, #5600, #6880, .T. ) ;
#6731 = CYLINDRICAL_SURFACE ( 'NONE', #5346, 2.000000000000000000 ) ;
#6732 = PLANE ( 'NONE',  #6269 ) ;
#6733 = VECTOR ( 'NONE', #2300, 1000.000000000000000 ) ;
#6734 = CARTESIAN_POINT ( 'NONE',  ( 8.000000000000000000, 0.000000000000000000, 0.000000000000000000 ) ) ;
#6735 = VECTOR ( 'NONE', #547, 1000.000000000000000 ) ;
#6736 = EDGE_CURVE ( 'NONE', #6990, #1793, #4880, .T. ) ;
#6737 = ORIENTED_EDGE ( 'NONE', *, *, #3116, .T. ) ;
#6738 = VECTOR ( 'NONE', #5477, 1000.000000000000000 ) ;
#6739 = LINE ( 'NONE', #3879, #7567 ) ;
#6740 = DIRECTION ( 'NONE',  ( 0.000000000000000000, 1.000000000000000000, 0.000000000000000000 ) ) ;
#6741 = CIRCLE ( 'NONE', #5301, 8.000000000000008882 ) ;
#6742 = EDGE_LOOP ( 'NONE', ( #2237, #4350, #5214, #1324 ) ) ;
#6743 = CARTESIAN_POINT ( 'NONE',  ( 142.0000000000000568, 0.000000000000000000, -139.5000000000000000 ) ) ;
#6744 = FACE_BOUND ( 'NONE', #4687, .T. ) ;
#6745 = AXIS2_PLACEMENT_3D ( 'NONE', #4809, #6710, #7196 ) ;
#6746 = AXIS2_PLACEMENT_3D ( 'NONE', #3919, #2662, #4593 ) ;
#6747 = EDGE_CURVE ( 'NONE', #3917, #7587, #2483, .T. ) ;
#6748 = ORIENTED_EDGE ( 'NONE', *, *, #929, .F. ) ;
#6749 = CARTESIAN_POINT ( 'NONE',  ( 148.0000000000000568, -2.000000000000000000, -134.6000000000000227 ) ) ;
#6750 = VECTOR ( 'NONE', #3894, 1000.000000000000000 ) ;
#6751 = AXIS2_PLACEMENT_3D ( 'NONE', #2341, #6551, #3596 ) ;
#6752 = CYLINDRICAL_SURFACE ( 'NONE', #4219, 2.000000000000001776 ) ;
#6753 = CARTESIAN_POINT ( 'NONE',  ( 90.99999999999997158, 5.000000000000000000, -95.00000000000000000 ) ) ;
#6754 = ORIENTED_EDGE ( 'NONE', *, *, #3638, .T. ) ;
#6755 = FACE_OUTER_BOUND ( 'NONE', #3775, .T. ) ;
#6756 = VERTEX_POINT ( 'NONE', #3808 ) ;
#6757 = CARTESIAN_POINT ( 'NONE',  ( 83.15692193816529709, 5.000000000000000000, -74.99999999999998579 ) ) ;
#6758 = EDGE_CURVE ( 'NONE', #327, #1700, #7509, .T. ) ;
#6759 = VECTOR ( 'NONE', #7477, 1000.000000000000000 ) ;
#6760 = ORIENTED_EDGE ( 'NONE', *, *, #744, .F. ) ;
#6761 = EDGE_CURVE ( 'NONE', #7230, #3608, #357, .T. ) ;
#6762 = CARTESIAN_POINT ( 'NONE',  ( -15.88445254721469801, 3.000000000000000000, -126.3499999999999943 ) ) ;
#6763 = DIRECTION ( 'NONE',  ( -0.000000000000000000, 1.000000000000000000, -0.000000000000000000 ) ) ;
#6764 = CIRCLE ( 'NONE', #1010, 6.000000000000005329 ) ;
#6765 = DIRECTION ( 'NONE',  ( -0.5000000000000016653, 0.000000000000000000, -0.8660254037844377084 ) ) ;
#6766 = CARTESIAN_POINT ( 'NONE',  ( 142.0000000000000568, 8.000000000000000000, -63.00000000000002842 ) ) ;
#6767 = DIRECTION ( 'NONE',  ( 0.000000000000000000, 0.000000000000000000, 1.000000000000000000 ) ) ;
#6768 = DIRECTION ( 'NONE',  ( -8.673617379884027583E-15, 0.000000000000000000, 1.000000000000000000 ) ) ;
#6769 = EDGE_LOOP ( 'NONE', ( #1587, #4281 ) ) ;
#6770 = VERTEX_POINT ( 'NONE', #6212 ) ;
#6771 = EDGE_LOOP ( 'NONE', ( #7296, #3450, #6737, #2490 ) ) ;
#6772 = DIRECTION ( 'NONE',  ( 0.000000000000000000, 0.000000000000000000, 1.000000000000000000 ) ) ;
#6773 = DIRECTION ( 'NONE',  ( -0.000000000000000000, -1.000000000000000000, -0.000000000000000000 ) ) ;
#6774 = ORIENTED_EDGE ( 'NONE', *, *, #6086, .T. ) ;
#6775 = CARTESIAN_POINT ( 'NONE',  ( -13.80599157813204059, 8.000000000000000000, -120.6250000000000000 ) ) ;
#6776 = DIRECTION ( 'NONE',  ( -0.000000000000000000, -1.000000000000000000, -0.000000000000000000 ) ) ;
#6777 = LINE ( 'NONE', #4339, #866 ) ;
#6778 = ADVANCED_FACE ( 'NONE', ( #950 ), #3772, .F. ) ;
#6779 = ORIENTED_EDGE ( 'NONE', *, *, #2414, .T. ) ;
#6780 = AXIS2_PLACEMENT_3D ( 'NONE', #4946, #1518, #7379 ) ;
#6781 = LINE ( 'NONE', #3169, #392 ) ;
#6782 = CARTESIAN_POINT ( 'NONE',  ( -13.80599157813204059, 8.000000000000000000, -137.2500000000000000 ) ) ;
#6783 = EDGE_CURVE ( 'NONE', #1265, #2543, #7136, .T. ) ;
#6784 = ORIENTED_EDGE ( 'NONE', *, *, #1869, .F. ) ;
#6785 = DIRECTION ( 'NONE',  ( -1.000000000000000000, 0.000000000000000000, 0.000000000000000000 ) ) ;
#6786 = FACE_BOUND ( 'NONE', #5511, .T. ) ;
#6787 = CIRCLE ( 'NONE', #15, 4.250000000000003553 ) ;
#6788 = VERTEX_POINT ( 'NONE', #4050 ) ;
#6789 = CIRCLE ( 'NONE', #3785, 2.000000000000001776 ) ;
#6790 = CYLINDRICAL_SURFACE ( 'NONE', #5474, 6.000000000000005329 ) ;
#6791 = CARTESIAN_POINT ( 'NONE',  ( 74.84307806183467449, 5.000000000000000000, -74.99999999999997158 ) ) ;
#6792 = DIRECTION ( 'NONE',  ( 0.000000000000000000, 1.000000000000000000, 0.000000000000000000 ) ) ;
#6793 = ADVANCED_FACE ( 'NONE', ( #1821, #5903 ), #993, .T. ) ;
#6794 = EDGE_CURVE ( 'NONE', #7778, #6995, #5760, .T. ) ;
#6795 = VERTEX_POINT ( 'NONE', #1032 ) ;
#6796 = CARTESIAN_POINT ( 'NONE',  ( 31.48537688835016723, 8.000000000000007105, -42.92014527617017450 ) ) ;
#6797 = ORIENTED_EDGE ( 'NONE', *, *, #2444, .T. ) ;
#6798 = DIRECTION ( 'NONE',  ( -0.000000000000000000, -1.000000000000000000, -0.000000000000000000 ) ) ;
#6799 = ORIENTED_EDGE ( 'NONE', *, *, #4227, .F. ) ;
#6800 = LINE ( 'NONE', #4445, #5246 ) ;
#6801 = CARTESIAN_POINT ( 'NONE',  ( -11.72753060904940092, 3.000000000000000000, -140.8499999999999659 ) ) ;
#6802 = EDGE_CURVE ( 'NONE', #6238, #7469, #2247, .T. ) ;
#6803 = DIRECTION ( 'NONE',  ( -0.000000000000000000, 1.000000000000000000, -0.000000000000000000 ) ) ;
#6804 = CARTESIAN_POINT ( 'NONE',  ( 170.0000000000000000, 6.000000000000000000, 0.000000000000000000 ) ) ;
#6805 = DIRECTION ( 'NONE',  ( 0.000000000000000000, 0.000000000000000000, 1.000000000000000000 ) ) ;
#6806 = DIRECTION ( 'NONE',  ( -0.5000000000000016653, 0.000000000000000000, -0.8660254037844375974 ) ) ;
#6807 = ORIENTED_EDGE ( 'NONE', *, *, #5549, .F. ) ;
#6808 = VERTEX_POINT ( 'NONE', #4228 ) ;
#6809 = ORIENTED_EDGE ( 'NONE', *, *, #4210, .T. ) ;
#6810 = EDGE_CURVE ( 'NONE', #4751, #5167, #1108, .T. ) ;
#6811 = LINE ( 'NONE', #1394, #847 ) ;
#6812 = CARTESIAN_POINT ( 'NONE',  ( 148.0000000000000568, 4.000000000000000000, -114.5000000000000426 ) ) ;
#6813 = CARTESIAN_POINT ( 'NONE',  ( 2.000000000000000000, 8.000000000000000000, -13.20487406521907126 ) ) ;
#6814 = CARTESIAN_POINT ( 'NONE',  ( 148.0000000000000284, 8.000000000000000000, -55.50000000000002842 ) ) ;
#6815 = EDGE_CURVE ( 'NONE', #1553, #6999, #4243, .T. ) ;
#6816 = DIRECTION ( 'NONE',  ( -0.000000000000000000, 1.000000000000000000, -0.000000000000000000 ) ) ;
#6817 = ORIENTED_EDGE ( 'NONE', *, *, #1037, .F. ) ;
#6818 = AXIS2_PLACEMENT_3D ( 'NONE', #7429, #6209, #944 ) ;
#6819 = DIRECTION ( 'NONE',  ( -0.000000000000000000, -1.000000000000000000, -0.000000000000000000 ) ) ;
#6820 = LINE ( 'NONE', #5032, #2717 ) ;
#6821 = ORIENTED_EDGE ( 'NONE', *, *, #4352, .F. ) ;
#6822 = CYLINDRICAL_SURFACE ( 'NONE', #2815, 2.099999999999990763 ) ;
#6823 = FACE_BOUND ( 'NONE', #188, .T. ) ;
#6824 = VECTOR ( 'NONE', #2457, 1000.000000000000000 ) ;
#6825 = ORIENTED_EDGE ( 'NONE', *, *, #1585, .F. ) ;
#6826 = CIRCLE ( 'NONE', #4072, 2.100000000000004530 ) ;
#6827 = ADVANCED_FACE ( 'NONE', ( #7000 ), #7591, .F. ) ;
#6828 = CYLINDRICAL_SURFACE ( 'NONE', #6845, 2.000000000000000000 ) ;
#6829 = CARTESIAN_POINT ( 'NONE',  ( 170.0000000000000000, 0.000000000000000000, -162.0000000000000000 ) ) ;
#6830 = DIRECTION ( 'NONE',  ( 1.000000000000000000, 0.000000000000000000, -0.000000000000000000 ) ) ;
#6831 = ORIENTED_EDGE ( 'NONE', *, *, #4118, .F. ) ;
#6832 = DIRECTION ( 'NONE',  ( -0.000000000000000000, -0.000000000000000000, -1.000000000000000000 ) ) ;
#6833 = CIRCLE ( 'NONE', #4322, 30.00000000000000000 ) ;
#6834 = ORIENTED_EDGE ( 'NONE', *, *, #7229, .F. ) ;
#6835 = DIRECTION ( 'NONE',  ( -0.000000000000000000, -1.000000000000000000, -0.000000000000000000 ) ) ;
#6836 = EDGE_CURVE ( 'NONE', #405, #4989, #6626, .T. ) ;
#6837 = VERTEX_POINT ( 'NONE', #7072 ) ;
#6838 = AXIS2_PLACEMENT_3D ( 'NONE', #6720, #1347, #6805 ) ;
#6839 = CARTESIAN_POINT ( 'NONE',  ( 0.000000000000000000, 0.000000000000000000, -162.0000000000000000 ) ) ;
#6840 = LINE ( 'NONE', #5633, #4007 ) ;
#6841 = DIRECTION ( 'NONE',  ( 0.000000000000000000, 1.000000000000000000, 0.000000000000000000 ) ) ;
#6842 = FACE_OUTER_BOUND ( 'NONE', #552, .T. ) ;
#6843 = CYLINDRICAL_SURFACE ( 'NONE', #6838, 4.250000000000003553 ) ;
#6844 = DIRECTION ( 'NONE',  ( 0.000000000000000000, 0.000000000000000000, 1.000000000000000000 ) ) ;
#6845 = AXIS2_PLACEMENT_3D ( 'NONE', #6249, #1951, #7460 ) ;
#6846 = ORIENTED_EDGE ( 'NONE', *, *, #279, .T. ) ;
#6847 = EDGE_CURVE ( 'NONE', #2947, #2981, #4630, .T. ) ;
#6848 = EDGE_LOOP ( 'NONE', ( #6531, #6298, #1367, #3434 ) ) ;
#6849 = VECTOR ( 'NONE', #6533, 1000.000000000000000 ) ;
#6850 = ORIENTED_EDGE ( 'NONE', *, *, #2165, .T. ) ;
#6851 = AXIS2_PLACEMENT_3D ( 'NONE', #242, #2714, #280 ) ;
#6852 = DIRECTION ( 'NONE',  ( -0.6696371217971889278, -0.000000000000000000, 0.7426884441750637444 ) ) ;
#6853 = CARTESIAN_POINT ( 'NONE',  ( 170.0000000000000000, 8.000000000000000000, 0.000000000000000000 ) ) ;
#6854 = CARTESIAN_POINT ( 'NONE',  ( 76.92153903091734435, 5.000000000000000000, -91.39999999999997726 ) ) ;
#6855 = DIRECTION ( 'NONE',  ( 2.523234146875355505E-16, 0.000000000000000000, -1.000000000000000000 ) ) ;
#6856 = CARTESIAN_POINT ( 'NONE',  ( 88.01215132664637508, 8.000000000000000000, -65.00000000000002842 ) ) ;
#6857 = CIRCLE ( 'NONE', #4613, 6.000000000000000000 ) ;
#6858 = ADVANCED_FACE ( 'NONE', ( #7630, #4015 ), #5168, .T. ) ;
#6859 = AXIS2_PLACEMENT_3D ( 'NONE', #2468, #7342, #710 ) ;
#6860 = VERTEX_POINT ( 'NONE', #7040 ) ;
#6861 = ADVANCED_FACE ( 'NONE', ( #1246 ), #520, .F. ) ;
#6862 = AXIS2_PLACEMENT_3D ( 'NONE', #7614, #2231, #4265 ) ;
#6863 = PLANE ( 'NONE',  #6780 ) ;
#6864 = DIRECTION ( 'NONE',  ( -0.000000000000000000, 1.000000000000000000, -0.000000000000000000 ) ) ;
#6865 = ORIENTED_EDGE ( 'NONE', *, *, #4387, .T. ) ;
#6866 = DIRECTION ( 'NONE',  ( -0.000000000000000000, -1.000000000000000000, -0.000000000000000000 ) ) ;
#6867 = AXIS2_PLACEMENT_3D ( 'NONE', #1445, #4520, #3802 ) ;
#6868 = CARTESIAN_POINT ( 'NONE',  ( 93.07846096908262723, 8.000000000000000000, -78.60000000000000853 ) ) ;
#6869 = EDGE_LOOP ( 'NONE', ( #7117, #5972, #79, #6675 ) ) ;
#6870 = AXIS2_PLACEMENT_3D ( 'NONE', #3739, #1806, #6718 ) ;
#6871 = CARTESIAN_POINT ( 'NONE',  ( 0.000000000000000000, 6.000000000000000000, 0.000000000000000000 ) ) ;
#6872 = DIRECTION ( 'NONE',  ( 0.000000000000000000, 1.000000000000000000, 0.000000000000000000 ) ) ;
#6873 = FACE_OUTER_BOUND ( 'NONE', #6289, .T. ) ;
#6874 = VECTOR ( 'NONE', #6185, 1000.000000000000000 ) ;
#6875 = ORIENTED_EDGE ( 'NONE', *, *, #3572, .T. ) ;
#6876 = CARTESIAN_POINT ( 'NONE',  ( 168.0000000000000000, 0.000000000000000000, -13.20487406521907481 ) ) ;
#6878 = DIRECTION ( 'NONE',  ( -0.000000000000000000, 1.000000000000000000, -0.000000000000000000 ) ) ;
#6877 = AXIS2_PLACEMENT_3D ( 'NONE', #3303, #5698, #4524 ) ;
#6879 = VERTEX_POINT ( 'NONE', #3424 ) ;
#6880 = LINE ( 'NONE', #3851, #6750 ) ;
#6881 = ADVANCED_FACE ( 'NONE', ( #5821 ), #436, .T. ) ;
#6882 = VECTOR ( 'NONE', #216, 1000.000000000000000 ) ;
#6883 = EDGE_LOOP ( 'NONE', ( #4935, #7329, #2385, #1981 ) ) ;
#6884 = AXIS2_PLACEMENT_3D ( 'NONE', #6814, #6397, #7413 ) ;
#6885 = DIRECTION ( 'NONE',  ( -0.000000000000000000, 1.000000000000000000, -0.000000000000000000 ) ) ;
#6886 = CARTESIAN_POINT ( 'NONE',  ( 81.07846096908262723, 8.000000000000000000, -78.59999999999999432 ) ) ;
#6887 = FACE_OUTER_BOUND ( 'NONE', #4241, .T. ) ;
#6888 = ADVANCED_FACE ( 'NONE', ( #2164 ), #2313, .T. ) ;
#6889 = CIRCLE ( 'NONE', #4509, 2.099999999999997868 ) ;
#6890 = DIRECTION ( 'NONE',  ( -0.6696371217971889278, -0.000000000000000000, 0.7426884441750637444 ) ) ;
#6891 = CARTESIAN_POINT ( 'NONE',  ( 148.0000000000000284, 4.000000000000000000, -37.50000000000004263 ) ) ;
#6892 = AXIS2_PLACEMENT_3D ( 'NONE', #417, #5145, #854 ) ;
#6893 = EDGE_LOOP ( 'NONE', ( #4926, #4361, #1803, #3111 ) ) ;
#6894 = ORIENTED_EDGE ( 'NONE', *, *, #6836, .T. ) ;
#6895 = CIRCLE ( 'NONE', #4389, 2.099999999999997868 ) ;
#6896 = ORIENTED_EDGE ( 'NONE', *, *, #6294, .T. ) ;
#6897 = CARTESIAN_POINT ( 'NONE',  ( 6.000000000000000000, 8.000000000000000000, -145.5000000000000284 ) ) ;
#6898 = ADVANCED_FACE ( 'NONE', ( #1571 ), #3969, .F. ) ;
#6899 = DIRECTION ( 'NONE',  ( 0.000000000000000000, 1.000000000000000000, 0.000000000000000000 ) ) ;
#6900 = DIRECTION ( 'NONE',  ( 0.000000000000000000, 1.000000000000000000, 0.000000000000000000 ) ) ;
#6901 = DIRECTION ( 'NONE',  ( 0.000000000000000000, 1.000000000000000000, 0.000000000000000000 ) ) ;
#6902 = CARTESIAN_POINT ( 'NONE',  ( 162.0274760928583930, 8.000000000000000000, -170.6624670180889041 ) ) ;
#6903 = VERTEX_POINT ( 'NONE', #3205 ) ;
#6904 = DESIGN_CONTEXT ( 'detailed design', #2870, 'design' ) ;
#6905 = CARTESIAN_POINT ( 'NONE',  ( -9.649069639966750600, 0.000000000000000000, -122.7500000000000142 ) ) ;
#6906 = DIRECTION ( 'NONE',  ( 0.000000000000000000, 0.000000000000000000, 1.000000000000000000 ) ) ;
#6907 = ADVANCED_FACE ( 'NONE', ( #7415, #1985 ), #813, .T. ) ;
#6908 = ORIENTED_EDGE ( 'NONE', *, *, #2954, .F. ) ;
#6909 = DIRECTION ( 'NONE',  ( 0.000000000000000000, 0.000000000000000000, 1.000000000000000000 ) ) ;
#6910 = FACE_OUTER_BOUND ( 'NONE', #5948, .T. ) ;
#6911 = VECTOR ( 'NONE', #5010, 1000.000000000000000 ) ;
#6912 = ORIENTED_EDGE ( 'NONE', *, *, #1696, .F. ) ;
#6913 = DIRECTION ( 'NONE',  ( 0.000000000000000000, -1.000000000000000000, 0.000000000000000000 ) ) ;
#6914 = CYLINDRICAL_SURFACE ( 'NONE', #2453, 30.00000000000000000 ) ;
#6915 = ORIENTED_EDGE ( 'NONE', *, *, #4291, .T. ) ;
#6916 = FACE_OUTER_BOUND ( 'NONE', #2845, .T. ) ;
#6917 = LINE ( 'NONE', #354, #2478 ) ;
#6918 = VERTEX_POINT ( 'NONE', #4304 ) ;
#6919 = LINE ( 'NONE', #1381, #4372 ) ;
#6920 = EDGE_CURVE ( 'NONE', #6788, #132, #6777, .T. ) ;
#6921 = EDGE_LOOP ( 'NONE', ( #7633, #4717, #1777, #2580 ) ) ;
#6922 = DIRECTION ( 'NONE',  ( 0.000000000000000000, 0.000000000000000000, 1.000000000000000000 ) ) ;
#6923 = DIRECTION ( 'NONE',  ( 0.000000000000000000, 0.000000000000000000, 1.000000000000000000 ) ) ;
#6924 = DIRECTION ( 'NONE',  ( -2.523234146875355505E-16, 0.000000000000000000, 1.000000000000000000 ) ) ;
#6925 = EDGE_LOOP ( 'NONE', ( #697, #2867, #114, #915 ) ) ;
#6926 = PERSON_AND_ORGANIZATION ( #4848, #1639 ) ;
#6927 = LINE ( 'NONE', #1004, #5975 ) ;
#6928 = CARTESIAN_POINT ( 'NONE',  ( 78.99999999999997158, 0.000000000000000000, -75.00000000000000000 ) ) ;
#6929 = ORIENTED_EDGE ( 'NONE', *, *, #4902, .F. ) ;
#6930 = ORIENTED_EDGE ( 'NONE', *, *, #5881, .T. ) ;
#6931 = CIRCLE ( 'NONE', #4550, 2.000000000000001776 ) ;
#6932 = ADVANCED_FACE ( 'NONE', ( #3167 ), #1398, .F. ) ;
#6933 = ORIENTED_EDGE ( 'NONE', *, *, #3097, .T. ) ;
#6934 = DIRECTION ( 'NONE',  ( -0.000000000000000000, 1.000000000000000000, 0.000000000000000000 ) ) ;
#6935 = DIRECTION ( 'NONE',  ( 1.000000000000000000, 0.000000000000000000, 6.122553444624024242E-17 ) ) ;
#6936 = FACE_BOUND ( 'NONE', #6616, .T. ) ;
#6937 = CIRCLE ( 'NONE', #153, 2.100000000000004530 ) ;
#6938 = CARTESIAN_POINT ( 'NONE',  ( 55.00000000000002842, 0.000000000000000000, -69.00000000000001421 ) ) ;
#6939 = LINE ( 'NONE', #4462, #3001 ) ;
#6940 = EDGE_CURVE ( 'NONE', #3435, #1198, #6659, .T. ) ;
#6941 = EDGE_LOOP ( 'NONE', ( #6726, #6427, #1866, #1243 ) ) ;
#6942 = EDGE_CURVE ( 'NONE', #912, #3125, #3118, .T. ) ;
#6943 = CARTESIAN_POINT ( 'NONE',  ( 142.0000000000000568, 0.000000000000000000, -63.00000000000002842 ) ) ;
#6944 = CARTESIAN_POINT ( 'NONE',  ( 148.0000000000000568, -2.000000000000000000, -130.4000000000000341 ) ) ;
#6945 = VERTEX_POINT ( 'NONE', #6161 ) ;
#6946 = LINE ( 'NONE', #1558, #3562 ) ;
#6947 = CARTESIAN_POINT ( 'NONE',  ( 8.379555213223520053E-14, 8.000000000000000000, 8.000000000000000000 ) ) ;
#6948 = ORIENTED_EDGE ( 'NONE', *, *, #1823, .F. ) ;
#6949 = ADVANCED_FACE ( 'NONE', ( #5608 ), #7328, .F. ) ;
#6950 = AXIS2_PLACEMENT_3D ( 'NONE', #3031, #4922, #4885 ) ;
#6951 = DIRECTION ( 'NONE',  ( 0.000000000000000000, 1.000000000000000000, -0.000000000000000000 ) ) ;
#6952 = DIRECTION ( 'NONE',  ( -0.000000000000000000, -0.000000000000000000, -1.000000000000000000 ) ) ;
#6953 = EDGE_LOOP ( 'NONE', ( #1467, #5101 ) ) ;
#6954 = LINE ( 'NONE', #3965, #7327 ) ;
#6955 = DIRECTION ( 'NONE',  ( 0.000000000000000000, 0.000000000000000000, 1.000000000000000000 ) ) ;
#6956 = ORIENTED_EDGE ( 'NONE', *, *, #4155, .T. ) ;
#6957 = DIRECTION ( 'NONE',  ( 0.000000000000000000, 0.000000000000000000, -1.000000000000000000 ) ) ;
#6958 = AXIS2_PLACEMENT_3D ( 'NONE', #1029, #3457, #7110 ) ;
#6959 = EDGE_CURVE ( 'NONE', #5030, #2312, #5567, .T. ) ;
#6960 = ORIENTED_EDGE ( 'NONE', *, *, #4794, .T. ) ;
#6961 = AXIS2_PLACEMENT_3D ( 'NONE', #3797, #6201, #2067 ) ;
#6962 = PLANE ( 'NONE',  #3208 ) ;
#6963 = DIRECTION ( 'NONE',  ( -0.000000000000000000, -1.000000000000000000, -0.000000000000000000 ) ) ;
#6964 = DIRECTION ( 'NONE',  ( 0.000000000000000000, 1.000000000000000000, 0.000000000000000000 ) ) ;
#6965 = ORIENTED_EDGE ( 'NONE', *, *, #5686, .T. ) ;
#6966 = PERSON_AND_ORGANIZATION ( #4848, #1639 ) ;
#6967 = DIRECTION ( 'NONE',  ( 0.000000000000000000, 0.000000000000000000, 1.000000000000000000 ) ) ;
#6968 = DIRECTION ( 'NONE',  ( 0.000000000000000000, 0.000000000000000000, 1.000000000000000000 ) ) ;
#6969 = EDGE_LOOP ( 'NONE', ( #6196, #6308, #7689, #3928, #2051, #616, #139 ) ) ;
#6970 = EDGE_LOOP ( 'NONE', ( #4597, #4428, #2454, #6109 ) ) ;
#6971 = ORIENTED_EDGE ( 'NONE', *, *, #6815, .T. ) ;
#6972 = CIRCLE ( 'NONE', #3336, 4.250000000000003553 ) ;
#6973 = CARTESIAN_POINT ( 'NONE',  ( 172.0000000000000284, 4.000000000000000000, -134.6000000000000227 ) ) ;
#6974 = PLANE ( 'NONE',  #4896 ) ;
#6975 = FACE_BOUND ( 'NONE', #1492, .T. ) ;
#6976 = CARTESIAN_POINT ( 'NONE',  ( 128.4885937829696161, 0.000000000000000000, -107.0000000000000426 ) ) ;
#6977 = ADVANCED_FACE ( 'NONE', ( #4909 ), #4388, .T. ) ;
#6978 = DIRECTION ( 'NONE',  ( 0.000000000000000000, 1.000000000000000000, -0.000000000000000000 ) ) ;
#6979 = VERTEX_POINT ( 'NONE', #6692 ) ;
#6980 = CIRCLE ( 'NONE', #2583, 2.099999999999990763 ) ;
#6981 = EDGE_CURVE ( 'NONE', #2375, #560, #5504, .T. ) ;
#6982 = ADVANCED_FACE ( 'NONE', ( #1283 ), #7372, .F. ) ;
#6983 = CARTESIAN_POINT ( 'NONE',  ( -2.000000000000009770, 8.000000000000000000, -132.5000000000000284 ) ) ;
#6984 = DIRECTION ( 'NONE',  ( -0.000000000000000000, 1.000000000000000000, -0.000000000000000000 ) ) ;
#6985 = ORIENTED_EDGE ( 'NONE', *, *, #2417, .F. ) ;
#6986 = LINE ( 'NONE', #4001, #312 ) ;
#6987 = CARTESIAN_POINT ( 'NONE',  ( 170.0000000000000000, 0.000000000000000000, -18.50000000000001776 ) ) ;
#6988 = AXIS2_PLACEMENT_3D ( 'NONE', #1879, #4356, #4316 ) ;
#6989 = EDGE_CURVE ( 'NONE', #3804, #7250, #3123, .T. ) ;
#6990 = VERTEX_POINT ( 'NONE', #6074 ) ;
#6991 = AXIS2_PLACEMENT_3D ( 'NONE', #1171, #3565, #7699 ) ;
#6992 = VECTOR ( 'NONE', #1112, 1000.000000000000000 ) ;
#6993 = DIRECTION ( 'NONE',  ( 0.000000000000000000, 0.000000000000000000, -1.000000000000000000 ) ) ;
#6994 = DIRECTION ( 'NONE',  ( -0.4999999999999981126, 0.000000000000000000, -0.8660254037844397068 ) ) ;
#6995 = VERTEX_POINT ( 'NONE', #1319 ) ;
#6996 = CARTESIAN_POINT ( 'NONE',  ( -7.999999999999996447, 0.000000000000000000, -108.9999999999999858 ) ) ;
#6997 = CYLINDRICAL_SURFACE ( 'NONE', #2988, 2.099999999999990763 ) ;
#6998 = EDGE_CURVE ( 'NONE', #2381, #3865, #7776, .T. ) ;
#6999 = VERTEX_POINT ( 'NONE', #1864 ) ;
#7000 = FACE_OUTER_BOUND ( 'NONE', #5533, .T. ) ;
#7001 = AXIS2_PLACEMENT_3D ( 'NONE', #6156, #2412, #1314 ) ;
#7002 = ORIENTED_EDGE ( 'NONE', *, *, #5579, .F. ) ;
#7003 = CIRCLE ( 'NONE', #5134, 2.099999999999990763 ) ;
#7004 = VECTOR ( 'NONE', #3966, 1000.000000000000000 ) ;
#7005 = DIRECTION ( 'NONE',  ( 0.000000000000000000, 1.000000000000000000, 0.000000000000000000 ) ) ;
#7006 = DIRECTION ( 'NONE',  ( 0.000000000000000000, 0.000000000000000000, -1.000000000000000000 ) ) ;
#7007 = CARTESIAN_POINT ( 'NONE',  ( 21.99999999999998579, 4.000000000000000000, -37.50000000000002842 ) ) ;
#7008 = ADVANCED_FACE ( 'NONE', ( #7292 ), #3050, .F. ) ;
#7009 = VERTEX_POINT ( 'NONE', #3131 ) ;
#7010 = DIRECTION ( 'NONE',  ( 0.000000000000000000, 0.000000000000000000, 1.000000000000000000 ) ) ;
#7011 = AXIS2_PLACEMENT_3D ( 'NONE', #7111, #5283, #5351 ) ;
#7012 = EDGE_CURVE ( 'NONE', #3622, #3783, #138, .T. ) ;
#7013 = ORIENTED_EDGE ( 'NONE', *, *, #330, .T. ) ;
#7014 = EDGE_LOOP ( 'NONE', ( #4587, #6066, #4810, #6652 ) ) ;
#7015 = ORIENTED_EDGE ( 'NONE', *, *, #3439, .T. ) ;
#7016 = VECTOR ( 'NONE', #4362, 1000.000000000000000 ) ;
#7017 = DIRECTION ( 'NONE',  ( 0.000000000000000000, 1.000000000000000000, 0.000000000000000000 ) ) ;
#7018 = FACE_OUTER_BOUND ( 'NONE', #5923, .T. ) ;
#7019 = FACE_BOUND ( 'NONE', #4663, .T. ) ;
#7020 = DIRECTION ( 'NONE',  ( 0.000000000000000000, 0.000000000000000000, 1.000000000000000000 ) ) ;
#7021 = EDGE_CURVE ( 'NONE', #3197, #338, #7536, .T. ) ;
#7022 = AXIS2_PLACEMENT_3D ( 'NONE', #6801, #1920, #4324 ) ;
#7023 = ORIENTED_EDGE ( 'NONE', *, *, #4542, .T. ) ;
#7024 = CIRCLE ( 'NONE', #111, 2.100000000000000089 ) ;
#7025 = FACE_OUTER_BOUND ( 'NONE', #3616, .T. ) ;
#7026 = DIRECTION ( 'NONE',  ( 0.000000000000000000, 0.000000000000000000, 1.000000000000000000 ) ) ;
#7027 = CARTESIAN_POINT ( 'NONE',  ( 159.6191487473286656, 0.000000000000000000, -24.50000000000002132 ) ) ;
#7028 = CIRCLE ( 'NONE', #7401, 4.250000000000003553 ) ;
#7029 = ORIENTED_EDGE ( 'NONE', *, *, #947, .F. ) ;
#7030 = DIRECTION ( 'NONE',  ( 0.000000000000000000, 0.000000000000000000, 1.000000000000000000 ) ) ;
#7031 = CARTESIAN_POINT ( 'NONE',  ( -15.88445254721469446, 3.000000000000000000, -140.8499999999999659 ) ) ;
#7032 = EDGE_LOOP ( 'NONE', ( #6478, #4710, #1612, #7 ) ) ;
#7033 = EDGE_CURVE ( 'NONE', #1928, #6026, #5148, .T. ) ;
#7034 = DIRECTION ( 'NONE',  ( 0.000000000000000000, 0.000000000000000000, 1.000000000000000000 ) ) ;
#7035 = FACE_OUTER_BOUND ( 'NONE', #620, .T. ) ;
#7036 = EDGE_LOOP ( 'NONE', ( #4416, #5080, #355, #751, #7138, #1508 ) ) ;
#7037 = DIRECTION ( 'NONE',  ( 0.000000000000000000, 0.000000000000000000, 1.000000000000000000 ) ) ;
#7038 = LINE ( 'NONE', #2078, #1978 ) ;
#7039 = ORIENTED_EDGE ( 'NONE', *, *, #4068, .F. ) ;
#7040 = CARTESIAN_POINT ( 'NONE',  ( 178.0000000000000284, 8.000000000000000000, -170.0000000000000000 ) ) ;
#7041 = EDGE_CURVE ( 'NONE', #2981, #7587, #1592, .T. ) ;
#7042 = ORIENTED_EDGE ( 'NONE', *, *, #308, .F. ) ;
#7043 = EDGE_CURVE ( 'NONE', #5315, #6539, #5649, .T. ) ;
#7044 = LINE ( 'NONE', #2794, #209 ) ;
#7045 = CARTESIAN_POINT ( 'NONE',  ( -15.88445254721471045, 0.000000000000000000, -119.1500000000000057 ) ) ;
#7046 = CARTESIAN_POINT ( 'NONE',  ( 148.0000000000000568, 4.000000000000000000, -132.5000000000000284 ) ) ;
#7047 = VERTEX_POINT ( 'NONE', #5146 ) ;
#7048 = CARTESIAN_POINT ( 'NONE',  ( -2.000000000000013767, 8.000000000000000000, -37.50000000000002842 ) ) ;
#7049 = ORIENTED_EDGE ( 'NONE', *, *, #2862, .T. ) ;
#7050 = ORIENTED_EDGE ( 'NONE', *, *, #5866, .T. ) ;
#7051 = EDGE_CURVE ( 'NONE', #3035, #6214, #7395, .T. ) ;
#7052 = VERTEX_POINT ( 'NONE', #1016 ) ;
#7053 = DIRECTION ( 'NONE',  ( 0.000000000000000000, 1.000000000000000000, 0.000000000000000000 ) ) ;
#7054 = CARTESIAN_POINT ( 'NONE',  ( 172.0000000000000284, 8.000000000000000000, -136.7500000000000284 ) ) ;
#7055 = DIRECTION ( 'NONE',  ( 0.000000000000000000, 1.000000000000000000, 0.000000000000000000 ) ) ;
#7056 = LINE ( 'NONE', #2332, #3507 ) ;
#7057 = ORIENTED_EDGE ( 'NONE', *, *, #5497, .T. ) ;
#7058 = ADVANCED_FACE ( 'NONE', ( #259 ), #2734, .F. ) ;
#7059 = VERTEX_POINT ( 'NONE', #5100 ) ;
#7060 = DIRECTION ( 'NONE',  ( 0.000000000000000000, 0.000000000000000000, 1.000000000000000000 ) ) ;
#7061 = DIRECTION ( 'NONE',  ( 0.000000000000000000, 1.000000000000000000, 0.000000000000000000 ) ) ;
#7062 = ORIENTED_EDGE ( 'NONE', *, *, #1699, .F. ) ;
#7063 = CARTESIAN_POINT ( 'NONE',  ( 148.0000000000000284, -2.000000000000000000, -55.50000000000002842 ) ) ;
#7064 = CARTESIAN_POINT ( 'NONE',  ( 101.0000000000000000, 8.000000000000000000, -105.0000000000000284 ) ) ;
#7065 = ORIENTED_EDGE ( 'NONE', *, *, #481, .T. ) ;
#7066 = PLANE ( 'NONE',  #6244 ) ;
#7067 = DIRECTION ( 'NONE',  ( 0.000000000000000000, 1.000000000000000000, 0.000000000000000000 ) ) ;
#7068 = ORIENTED_EDGE ( 'NONE', *, *, #4367, .F. ) ;
#7069 = DIRECTION ( 'NONE',  ( 0.000000000000000000, 1.000000000000000000, 0.000000000000000000 ) ) ;
#7070 = CARTESIAN_POINT ( 'NONE',  ( -7.999999999999998224, 8.000000000000000000, -151.0000000000000284 ) ) ;
#7071 = ORIENTED_EDGE ( 'NONE', *, *, #3722, .T. ) ;
#7072 = CARTESIAN_POINT ( 'NONE',  ( 86.84307806183461764, 8.000000000000000000, -74.99999999999998579 ) ) ;
#7073 = EDGE_CURVE ( 'NONE', #1929, #7095, #4585, .T. ) ;
#7074 = ORIENTED_EDGE ( 'NONE', *, *, #6364, .T. ) ;
#7075 = DIRECTION ( 'NONE',  ( -0.000000000000000000, -1.000000000000000000, -0.000000000000000000 ) ) ;
#7076 = CARTESIAN_POINT ( 'NONE',  ( 81.07846096908262723, 5.000000000000000000, -78.59999999999999432 ) ) ;
#7077 = EDGE_CURVE ( 'NONE', #6331, #5715, #6939, .T. ) ;
#7078 = ORIENTED_EDGE ( 'NONE', *, *, #795, .T. ) ;
#7079 = CARTESIAN_POINT ( 'NONE',  ( -2.000000000000009770, 8.000000000000000000, -128.2500000000000284 ) ) ;
#7080 = AXIS2_PLACEMENT_3D ( 'NONE', #2513, #6708, #3615 ) ;
#7081 = EDGE_LOOP ( 'NONE', ( #173, #4425 ) ) ;
#7082 = DIRECTION ( 'NONE',  ( 0.000000000000000000, 0.000000000000000000, 1.000000000000000000 ) ) ;
#7083 = VECTOR ( 'NONE', #141, 1000.000000000000000 ) ;
#7084 = EDGE_CURVE ( 'NONE', #3702, #4312, #3949, .T. ) ;
#7085 = ORIENTED_EDGE ( 'NONE', *, *, #2928, .F. ) ;
#7086 = VECTOR ( 'NONE', #3645, 1000.000000000000000 ) ;
#7087 = ADVANCED_FACE ( 'NONE', ( #3875 ), #6352, .F. ) ;
#7088 = ORIENTED_EDGE ( 'NONE', *, *, #1812, .T. ) ;
#7089 = DIRECTION ( 'NONE',  ( 0.000000000000000000, 0.000000000000000000, 1.000000000000000000 ) ) ;
#7090 = DIRECTION ( 'NONE',  ( 1.000000000000000000, 0.000000000000000000, 6.122553444624024242E-17 ) ) ;
#7091 = FACE_OUTER_BOUND ( 'NONE', #1631, .T. ) ;
#7092 = LINE ( 'NONE', #2372, #3624 ) ;
#7093 = AXIS2_PLACEMENT_3D ( 'NONE', #7729, #6516, #4592 ) ;
#7094 = EDGE_CURVE ( 'NONE', #3018, #3431, #6279, .T. ) ;
#7095 = VERTEX_POINT ( 'NONE', #2692 ) ;
#7096 = AXIS2_PLACEMENT_3D ( 'NONE', #3828, #853, #5097 ) ;
#7097 = ORIENTED_EDGE ( 'NONE', *, *, #1784, .T. ) ;
#7098 = CARTESIAN_POINT ( 'NONE',  ( 90.99999999999997158, 0.000000000000000000, -75.00000000000000000 ) ) ;
#7099 = DIRECTION ( 'NONE',  ( 0.000000000000000000, 0.000000000000000000, 1.000000000000000000 ) ) ;
#7100 = ORIENTED_EDGE ( 'NONE', *, *, #1128, .T. ) ;
#7101 = CYLINDRICAL_SURFACE ( 'NONE', #3951, 30.00000000000000000 ) ;
#7102 = LINE ( 'NONE', #7696, #232 ) ;
#7103 = EDGE_CURVE ( 'NONE', #3526, #3531, #3326, .T. ) ;
#7104 = VECTOR ( 'NONE', #230, 1000.000000000000000 ) ;
#7105 = EDGE_LOOP ( 'NONE', ( #1521, #442, #3032, #5829 ) ) ;
#7106 = CIRCLE ( 'NONE', #4607, 2.000000000000001776 ) ;
#7107 = DIRECTION ( 'NONE',  ( 0.000000000000000000, 0.000000000000000000, 1.000000000000000000 ) ) ;
#7108 = DIRECTION ( 'NONE',  ( 1.000000000000000000, -0.000000000000000000, 2.523234146875355505E-16 ) ) ;
#7109 = VERTEX_POINT ( 'NONE', #3252 ) ;
#7110 = DIRECTION ( 'NONE',  ( 0.000000000000000000, -0.000000000000000000, 1.000000000000000000 ) ) ;
#7111 = CARTESIAN_POINT ( 'NONE',  ( 148.1408918037908222, 0.000000000000000000, -6.000000000000000000 ) ) ;
#7112 = ORIENTED_EDGE ( 'NONE', *, *, #1400, .F. ) ;
#7113 = DIRECTION ( 'NONE',  ( -0.000000000000000000, 1.000000000000000000, -0.000000000000000000 ) ) ;
#7114 = CARTESIAN_POINT ( 'NONE',  ( 0.000000000000000000, 0.000000000000000000, -170.0000000000000000 ) ) ;
#7115 = CIRCLE ( 'NONE', #6608, 2.099999999999990763 ) ;
#7116 = EDGE_CURVE ( 'NONE', #4312, #4027, #2656, .T. ) ;
#7117 = ORIENTED_EDGE ( 'NONE', *, *, #305, .F. ) ;
#7118 = CIRCLE ( 'NONE', #5733, 2.099999999999990763 ) ;
#7119 = FACE_OUTER_BOUND ( 'NONE', #5402, .T. ) ;
#7120 = DIRECTION ( 'NONE',  ( 0.000000000000000000, 0.000000000000000000, 1.000000000000000000 ) ) ;
#7121 = DIRECTION ( 'NONE',  ( 1.000000000000000000, 0.000000000000000000, 0.000000000000000000 ) ) ;
#7122 = ORIENTED_EDGE ( 'NONE', *, *, #2974, .F. ) ;
#7123 = CIRCLE ( 'NONE', #6867, 2.099999999999990763 ) ;
#7124 = CARTESIAN_POINT ( 'NONE',  ( 3.485376888350133928, 8.000000000000000000, -11.86559982162468785 ) ) ;
#7125 = VERTEX_POINT ( 'NONE', #6902 ) ;
#7126 = AXIS2_PLACEMENT_3D ( 'NONE', #3870, #2613, #7410 ) ;
#7127 = ORIENTED_EDGE ( 'NONE', *, *, #518, .T. ) ;
#7128 = EDGE_CURVE ( 'NONE', #1453, #1717, #1515, .T. ) ;
#7129 = FACE_OUTER_BOUND ( 'NONE', #3723, .T. ) ;
#7130 = CYLINDRICAL_SURFACE ( 'NONE', #7529, 2.099999999999997868 ) ;
#7131 = CIRCLE ( 'NONE', #988, 4.250000000000003553 ) ;
#7132 = CARTESIAN_POINT ( 'NONE',  ( -2.000000000000009770, 4.000000000000000000, -132.5000000000000284 ) ) ;
#7133 = PLANE ( 'NONE',  #4643 ) ;
#7134 = AXIS2_PLACEMENT_3D ( 'NONE', #7187, #3646, #478 ) ;
#7135 = ORIENTED_EDGE ( 'NONE', *, *, #4232, .F. ) ;
#7136 = CIRCLE ( 'NONE', #4501, 4.250000000000003553 ) ;
#7137 = AXIS2_PLACEMENT_3D ( 'NONE', #3671, #3752, #215 ) ;
#7138 = ORIENTED_EDGE ( 'NONE', *, *, #4262, .F. ) ;
#7139 = EDGE_CURVE ( 'NONE', #5030, #7289, #6840, .T. ) ;
#7140 = DIRECTION ( 'NONE',  ( -0.000000000000000000, -1.000000000000000000, -0.000000000000000000 ) ) ;
#7141 = CARTESIAN_POINT ( 'NONE',  ( -7.999999999999996447, 0.000000000000000000, -114.9999999999999858 ) ) ;
#7142 = EDGE_LOOP ( 'NONE', ( #2254, #2326, #1822, #109 ) ) ;
#7143 = FACE_OUTER_BOUND ( 'NONE', #4561, .T. ) ;
#7144 = DIRECTION ( 'NONE',  ( -0.6843142041691717692, -0.000000000000000000, 0.7291872667376420036 ) ) ;
#7145 = AXIS2_PLACEMENT_3D ( 'NONE', #2146, #856, #6398 ) ;
#7146 = CIRCLE ( 'NONE', #1369, 2.000000000000001776 ) ;
#7147 = ORIENTED_EDGE ( 'NONE', *, *, #3649, .F. ) ;
#7148 = EDGE_CURVE ( 'NONE', #1181, #1694, #2643, .T. ) ;
#7149 = CIRCLE ( 'NONE', #3882, 2.099999999999989875 ) ;
#7150 = LINE ( 'NONE', #6696, #2188 ) ;
#7151 = DIRECTION ( 'NONE',  ( 0.000000000000000000, 1.000000000000000000, 0.000000000000000000 ) ) ;
#7152 = VERTEX_POINT ( 'NONE', #2011 ) ;
#7153 = DIRECTION ( 'NONE',  ( 0.000000000000000000, 1.000000000000000000, 0.000000000000000000 ) ) ;
#7154 = DIRECTION ( 'NONE',  ( -0.000000000000000000, 1.000000000000000000, -0.000000000000000000 ) ) ;
#7155 = ORIENTED_EDGE ( 'NONE', *, *, #3013, .F. ) ;
#7156 = CIRCLE ( 'NONE', #7537, 2.099999999999997868 ) ;
#7157 = VECTOR ( 'NONE', #4413, 1000.000000000000114 ) ;
#7158 = VERTEX_POINT ( 'NONE', #7435 ) ;
#7159 = EDGE_CURVE ( 'NONE', #3349, #7645, #7352, .T. ) ;
#7160 = CARTESIAN_POINT ( 'NONE',  ( 93.07846096908261302, 5.000000000000000000, -91.39999999999997726 ) ) ;
#7161 = CARTESIAN_POINT ( 'NONE',  ( 170.0000000000000000, 8.000000000000000000, -167.9000000000000341 ) ) ;
#7162 = CARTESIAN_POINT ( 'NONE',  ( -13.80599157813204059, -2.000000000000000000, -124.8750000000000000 ) ) ;
#7163 = VERTEX_POINT ( 'NONE', #5517 ) ;
#7164 = DIRECTION ( 'NONE',  ( 0.000000000000000000, 0.000000000000000000, 1.000000000000000000 ) ) ;
#7165 = VERTEX_POINT ( 'NONE', #4446 ) ;
#7166 = ORIENTED_EDGE ( 'NONE', *, *, #5641, .T. ) ;
#7167 = CYLINDRICAL_SURFACE ( 'NONE', #6870, 2.000000000000001776 ) ;
#7168 = CARTESIAN_POINT ( 'NONE',  ( 30.00000000000003908, 0.000000000000000000, -42.25941951976455613 ) ) ;
#7169 = CARTESIAN_POINT ( 'NONE',  ( 170.0000000000000000, 6.000000000000000000, 0.000000000000000000 ) ) ;
#7170 = PLANE ( 'NONE',  #5514 ) ;
#7171 = ADVANCED_FACE ( 'NONE', ( #837, #7312 ), #798, .T. ) ;
#7172 = ORIENTED_EDGE ( 'NONE', *, *, #3296, .F. ) ;
#7173 = EDGE_LOOP ( 'NONE', ( #830, #5956, #1187, #6831, #922, #5092 ) ) ;
#7174 = EDGE_CURVE ( 'NONE', #6903, #3750, #1455, .T. ) ;
#7175 = CARTESIAN_POINT ( 'NONE',  ( 76.92153903091731593, 8.000000000000000000, -78.59999999999999432 ) ) ;
#7176 = CARTESIAN_POINT ( 'NONE',  ( 81.07846096908259881, 8.000000000000000000, -91.39999999999997726 ) ) ;
#7177 = ORIENTED_EDGE ( 'NONE', *, *, #5309, .F. ) ;
#7178 = EDGE_CURVE ( 'NONE', #5493, #2375, #3858, .T. ) ;
#7179 = DIRECTION ( 'NONE',  ( 1.000000000000000000, 0.000000000000000000, -0.000000000000000000 ) ) ;
#7180 = CARTESIAN_POINT ( 'NONE',  ( 4.898587196589392121E-16, 0.000000000000000000, -24.50000000000000000 ) ) ;
#7181 = ADVANCED_FACE ( 'NONE', ( #6144 ), #4895, .F. ) ;
#7182 = ORIENTED_EDGE ( 'NONE', *, *, #3683, .T. ) ;
#7183 = LINE ( 'NONE', #5422, #3985 ) ;
#7184 = DIRECTION ( 'NONE',  ( -0.000000000000000000, -1.000000000000000000, -0.000000000000000000 ) ) ;
#7185 = EDGE_LOOP ( 'NONE', ( #3893, #1008, #3488, #1320 ) ) ;
#7186 = DIRECTION ( 'NONE',  ( 0.000000000000000000, 0.000000000000000000, 1.000000000000000000 ) ) ;
#7187 = CARTESIAN_POINT ( 'NONE',  ( 0.000000000000000000, 6.000000000000000000, -170.0000000000000000 ) ) ;
#7188 = ORIENTED_EDGE ( 'NONE', *, *, #6304, .T. ) ;
#7189 = EDGE_CURVE ( 'NONE', #6026, #6004, #6217, .T. ) ;
#7190 = ORIENTED_EDGE ( 'NONE', *, *, #2678, .F. ) ;
#7191 = FACE_OUTER_BOUND ( 'NONE', #1943, .T. ) ;
#7192 = CARTESIAN_POINT ( 'NONE',  ( 172.0000000000000284, -2.000000000000000000, -130.4000000000000341 ) ) ;
#7193 = EDGE_LOOP ( 'NONE', ( #5412, #6143, #951, #1919 ) ) ;
#7194 = DIRECTION ( 'NONE',  ( 0.000000000000000000, 1.000000000000000000, 0.000000000000000000 ) ) ;
#7195 = EDGE_LOOP ( 'NONE', ( #1425, #6273, #7551, #775 ) ) ;
#7196 = DIRECTION ( 'NONE',  ( 0.000000000000000000, 0.000000000000000000, 1.000000000000000000 ) ) ;
#7197 = ADVANCED_FACE ( 'NONE', ( #5552, #3814 ), #4289, .T. ) ;
#7198 = ORIENTED_EDGE ( 'NONE', *, *, #2177, .T. ) ;
#7199 = CIRCLE ( 'NONE', #2810, 2.099999999999997868 ) ;
#7200 = DIRECTION ( 'NONE',  ( 0.4999999999999988898, 0.000000000000000000, -0.8660254037844393737 ) ) ;
#7201 = CARTESIAN_POINT ( 'NONE',  ( 76.92153903091731593, 8.000000000000000000, -71.39999999999997726 ) ) ;
#7202 = DIRECTION ( 'NONE',  ( 0.000000000000000000, 1.000000000000000000, 0.000000000000000000 ) ) ;
#7203 = DIRECTION ( 'NONE',  ( -0.000000000000000000, -1.000000000000000000, -0.000000000000000000 ) ) ;
#7204 = CARTESIAN_POINT ( 'NONE',  ( -2.000000000000006661, -2.000000000000000000, -116.6000000000000512 ) ) ;
#7205 = AXIS2_PLACEMENT_3D ( 'NONE', #5157, #3213, #6909 ) ;
#7206 = ORIENTED_EDGE ( 'NONE', *, *, #5993, .T. ) ;
#7207 = TOROIDAL_SURFACE ( 'NONE', #437, 3.500000000000017764, 2.000000000000000000 ) ;
#7208 = ORIENTED_EDGE ( 'NONE', *, *, #6530, .T. ) ;
#7209 = AXIS2_PLACEMENT_3D ( 'NONE', #659, #5527, #6656 ) ;
#7210 = CARTESIAN_POINT ( 'NONE',  ( 0.000000000000000000, 8.000000000000000000, -145.5000000000000284 ) ) ;
#7211 = DIRECTION ( 'NONE',  ( -0.000000000000000000, -1.000000000000000000, -0.000000000000000000 ) ) ;
#7212 = EDGE_LOOP ( 'NONE', ( #5779, #6642 ) ) ;
#7213 = DIRECTION ( 'NONE',  ( -0.000000000000000000, 1.000000000000000000, -0.000000000000000000 ) ) ;
#7214 = DIRECTION ( 'NONE',  ( 0.000000000000000000, 0.000000000000000000, 1.000000000000000000 ) ) ;
#7215 = EDGE_LOOP ( 'NONE', ( #5209, #4193, #6226, #1739, #2304, #7409 ) ) ;
#7216 = AXIS2_PLACEMENT_3D ( 'NONE', #7169, #1775, #6574 ) ;
#7217 = DIRECTION ( 'NONE',  ( -0.000000000000000000, 1.000000000000000000, -0.000000000000000000 ) ) ;
#7218 = CARTESIAN_POINT ( 'NONE',  ( 170.0000000000000000, 8.000000000000000000, -8.000000000000012434 ) ) ;
#7219 = EDGE_CURVE ( 'NONE', #4162, #3655, #7647, .T. ) ;
#7220 = VERTEX_POINT ( 'NONE', #199 ) ;
#7221 = FACE_OUTER_BOUND ( 'NONE', #5342, .T. ) ;
#7222 = LINE ( 'NONE', #5901, #5007 ) ;
#7223 = CIRCLE ( 'NONE', #6223, 2.000000000000001776 ) ;
#7224 = VERTEX_POINT ( 'NONE', #5048 ) ;
#7225 = ORIENTED_EDGE ( 'NONE', *, *, #956, .F. ) ;
#7226 = AXIS2_PLACEMENT_3D ( 'NONE', #6600, #3541, #2319 ) ;
#7227 = LINE ( 'NONE', #1294, #3475 ) ;
#7228 = CARTESIAN_POINT ( 'NONE',  ( -9.649069639966750600, 3.000000000000000000, -122.7500000000000142 ) ) ;
#7229 = EDGE_CURVE ( 'NONE', #4172, #1640, #1303, .T. ) ;
#7230 = VERTEX_POINT ( 'NONE', #6097 ) ;
#7231 = DIRECTION ( 'NONE',  ( 0.000000000000000000, 1.000000000000000000, 0.000000000000000000 ) ) ;
#7232 = EDGE_LOOP ( 'NONE', ( #3950, #1663, #5326, #2487 ) ) ;
#7233 = LINE ( 'NONE', #4169, #858 ) ;
#7234 = CIRCLE ( 'NONE', #1460, 5.999999999999998224 ) ;
#7235 = ORIENTED_EDGE ( 'NONE', *, *, #7051, .T. ) ;
#7236 = AXIS2_PLACEMENT_3D ( 'NONE', #7287, #4222, #4860 ) ;
#7237 = ORIENTED_EDGE ( 'NONE', *, *, #7386, .F. ) ;
#7238 = EDGE_CURVE ( 'NONE', #4903, #531, #7522, .T. ) ;
#7239 = CARTESIAN_POINT ( 'NONE',  ( 45.96753688208080035, 8.000000000000000000, -111.0178227307831520 ) ) ;
#7240 = DIRECTION ( 'NONE',  ( 0.000000000000000000, 1.000000000000000000, 0.000000000000000000 ) ) ;
#7241 = FACE_BOUND ( 'NONE', #4332, .T. ) ;
#7242 = CARTESIAN_POINT ( 'NONE',  ( 11.86622814102146428, 0.000000000000000000, -148.8392742435943887 ) ) ;
#7243 = ADVANCED_FACE ( 'NONE', ( #5009 ), #4928, .F. ) ;
#7244 = VECTOR ( 'NONE', #3826, 1000.000000000000000 ) ;
#7245 = VERTEX_POINT ( 'NONE', #6715 ) ;
#7246 = ORIENTED_EDGE ( 'NONE', *, *, #5559, .F. ) ;
#7247 = VECTOR ( 'NONE', #155, 1000.000000000000000 ) ;
#7248 = CIRCLE ( 'NONE', #5502, 2.099999999999997868 ) ;
#7249 = DIRECTION ( 'NONE',  ( 0.000000000000000000, -1.000000000000000000, 0.000000000000000000 ) ) ;
#7250 = VERTEX_POINT ( 'NONE', #159 ) ;
#7251 = FACE_OUTER_BOUND ( 'NONE', #2062, .T. ) ;
#7252 = CARTESIAN_POINT ( 'NONE',  ( -2.000000000000016431, 4.000000000000000000, -55.50000000000001421 ) ) ;
#7253 = CARTESIAN_POINT ( 'NONE',  ( 21.99999999999998579, 4.000000000000000000, -37.50000000000002842 ) ) ;
#7254 = AXIS2_PLACEMENT_3D ( 'NONE', #238, #2639, #831 ) ;
#7255 = ORIENTED_EDGE ( 'NONE', *, *, #1800, .T. ) ;
#7256 = VECTOR ( 'NONE', #6878, 1000.000000000000000 ) ;
#7257 = PLANE ( 'NONE',  #4070 ) ;
#7258 = FACE_OUTER_BOUND ( 'NONE', #2648, .T. ) ;
#7259 = CIRCLE ( 'NONE', #3623, 8.000000000000007105 ) ;
#7260 = VERTEX_POINT ( 'NONE', #1343 ) ;
#7261 = CARTESIAN_POINT ( 'NONE',  ( 21.99999999999999645, 4.000000000000000000, -114.5000000000000426 ) ) ;
#7263 = DIRECTION ( 'NONE',  ( 0.000000000000000000, 1.000000000000000000, 0.000000000000000000 ) ) ;
#7262 = VECTOR ( 'NONE', #3083, 1000.000000000000000 ) ;
#7264 = EDGE_LOOP ( 'NONE', ( #629, #6774, #7166, #2298 ) ) ;
#7265 = ORIENTED_EDGE ( 'NONE', *, *, #2060, .T. ) ;
#7266 = EDGE_CURVE ( 'NONE', #912, #1897, #3738, .T. ) ;
#7267 = CIRCLE ( 'NONE', #4514, 2.000000000000000000 ) ;
#7268 = CYLINDRICAL_SURFACE ( 'NONE', #1829, 4.250000000000003553 ) ;
#7269 = CARTESIAN_POINT ( 'NONE',  ( -2.000000000000007105, 4.000000000000000000, -114.5000000000000426 ) ) ;
#7270 = EDGE_CURVE ( 'NONE', #5964, #2506, #4252, .T. ) ;
#7271 = ORIENTED_EDGE ( 'NONE', *, *, #7219, .T. ) ;
#7272 = CARTESIAN_POINT ( 'NONE',  ( 128.4885937829695592, 0.000000000000000000, -63.00000000000002842 ) ) ;
#7273 = ORIENTED_EDGE ( 'NONE', *, *, #1664, .T. ) ;
#7274 = EDGE_CURVE ( 'NONE', #2664, #3027, #2625, .T. ) ;
#7275 = DIRECTION ( 'NONE',  ( -0.000000000000000000, -1.000000000000000000, -0.000000000000000000 ) ) ;
#7276 = EDGE_CURVE ( 'NONE', #4329, #4576, #7259, .T. ) ;
#7277 = ORIENTED_EDGE ( 'NONE', *, *, #6120, .T. ) ;
#7278 = DIRECTION ( 'NONE',  ( -0.000000000000000000, 1.000000000000000000, -0.000000000000000000 ) ) ;
#7279 = CARTESIAN_POINT ( 'NONE',  ( 69.00000000000000000, 8.000000000000000000, -105.0000000000000284 ) ) ;
#7280 = CARTESIAN_POINT ( 'NONE',  ( -2.000000000000013323, 4.000000000000000000, -39.60000000000002274 ) ) ;
#7281 = CARTESIAN_POINT ( 'NONE',  ( 170.0000000000000000, 8.000000000000000000, -151.5000000000000284 ) ) ;
#7282 = DIRECTION ( 'NONE',  ( 0.000000000000000000, 0.000000000000000000, 1.000000000000000000 ) ) ;
#7283 = CARTESIAN_POINT ( 'NONE',  ( 7.972523907141606969, 8.000000000000000000, -170.6624670180889041 ) ) ;
#7284 = ADVANCED_FACE ( 'NONE', ( #5646 ), #4905, .T. ) ;
#7285 = ORIENTED_EDGE ( 'NONE', *, *, #6802, .T. ) ;
#7286 = ORIENTED_EDGE ( 'NONE', *, *, #2846, .F. ) ;
#7287 = CARTESIAN_POINT ( 'NONE',  ( 148.0000000000000568, 4.000000000000000000, -132.5000000000000284 ) ) ;
#7288 = DIRECTION ( 'NONE',  ( 0.000000000000000000, 1.000000000000000000, 0.000000000000000000 ) ) ;
#7289 = VERTEX_POINT ( 'NONE', #3827 ) ;
#7290 = FACE_OUTER_BOUND ( 'NONE', #205, .T. ) ;
#7291 = DIRECTION ( 'NONE',  ( 0.000000000000000000, 0.000000000000000000, 1.000000000000000000 ) ) ;
#7292 = FACE_OUTER_BOUND ( 'NONE', #3822, .T. ) ;
#7293 = ORIENTED_EDGE ( 'NONE', *, *, #5852, .F. ) ;
#7294 = CARTESIAN_POINT ( 'NONE',  ( 158.1337718589785482, 0.000000000000000000, -148.8392742435943887 ) ) ;
#7295 = PLANE ( 'NONE',  #468 ) ;
#7296 = ORIENTED_EDGE ( 'NONE', *, *, #2525, .F. ) ;
#7297 = DIRECTION ( 'NONE',  ( 0.5000000000000002220, 0.000000000000000000, 0.8660254037844384856 ) ) ;
#7298 = DIRECTION ( 'NONE',  ( 0.000000000000000000, 0.000000000000000000, 1.000000000000000000 ) ) ;
#7299 = ORIENTED_EDGE ( 'NONE', *, *, #7041, .T. ) ;
#7300 = ORIENTED_EDGE ( 'NONE', *, *, #4242, .T. ) ;
#7301 = ADVANCED_FACE ( 'NONE', ( #5525 ), #4642, .F. ) ;
#7302 = CARTESIAN_POINT ( 'NONE',  ( 21.99999999999999645, 4.000000000000000000, -114.5000000000000426 ) ) ;
#7303 = DIRECTION ( 'NONE',  ( -0.000000000000000000, -1.000000000000000000, -0.000000000000000000 ) ) ;
#7304 = ORIENTED_EDGE ( 'NONE', *, *, #6290, .T. ) ;
#7305 = LINE ( 'NONE', #3181, #2684 ) ;
#7306 = AXIS2_PLACEMENT_3D ( 'NONE', #4632, #6402, #1597 ) ;
#7307 = EDGE_CURVE ( 'NONE', #6390, #7454, #2056, .T. ) ;
#7308 = ORIENTED_EDGE ( 'NONE', *, *, #7511, .F. ) ;
#7309 = PLANE ( 'NONE',  #6504 ) ;
#7310 = ORIENTED_EDGE ( 'NONE', *, *, #4976, .F. ) ;
#7311 = ORIENTED_EDGE ( 'NONE', *, *, #4487, .F. ) ;
#7312 = FACE_BOUND ( 'NONE', #3009, .T. ) ;
#7313 = CARTESIAN_POINT ( 'NONE',  ( 148.0000000000000284, 0.000000000000000000, -53.40000000000004121 ) ) ;
#7314 = EDGE_CURVE ( 'NONE', #3349, #3622, #1856, .T. ) ;
#7315 = CARTESIAN_POINT ( 'NONE',  ( 0.000000000000000000, 0.000000000000000000, 0.000000000000000000 ) ) ;
#7316 = DIRECTION ( 'NONE',  ( 0.000000000000000000, 1.000000000000000000, 0.000000000000000000 ) ) ;
#7317 = DIRECTION ( 'NONE',  ( 0.000000000000000000, 0.000000000000000000, 1.000000000000000000 ) ) ;
#7318 = VERTEX_POINT ( 'NONE', #3872 ) ;
#7319 = EDGE_CURVE ( 'NONE', #5354, #2620, #495, .T. ) ;
#7320 = ORIENTED_EDGE ( 'NONE', *, *, #929, .T. ) ;
#7321 = DIRECTION ( 'NONE',  ( -0.000000000000000000, 1.000000000000000000, -0.000000000000000000 ) ) ;
#7322 = EDGE_CURVE ( 'NONE', #1424, #405, #6192, .T. ) ;
#7323 = DIRECTION ( 'NONE',  ( 0.000000000000000000, -1.000000000000000000, 0.000000000000000000 ) ) ;
#7324 = ORIENTED_EDGE ( 'NONE', *, *, #4454, .F. ) ;
#7325 = CARTESIAN_POINT ( 'NONE',  ( 148.0000000000000284, 4.000000000000000000, -37.50000000000004263 ) ) ;
#7326 = CARTESIAN_POINT ( 'NONE',  ( -7.999999999999996447, 8.000000000000000000, -108.9999999999999858 ) ) ;
#7327 = VECTOR ( 'NONE', #3302, 1000.000000000000000 ) ;
#7328 = CYLINDRICAL_SURFACE ( 'NONE', #3498, 4.250000000000003553 ) ;
#7329 = ORIENTED_EDGE ( 'NONE', *, *, #1390, .F. ) ;
#7330 = AXIS2_PLACEMENT_3D ( 'NONE', #432, #2789, #1142 ) ;
#7331 = LINE ( 'NONE', #1941, #5177 ) ;
#7332 = DIRECTION ( 'NONE',  ( 0.000000000000000000, 1.000000000000000000, 0.000000000000000000 ) ) ;
#7333 = EDGE_CURVE ( 'NONE', #531, #4903, #1488, .T. ) ;
#7334 = ORIENTED_EDGE ( 'NONE', *, *, #2931, .T. ) ;
#7335 = DIRECTION ( 'NONE',  ( 1.000000000000000000, -0.000000000000000000, 1.224646799147353207E-16 ) ) ;
#7336 = FACE_BOUND ( 'NONE', #3737, .T. ) ;
#7337 = VERTEX_POINT ( 'NONE', #6276 ) ;
#7338 = AXIS2_PLACEMENT_3D ( 'NONE', #7486, #6900, #2615 ) ;
#7339 = VERTEX_POINT ( 'NONE', #134 ) ;
#7340 = CARTESIAN_POINT ( 'NONE',  ( 124.0324631179192068, 8.000000000000000000, -58.98217726921689774 ) ) ;
#7341 = VECTOR ( 'NONE', #3751, 1000.000000000000000 ) ;
#7342 = DIRECTION ( 'NONE',  ( 0.000000000000000000, 1.000000000000000000, 0.000000000000000000 ) ) ;
#7343 = DIRECTION ( 'NONE',  ( 0.000000000000000000, -1.000000000000000000, -0.000000000000000000 ) ) ;
#7344 = EDGE_LOOP ( 'NONE', ( #4376, #6068, #6948, #4472 ) ) ;
#7345 = CARTESIAN_POINT ( 'NONE',  ( 170.0000000000000000, 8.000000000000000000, -170.0000000000000000 ) ) ;
#7346 = EDGE_LOOP ( 'NONE', ( #3230, #2429, #6130, #3743, #228, #4040 ) ) ;
#7347 = FACE_OUTER_BOUND ( 'NONE', #1116, .T. ) ;
#7348 = CIRCLE ( 'NONE', #3961, 6.000000000000005329 ) ;
#7349 = ORIENTED_EDGE ( 'NONE', *, *, #3402, .F. ) ;
#7350 = CIRCLE ( 'NONE', #6225, 2.100000000000004530 ) ;
#7351 = DIRECTION ( 'NONE',  ( 0.000000000000000000, 0.000000000000000000, 1.000000000000000000 ) ) ;
#7352 = LINE ( 'NONE', #6182, #5767 ) ;
#7353 = CARTESIAN_POINT ( 'NONE',  ( 21.99999999999998579, 4.000000000000000000, -37.50000000000002842 ) ) ;
#7354 = EDGE_CURVE ( 'NONE', #7603, #5498, #6889, .T. ) ;
#7355 = CIRCLE ( 'NONE', #3970, 2.000000000000000000 ) ;
#7356 = PLANE ( 'NONE',  #2632 ) ;
#7357 = LINE ( 'NONE', #5555, #5842 ) ;
#7358 = CIRCLE ( 'NONE', #4984, 6.000000000000005329 ) ;
#7359 = CYLINDRICAL_SURFACE ( 'NONE', #1604, 4.000000000000003553 ) ;
#7360 = VERTEX_POINT ( 'NONE', #2529 ) ;
#7361 = ORIENTED_EDGE ( 'NONE', *, *, #2569, .F. ) ;
#7362 = AXIS2_PLACEMENT_3D ( 'NONE', #548, #3497, #5423 ) ;
#7363 = EDGE_CURVE ( 'NONE', #4577, #4394, #890, .T. ) ;
#7364 = AXIS2_PLACEMENT_3D ( 'NONE', #3888, #7426, #5113 ) ;
#7365 = VERTEX_POINT ( 'NONE', #2493 ) ;
#7366 = CARTESIAN_POINT ( 'NONE',  ( 148.0000000000000568, 0.000000000000000000, -134.6000000000000227 ) ) ;
#7367 = DIRECTION ( 'NONE',  ( 0.000000000000000000, 0.000000000000000000, 1.000000000000000000 ) ) ;
#7368 = EDGE_LOOP ( 'NONE', ( #6670, #2187, #5312, #3293 ) ) ;
#7369 = CARTESIAN_POINT ( 'NONE',  ( 21.99999999999998579, 4.000000000000000000, -37.50000000000002842 ) ) ;
#7370 = DIRECTION ( 'NONE',  ( 0.000000000000000000, 1.000000000000000000, 0.000000000000000000 ) ) ;
#7371 = VECTOR ( 'NONE', #732, 1000.000000000000000 ) ;
#7372 = PLANE ( 'NONE',  #4638 ) ;
#7373 = AXIS2_PLACEMENT_3D ( 'NONE', #3962, #3384, #6993 ) ;
#7374 = EDGE_LOOP ( 'NONE', ( #7100, #1392 ) ) ;
#7375 = ADVANCED_FACE ( 'NONE', ( #213 ), #4335, .T. ) ;
#7376 = EDGE_CURVE ( 'NONE', #3644, #2499, #6728, .T. ) ;
#7377 = VECTOR ( 'NONE', #1348, 1000.000000000000000 ) ;
#7378 = AXIS2_PLACEMENT_3D ( 'NONE', #2329, #5800, #2848 ) ;
#7379 = DIRECTION ( 'NONE',  ( 0.000000000000000000, 0.000000000000000000, 1.000000000000000000 ) ) ;
#7380 = CARTESIAN_POINT ( 'NONE',  ( 8.507280350451706497, 8.000000000000000000, -169.4594553642727988 ) ) ;
#7381 = VERTEX_POINT ( 'NONE', #774 ) ;
#7382 = CARTESIAN_POINT ( 'NONE',  ( 101.0000000000000142, 8.000000000000000000, -65.00000000000002842 ) ) ;
#7383 = LINE ( 'NONE', #184, #96 ) ;
#7384 = VECTOR ( 'NONE', #7628, 1000.000000000000000 ) ;
#7385 = ORIENTED_EDGE ( 'NONE', *, *, #2811, .F. ) ;
#7386 = EDGE_CURVE ( 'NONE', #7220, #4305, #809, .T. ) ;
#7387 = DIRECTION ( 'NONE',  ( 0.000000000000000000, 1.000000000000000000, 0.000000000000000000 ) ) ;
#7388 = AXIS2_PLACEMENT_3D ( 'NONE', #5849, #6042, #2532 ) ;
#7389 = DIRECTION ( 'NONE',  ( -0.6843142041691718802, -0.000000000000000000, -0.7291872667376418926 ) ) ;
#7390 = CARTESIAN_POINT ( 'NONE',  ( -4.614611127222605668E-17, 0.000000000000000000, -69.00000000000001421 ) ) ;
#7391 = ORIENTED_EDGE ( 'NONE', *, *, #7043, .F. ) ;
#7392 = LINE ( 'NONE', #6796, #1301 ) ;
#7393 = ORIENTED_EDGE ( 'NONE', *, *, #4132, .F. ) ;
#7394 = LINE ( 'NONE', #7468, #102 ) ;
#7395 = CIRCLE ( 'NONE', #7145, 2.100000000000004530 ) ;
#7396 = VECTOR ( 'NONE', #6575, 1000.000000000000000 ) ;
#7397 = ADVANCED_FACE ( 'NONE', ( #1315 ), #1933, .F. ) ;
#7398 = ORIENTED_EDGE ( 'NONE', *, *, #4646, .T. ) ;
#7399 = CARTESIAN_POINT ( 'NONE',  ( 88.92153903091733014, 5.000000000000000000, -98.59999999999998010 ) ) ;
#7400 = CARTESIAN_POINT ( 'NONE',  ( 148.0000000000000284, -2.000000000000000000, -57.60000000000002274 ) ) ;
#7401 = AXIS2_PLACEMENT_3D ( 'NONE', #6157, #3163, #4978 ) ;
#7402 = FACE_OUTER_BOUND ( 'NONE', #5841, .T. ) ;
#7403 = CARTESIAN_POINT ( 'NONE',  ( -15.88445254721470512, 0.000000000000000000, -119.1500000000000057 ) ) ;
#7404 = PLANE ( 'NONE',  #6354 ) ;
#7405 = CARTESIAN_POINT ( 'NONE',  ( 164.0000000000000000, 0.000000000000000000, -145.5000000000000284 ) ) ;
#7406 = ORIENTED_EDGE ( 'NONE', *, *, #5223, .F. ) ;
#7407 = CC_DESIGN_SECURITY_CLASSIFICATION ( #382, ( #7660 ) ) ;
#7408 = ORIENTED_EDGE ( 'NONE', *, *, #6364, .F. ) ;
#7409 = ORIENTED_EDGE ( 'NONE', *, *, #1009, .T. ) ;
#7410 = DIRECTION ( 'NONE',  ( 0.000000000000000000, 0.000000000000000000, 1.000000000000000000 ) ) ;
#7411 = DIRECTION ( 'NONE',  ( 0.000000000000000000, 1.000000000000000000, 0.000000000000000000 ) ) ;
#7412 = DIRECTION ( 'NONE',  ( 0.000000000000000000, -1.000000000000000000, 0.000000000000000000 ) ) ;
#7413 = DIRECTION ( 'NONE',  ( 0.000000000000000000, 0.000000000000000000, 1.000000000000000000 ) ) ;
#7414 = EDGE_CURVE ( 'NONE', #6999, #1553, #7028, .T. ) ;
#7415 = FACE_OUTER_BOUND ( 'NONE', #2669, .T. ) ;
#7416 = VERTEX_POINT ( 'NONE', #7571 ) ;
#7417 = ADVANCED_FACE ( 'NONE', ( #3406 ), #6974, .F. ) ;
#7418 = DIRECTION ( 'NONE',  ( 0.000000000000000000, 0.000000000000000000, 1.000000000000000000 ) ) ;
#7419 = LINE ( 'NONE', #5656, #1341 ) ;
#7420 = ORIENTED_EDGE ( 'NONE', *, *, #2155, .F. ) ;
#7421 = DIRECTION ( 'NONE',  ( 0.000000000000000000, 0.000000000000000000, 1.000000000000000000 ) ) ;
#7422 = FACE_BOUND ( 'NONE', #6388, .T. ) ;
#7423 = ADVANCED_FACE ( 'NONE', ( #5718 ), #6312, .F. ) ;
#7424 = EDGE_LOOP ( 'NONE', ( #1781, #3337, #7349, #5389, #3669, #5908 ) ) ;
#7425 = DIRECTION ( 'NONE',  ( -0.000000000000000000, -1.000000000000000000, -0.000000000000000000 ) ) ;
#7426 = DIRECTION ( 'NONE',  ( 0.000000000000000000, 1.000000000000000000, 0.000000000000000000 ) ) ;
#7427 = DIRECTION ( 'NONE',  ( 0.000000000000000000, 1.000000000000000000, 0.000000000000000000 ) ) ;
#7428 = VERTEX_POINT ( 'NONE', #7054 ) ;
#7429 = CARTESIAN_POINT ( 'NONE',  ( 88.92153903091735856, 5.000000000000000000, -91.39999999999997726 ) ) ;
#7430 = ADVANCED_FACE ( 'NONE', ( #3322 ), #1512, .F. ) ;
#7431 = ORIENTED_EDGE ( 'NONE', *, *, #6607, .F. ) ;
#7432 = DIRECTION ( 'NONE',  ( 0.000000000000000000, 0.000000000000000000, 1.000000000000000000 ) ) ;
#7433 = ORIENTED_EDGE ( 'NONE', *, *, #5949, .T. ) ;
#7434 = DIRECTION ( 'NONE',  ( 0.000000000000000000, 0.000000000000000000, 1.000000000000000000 ) ) ;
#7435 = CARTESIAN_POINT ( 'NONE',  ( -11.72753060904939559, 3.000000000000000000, -126.3499999999999659 ) ) ;
#7436 = DIRECTION ( 'NONE',  ( -0.4999999999999987232, 0.000000000000000000, 0.8660254037844392627 ) ) ;
#7437 = ADVANCED_FACE ( 'NONE', ( #7485 ), #6395, .F. ) ;
#7438 = PLANE ( 'NONE',  #5155 ) ;
#7439 = DIRECTION ( 'NONE',  ( 0.000000000000000000, 0.000000000000000000, 1.000000000000000000 ) ) ;
#7440 = CARTESIAN_POINT ( 'NONE',  ( 148.0000000000000568, 4.000000000000000000, -110.2500000000000426 ) ) ;
#7441 = VERTEX_POINT ( 'NONE', #3944 ) ;
#7442 = EDGE_CURVE ( 'NONE', #3903, #4134, #4581, .T. ) ;
#7443 = EDGE_LOOP ( 'NONE', ( #5404, #6585, #7741, #5055 ) ) ;
#7444 = ORIENTED_EDGE ( 'NONE', *, *, #7616, .T. ) ;
#7445 = LINE ( 'NONE', #254, #2607 ) ;
#7446 = DIRECTION ( 'NONE',  ( 0.000000000000000000, 1.000000000000000000, 0.000000000000000000 ) ) ;
#7447 = CARTESIAN_POINT ( 'NONE',  ( 172.0000000000000284, 0.000000000000000000, -55.50000000000002842 ) ) ;
#7448 = CARTESIAN_POINT ( 'NONE',  ( 78.99999999999997158, 0.000000000000000000, -95.00000000000000000 ) ) ;
#7449 = DIRECTION ( 'NONE',  ( -1.000000000000000000, -0.000000000000000000, -0.000000000000000000 ) ) ;
#7450 = ORIENTED_EDGE ( 'NONE', *, *, #793, .T. ) ;
#7451 = AXIS2_PLACEMENT_3D ( 'NONE', #3542, #6564, #558 ) ;
#7452 = CARTESIAN_POINT ( 'NONE',  ( 148.0000000000000568, 4.000000000000000000, -136.7500000000000284 ) ) ;
#7453 = LINE ( 'NONE', #6944, #1222 ) ;
#7454 = VERTEX_POINT ( 'NONE', #5801 ) ;
#7455 = CARTESIAN_POINT ( 'NONE',  ( 34.00000000000001421, 8.000000000000000000, -107.0000000000000284 ) ) ;
#7456 = LINE ( 'NONE', #1559, #3736 ) ;
#7457 = ORIENTED_EDGE ( 'NONE', *, *, #1986, .T. ) ;
#7458 = AXIS2_PLACEMENT_3D ( 'NONE', #3535, #515, #2310 ) ;
#7459 = EDGE_CURVE ( 'NONE', #5000, #560, #2099, .T. ) ;
#7460 = DIRECTION ( 'NONE',  ( 0.000000000000000000, 0.000000000000000000, 1.000000000000000000 ) ) ;
#7461 = LINE ( 'NONE', #3846, #344 ) ;
#7462 = DIRECTION ( 'NONE',  ( -0.000000000000000000, -1.000000000000000000, -0.000000000000000000 ) ) ;
#7463 = ORIENTED_EDGE ( 'NONE', *, *, #1033, .F. ) ;
#7464 = CARTESIAN_POINT ( 'NONE',  ( -2.000000000000009770, -2.000000000000000000, -130.4000000000000341 ) ) ;
#7465 = DIRECTION ( 'NONE',  ( -0.000000000000000000, 1.000000000000000000, -0.000000000000000000 ) ) ;
#7466 = CIRCLE ( 'NONE', #816, 2.100000000000004530 ) ;
#7467 = ORIENTED_EDGE ( 'NONE', *, *, #6920, .T. ) ;
#7468 = CARTESIAN_POINT ( 'NONE',  ( 172.0000000000000284, 4.000000000000000000, -59.75000000000003553 ) ) ;
#7469 = VERTEX_POINT ( 'NONE', #5219 ) ;
#7470 = AXIS2_PLACEMENT_3D ( 'NONE', #5839, #2264, #1705 ) ;
#7471 = EDGE_CURVE ( 'NONE', #2630, #3750, #4063, .T. ) ;
#7472 = CARTESIAN_POINT ( 'NONE',  ( 21.99999999999998579, 4.000000000000000000, -33.25000000000002132 ) ) ;
#7473 = FACE_OUTER_BOUND ( 'NONE', #6162, .T. ) ;
#7474 = PLANE ( 'NONE',  #2475 ) ;
#7475 = COORDINATED_UNIVERSAL_TIME_OFFSET ( 6, 0, .BEHIND. ) ;
#7476 = CARTESIAN_POINT ( 'NONE',  ( 170.0000000000000000, 8.000000000000000000, -13.20487406521907481 ) ) ;
#7477 = DIRECTION ( 'NONE',  ( 0.000000000000000000, -1.000000000000000000, 0.000000000000000000 ) ) ;
#7478 = AXIS2_PLACEMENT_3D ( 'NONE', #128, #5520, #767 ) ;
#7479 = EDGE_LOOP ( 'NONE', ( #2712, #1672 ) ) ;
#7480 = ORIENTED_EDGE ( 'NONE', *, *, #7621, .F. ) ;
#7481 = EDGE_CURVE ( 'NONE', #2911, #7604, #1251, .T. ) ;
#7482 = AXIS2_PLACEMENT_3D ( 'NONE', #5171, #4530, #6380 ) ;
#7483 = ORIENTED_EDGE ( 'NONE', *, *, #6552, .T. ) ;
#7484 = CARTESIAN_POINT ( 'NONE',  ( 115.0000000000000000, 8.000000000000000000, -101.0000000000000284 ) ) ;
#7485 = FACE_OUTER_BOUND ( 'NONE', #252, .T. ) ;
#7486 = CARTESIAN_POINT ( 'NONE',  ( 172.0000000000000284, 8.000000000000000000, -132.5000000000000284 ) ) ;
#7487 = DIRECTION ( 'NONE',  ( 0.000000000000000000, 0.000000000000000000, 1.000000000000000000 ) ) ;
#7488 = DIRECTION ( 'NONE',  ( 0.4999999999999988898, 0.000000000000000000, -0.8660254037844393737 ) ) ;
#7489 = VECTOR ( 'NONE', #7184, 1000.000000000000000 ) ;
#7490 = CIRCLE ( 'NONE', #4737, 2.000000000000000000 ) ;
#7491 = ORIENTED_EDGE ( 'NONE', *, *, #6595, .F. ) ;
#7492 = VECTOR ( 'NONE', #4749, 1000.000000000000000 ) ;
#7493 = DIRECTION ( 'NONE',  ( 0.000000000000000000, 0.000000000000000000, 1.000000000000000000 ) ) ;
#7494 = CARTESIAN_POINT ( 'NONE',  ( 78.99999999999997158, 0.000000000000000000, -77.10000000000000853 ) ) ;
#7495 = VERTEX_POINT ( 'NONE', #7532 ) ;
#7496 = DIRECTION ( 'NONE',  ( -0.7291872667376422257, 0.000000000000000000, 0.6843142041691715471 ) ) ;
#7497 = CIRCLE ( 'NONE', #4105, 2.000000000000001776 ) ;
#7498 = CARTESIAN_POINT ( 'NONE',  ( 148.0000000000000284, -2.000000000000000000, -37.50000000000004263 ) ) ;
#7499 = ORIENTED_EDGE ( 'NONE', *, *, #2219, .F. ) ;
#7500 = AXIS2_PLACEMENT_3D ( 'NONE', #3345, #5738, #3927 ) ;
#7501 = FACE_OUTER_BOUND ( 'NONE', #3108, .T. ) ;
#7502 = DIRECTION ( 'NONE',  ( 7.564936274135416175E-19, 0.000000000000000000, 1.000000000000000000 ) ) ;
#7503 = VECTOR ( 'NONE', #5133, 1000.000000000000114 ) ;
#7504 = ORIENTED_EDGE ( 'NONE', *, *, #5022, .F. ) ;
#7505 = CARTESIAN_POINT ( 'NONE',  ( 21.99999999999999645, 4.000000000000000000, -118.7500000000000568 ) ) ;
#7507 = DIRECTION ( 'NONE',  ( 0.000000000000000000, 0.000000000000000000, 1.000000000000000000 ) ) ;
#7506 = VECTOR ( 'NONE', #7543, 1000.000000000000000 ) ;
#7508 = ORIENTED_EDGE ( 'NONE', *, *, #7229, .T. ) ;
#7509 = LINE ( 'NONE', #4526, #3246 ) ;
#7510 = ADVANCED_FACE ( 'NONE', ( #7018 ), #1547, .F. ) ;
#7511 = EDGE_CURVE ( 'NONE', #6106, #6286, #1865, .T. ) ;
#7512 = VECTOR ( 'NONE', #5242, 1000.000000000000000 ) ;
#7513 = VERTEX_POINT ( 'NONE', #2772 ) ;
#7514 = AXIS2_PLACEMENT_3D ( 'NONE', #4268, #1397, #660 ) ;
#7515 = EDGE_CURVE ( 'NONE', #6474, #3282, #6024, .T. ) ;
#7516 = DIRECTION ( 'NONE',  ( -0.000000000000000000, -1.000000000000000000, -0.000000000000000000 ) ) ;
#7517 = DIRECTION ( 'NONE',  ( -1.000000000000000000, 0.000000000000000000, -8.780080477212639459E-16 ) ) ;
#7518 = EDGE_CURVE ( 'NONE', #3964, #2507, #7149, .T. ) ;
#7519 = CARTESIAN_POINT ( 'NONE',  ( 101.0000000000000000, 0.000000000000000000, -105.0000000000000284 ) ) ;
#7520 = ORIENTED_EDGE ( 'NONE', *, *, #6188, .F. ) ;
#7521 = PERSON_AND_ORGANIZATION_ROLE ( 'design_owner' ) ;
#7522 = CIRCLE ( 'NONE', #6017, 2.100000000000004530 ) ;
#7523 = DIRECTION ( 'NONE',  ( 0.000000000000000000, 1.000000000000000000, 0.000000000000000000 ) ) ;
#7524 = CARTESIAN_POINT ( 'NONE',  ( 170.0000000000000000, 8.000000000000000000, -173.5000000000000568 ) ) ;
#7525 = TOROIDAL_SURFACE ( 'NONE', #6519, 3.500000000000017764, 2.000000000000000000 ) ;
#7526 = EDGE_CURVE ( 'NONE', #6363, #3968, #4544, .T. ) ;
#7527 = EDGE_LOOP ( 'NONE', ( #5109, #3960, #286, #7398 ) ) ;
#7528 = VERTEX_POINT ( 'NONE', #1047 ) ;
#7529 = AXIS2_PLACEMENT_3D ( 'NONE', #1808, #2405, #3550 ) ;
#7530 = ORIENTED_EDGE ( 'NONE', *, *, #7084, .F. ) ;
#7531 = FACE_OUTER_BOUND ( 'NONE', #1735, .T. ) ;
#7532 = CARTESIAN_POINT ( 'NONE',  ( 90.99999999999997158, 0.000000000000000000, -77.10000000000000853 ) ) ;
#7533 = FACE_BOUND ( 'NONE', #4515, .T. ) ;
#7534 = DIRECTION ( 'NONE',  ( 0.000000000000000000, 0.000000000000000000, 1.000000000000000000 ) ) ;
#7535 = ADVANCED_FACE ( 'NONE', ( #2849 ), #6465, .F. ) ;
#7536 = LINE ( 'NONE', #4508, #231 ) ;
#7537 = AXIS2_PLACEMENT_3D ( 'NONE', #7353, #1241, #4967 ) ;
#7538 = ORIENTED_EDGE ( 'NONE', *, *, #4377, .T. ) ;
#7539 = CYLINDRICAL_SURFACE ( 'NONE', #13, 2.099999999999990763 ) ;
#7540 = DIRECTION ( 'NONE',  ( -0.000000000000000000, -1.000000000000000000, -0.000000000000000000 ) ) ;
#7541 = ORIENTED_EDGE ( 'NONE', *, *, #553, .T. ) ;
#7542 = CARTESIAN_POINT ( 'NONE',  ( 76.92153903091731593, 5.000000000000000000, -78.59999999999999432 ) ) ;
#7543 = DIRECTION ( 'NONE',  ( -3.016910393003142612E-17, 0.000000000000000000, 1.000000000000000000 ) ) ;
#7544 = EDGE_LOOP ( 'NONE', ( #3281, #2547 ) ) ;
#7545 = DIRECTION ( 'NONE',  ( 0.000000000000000000, 1.000000000000000000, 0.000000000000000000 ) ) ;
#7546 = DIRECTION ( 'NONE',  ( 0.000000000000000000, 0.000000000000000000, 1.000000000000000000 ) ) ;
#7547 = AXIS2_PLACEMENT_3D ( 'NONE', #4659, #4807, #4771 ) ;
#7548 = ORIENTED_EDGE ( 'NONE', *, *, #6989, .T. ) ;
#7549 = CYLINDRICAL_SURFACE ( 'NONE', #3184, 2.099999999999990763 ) ;
#7550 = CYLINDRICAL_SURFACE ( 'NONE', #3996, 4.250000000000003553 ) ;
#7551 = ORIENTED_EDGE ( 'NONE', *, *, #5421, .F. ) ;
#7552 = CARTESIAN_POINT ( 'NONE',  ( -13.80599157813204059, -2.000000000000000000, -139.3750000000000284 ) ) ;
#7553 = VECTOR ( 'NONE', #2979, 1000.000000000000000 ) ;
#7554 = EDGE_CURVE ( 'NONE', #3360, #4681, #5772, .T. ) ;
#7555 = EDGE_LOOP ( 'NONE', ( #863, #2258, #2893, #3848, #5476, #6015 ) ) ;
#7556 = DIRECTION ( 'NONE',  ( -0.000000000000000000, -1.000000000000000000, -0.000000000000000000 ) ) ;
#7557 = LINE ( 'NONE', #3309, #2073 ) ;
#7558 = EDGE_CURVE ( 'NONE', #6010, #6428, #4701, .T. ) ;
#7559 = CARTESIAN_POINT ( 'NONE',  ( 69.00000000000000000, 0.000000000000000000, -65.00000000000002842 ) ) ;
#7560 = ORIENTED_EDGE ( 'NONE', *, *, #6435, .T. ) ;
#7561 = PERSON_AND_ORGANIZATION_ROLE ( 'creator' ) ;
#7562 = CARTESIAN_POINT ( 'NONE',  ( 21.99999999999999289, 4.000000000000000000, -132.5000000000000284 ) ) ;
#7563 = DIRECTION ( 'NONE',  ( 0.6696371217971888168, -0.000000000000000000, 0.7426884441750637444 ) ) ;
#7564 = ORIENTED_EDGE ( 'NONE', *, *, #647, .T. ) ;
#7565 = ADVANCED_FACE ( 'NONE', ( #4143 ), #6031, .F. ) ;
#7566 = EDGE_LOOP ( 'NONE', ( #3370, #6985, #1267, #2241 ) ) ;
#7567 = VECTOR ( 'NONE', #1436, 1000.000000000000000 ) ;
#7568 = EDGE_LOOP ( 'NONE', ( #1533, #449 ) ) ;
#7569 = EDGE_CURVE ( 'NONE', #728, #5448, #7267, .T. ) ;
#7570 = CARTESIAN_POINT ( 'NONE',  ( 95.15692193816525446, 5.000000000000000000, -94.99999999999998579 ) ) ;
#7571 = CARTESIAN_POINT ( 'NONE',  ( -7.943183087842188669E-18, 8.000000000000000000, -18.50000000000000355 ) ) ;
#7572 = CARTESIAN_POINT ( 'NONE',  ( 90.99999999999997158, 5.000000000000000000, -95.00000000000000000 ) ) ;
#7573 = DIRECTION ( 'NONE',  ( 0.000000000000000000, 0.000000000000000000, 1.000000000000000000 ) ) ;
#7574 = DIRECTION ( 'NONE',  ( 0.000000000000000000, 0.000000000000000000, 1.000000000000000000 ) ) ;
#7575 = EDGE_LOOP ( 'NONE', ( #6242, #273, #6181, #4816, #4721, #758 ) ) ;
#7576 = EDGE_CURVE ( 'NONE', #5870, #6879, #374, .T. ) ;
#7577 = FACE_OUTER_BOUND ( 'NONE', #3602, .T. ) ;
#7578 = FACE_OUTER_BOUND ( 'NONE', #4962, .T. ) ;
#7579 = VERTEX_POINT ( 'NONE', #7168 ) ;
#7580 = LINE ( 'NONE', #5890, #6579 ) ;
#7581 = DIRECTION ( 'NONE',  ( -0.000000000000000000, 1.000000000000000000, -0.000000000000000000 ) ) ;
#7582 = VERTEX_POINT ( 'NONE', #4781 ) ;
#7583 = AXIS2_PLACEMENT_3D ( 'NONE', #4479, #6446, #4047 ) ;
#7584 = EDGE_CURVE ( 'NONE', #5750, #2911, #5297, .T. ) ;
#7585 = CARTESIAN_POINT ( 'NONE',  ( 2.000000000000000000, 0.000000000000000000, -13.20487406521907126 ) ) ;
#7586 = CARTESIAN_POINT ( 'NONE',  ( 168.0000000000000000, 0.000000000000000000, -11.20487406521907481 ) ) ;
#7587 = VERTEX_POINT ( 'NONE', #6573 ) ;
#7588 = LINE ( 'NONE', #4718, #2691 ) ;
#7589 = LINE ( 'NONE', #4048, #5626 ) ;
#7590 = ORIENTED_EDGE ( 'NONE', *, *, #3495, .T. ) ;
#7591 = CYLINDRICAL_SURFACE ( 'NONE', #6510, 5.999999999999998224 ) ;
#7592 = ORIENTED_EDGE ( 'NONE', *, *, #2534, .F. ) ;
#7593 = AXIS2_PLACEMENT_3D ( 'NONE', #3636, #4821, #136 ) ;
#7594 = CARTESIAN_POINT ( 'NONE',  ( 30.00000000000001776, 0.000000000000000000, -125.7405804802355078 ) ) ;
#7595 = DIRECTION ( 'NONE',  ( 0.000000000000000000, 1.000000000000000000, 0.000000000000000000 ) ) ;
#7596 = DIRECTION ( 'NONE',  ( -0.7426884441750638555, 0.000000000000000000, -0.6696371217971888168 ) ) ;
#7597 = EDGE_LOOP ( 'NONE', ( #3493, #6227, #760, #886 ) ) ;
#7598 = DATE_AND_TIME ( #406, #6280 ) ;
#7599 = LINE ( 'NONE', #4722, #2207 ) ;
#7600 = CARTESIAN_POINT ( 'NONE',  ( 60.11223067122439545, 8.000000000000000000, -114.4705738749248667 ) ) ;
#7601 = AXIS2_PLACEMENT_3D ( 'NONE', #3039, #3074, #7282 ) ;
#7602 = EDGE_LOOP ( 'NONE', ( #1399, #565, #5560, #6000, #1316, #3877 ) ) ;
#7603 = VERTEX_POINT ( 'NONE', #4174 ) ;
#7604 = VERTEX_POINT ( 'NONE', #1125 ) ;
#7605 = CARTESIAN_POINT ( 'NONE',  ( 8.000000000000000000, 8.000000000000000000, 0.000000000000000000 ) ) ;
#7606 = DIRECTION ( 'NONE',  ( 0.000000000000000000, 0.000000000000000000, 1.000000000000000000 ) ) ;
#7607 = DIRECTION ( 'NONE',  ( 0.000000000000000000, -1.000000000000000000, -0.000000000000000000 ) ) ;
#7608 = CARTESIAN_POINT ( 'NONE',  ( 172.0000000000000284, 4.000000000000000000, -128.2500000000000284 ) ) ;
#7609 = EDGE_CURVE ( 'NONE', #7260, #2097, #501, .T. ) ;
#7610 = ORIENTED_EDGE ( 'NONE', *, *, #1475, .T. ) ;
#7611 = AXIS2_PLACEMENT_3D ( 'NONE', #5468, #711, #3103 ) ;
#7612 = DIRECTION ( 'NONE',  ( 0.000000000000000000, 1.000000000000000000, 0.000000000000000000 ) ) ;
#7613 = CARTESIAN_POINT ( 'NONE',  ( 170.0000000000000000, 8.000000000000000000, -170.0000000000000000 ) ) ;
#7614 = CARTESIAN_POINT ( 'NONE',  ( 78.99999999999997158, 5.000000000000000000, -75.00000000000000000 ) ) ;
#7615 = VERTEX_POINT ( 'NONE', #3586 ) ;
#7616 = EDGE_CURVE ( 'NONE', #3622, #3349, #6523, .T. ) ;
#7617 = FACE_OUTER_BOUND ( 'NONE', #3055, .T. ) ;
#7618 = LINE ( 'NONE', #5775, #4757 ) ;
#7619 = CIRCLE ( 'NONE', #1215, 4.250000000000003553 ) ;
#7620 = AXIS2_PLACEMENT_3D ( 'NONE', #4200, #6088, #4955 ) ;
#7621 = EDGE_CURVE ( 'NONE', #1159, #1223, #3754, .T. ) ;
#7622 = VERTEX_POINT ( 'NONE', #1849 ) ;
#7623 = VECTOR ( 'NONE', #4234, 1000.000000000000000 ) ;
#7624 = DIRECTION ( 'NONE',  ( 0.000000000000000000, 0.000000000000000000, 1.000000000000000000 ) ) ;
#7625 = CARTESIAN_POINT ( 'NONE',  ( -4.614611127222605668E-17, 8.000000000000000000, -69.00000000000001421 ) ) ;
#7626 = VERTEX_POINT ( 'NONE', #5368 ) ;
#7627 = FACE_OUTER_BOUND ( 'NONE', #2874, .T. ) ;
#7628 = DIRECTION ( 'NONE',  ( 0.5000000000000006661, 0.000000000000000000, 0.8660254037844382635 ) ) ;
#7629 = ORIENTED_EDGE ( 'NONE', *, *, #887, .F. ) ;
#7630 = FACE_OUTER_BOUND ( 'NONE', #7680, .T. ) ;
#7631 = CIRCLE ( 'NONE', #5869, 5.500000000000016875 ) ;
#7632 = EDGE_CURVE ( 'NONE', #3655, #4162, #6895, .T. ) ;
#7633 = ORIENTED_EDGE ( 'NONE', *, *, #78, .F. ) ;
#7634 = VECTOR ( 'NONE', #6934, 1000.000000000000000 ) ;
#7635 = DIRECTION ( 'NONE',  ( -0.000000000000000000, 1.000000000000000000, -0.000000000000000000 ) ) ;
#7636 = FACE_BOUND ( 'NONE', #5851, .T. ) ;
#7637 = CARTESIAN_POINT ( 'NONE',  ( 21.99999999999998579, 4.000000000000000000, -37.50000000000002842 ) ) ;
#7638 = ORIENTED_EDGE ( 'NONE', *, *, #5183, .T. ) ;
#7639 = APPROVAL_DATE_TIME ( #2764, #835 ) ;
#7640 = CARTESIAN_POINT ( 'NONE',  ( 0.000000000000000000, 6.000000000000000000, -172.0999999999999943 ) ) ;
#7641 = EDGE_CURVE ( 'NONE', #5041, #7125, #2959, .T. ) ;
#7642 = AXIS2_PLACEMENT_3D ( 'NONE', #5317, #7704, #6043 ) ;
#7643 = VECTOR ( 'NONE', #7702, 1000.000000000000000 ) ;
#7644 = VERTEX_POINT ( 'NONE', #4852 ) ;
#7645 = VERTEX_POINT ( 'NONE', #2294 ) ;
#7646 = VERTEX_POINT ( 'NONE', #5331 ) ;
#7647 = CIRCLE ( 'NONE', #6266, 2.099999999999997868 ) ;
#7648 = AXIS2_PLACEMENT_3D ( 'NONE', #6976, #5648, #7573 ) ;
#7649 = CARTESIAN_POINT ( 'NONE',  ( -2.000000000000009770, 4.000000000000000000, -132.5000000000000284 ) ) ;
#7650 = DIRECTION ( 'NONE',  ( -0.5000000000000006661, 0.000000000000000000, 0.8660254037844382635 ) ) ;
#7651 = DIRECTION ( 'NONE',  ( 0.000000000000000000, 1.000000000000000000, -0.000000000000000000 ) ) ;
#7652 = DIRECTION ( 'NONE',  ( 0.000000000000000000, -1.000000000000000000, 0.000000000000000000 ) ) ;
#7653 = VECTOR ( 'NONE', #6687, 1000.000000000000000 ) ;
#7654 = VERTEX_POINT ( 'NONE', #3038 ) ;
#7655 = CIRCLE ( 'NONE', #748, 3.500000000000016875 ) ;
#7656 = ORIENTED_EDGE ( 'NONE', *, *, #2862, .F. ) ;
#7657 = CARTESIAN_POINT ( 'NONE',  ( 148.0000000000000568, 0.000000000000000000, -112.4000000000000625 ) ) ;
#7658 = DIRECTION ( 'NONE',  ( 8.673617379884027583E-15, 0.000000000000000000, 1.000000000000000000 ) ) ;
#7659 = EDGE_CURVE ( 'NONE', #1700, #519, #6764, .T. ) ;
#7660 = PRODUCT_DEFINITION_FORMATION_WITH_SPECIFIED_SOURCE ( 'ANY', '', #832, .NOT_KNOWN. ) ;
#7661 = ORIENTED_EDGE ( 'NONE', *, *, #7148, .T. ) ;
#7662 = DIRECTION ( 'NONE',  ( 0.000000000000000000, -1.000000000000000000, 0.000000000000000000 ) ) ;
#7663 = DIRECTION ( 'NONE',  ( 0.000000000000000000, -1.000000000000000000, 0.000000000000000000 ) ) ;
#7664 = ORIENTED_EDGE ( 'NONE', *, *, #3495, .F. ) ;
#7665 = ADVANCED_FACE ( 'NONE', ( #5440 ), #7130, .F. ) ;
#7666 = DIRECTION ( 'NONE',  ( 0.4999999999999932276, 0.000000000000000000, -0.8660254037844424824 ) ) ;
#7667 = CARTESIAN_POINT ( 'NONE',  ( 170.0000000000000000, 6.000000000000000000, 2.099999999999989875 ) ) ;
#7668 = EDGE_CURVE ( 'NONE', #3275, #4510, #1743, .T. ) ;
#7669 = EDGE_LOOP ( 'NONE', ( #1043, #6797, #3290, #1001, #2339, #3583 ) ) ;
#7670 = DIRECTION ( 'NONE',  ( 0.000000000000000000, 0.000000000000000000, 1.000000000000000000 ) ) ;
#7671 = CARTESIAN_POINT ( 'NONE',  ( 178.0000000000000284, 8.000000000000000000, 4.898587196589418745E-16 ) ) ;
#7672 = EDGE_LOOP ( 'NONE', ( #6310, #5799 ) ) ;
#7673 = DIRECTION ( 'NONE',  ( 0.000000000000000000, -0.000000000000000000, 1.000000000000000000 ) ) ;
#7674 = ORIENTED_EDGE ( 'NONE', *, *, #7442, .T. ) ;
#7675 = DIRECTION ( 'NONE',  ( 0.5000000000000036637, 0.000000000000000000, 0.8660254037844365982 ) ) ;
#7676 = CARTESIAN_POINT ( 'NONE',  ( 81.98784867335363913, 3.469446951953614189E-15, -65.00000000000002842 ) ) ;
#7677 = EDGE_CURVE ( 'NONE', #6707, #3047, #1999, .T. ) ;
#7678 = DIRECTION ( 'NONE',  ( 0.000000000000000000, 1.000000000000000000, 0.000000000000000000 ) ) ;
#7679 = EDGE_CURVE ( 'NONE', #2630, #3182, #4213, .T. ) ;
#7680 = EDGE_LOOP ( 'NONE', ( #2526, #3511 ) ) ;
#7681 = DIRECTION ( 'NONE',  ( 0.000000000000000000, 0.000000000000000000, 1.000000000000000000 ) ) ;
#7682 = ORIENTED_EDGE ( 'NONE', *, *, #4051, .F. ) ;
#7683 = EDGE_LOOP ( 'NONE', ( #4188, #6601, #2724, #4128, #2514, #6057, #4463 ) ) ;
#7684 = ADVANCED_FACE ( 'NONE', ( #6612, #1231 ), #1306, .T. ) ;
#7685 = DIRECTION ( 'NONE',  ( 0.6696371217971888168, -0.000000000000000000, 0.7426884441750637444 ) ) ;
#7686 = DIRECTION ( 'NONE',  ( 0.000000000000000000, 1.000000000000000000, 0.000000000000000000 ) ) ;
#7687 = FACE_BOUND ( 'NONE', #3635, .T. ) ;
#7688 = CARTESIAN_POINT ( 'NONE',  ( 21.99999999999999289, 4.000000000000000000, -132.5000000000000284 ) ) ;
#7689 = ORIENTED_EDGE ( 'NONE', *, *, #5223, .T. ) ;
#7690 = ORIENTED_EDGE ( 'NONE', *, *, #4941, .F. ) ;
#7691 = VECTOR ( 'NONE', #4708, 1000.000000000000000 ) ;
#7692 = CARTESIAN_POINT ( 'NONE',  ( -2.000000000000013767, 4.000000000000000000, -37.50000000000002842 ) ) ;
#7693 = CARTESIAN_POINT ( 'NONE',  ( 10.38085125267133613, 8.000000000000000000, -24.50000000000000000 ) ) ;
#7694 = ORIENTED_EDGE ( 'NONE', *, *, #4491, .F. ) ;
#7695 = CARTESIAN_POINT ( 'NONE',  ( 170.0000000000000000, 6.000000000000000000, -166.4999999999999716 ) ) ;
#7696 = CARTESIAN_POINT ( 'NONE',  ( -15.88445254721469801, 0.000000000000000000, -133.6500000000000057 ) ) ;
#7697 = EDGE_LOOP ( 'NONE', ( #4498, #1443, #1403, #2785 ) ) ;
#7698 = DIRECTION ( 'NONE',  ( -0.000000000000000000, -1.000000000000000000, -0.000000000000000000 ) ) ;
#7699 = DIRECTION ( 'NONE',  ( 1.224646799147353454E-16, 0.000000000000000000, -1.000000000000000000 ) ) ;
#7700 = EDGE_LOOP ( 'NONE', ( #4381, #3983, #41, #4830 ) ) ;
#7701 = DIRECTION ( 'NONE',  ( 0.000000000000000000, 0.000000000000000000, 1.000000000000000000 ) ) ;
#7702 = DIRECTION ( 'NONE',  ( -0.000000000000000000, -1.000000000000000000, -0.000000000000000000 ) ) ;
#7703 = EDGE_LOOP ( 'NONE', ( #5530, #1749, #6512, #365 ) ) ;
#7704 = DIRECTION ( 'NONE',  ( 0.000000000000000000, 1.000000000000000000, 0.000000000000000000 ) ) ;
#7705 = EDGE_CURVE ( 'NONE', #3462, #1516, #1969, .T. ) ;
#7706 = VERTEX_POINT ( 'NONE', #3661 ) ;
#7707 = DIRECTION ( 'NONE',  ( 0.000000000000000000, 0.000000000000000000, 1.000000000000000000 ) ) ;
#7708 = LINE ( 'NONE', #4727, #6849 ) ;
#7709 = AXIS2_PLACEMENT_3D ( 'NONE', #7272, #7231, #4248 ) ;
#7710 = ORIENTED_EDGE ( 'NONE', *, *, #4051, .T. ) ;
#7711 = CARTESIAN_POINT ( 'NONE',  ( 8.000000000000000000, 0.000000000000000000, 0.000000000000000000 ) ) ;
#7712 = EDGE_CURVE ( 'NONE', #3431, #130, #4326, .T. ) ;
#7713 = ADVANCED_FACE ( 'NONE', ( #6842, #1387 ), #7356, .T. ) ;
#7714 = ORIENTED_EDGE ( 'NONE', *, *, #7442, .F. ) ;
#7715 = AXIS2_PLACEMENT_3D ( 'NONE', #7455, #5658, #265 ) ;
#7716 = VERTEX_POINT ( 'NONE', #162 ) ;
#7717 = CARTESIAN_POINT ( 'NONE',  ( 3.485376888350125935, 0.000000000000000000, -158.1344001783753299 ) ) ;
#7718 = DIRECTION ( 'NONE',  ( -0.000000000000000000, 1.000000000000000000, -0.000000000000000000 ) ) ;
#7719 = CARTESIAN_POINT ( 'NONE',  ( 172.0000000000000284, 4.000000000000000000, -110.2500000000000426 ) ) ;
#7720 = DIRECTION ( 'NONE',  ( -1.000000000000000000, 0.000000000000000000, 0.000000000000000000 ) ) ;
#7721 = CIRCLE ( 'NONE', #4197, 4.250000000000003553 ) ;
#7722 = ADVANCED_FACE ( 'NONE', ( #841 ), #7438, .F. ) ;
#7723 = EDGE_LOOP ( 'NONE', ( #6036, #771, #7206, #2751 ) ) ;
#7724 = AXIS2_PLACEMENT_3D ( 'NONE', #1744, #6680, #1851 ) ;
#7725 = ORIENTED_EDGE ( 'NONE', *, *, #6695, .T. ) ;
#7726 = CARTESIAN_POINT ( 'NONE',  ( 83.15692193816529709, 5.000000000000000000, -74.99999999999998579 ) ) ;
#7727 = DIRECTION ( 'NONE',  ( 0.000000000000000000, 1.000000000000000000, -0.000000000000000000 ) ) ;
#7728 = EDGE_LOOP ( 'NONE', ( #2770, #1788, #4797, #5599 ) ) ;
#7729 = CARTESIAN_POINT ( 'NONE',  ( -13.80599157813204059, 3.000000000000000000, -122.7500000000000000 ) ) ;
#7730 = DIRECTION ( 'NONE',  ( -0.5000000000000011102, 0.000000000000000000, -0.8660254037844380415 ) ) ;
#7731 = AXIS2_PLACEMENT_3D ( 'NONE', #2562, #2089, #4930 ) ;
#7732 = CIRCLE ( 'NONE', #2447, 6.000000000000005329 ) ;
#7733 = ORIENTED_EDGE ( 'NONE', *, *, #2880, .F. ) ;
#7734 = VECTOR ( 'NONE', #363, 1000.000000000000000 ) ;
#7735 = DIRECTION ( 'NONE',  ( 0.000000000000000000, 0.000000000000000000, 1.000000000000000000 ) ) ;
#7736 = DIRECTION ( 'NONE',  ( 0.000000000000000000, 0.000000000000000000, 1.000000000000000000 ) ) ;
#7737 = ORIENTED_EDGE ( 'NONE', *, *, #7159, .F. ) ;
#7738 = DIRECTION ( 'NONE',  ( 0.000000000000000000, 0.000000000000000000, 1.000000000000000000 ) ) ;
#7739 = LINE ( 'NONE', #3568, #614 ) ;
#7740 = CLOSED_SHELL ( 'NONE', ( #3234, #1836, #6047, #2008, #3176, #2796, #706, #3142, #7397, #2205, #4270, #3537, #1765, #5683, #5699, #461, #6247, #2784, #3004, #7771, #6224, #3245, #2946, #358, #1050, #6888, #1517, #176, #5613, #4405, #4571, #2141, #3259, #3491, #7665, #5406, #814, #2805, #5093, #5465, #2910, #7423, #4843, #1884, #45, #7430, #5110, #6678, #3707, #6317, #2536, #2566, #2282, #1164, #7008, #6778, #862, #1832, #1910, #2394, #997, #6357, #3686, #6423, #7181, #5836, #2082, #1738, #4996, #2902, #318, #36, #2196, #6881, #5540, #7284, #527, #7375, #2814, #5329, #1042, #2767, #4986, #5259, #2853, #5318, #7417, #3392, #5151, #5653, #5427, #5371, #6982, #4729, #6039, #124, #3881, #2162, #1968, #2622, #5814, #6977, #4827, #2235, #115, #4786, #3948, #1572, #3871, #1081, #1527, #4066, #2560, #6151, #3363, #2033, #1671, #4391, #717, #6283, #3843, #7197, #5216, #2284, #7087, #3087, #6464, #450, #6538, #1722, #3782, #2459, #6274, #6362, #1330, #2185, #1900, #5769, #6369, #4518, #391, #294, #1363, #3381, #708, #7243, #3380, #1456, #905, #5453, #2549, #4296, #7722, #6016, #7535, #2515, #2274, #3472, #5758, #5492, #1462, #5889, #3958, #6118, #4750, #510, #5284, #2579, #6827, #2367, #5954, #70, #4006, #4666, #6473, #7510, #2253, #3306, #7437, #2584, #4202, #6651, #6521, #3912, #5327, #5745, #4443, #3800, #6559, #6861, #4893, #2631, #1473, #4734, #6932, #372, #3768, #2037, #689, #2492, #7171, #6163, #1172, #4689, #6907, #6949, #256, #652, #4932, #1406, #6793, #7058, #7684, #2028, #4596, #2343, #4558, #7565, #2333, #4182, #4606, #6898, #4058, #2179, #422, #5173, #1807, #1224, #2093, #63, #6858, #5974, #3338, #7713, #4925, #1957, #7301, #1655, #586, #1758 ) ) ;
#7741 = ORIENTED_EDGE ( 'NONE', *, *, #7073, .F. ) ;
#7742 = CIRCLE ( 'NONE', #4218, 3.500000000000004885 ) ;
#7743 = ORIENTED_EDGE ( 'NONE', *, *, #4794, .F. ) ;
#7744 = VECTOR ( 'NONE', #5864, 1000.000000000000000 ) ;
#7745 = CARTESIAN_POINT ( 'NONE',  ( 28.00000000000004263, 0.000000000000000000, -44.25941951976455613 ) ) ;
#7746 = LINE ( 'NONE', #7676, #3711 ) ;
#7747 = EDGE_LOOP ( 'NONE', ( #1416, #2137, #528, #426 ) ) ;
#7748 = CARTESIAN_POINT ( 'NONE',  ( 170.0000000000000000, 8.000000000000000000, -2.099999999999989875 ) ) ;
#7749 = CIRCLE ( 'NONE', #2852, 6.000000000000005329 ) ;
#7750 = EDGE_CURVE ( 'NONE', #7615, #4906, #244, .T. ) ;
#7751 = ORIENTED_EDGE ( 'NONE', *, *, #5029, .F. ) ;
#7752 = CIRCLE ( 'NONE', #2854, 2.000000000000000000 ) ;
#7753 = CARTESIAN_POINT ( 'NONE',  ( 148.0000000000000568, -2.000000000000000000, -132.5000000000000284 ) ) ;
#7754 = ORIENTED_EDGE ( 'NONE', *, *, #4966, .T. ) ;
#7755 = AXIS2_PLACEMENT_3D ( 'NONE', #4325, #3037, #4851 ) ;
#7756 = EDGE_CURVE ( 'NONE', #1988, #4134, #5635, .T. ) ;
#7757 = ORIENTED_EDGE ( 'NONE', *, *, #6736, .T. ) ;
#7758 = DIRECTION ( 'NONE',  ( 1.000000000000000000, 0.000000000000000000, 0.000000000000000000 ) ) ;
#7759 = EDGE_CURVE ( 'NONE', #6712, #4156, #5478, .T. ) ;
#7760 = CARTESIAN_POINT ( 'NONE',  ( 136.0000000000000284, 0.000000000000000000, -101.0000000000000284 ) ) ;
#7761 = AXIS2_PLACEMENT_3D ( 'NONE', #3617, #2400, #80 ) ;
#7762 = CYLINDRICAL_SURFACE ( 'NONE', #2325, 2.099999999999997868 ) ;
#7763 = CARTESIAN_POINT ( 'NONE',  ( 3.485376888350128155, 8.000000000000000000, -11.86559982162468962 ) ) ;
#7764 = AXIS2_PLACEMENT_3D ( 'NONE', #146, #784, #5617 ) ;
#7765 = ORIENTED_EDGE ( 'NONE', *, *, #6695, .F. ) ;
#7766 = AXIS2_PLACEMENT_3D ( 'NONE', #1686, #1617, #3504 ) ;
#7767 = VECTOR ( 'NONE', #6233, 1000.000000000000000 ) ;
#7768 = VERTEX_POINT ( 'NONE', #6719 ) ;
#7769 = CARTESIAN_POINT ( 'NONE',  ( 2.571758278209447873E-16, 6.000000000000000000, -167.9000000000000341 ) ) ;
#7770 = CARTESIAN_POINT ( 'NONE',  ( 178.0000000000000284, 0.000000000000000000, -170.0000000000000000 ) ) ;
#7771 = ADVANCED_FACE ( 'NONE', ( #89 ), #4968, .F. ) ;
#7772 = VERTEX_POINT ( 'NONE', #6766 ) ;
#7773 = CARTESIAN_POINT ( 'NONE',  ( 93.07846096908261302, 5.000000000000000000, -91.39999999999997726 ) ) ;
#7774 = DIRECTION ( 'NONE',  ( -1.000000000000000000, 0.000000000000000000, 0.000000000000000000 ) ) ;
#7775 = VECTOR ( 'NONE', #3633, 1000.000000000000000 ) ;
#7776 = CIRCLE ( 'NONE', #1993, 2.099999999999990763 ) ;
#7777 = AXIS2_PLACEMENT_3D ( 'NONE', #2732, #6901, #1514 ) ;
#7778 = VERTEX_POINT ( 'NONE', #3779 ) ;
#7779 = AXIS2_PLACEMENT_3D ( 'NONE', #1704, #7240, #1273 ) ;
#7780 = DIRECTION ( 'NONE',  ( 0.000000000000000000, 1.000000000000000000, 0.000000000000000000 ) ) ;
#7781 = DIRECTION ( 'NONE',  ( 0.000000000000000000, 1.000000000000000000, 0.000000000000000000 ) ) ;
#7782 = EDGE_CURVE ( 'NONE', #1827, #1291, #2645, .T. ) ;
#7783 = EDGE_LOOP ( 'NONE', ( #1464, #3243, #1947, #2594 ) ) ;
#7784 = DIRECTION ( 'NONE',  ( 0.000000000000000000, 0.000000000000000000, 1.000000000000000000 ) ) ;
#7785 = DIRECTION ( 'NONE',  ( -0.000000000000000000, 1.000000000000000000, -0.000000000000000000 ) ) ;
ENDSEC;
END-ISO-10303-21;
